ISO-10303-21;
HEADER;
/* Generated by software containing ST-Developer
 * from STEP Tools, Inc. (www.steptools.com) 
 */
/* OPTION: using custom renumber hook */

FILE_DESCRIPTION(
/* description */ ('STEP AP242',
'CAx-IF Rec.Pracs.---Representation and Presentation of Product Manufa
cturing Information (PMI)---4.0---2014-10-13',
'CAx-IF Rec.Pracs.---3D Tessellated Geometry---0.4---2014-09-14','2;1',
'CAx-IF Rec.Pracs.---User Defined Attributes---1.5---2016-08-15'),
/* implementation_level */ '2;1');

FILE_NAME(
/* name */ '69065eabee2a6d5daf03903f',
/* time_stamp */ '2025-11-01T19:25:32Z',
/* author */ (''),
/* organization */ (''),
/* preprocessor_version */ 'ST-DEVELOPER v20',
/* originating_system */ 'ONSHAPE BY PTC INC, 1.206',
/* authorisation */ '  ');

FILE_SCHEMA (('AP242_MANAGED_MODEL_BASED_3D_ENGINEERING_MIM_LF { 1 0 10303 442 1 1 4 }'));
ENDSEC;

DATA;
#10=SHAPE_REPRESENTATION_RELATIONSHIP('','',#3143,#11);
#11=ADVANCED_BREP_SHAPE_REPRESENTATION('',(#3141),#5397);
#12=CONICAL_SURFACE('',#3386,0.0018,0.785398163397452);
#13=CONICAL_SURFACE('',#3387,0.01175,0.785398163397452);
#14=CONICAL_SURFACE('',#3389,0.0018,0.785398163397453);
#15=CONICAL_SURFACE('',#3392,0.0028,0.785398163397457);
#16=CONICAL_SURFACE('',#3394,0.002,0.785398163397454);
#17=CONICAL_SURFACE('',#3395,0.003,0.785398163397454);
#18=CONICAL_SURFACE('',#3397,0.0022,0.785398163397452);
#19=CONICAL_SURFACE('',#3398,0.005,0.785398163397452);
#20=CONICAL_SURFACE('',#3400,0.0173,0.785398163397448);
#21=CONICAL_SURFACE('',#3401,0.005,0.785398163397455);
#22=CONICAL_SURFACE('',#3402,0.0022,0.785398163397455);
#23=CONICAL_SURFACE('',#3403,0.0173,0.785398163397448);
#24=CONICAL_SURFACE('',#3405,0.0022,0.785398163397452);
#25=CONICAL_SURFACE('',#3406,0.0045,0.785398163397452);
#26=CONICAL_SURFACE('',#3409,0.0043,0.785398163397452);
#27=CONICAL_SURFACE('',#3410,0.0022,0.785398163397454);
#28=CONICAL_SURFACE('',#3412,0.0173,0.785398163397448);
#29=CONICAL_SURFACE('',#3413,0.0022,0.785398163397454);
#30=CONICAL_SURFACE('',#3414,0.0022,0.785398163397455);
#31=CONICAL_SURFACE('',#3415,0.0173,0.785398163397448);
#32=CONICAL_SURFACE('',#3417,0.0022,0.785398163397452);
#33=CONICAL_SURFACE('',#3418,0.0045,0.785398163397452);
#34=CONICAL_SURFACE('',#3420,0.0022,0.785398163397452);
#35=CONICAL_SURFACE('',#3421,0.0175,0.785398163397448);
#36=CONICAL_SURFACE('',#3423,0.0022,0.785398163397454);
#37=CONICAL_SURFACE('',#3424,0.0043,0.785398163397452);
#38=CONICAL_SURFACE('',#3427,0.0045,0.785398163397452);
#39=CONICAL_SURFACE('',#3428,0.0022,0.785398163397455);
#40=CONICAL_SURFACE('',#3430,0.0175,0.785398163397448);
#41=CONICAL_SURFACE('',#3431,0.0022,0.785398163397452);
#42=CONICAL_SURFACE('',#3432,0.0022,0.785398163397454);
#43=CONICAL_SURFACE('',#3433,0.0175,0.785398163397439);
#44=CONICAL_SURFACE('',#3435,0.0052,0.785398163397452);
#45=CONICAL_SURFACE('',#3436,0.0043,0.785398163397452);
#46=CONICAL_SURFACE('',#3439,0.002,0.785398163397454);
#47=CONICAL_SURFACE('',#3440,0.0022,0.785398163397455);
#48=CONICAL_SURFACE('',#3441,0.0028,0.785398163397457);
#49=CONICAL_SURFACE('',#3442,0.0175,0.785398163397448);
#50=CONICAL_SURFACE('',#3444,0.0052,0.785398163397455);
#51=CONICAL_SURFACE('',#3447,0.0018,0.785398163397449);
#52=CONICAL_SURFACE('',#3448,0.0022,0.785398163397452);
#53=CONICAL_SURFACE('',#3449,0.0136,0.785398163397448);
#54=CONICAL_SURFACE('',#3450,0.003,0.785398163397454);
#55=CONICAL_SURFACE('',#3451,0.0018,0.785398163397448);
#56=ELLIPSE('',#3185,0.004,0.002);
#57=ELLIPSE('',#3186,0.004,0.002);
#58=ELLIPSE('',#3194,0.01,0.005);
#59=ELLIPSE('',#3195,0.01,0.005);
#60=ELLIPSE('',#3291,0.004,0.002);
#61=ELLIPSE('',#3292,0.004,0.002);
#62=ELLIPSE('',#3297,0.01,0.005);
#63=ELLIPSE('',#3298,0.01,0.005);
#64=B_SPLINE_CURVE_WITH_KNOTS('',3,(#4550,#4551,#4552,#4553),
 .UNSPECIFIED.,.F.,.F.,(4,4),(0.00223980360199016,0.00234462270013013),
 .UNSPECIFIED.);
#65=B_SPLINE_CURVE_WITH_KNOTS('',3,(#4564,#4565,#4566,#4567),
 .UNSPECIFIED.,.F.,.F.,(4,4),(0.00223980360199015,0.00234462270013012),
 .UNSPECIFIED.);
#66=B_SPLINE_CURVE_WITH_KNOTS('',3,(#4686,#4687,#4688,#4689,#4690,#4691,
#4692,#4693,#4694,#4695,#4696),.UNSPECIFIED.,.F.,.F.,(4,1,1,1,1,1,1,1,4),
(0.,0.00141312998062005,0.00282625996124009,0.00423938994186014,0.00565251992248019,
0.00706564990310023,0.00847877988372028,0.00989190986434033,0.0113050398449604),
 .UNSPECIFIED.);
#67=B_SPLINE_CURVE_WITH_KNOTS('',3,(#4710,#4711,#4712,#4713,#4714,#4715,
#4716),.UNSPECIFIED.,.F.,.F.,(4,1,1,1,4),(0.,0.0012758617577688,0.0025517235155376,
0.00382758527330641,0.00510344703107521),.UNSPECIFIED.);
#68=B_SPLINE_CURVE_WITH_KNOTS('',3,(#4876,#4877,#4878,#4879),
 .UNSPECIFIED.,.F.,.F.,(4,4),(8.92581150145906E-20,0.000105582842014483),
 .UNSPECIFIED.);
#69=B_SPLINE_CURVE_WITH_KNOTS('',3,(#4886,#4887,#4888,#4889,#4890,#4891,
#4892,#4893,#4894,#4895,#4896),.UNSPECIFIED.,.F.,.F.,(4,1,1,1,1,1,1,1,4),
(0.,0.00141312998062004,0.00282625996124009,0.00423938994186013,0.00565251992248017,
0.00706564990310022,0.00847877988372026,0.0098919098643403,0.0113050398449603),
 .UNSPECIFIED.);
#70=B_SPLINE_CURVE_WITH_KNOTS('',3,(#4908,#4909,#4910,#4911,#4912,#4913,
#4914),.UNSPECIFIED.,.F.,.F.,(4,1,1,1,4),(0.,0.0012758617577688,0.0025517235155376,
0.00382758527330639,0.00510344703107519),.UNSPECIFIED.);
#71=B_SPLINE_CURVE_WITH_KNOTS('',3,(#4983,#4984,#4985,#4986),
 .UNSPECIFIED.,.F.,.F.,(4,4),(1.78516230029179E-19,0.000105582842014483),
 .UNSPECIFIED.);
#72=B_SPLINE_CURVE_WITH_KNOTS('',3,(#5039,#5040,#5041,#5042,#5043,#5044,
#5045),.UNSPECIFIED.,.F.,.F.,(4,1,1,1,4),(1.7851399056266E-19,0.000586201799546916,
0.00117240359909383,0.00175860539864075,0.00234480719818766),
 .UNSPECIFIED.);
#73=B_SPLINE_CURVE_WITH_KNOTS('',3,(#5057,#5058,#5059,#5060,#5061,#5062,
#5063),.UNSPECIFIED.,.F.,.F.,(4,1,1,1,4),(8.92569952813311E-20,0.00058620179954692,
0.00117240359909384,0.00175860539864076,0.00234480719818768),
 .UNSPECIFIED.);
#74=B_SPLINE_CURVE_WITH_KNOTS('',3,(#5076,#5077,#5078,#5079,#5080,#5081,
#5082),.UNSPECIFIED.,.F.,.F.,(4,1,1,1,4),(0.,0.000536092862881997,0.00107218572576399,
0.00160827858864599,0.00214437145152799),.UNSPECIFIED.);
#75=B_SPLINE_CURVE_WITH_KNOTS('',3,(#5090,#5091,#5092,#5093,#5094,#5095,
#5096),.UNSPECIFIED.,.F.,.F.,(4,1,1,1,4),(1.89735380184963E-19,0.000536092862881993,
0.00107218572576399,0.00160827858864598,0.00214437145152797),
 .UNSPECIFIED.);
#76=LINE('',#4438,#360);
#77=LINE('',#4441,#361);
#78=LINE('',#4443,#362);
#79=LINE('',#4445,#363);
#80=LINE('',#4447,#364);
#81=LINE('',#4449,#365);
#82=LINE('',#4450,#366);
#83=LINE('',#4453,#367);
#84=LINE('',#4455,#368);
#85=LINE('',#4457,#369);
#86=LINE('',#4459,#370);
#87=LINE('',#4461,#371);
#88=LINE('',#4465,#372);
#89=LINE('',#4469,#373);
#90=LINE('',#4477,#374);
#91=LINE('',#4481,#375);
#92=LINE('',#4489,#376);
#93=LINE('',#4495,#377);
#94=LINE('',#4497,#378);
#95=LINE('',#4505,#379);
#96=LINE('',#4507,#380);
#97=LINE('',#4513,#381);
#98=LINE('',#4521,#382);
#99=LINE('',#4525,#383);
#100=LINE('',#4530,#384);
#101=LINE('',#4533,#385);
#102=LINE('',#4535,#386);
#103=LINE('',#4537,#387);
#104=LINE('',#4539,#388);
#105=LINE('',#4541,#389);
#106=LINE('',#4543,#390);
#107=LINE('',#4548,#391);
#108=LINE('',#4557,#392);
#109=LINE('',#4562,#393);
#110=LINE('',#4571,#394);
#111=LINE('',#4576,#395);
#112=LINE('',#4582,#396);
#113=LINE('',#4586,#397);
#114=LINE('',#4588,#398);
#115=LINE('',#4590,#399);
#116=LINE('',#4592,#400);
#117=LINE('',#4594,#401);
#118=LINE('',#4596,#402);
#119=LINE('',#4598,#403);
#120=LINE('',#4600,#404);
#121=LINE('',#4612,#405);
#122=LINE('',#4615,#406);
#123=LINE('',#4617,#407);
#124=LINE('',#4619,#408);
#125=LINE('',#4621,#409);
#126=LINE('',#4633,#410);
#127=LINE('',#4638,#411);
#128=LINE('',#4640,#412);
#129=LINE('',#4642,#413);
#130=LINE('',#4645,#414);
#131=LINE('',#4647,#415);
#132=LINE('',#4661,#416);
#133=LINE('',#4664,#417);
#134=LINE('',#4666,#418);
#135=LINE('',#4668,#419);
#136=LINE('',#4670,#420);
#137=LINE('',#4673,#421);
#138=LINE('',#4675,#422);
#139=LINE('',#4677,#423);
#140=LINE('',#4679,#424);
#141=LINE('',#4684,#425);
#142=LINE('',#4699,#426);
#143=LINE('',#4701,#427);
#144=LINE('',#4707,#428);
#145=LINE('',#4720,#429);
#146=LINE('',#4724,#430);
#147=LINE('',#4725,#431);
#148=LINE('',#4727,#432);
#149=LINE('',#4729,#433);
#150=LINE('',#4731,#434);
#151=LINE('',#4736,#435);
#152=LINE('',#4739,#436);
#153=LINE('',#4741,#437);
#154=LINE('',#4743,#438);
#155=LINE('',#4745,#439);
#156=LINE('',#4747,#440);
#157=LINE('',#4749,#441);
#158=LINE('',#4752,#442);
#159=LINE('',#4754,#443);
#160=LINE('',#4756,#444);
#161=LINE('',#4758,#445);
#162=LINE('',#4760,#446);
#163=LINE('',#4765,#447);
#164=LINE('',#4767,#448);
#165=LINE('',#4773,#449);
#166=LINE('',#4781,#450);
#167=LINE('',#4785,#451);
#168=LINE('',#4793,#452);
#169=LINE('',#4797,#453);
#170=LINE('',#4805,#454);
#171=LINE('',#4809,#455);
#172=LINE('',#4817,#456);
#173=LINE('',#4823,#457);
#174=LINE('',#4825,#458);
#175=LINE('',#4831,#459);
#176=LINE('',#4834,#460);
#177=LINE('',#4836,#461);
#178=LINE('',#4838,#462);
#179=LINE('',#4840,#463);
#180=LINE('',#4845,#464);
#181=LINE('',#4849,#465);
#182=LINE('',#4852,#466);
#183=LINE('',#4854,#467);
#184=LINE('',#4856,#468);
#185=LINE('',#4858,#469);
#186=LINE('',#4864,#470);
#187=LINE('',#4867,#471);
#188=LINE('',#4868,#472);
#189=LINE('',#4870,#473);
#190=LINE('',#4884,#474);
#191=LINE('',#4898,#475);
#192=LINE('',#4902,#476);
#193=LINE('',#4904,#477);
#194=LINE('',#4917,#478);
#195=LINE('',#4923,#479);
#196=LINE('',#4924,#480);
#197=LINE('',#4926,#481);
#198=LINE('',#4931,#482);
#199=LINE('',#4935,#483);
#200=LINE('',#4938,#484);
#201=LINE('',#4939,#485);
#202=LINE('',#4941,#486);
#203=LINE('',#4950,#487);
#204=LINE('',#4956,#488);
#205=LINE('',#4959,#489);
#206=LINE('',#4960,#490);
#207=LINE('',#4962,#491);
#208=LINE('',#4964,#492);
#209=LINE('',#4977,#493);
#210=LINE('',#4988,#494);
#211=LINE('',#4991,#495);
#212=LINE('',#4993,#496);
#213=LINE('',#4995,#497);
#214=LINE('',#4997,#498);
#215=LINE('',#5003,#499);
#216=LINE('',#5006,#500);
#217=LINE('',#5007,#501);
#218=LINE('',#5009,#502);
#219=LINE('',#5014,#503);
#220=LINE('',#5018,#504);
#221=LINE('',#5021,#505);
#222=LINE('',#5023,#506);
#223=LINE('',#5025,#507);
#224=LINE('',#5030,#508);
#225=LINE('',#5035,#509);
#226=LINE('',#5049,#510);
#227=LINE('',#5053,#511);
#228=LINE('',#5073,#512);
#229=LINE('',#5075,#513);
#230=LINE('',#5087,#514);
#231=LINE('',#5089,#515);
#232=LINE('',#5108,#516);
#233=LINE('',#5110,#517);
#234=LINE('',#5112,#518);
#235=LINE('',#5114,#519);
#236=LINE('',#5116,#520);
#237=LINE('',#5118,#521);
#238=LINE('',#5120,#522);
#239=LINE('',#5122,#523);
#240=LINE('',#5124,#524);
#241=LINE('',#5126,#525);
#242=LINE('',#5128,#526);
#243=LINE('',#5130,#527);
#244=LINE('',#5133,#528);
#245=LINE('',#5135,#529);
#246=LINE('',#5137,#530);
#247=LINE('',#5139,#531);
#248=LINE('',#5141,#532);
#249=LINE('',#5143,#533);
#250=LINE('',#5145,#534);
#251=LINE('',#5147,#535);
#252=LINE('',#5149,#536);
#253=LINE('',#5151,#537);
#254=LINE('',#5153,#538);
#255=LINE('',#5155,#539);
#256=LINE('',#5186,#540);
#257=LINE('',#5187,#541);
#258=LINE('',#5189,#542);
#259=LINE('',#5191,#543);
#260=LINE('',#5193,#544);
#261=LINE('',#5195,#545);
#262=LINE('',#5197,#546);
#263=LINE('',#5199,#547);
#264=LINE('',#5201,#548);
#265=LINE('',#5203,#549);
#266=LINE('',#5205,#550);
#267=LINE('',#5207,#551);
#268=LINE('',#5209,#552);
#269=LINE('',#5211,#553);
#270=LINE('',#5213,#554);
#271=LINE('',#5215,#555);
#272=LINE('',#5217,#556);
#273=LINE('',#5219,#557);
#274=LINE('',#5221,#558);
#275=LINE('',#5223,#559);
#276=LINE('',#5225,#560);
#277=LINE('',#5227,#561);
#278=LINE('',#5229,#562);
#279=LINE('',#5231,#563);
#280=LINE('',#5233,#564);
#281=LINE('',#5235,#565);
#282=LINE('',#5237,#566);
#283=LINE('',#5239,#567);
#284=LINE('',#5241,#568);
#285=LINE('',#5243,#569);
#286=LINE('',#5245,#570);
#287=LINE('',#5247,#571);
#288=LINE('',#5249,#572);
#289=LINE('',#5251,#573);
#290=LINE('',#5254,#574);
#291=LINE('',#5255,#575);
#292=LINE('',#5257,#576);
#293=LINE('',#5259,#577);
#294=LINE('',#5261,#578);
#295=LINE('',#5263,#579);
#296=LINE('',#5265,#580);
#297=LINE('',#5267,#581);
#298=LINE('',#5269,#582);
#299=LINE('',#5271,#583);
#300=LINE('',#5273,#584);
#301=LINE('',#5275,#585);
#302=LINE('',#5277,#586);
#303=LINE('',#5279,#587);
#304=LINE('',#5281,#588);
#305=LINE('',#5283,#589);
#306=LINE('',#5285,#590);
#307=LINE('',#5287,#591);
#308=LINE('',#5289,#592);
#309=LINE('',#5291,#593);
#310=LINE('',#5293,#594);
#311=LINE('',#5295,#595);
#312=LINE('',#5297,#596);
#313=LINE('',#5299,#597);
#314=LINE('',#5301,#598);
#315=LINE('',#5303,#599);
#316=LINE('',#5305,#600);
#317=LINE('',#5307,#601);
#318=LINE('',#5309,#602);
#319=LINE('',#5311,#603);
#320=LINE('',#5313,#604);
#321=LINE('',#5315,#605);
#322=LINE('',#5317,#606);
#323=LINE('',#5319,#607);
#324=LINE('',#5322,#608);
#325=LINE('',#5325,#609);
#326=LINE('',#5327,#610);
#327=LINE('',#5329,#611);
#328=LINE('',#5331,#612);
#329=LINE('',#5333,#613);
#330=LINE('',#5335,#614);
#331=LINE('',#5336,#615);
#332=LINE('',#5338,#616);
#333=LINE('',#5340,#617);
#334=LINE('',#5342,#618);
#335=LINE('',#5344,#619);
#336=LINE('',#5347,#620);
#337=LINE('',#5349,#621);
#338=LINE('',#5351,#622);
#339=LINE('',#5353,#623);
#340=LINE('',#5355,#624);
#341=LINE('',#5357,#625);
#342=LINE('',#5359,#626);
#343=LINE('',#5361,#627);
#344=LINE('',#5363,#628);
#345=LINE('',#5365,#629);
#346=LINE('',#5367,#630);
#347=LINE('',#5369,#631);
#348=LINE('',#5372,#632);
#349=LINE('',#5374,#633);
#350=LINE('',#5376,#634);
#351=LINE('',#5378,#635);
#352=LINE('',#5380,#636);
#353=LINE('',#5382,#637);
#354=LINE('',#5384,#638);
#355=LINE('',#5386,#639);
#356=LINE('',#5388,#640);
#357=LINE('',#5390,#641);
#358=LINE('',#5392,#642);
#359=LINE('',#5394,#643);
#360=VECTOR('',#3497,1.);
#361=VECTOR('',#3498,1.);
#362=VECTOR('',#3499,1.);
#363=VECTOR('',#3500,1.);
#364=VECTOR('',#3501,1.);
#365=VECTOR('',#3502,1.);
#366=VECTOR('',#3503,1.);
#367=VECTOR('',#3504,1.);
#368=VECTOR('',#3505,1.);
#369=VECTOR('',#3506,1.);
#370=VECTOR('',#3507,1.);
#371=VECTOR('',#3508,1.);
#372=VECTOR('',#3511,1.);
#373=VECTOR('',#3514,1.);
#374=VECTOR('',#3521,1.);
#375=VECTOR('',#3524,1.);
#376=VECTOR('',#3531,1.);
#377=VECTOR('',#3536,1.);
#378=VECTOR('',#3537,1.);
#379=VECTOR('',#3544,1.);
#380=VECTOR('',#3545,1.);
#381=VECTOR('',#3550,1.);
#382=VECTOR('',#3557,1.);
#383=VECTOR('',#3560,1.);
#384=VECTOR('',#3565,1.);
#385=VECTOR('',#3566,1.);
#386=VECTOR('',#3567,1.);
#387=VECTOR('',#3568,1.);
#388=VECTOR('',#3569,1.);
#389=VECTOR('',#3570,1.);
#390=VECTOR('',#3573,1.);
#391=VECTOR('',#3576,1.);
#392=VECTOR('',#3581,1.);
#393=VECTOR('',#3584,1.);
#394=VECTOR('',#3589,1.);
#395=VECTOR('',#3592,1.);
#396=VECTOR('',#3597,1.);
#397=VECTOR('',#3602,1.);
#398=VECTOR('',#3603,1.);
#399=VECTOR('',#3604,1.);
#400=VECTOR('',#3605,1.);
#401=VECTOR('',#3608,1.);
#402=VECTOR('',#3609,1.);
#403=VECTOR('',#3610,1.);
#404=VECTOR('',#3611,1.);
#405=VECTOR('',#3628,1.);
#406=VECTOR('',#3629,1.);
#407=VECTOR('',#3630,1.);
#408=VECTOR('',#3631,1.);
#409=VECTOR('',#3632,1.);
#410=VECTOR('',#3647,1.);
#411=VECTOR('',#3650,1.);
#412=VECTOR('',#3651,1.);
#413=VECTOR('',#3654,1.);
#414=VECTOR('',#3655,1.);
#415=VECTOR('',#3656,1.);
#416=VECTOR('',#3673,1.);
#417=VECTOR('',#3674,1.);
#418=VECTOR('',#3675,1.);
#419=VECTOR('',#3676,1.);
#420=VECTOR('',#3679,1.);
#421=VECTOR('',#3680,1.);
#422=VECTOR('',#3681,1.);
#423=VECTOR('',#3682,1.);
#424=VECTOR('',#3685,1.);
#425=VECTOR('',#3688,1.);
#426=VECTOR('',#3693,1.);
#427=VECTOR('',#3694,1.);
#428=VECTOR('',#3701,1.);
#429=VECTOR('',#3708,1.);
#430=VECTOR('',#3713,1.);
#431=VECTOR('',#3714,1.);
#432=VECTOR('',#3717,1.);
#433=VECTOR('',#3718,1.);
#434=VECTOR('',#3719,1.);
#435=VECTOR('',#3728,1.);
#436=VECTOR('',#3729,1.);
#437=VECTOR('',#3730,1.);
#438=VECTOR('',#3731,1.);
#439=VECTOR('',#3732,1.);
#440=VECTOR('',#3733,1.);
#441=VECTOR('',#3736,1.);
#442=VECTOR('',#3737,1.);
#443=VECTOR('',#3738,1.);
#444=VECTOR('',#3739,1.);
#445=VECTOR('',#3740,1.);
#446=VECTOR('',#3741,1.);
#447=VECTOR('',#3746,1.);
#448=VECTOR('',#3747,1.);
#449=VECTOR('',#3752,1.);
#450=VECTOR('',#3759,1.);
#451=VECTOR('',#3762,1.);
#452=VECTOR('',#3769,1.);
#453=VECTOR('',#3772,1.);
#454=VECTOR('',#3779,1.);
#455=VECTOR('',#3782,1.);
#456=VECTOR('',#3789,1.);
#457=VECTOR('',#3794,1.);
#458=VECTOR('',#3795,1.);
#459=VECTOR('',#3802,1.);
#460=VECTOR('',#3803,1.);
#461=VECTOR('',#3804,1.);
#462=VECTOR('',#3805,1.);
#463=VECTOR('',#3808,1.);
#464=VECTOR('',#3811,1.);
#465=VECTOR('',#3816,1.);
#466=VECTOR('',#3817,1.);
#467=VECTOR('',#3818,1.);
#468=VECTOR('',#3819,1.);
#469=VECTOR('',#3822,1.);
#470=VECTOR('',#3829,1.);
#471=VECTOR('',#3830,1.);
#472=VECTOR('',#3831,1.);
#473=VECTOR('',#3834,1.);
#474=VECTOR('',#3845,1.);
#475=VECTOR('',#3848,1.);
#476=VECTOR('',#3851,1.);
#477=VECTOR('',#3854,1.);
#478=VECTOR('',#3861,1.);
#479=VECTOR('',#3868,1.);
#480=VECTOR('',#3869,1.);
#481=VECTOR('',#3872,1.);
#482=VECTOR('',#3875,1.);
#483=VECTOR('',#3880,1.);
#484=VECTOR('',#3881,1.);
#485=VECTOR('',#3882,1.);
#486=VECTOR('',#3885,1.);
#487=VECTOR('',#3896,1.);
#488=VECTOR('',#3903,1.);
#489=VECTOR('',#3904,1.);
#490=VECTOR('',#3905,1.);
#491=VECTOR('',#3906,1.);
#492=VECTOR('',#3909,1.);
#493=VECTOR('',#3924,1.);
#494=VECTOR('',#3931,1.);
#495=VECTOR('',#3932,1.);
#496=VECTOR('',#3933,1.);
#497=VECTOR('',#3934,1.);
#498=VECTOR('',#3937,1.);
#499=VECTOR('',#3944,1.);
#500=VECTOR('',#3945,1.);
#501=VECTOR('',#3946,1.);
#502=VECTOR('',#3949,1.);
#503=VECTOR('',#3952,1.);
#504=VECTOR('',#3957,1.);
#505=VECTOR('',#3958,1.);
#506=VECTOR('',#3959,1.);
#507=VECTOR('',#3960,1.);
#508=VECTOR('',#3969,1.);
#509=VECTOR('',#3972,1.);
#510=VECTOR('',#3977,1.);
#511=VECTOR('',#3980,1.);
#512=VECTOR('',#3999,1.);
#513=VECTOR('',#4002,1.);
#514=VECTOR('',#4011,1.);
#515=VECTOR('',#4014,1.);
#516=VECTOR('',#4033,1.);
#517=VECTOR('',#4034,1.);
#518=VECTOR('',#4035,1.);
#519=VECTOR('',#4038,1.);
#520=VECTOR('',#4039,1.);
#521=VECTOR('',#4042,1.);
#522=VECTOR('',#4043,1.);
#523=VECTOR('',#4044,1.);
#524=VECTOR('',#4045,1.);
#525=VECTOR('',#4048,1.);
#526=VECTOR('',#4051,1.);
#527=VECTOR('',#4054,1.);
#528=VECTOR('',#4059,1.);
#529=VECTOR('',#4060,1.);
#530=VECTOR('',#4061,1.);
#531=VECTOR('',#4064,1.);
#532=VECTOR('',#4065,1.);
#533=VECTOR('',#4068,1.);
#534=VECTOR('',#4069,1.);
#535=VECTOR('',#4070,1.);
#536=VECTOR('',#4071,1.);
#537=VECTOR('',#4074,1.);
#538=VECTOR('',#4077,1.);
#539=VECTOR('',#4080,1.);
#540=VECTOR('',#4141,1.);
#541=VECTOR('',#4142,1.);
#542=VECTOR('',#4145,1.);
#543=VECTOR('',#4148,1.);
#544=VECTOR('',#4151,1.);
#545=VECTOR('',#4154,1.);
#546=VECTOR('',#4157,1.);
#547=VECTOR('',#4160,1.);
#548=VECTOR('',#4163,1.);
#549=VECTOR('',#4166,1.);
#550=VECTOR('',#4169,1.);
#551=VECTOR('',#4172,1.);
#552=VECTOR('',#4175,1.);
#553=VECTOR('',#4178,1.);
#554=VECTOR('',#4181,1.);
#555=VECTOR('',#4184,1.);
#556=VECTOR('',#4187,1.);
#557=VECTOR('',#4190,1.);
#558=VECTOR('',#4193,1.);
#559=VECTOR('',#4196,1.);
#560=VECTOR('',#4199,1.);
#561=VECTOR('',#4202,1.);
#562=VECTOR('',#4205,1.);
#563=VECTOR('',#4208,1.);
#564=VECTOR('',#4211,1.);
#565=VECTOR('',#4214,1.);
#566=VECTOR('',#4217,1.);
#567=VECTOR('',#4220,1.);
#568=VECTOR('',#4223,1.);
#569=VECTOR('',#4226,1.);
#570=VECTOR('',#4229,1.);
#571=VECTOR('',#4232,1.);
#572=VECTOR('',#4235,1.);
#573=VECTOR('',#4238,1.);
#574=VECTOR('',#4243,1.);
#575=VECTOR('',#4244,1.);
#576=VECTOR('',#4247,1.);
#577=VECTOR('',#4250,1.);
#578=VECTOR('',#4253,1.);
#579=VECTOR('',#4256,1.);
#580=VECTOR('',#4259,1.);
#581=VECTOR('',#4262,1.);
#582=VECTOR('',#4265,1.);
#583=VECTOR('',#4268,1.);
#584=VECTOR('',#4271,1.);
#585=VECTOR('',#4274,1.);
#586=VECTOR('',#4277,1.);
#587=VECTOR('',#4280,1.);
#588=VECTOR('',#4283,1.);
#589=VECTOR('',#4286,1.);
#590=VECTOR('',#4289,1.);
#591=VECTOR('',#4292,1.);
#592=VECTOR('',#4295,1.);
#593=VECTOR('',#4298,1.);
#594=VECTOR('',#4301,1.);
#595=VECTOR('',#4304,1.);
#596=VECTOR('',#4307,1.);
#597=VECTOR('',#4310,1.);
#598=VECTOR('',#4313,1.);
#599=VECTOR('',#4316,1.);
#600=VECTOR('',#4319,1.);
#601=VECTOR('',#4322,1.);
#602=VECTOR('',#4325,1.);
#603=VECTOR('',#4328,1.);
#604=VECTOR('',#4331,1.);
#605=VECTOR('',#4334,1.);
#606=VECTOR('',#4337,1.);
#607=VECTOR('',#4340,1.);
#608=VECTOR('',#4345,1.);
#609=VECTOR('',#4346,1.);
#610=VECTOR('',#4347,1.);
#611=VECTOR('',#4348,1.);
#612=VECTOR('',#4349,1.);
#613=VECTOR('',#4350,1.);
#614=VECTOR('',#4353,1.);
#615=VECTOR('',#4354,1.);
#616=VECTOR('',#4357,1.);
#617=VECTOR('',#4360,1.);
#618=VECTOR('',#4363,1.);
#619=VECTOR('',#4366,1.);
#620=VECTOR('',#4371,1.);
#621=VECTOR('',#4372,1.);
#622=VECTOR('',#4373,1.);
#623=VECTOR('',#4376,1.);
#624=VECTOR('',#4377,1.);
#625=VECTOR('',#4380,1.);
#626=VECTOR('',#4381,1.);
#627=VECTOR('',#4384,1.);
#628=VECTOR('',#4385,1.);
#629=VECTOR('',#4388,1.);
#630=VECTOR('',#4389,1.);
#631=VECTOR('',#4392,1.);
#632=VECTOR('',#4397,1.);
#633=VECTOR('',#4398,1.);
#634=VECTOR('',#4399,1.);
#635=VECTOR('',#4402,1.);
#636=VECTOR('',#4403,1.);
#637=VECTOR('',#4406,1.);
#638=VECTOR('',#4407,1.);
#639=VECTOR('',#4410,1.);
#640=VECTOR('',#4411,1.);
#641=VECTOR('',#4414,1.);
#642=VECTOR('',#4415,1.);
#643=VECTOR('',#4418,1.);
#644=PLANE('',#3154);
#645=PLANE('',#3188);
#646=PLANE('',#3189);
#647=PLANE('',#3197);
#648=PLANE('',#3204);
#649=PLANE('',#3206);
#650=PLANE('',#3214);
#651=PLANE('',#3215);
#652=PLANE('',#3219);
#653=PLANE('',#3227);
#654=PLANE('',#3228);
#655=PLANE('',#3232);
#656=PLANE('',#3233);
#657=PLANE('',#3234);
#658=PLANE('',#3257);
#659=PLANE('',#3261);
#660=PLANE('',#3265);
#661=PLANE('',#3272);
#662=PLANE('',#3280);
#663=PLANE('',#3284);
#664=PLANE('',#3293);
#665=PLANE('',#3304);
#666=PLANE('',#3308);
#667=PLANE('',#3312);
#668=PLANE('',#3323);
#669=PLANE('',#3328);
#670=PLANE('',#3331);
#671=PLANE('',#3333);
#672=PLANE('',#3336);
#673=PLANE('',#3338);
#674=PLANE('',#3341);
#675=PLANE('',#3344);
#676=PLANE('',#3345);
#677=PLANE('',#3346);
#678=PLANE('',#3347);
#679=PLANE('',#3348);
#680=PLANE('',#3349);
#681=PLANE('',#3350);
#682=PLANE('',#3351);
#683=PLANE('',#3352);
#684=PLANE('',#3353);
#685=PLANE('',#3354);
#686=PLANE('',#3355);
#687=PLANE('',#3356);
#688=PLANE('',#3357);
#689=PLANE('',#3388);
#690=PLANE('',#3390);
#691=PLANE('',#3391);
#692=PLANE('',#3393);
#693=PLANE('',#3396);
#694=PLANE('',#3399);
#695=PLANE('',#3404);
#696=PLANE('',#3407);
#697=PLANE('',#3408);
#698=PLANE('',#3411);
#699=PLANE('',#3416);
#700=PLANE('',#3419);
#701=PLANE('',#3422);
#702=PLANE('',#3425);
#703=PLANE('',#3426);
#704=PLANE('',#3429);
#705=PLANE('',#3434);
#706=PLANE('',#3437);
#707=PLANE('',#3438);
#708=PLANE('',#3443);
#709=PLANE('',#3445);
#710=PLANE('',#3446);
#711=PLANE('',#3452);
#712=PLANE('',#3453);
#713=PLANE('',#3454);
#714=PLANE('',#3455);
#715=PLANE('',#3456);
#716=PLANE('',#3457);
#717=PLANE('',#3458);
#718=PLANE('',#3459);
#719=PLANE('',#3460);
#720=PLANE('',#3461);
#721=PLANE('',#3462);
#722=PLANE('',#3463);
#723=PLANE('',#3464);
#724=PLANE('',#3465);
#725=PLANE('',#3466);
#726=PLANE('',#3467);
#727=PLANE('',#3468);
#728=PLANE('',#3469);
#729=PLANE('',#3470);
#730=PLANE('',#3471);
#731=PLANE('',#3472);
#732=PLANE('',#3473);
#733=PLANE('',#3474);
#734=ORIENTED_EDGE('',*,*,#1626,.F.);
#735=ORIENTED_EDGE('',*,*,#1627,.T.);
#736=ORIENTED_EDGE('',*,*,#1628,.T.);
#737=ORIENTED_EDGE('',*,*,#1629,.F.);
#738=ORIENTED_EDGE('',*,*,#1630,.F.);
#739=ORIENTED_EDGE('',*,*,#1631,.T.);
#740=ORIENTED_EDGE('',*,*,#1632,.F.);
#741=ORIENTED_EDGE('',*,*,#1633,.F.);
#742=ORIENTED_EDGE('',*,*,#1634,.F.);
#743=ORIENTED_EDGE('',*,*,#1635,.F.);
#744=ORIENTED_EDGE('',*,*,#1636,.F.);
#745=ORIENTED_EDGE('',*,*,#1637,.F.);
#746=ORIENTED_EDGE('',*,*,#1638,.T.);
#747=ORIENTED_EDGE('',*,*,#1639,.T.);
#748=ORIENTED_EDGE('',*,*,#1640,.T.);
#749=ORIENTED_EDGE('',*,*,#1641,.T.);
#750=ORIENTED_EDGE('',*,*,#1642,.T.);
#751=ORIENTED_EDGE('',*,*,#1643,.T.);
#752=ORIENTED_EDGE('',*,*,#1644,.T.);
#753=ORIENTED_EDGE('',*,*,#1645,.T.);
#754=ORIENTED_EDGE('',*,*,#1646,.T.);
#755=ORIENTED_EDGE('',*,*,#1647,.T.);
#756=ORIENTED_EDGE('',*,*,#1648,.T.);
#757=ORIENTED_EDGE('',*,*,#1649,.T.);
#758=ORIENTED_EDGE('',*,*,#1650,.T.);
#759=ORIENTED_EDGE('',*,*,#1651,.T.);
#760=ORIENTED_EDGE('',*,*,#1652,.T.);
#761=ORIENTED_EDGE('',*,*,#1653,.T.);
#762=ORIENTED_EDGE('',*,*,#1654,.T.);
#763=ORIENTED_EDGE('',*,*,#1655,.T.);
#764=ORIENTED_EDGE('',*,*,#1656,.T.);
#765=ORIENTED_EDGE('',*,*,#1657,.T.);
#766=ORIENTED_EDGE('',*,*,#1658,.T.);
#767=ORIENTED_EDGE('',*,*,#1659,.T.);
#768=ORIENTED_EDGE('',*,*,#1660,.T.);
#769=ORIENTED_EDGE('',*,*,#1661,.T.);
#770=ORIENTED_EDGE('',*,*,#1662,.T.);
#771=ORIENTED_EDGE('',*,*,#1663,.T.);
#772=ORIENTED_EDGE('',*,*,#1664,.T.);
#773=ORIENTED_EDGE('',*,*,#1665,.T.);
#774=ORIENTED_EDGE('',*,*,#1666,.T.);
#775=ORIENTED_EDGE('',*,*,#1667,.T.);
#776=ORIENTED_EDGE('',*,*,#1668,.T.);
#777=ORIENTED_EDGE('',*,*,#1669,.T.);
#778=ORIENTED_EDGE('',*,*,#1670,.T.);
#779=ORIENTED_EDGE('',*,*,#1671,.T.);
#780=ORIENTED_EDGE('',*,*,#1672,.T.);
#781=ORIENTED_EDGE('',*,*,#1673,.T.);
#782=ORIENTED_EDGE('',*,*,#1674,.T.);
#783=ORIENTED_EDGE('',*,*,#1675,.T.);
#784=ORIENTED_EDGE('',*,*,#1676,.T.);
#785=ORIENTED_EDGE('',*,*,#1677,.T.);
#786=ORIENTED_EDGE('',*,*,#1678,.T.);
#787=ORIENTED_EDGE('',*,*,#1679,.T.);
#788=ORIENTED_EDGE('',*,*,#1680,.T.);
#789=ORIENTED_EDGE('',*,*,#1681,.T.);
#790=ORIENTED_EDGE('',*,*,#1682,.T.);
#791=ORIENTED_EDGE('',*,*,#1683,.T.);
#792=ORIENTED_EDGE('',*,*,#1684,.F.);
#793=ORIENTED_EDGE('',*,*,#1685,.T.);
#794=ORIENTED_EDGE('',*,*,#1686,.T.);
#795=ORIENTED_EDGE('',*,*,#1687,.T.);
#796=ORIENTED_EDGE('',*,*,#1688,.T.);
#797=ORIENTED_EDGE('',*,*,#1689,.T.);
#798=ORIENTED_EDGE('',*,*,#1690,.T.);
#799=ORIENTED_EDGE('',*,*,#1691,.T.);
#800=ORIENTED_EDGE('',*,*,#1692,.T.);
#801=ORIENTED_EDGE('',*,*,#1693,.F.);
#802=ORIENTED_EDGE('',*,*,#1694,.T.);
#803=ORIENTED_EDGE('',*,*,#1695,.T.);
#804=ORIENTED_EDGE('',*,*,#1696,.F.);
#805=ORIENTED_EDGE('',*,*,#1697,.F.);
#806=ORIENTED_EDGE('',*,*,#1698,.F.);
#807=ORIENTED_EDGE('',*,*,#1699,.F.);
#808=ORIENTED_EDGE('',*,*,#1700,.F.);
#809=ORIENTED_EDGE('',*,*,#1696,.T.);
#810=ORIENTED_EDGE('',*,*,#1701,.T.);
#811=ORIENTED_EDGE('',*,*,#1702,.F.);
#812=ORIENTED_EDGE('',*,*,#1703,.T.);
#813=ORIENTED_EDGE('',*,*,#1704,.T.);
#814=ORIENTED_EDGE('',*,*,#1705,.T.);
#815=ORIENTED_EDGE('',*,*,#1706,.T.);
#816=ORIENTED_EDGE('',*,*,#1707,.F.);
#817=ORIENTED_EDGE('',*,*,#1708,.T.);
#818=ORIENTED_EDGE('',*,*,#1699,.T.);
#819=ORIENTED_EDGE('',*,*,#1702,.T.);
#820=ORIENTED_EDGE('',*,*,#1709,.T.);
#821=ORIENTED_EDGE('',*,*,#1689,.F.);
#822=ORIENTED_EDGE('',*,*,#1710,.T.);
#823=ORIENTED_EDGE('',*,*,#1707,.T.);
#824=ORIENTED_EDGE('',*,*,#1711,.T.);
#825=ORIENTED_EDGE('',*,*,#1712,.T.);
#826=ORIENTED_EDGE('',*,*,#1713,.T.);
#827=ORIENTED_EDGE('',*,*,#1714,.T.);
#828=ORIENTED_EDGE('',*,*,#1715,.F.);
#829=ORIENTED_EDGE('',*,*,#1716,.T.);
#830=ORIENTED_EDGE('',*,*,#1717,.T.);
#831=ORIENTED_EDGE('',*,*,#1718,.F.);
#832=ORIENTED_EDGE('',*,*,#1719,.F.);
#833=ORIENTED_EDGE('',*,*,#1720,.T.);
#834=ORIENTED_EDGE('',*,*,#1721,.F.);
#835=ORIENTED_EDGE('',*,*,#1722,.T.);
#836=ORIENTED_EDGE('',*,*,#1723,.F.);
#837=ORIENTED_EDGE('',*,*,#1724,.T.);
#838=ORIENTED_EDGE('',*,*,#1725,.T.);
#839=ORIENTED_EDGE('',*,*,#1726,.F.);
#840=ORIENTED_EDGE('',*,*,#1727,.F.);
#841=ORIENTED_EDGE('',*,*,#1728,.F.);
#842=ORIENTED_EDGE('',*,*,#1729,.T.);
#843=ORIENTED_EDGE('',*,*,#1730,.T.);
#844=ORIENTED_EDGE('',*,*,#1731,.T.);
#845=ORIENTED_EDGE('',*,*,#1732,.T.);
#846=ORIENTED_EDGE('',*,*,#1733,.F.);
#847=ORIENTED_EDGE('',*,*,#1734,.T.);
#848=ORIENTED_EDGE('',*,*,#1735,.F.);
#849=ORIENTED_EDGE('',*,*,#1732,.F.);
#850=ORIENTED_EDGE('',*,*,#1736,.T.);
#851=ORIENTED_EDGE('',*,*,#1737,.T.);
#852=ORIENTED_EDGE('',*,*,#1738,.T.);
#853=ORIENTED_EDGE('',*,*,#1739,.T.);
#854=ORIENTED_EDGE('',*,*,#1720,.F.);
#855=ORIENTED_EDGE('',*,*,#1740,.T.);
#856=ORIENTED_EDGE('',*,*,#1741,.T.);
#857=ORIENTED_EDGE('',*,*,#1742,.F.);
#858=ORIENTED_EDGE('',*,*,#1743,.T.);
#859=ORIENTED_EDGE('',*,*,#1744,.T.);
#860=ORIENTED_EDGE('',*,*,#1745,.T.);
#861=ORIENTED_EDGE('',*,*,#1746,.F.);
#862=ORIENTED_EDGE('',*,*,#1747,.F.);
#863=ORIENTED_EDGE('',*,*,#1724,.F.);
#864=ORIENTED_EDGE('',*,*,#1748,.T.);
#865=ORIENTED_EDGE('',*,*,#1746,.T.);
#866=ORIENTED_EDGE('',*,*,#1749,.T.);
#867=ORIENTED_EDGE('',*,*,#1750,.F.);
#868=ORIENTED_EDGE('',*,*,#1751,.T.);
#869=ORIENTED_EDGE('',*,*,#1750,.T.);
#870=ORIENTED_EDGE('',*,*,#1752,.T.);
#871=ORIENTED_EDGE('',*,*,#1753,.F.);
#872=ORIENTED_EDGE('',*,*,#1754,.T.);
#873=ORIENTED_EDGE('',*,*,#1726,.T.);
#874=ORIENTED_EDGE('',*,*,#1755,.F.);
#875=ORIENTED_EDGE('',*,*,#1753,.T.);
#876=ORIENTED_EDGE('',*,*,#1756,.T.);
#877=ORIENTED_EDGE('',*,*,#1757,.F.);
#878=ORIENTED_EDGE('',*,*,#1758,.F.);
#879=ORIENTED_EDGE('',*,*,#1757,.T.);
#880=ORIENTED_EDGE('',*,*,#1759,.T.);
#881=ORIENTED_EDGE('',*,*,#1736,.F.);
#882=ORIENTED_EDGE('',*,*,#1760,.F.);
#883=ORIENTED_EDGE('',*,*,#1742,.T.);
#884=ORIENTED_EDGE('',*,*,#1761,.T.);
#885=ORIENTED_EDGE('',*,*,#1762,.F.);
#886=ORIENTED_EDGE('',*,*,#1763,.T.);
#887=ORIENTED_EDGE('',*,*,#1762,.T.);
#888=ORIENTED_EDGE('',*,*,#1764,.T.);
#889=ORIENTED_EDGE('',*,*,#1694,.F.);
#890=ORIENTED_EDGE('',*,*,#1765,.T.);
#891=ORIENTED_EDGE('',*,*,#1734,.F.);
#892=ORIENTED_EDGE('',*,*,#1766,.T.);
#893=ORIENTED_EDGE('',*,*,#1767,.T.);
#894=ORIENTED_EDGE('',*,*,#1768,.T.);
#895=ORIENTED_EDGE('',*,*,#1769,.F.);
#896=ORIENTED_EDGE('',*,*,#1770,.T.);
#897=ORIENTED_EDGE('',*,*,#1771,.F.);
#898=ORIENTED_EDGE('',*,*,#1722,.F.);
#899=ORIENTED_EDGE('',*,*,#1772,.F.);
#900=ORIENTED_EDGE('',*,*,#1773,.T.);
#901=ORIENTED_EDGE('',*,*,#1774,.T.);
#902=ORIENTED_EDGE('',*,*,#1775,.F.);
#903=ORIENTED_EDGE('',*,*,#1776,.T.);
#904=ORIENTED_EDGE('',*,*,#1777,.F.);
#905=ORIENTED_EDGE('',*,*,#1778,.T.);
#906=ORIENTED_EDGE('',*,*,#1779,.T.);
#907=ORIENTED_EDGE('',*,*,#1780,.T.);
#908=ORIENTED_EDGE('',*,*,#1781,.T.);
#909=ORIENTED_EDGE('',*,*,#1782,.T.);
#910=ORIENTED_EDGE('',*,*,#1783,.T.);
#911=ORIENTED_EDGE('',*,*,#1784,.T.);
#912=ORIENTED_EDGE('',*,*,#1785,.T.);
#913=ORIENTED_EDGE('',*,*,#1786,.T.);
#914=ORIENTED_EDGE('',*,*,#1787,.T.);
#915=ORIENTED_EDGE('',*,*,#1788,.T.);
#916=ORIENTED_EDGE('',*,*,#1789,.T.);
#917=ORIENTED_EDGE('',*,*,#1790,.T.);
#918=ORIENTED_EDGE('',*,*,#1791,.T.);
#919=ORIENTED_EDGE('',*,*,#1792,.T.);
#920=ORIENTED_EDGE('',*,*,#1793,.T.);
#921=ORIENTED_EDGE('',*,*,#1794,.T.);
#922=ORIENTED_EDGE('',*,*,#1795,.T.);
#923=ORIENTED_EDGE('',*,*,#1796,.T.);
#924=ORIENTED_EDGE('',*,*,#1797,.T.);
#925=ORIENTED_EDGE('',*,*,#1798,.T.);
#926=ORIENTED_EDGE('',*,*,#1799,.T.);
#927=ORIENTED_EDGE('',*,*,#1800,.T.);
#928=ORIENTED_EDGE('',*,*,#1801,.T.);
#929=ORIENTED_EDGE('',*,*,#1802,.T.);
#930=ORIENTED_EDGE('',*,*,#1803,.T.);
#931=ORIENTED_EDGE('',*,*,#1804,.T.);
#932=ORIENTED_EDGE('',*,*,#1805,.T.);
#933=ORIENTED_EDGE('',*,*,#1806,.T.);
#934=ORIENTED_EDGE('',*,*,#1807,.T.);
#935=ORIENTED_EDGE('',*,*,#1808,.T.);
#936=ORIENTED_EDGE('',*,*,#1809,.T.);
#937=ORIENTED_EDGE('',*,*,#1810,.T.);
#938=ORIENTED_EDGE('',*,*,#1811,.T.);
#939=ORIENTED_EDGE('',*,*,#1628,.F.);
#940=ORIENTED_EDGE('',*,*,#1626,.T.);
#941=ORIENTED_EDGE('',*,*,#1630,.T.);
#942=ORIENTED_EDGE('',*,*,#1812,.T.);
#943=ORIENTED_EDGE('',*,*,#1813,.T.);
#944=ORIENTED_EDGE('',*,*,#1814,.T.);
#945=ORIENTED_EDGE('',*,*,#1815,.T.);
#946=ORIENTED_EDGE('',*,*,#1816,.T.);
#947=ORIENTED_EDGE('',*,*,#1817,.T.);
#948=ORIENTED_EDGE('',*,*,#1818,.T.);
#949=ORIENTED_EDGE('',*,*,#1819,.T.);
#950=ORIENTED_EDGE('',*,*,#1820,.F.);
#951=ORIENTED_EDGE('',*,*,#1821,.T.);
#952=ORIENTED_EDGE('',*,*,#1822,.T.);
#953=ORIENTED_EDGE('',*,*,#1823,.T.);
#954=ORIENTED_EDGE('',*,*,#1824,.F.);
#955=ORIENTED_EDGE('',*,*,#1825,.T.);
#956=ORIENTED_EDGE('',*,*,#1820,.T.);
#957=ORIENTED_EDGE('',*,*,#1826,.T.);
#958=ORIENTED_EDGE('',*,*,#1827,.T.);
#959=ORIENTED_EDGE('',*,*,#1828,.T.);
#960=ORIENTED_EDGE('',*,*,#1824,.T.);
#961=ORIENTED_EDGE('',*,*,#1829,.T.);
#962=ORIENTED_EDGE('',*,*,#1830,.T.);
#963=ORIENTED_EDGE('',*,*,#1831,.T.);
#964=ORIENTED_EDGE('',*,*,#1744,.F.);
#965=ORIENTED_EDGE('',*,*,#1832,.F.);
#966=ORIENTED_EDGE('',*,*,#1833,.T.);
#967=ORIENTED_EDGE('',*,*,#1730,.F.);
#968=ORIENTED_EDGE('',*,*,#1834,.T.);
#969=ORIENTED_EDGE('',*,*,#1684,.T.);
#970=ORIENTED_EDGE('',*,*,#1835,.F.);
#971=ORIENTED_EDGE('',*,*,#1836,.F.);
#972=ORIENTED_EDGE('',*,*,#1837,.F.);
#973=ORIENTED_EDGE('',*,*,#1838,.F.);
#974=ORIENTED_EDGE('',*,*,#1839,.T.);
#975=ORIENTED_EDGE('',*,*,#1836,.T.);
#976=ORIENTED_EDGE('',*,*,#1840,.T.);
#977=ORIENTED_EDGE('',*,*,#1841,.F.);
#978=ORIENTED_EDGE('',*,*,#1842,.T.);
#979=ORIENTED_EDGE('',*,*,#1728,.T.);
#980=ORIENTED_EDGE('',*,*,#1843,.F.);
#981=ORIENTED_EDGE('',*,*,#1838,.T.);
#982=ORIENTED_EDGE('',*,*,#1844,.F.);
#983=ORIENTED_EDGE('',*,*,#1845,.F.);
#984=ORIENTED_EDGE('',*,*,#1846,.T.);
#985=ORIENTED_EDGE('',*,*,#1841,.T.);
#986=ORIENTED_EDGE('',*,*,#1847,.T.);
#987=ORIENTED_EDGE('',*,*,#1768,.F.);
#988=ORIENTED_EDGE('',*,*,#1848,.T.);
#989=ORIENTED_EDGE('',*,*,#1845,.T.);
#990=ORIENTED_EDGE('',*,*,#1849,.T.);
#991=ORIENTED_EDGE('',*,*,#1850,.T.);
#992=ORIENTED_EDGE('',*,*,#1851,.T.);
#993=ORIENTED_EDGE('',*,*,#1852,.T.);
#994=ORIENTED_EDGE('',*,*,#1853,.F.);
#995=ORIENTED_EDGE('',*,*,#1854,.F.);
#996=ORIENTED_EDGE('',*,*,#1855,.T.);
#997=ORIENTED_EDGE('',*,*,#1772,.T.);
#998=ORIENTED_EDGE('',*,*,#1856,.F.);
#999=ORIENTED_EDGE('',*,*,#1857,.F.);
#1000=ORIENTED_EDGE('',*,*,#1858,.T.);
#1001=ORIENTED_EDGE('',*,*,#1854,.T.);
#1002=ORIENTED_EDGE('',*,*,#1859,.F.);
#1003=ORIENTED_EDGE('',*,*,#1717,.F.);
#1004=ORIENTED_EDGE('',*,*,#1860,.T.);
#1005=ORIENTED_EDGE('',*,*,#1857,.T.);
#1006=ORIENTED_EDGE('',*,*,#1861,.T.);
#1007=ORIENTED_EDGE('',*,*,#1862,.F.);
#1008=ORIENTED_EDGE('',*,*,#1863,.T.);
#1009=ORIENTED_EDGE('',*,*,#1864,.T.);
#1010=ORIENTED_EDGE('',*,*,#1865,.F.);
#1011=ORIENTED_EDGE('',*,*,#1866,.F.);
#1012=ORIENTED_EDGE('',*,*,#1862,.T.);
#1013=ORIENTED_EDGE('',*,*,#1867,.F.);
#1014=ORIENTED_EDGE('',*,*,#1868,.F.);
#1015=ORIENTED_EDGE('',*,*,#1869,.F.);
#1016=ORIENTED_EDGE('',*,*,#1870,.T.);
#1017=ORIENTED_EDGE('',*,*,#1715,.T.);
#1018=ORIENTED_EDGE('',*,*,#1871,.F.);
#1019=ORIENTED_EDGE('',*,*,#1872,.F.);
#1020=ORIENTED_EDGE('',*,*,#1873,.F.);
#1021=ORIENTED_EDGE('',*,*,#1874,.F.);
#1022=ORIENTED_EDGE('',*,*,#1868,.T.);
#1023=ORIENTED_EDGE('',*,*,#1875,.F.);
#1024=ORIENTED_EDGE('',*,*,#1876,.T.);
#1025=ORIENTED_EDGE('',*,*,#1877,.T.);
#1026=ORIENTED_EDGE('',*,*,#1869,.T.);
#1027=ORIENTED_EDGE('',*,*,#1878,.T.);
#1028=ORIENTED_EDGE('',*,*,#1879,.T.);
#1029=ORIENTED_EDGE('',*,*,#1880,.F.);
#1030=ORIENTED_EDGE('',*,*,#1881,.T.);
#1031=ORIENTED_EDGE('',*,*,#1882,.T.);
#1032=ORIENTED_EDGE('',*,*,#1883,.T.);
#1033=ORIENTED_EDGE('',*,*,#1884,.F.);
#1034=ORIENTED_EDGE('',*,*,#1885,.T.);
#1035=ORIENTED_EDGE('',*,*,#1880,.T.);
#1036=ORIENTED_EDGE('',*,*,#1886,.T.);
#1037=ORIENTED_EDGE('',*,*,#1887,.T.);
#1038=ORIENTED_EDGE('',*,*,#1888,.T.);
#1039=ORIENTED_EDGE('',*,*,#1884,.T.);
#1040=ORIENTED_EDGE('',*,*,#1889,.T.);
#1041=ORIENTED_EDGE('',*,*,#1890,.T.);
#1042=ORIENTED_EDGE('',*,*,#1891,.T.);
#1043=ORIENTED_EDGE('',*,*,#1892,.T.);
#1044=ORIENTED_EDGE('',*,*,#1893,.T.);
#1045=ORIENTED_EDGE('',*,*,#1894,.F.);
#1046=ORIENTED_EDGE('',*,*,#1895,.T.);
#1047=ORIENTED_EDGE('',*,*,#1896,.T.);
#1048=ORIENTED_EDGE('',*,*,#1897,.T.);
#1049=ORIENTED_EDGE('',*,*,#1814,.F.);
#1050=ORIENTED_EDGE('',*,*,#1898,.T.);
#1051=ORIENTED_EDGE('',*,*,#1894,.T.);
#1052=ORIENTED_EDGE('',*,*,#1899,.T.);
#1053=ORIENTED_EDGE('',*,*,#1900,.T.);
#1054=ORIENTED_EDGE('',*,*,#1901,.T.);
#1055=ORIENTED_EDGE('',*,*,#1902,.T.);
#1056=ORIENTED_EDGE('',*,*,#1903,.T.);
#1057=ORIENTED_EDGE('',*,*,#1904,.F.);
#1058=ORIENTED_EDGE('',*,*,#1905,.F.);
#1059=ORIENTED_EDGE('',*,*,#1906,.T.);
#1060=ORIENTED_EDGE('',*,*,#1907,.T.);
#1061=ORIENTED_EDGE('',*,*,#1908,.T.);
#1062=ORIENTED_EDGE('',*,*,#1909,.F.);
#1063=ORIENTED_EDGE('',*,*,#1910,.F.);
#1064=ORIENTED_EDGE('',*,*,#1911,.T.);
#1065=ORIENTED_EDGE('',*,*,#1775,.T.);
#1066=ORIENTED_EDGE('',*,*,#1912,.T.);
#1067=ORIENTED_EDGE('',*,*,#1853,.T.);
#1068=ORIENTED_EDGE('',*,*,#1913,.T.);
#1069=ORIENTED_EDGE('',*,*,#1771,.T.);
#1070=ORIENTED_EDGE('',*,*,#1914,.T.);
#1071=ORIENTED_EDGE('',*,*,#1907,.F.);
#1072=ORIENTED_EDGE('',*,*,#1915,.T.);
#1073=ORIENTED_EDGE('',*,*,#1903,.F.);
#1074=ORIENTED_EDGE('',*,*,#1916,.T.);
#1075=ORIENTED_EDGE('',*,*,#1743,.F.);
#1076=ORIENTED_EDGE('',*,*,#1763,.F.);
#1077=ORIENTED_EDGE('',*,*,#1765,.F.);
#1078=ORIENTED_EDGE('',*,*,#1700,.T.);
#1079=ORIENTED_EDGE('',*,*,#1708,.F.);
#1080=ORIENTED_EDGE('',*,*,#1710,.F.);
#1081=ORIENTED_EDGE('',*,*,#1693,.T.);
#1082=ORIENTED_EDGE('',*,*,#1917,.T.);
#1083=ORIENTED_EDGE('',*,*,#1918,.T.);
#1084=ORIENTED_EDGE('',*,*,#1904,.T.);
#1085=ORIENTED_EDGE('',*,*,#1917,.F.);
#1086=ORIENTED_EDGE('',*,*,#1692,.F.);
#1087=ORIENTED_EDGE('',*,*,#1919,.T.);
#1088=ORIENTED_EDGE('',*,*,#1879,.F.);
#1089=ORIENTED_EDGE('',*,*,#1777,.T.);
#1090=ORIENTED_EDGE('',*,*,#1920,.T.);
#1091=ORIENTED_EDGE('',*,*,#1905,.T.);
#1092=ORIENTED_EDGE('',*,*,#1918,.F.);
#1093=ORIENTED_EDGE('',*,*,#1878,.F.);
#1094=ORIENTED_EDGE('',*,*,#1875,.T.);
#1095=ORIENTED_EDGE('',*,*,#1867,.T.);
#1096=ORIENTED_EDGE('',*,*,#1861,.F.);
#1097=ORIENTED_EDGE('',*,*,#1859,.T.);
#1098=ORIENTED_EDGE('',*,*,#1856,.T.);
#1099=ORIENTED_EDGE('',*,*,#1909,.T.);
#1100=ORIENTED_EDGE('',*,*,#1921,.T.);
#1101=ORIENTED_EDGE('',*,*,#1769,.T.);
#1102=ORIENTED_EDGE('',*,*,#1849,.F.);
#1103=ORIENTED_EDGE('',*,*,#1847,.F.);
#1104=ORIENTED_EDGE('',*,*,#1844,.T.);
#1105=ORIENTED_EDGE('',*,*,#1840,.F.);
#1106=ORIENTED_EDGE('',*,*,#1835,.T.);
#1107=ORIENTED_EDGE('',*,*,#1688,.F.);
#1108=ORIENTED_EDGE('',*,*,#1922,.F.);
#1109=ORIENTED_EDGE('',*,*,#1923,.F.);
#1110=ORIENTED_EDGE('',*,*,#1910,.T.);
#1111=ORIENTED_EDGE('',*,*,#1922,.T.);
#1112=ORIENTED_EDGE('',*,*,#1687,.F.);
#1113=ORIENTED_EDGE('',*,*,#1924,.T.);
#1114=ORIENTED_EDGE('',*,*,#1833,.F.);
#1115=ORIENTED_EDGE('',*,*,#1739,.F.);
#1116=ORIENTED_EDGE('',*,*,#1925,.T.);
#1117=ORIENTED_EDGE('',*,*,#1911,.F.);
#1118=ORIENTED_EDGE('',*,*,#1923,.T.);
#1119=ORIENTED_EDGE('',*,*,#1832,.T.);
#1120=ORIENTED_EDGE('',*,*,#1748,.F.);
#1121=ORIENTED_EDGE('',*,*,#1727,.T.);
#1122=ORIENTED_EDGE('',*,*,#1754,.F.);
#1123=ORIENTED_EDGE('',*,*,#1758,.T.);
#1124=ORIENTED_EDGE('',*,*,#1760,.T.);
#1125=ORIENTED_EDGE('',*,*,#1926,.T.);
#1126=ORIENTED_EDGE('',*,*,#1735,.T.);
#1127=ORIENTED_EDGE('',*,*,#1837,.T.);
#1128=ORIENTED_EDGE('',*,*,#1839,.F.);
#1129=ORIENTED_EDGE('',*,*,#1843,.T.);
#1130=ORIENTED_EDGE('',*,*,#1731,.F.);
#1131=ORIENTED_EDGE('',*,*,#1926,.F.);
#1132=ORIENTED_EDGE('',*,*,#1927,.T.);
#1133=ORIENTED_EDGE('',*,*,#1733,.T.);
#1134=ORIENTED_EDGE('',*,*,#1747,.T.);
#1135=ORIENTED_EDGE('',*,*,#1751,.F.);
#1136=ORIENTED_EDGE('',*,*,#1755,.T.);
#1137=ORIENTED_EDGE('',*,*,#1725,.F.);
#1138=ORIENTED_EDGE('',*,*,#1927,.F.);
#1139=ORIENTED_EDGE('',*,*,#1928,.F.);
#1140=ORIENTED_EDGE('',*,*,#1929,.F.);
#1141=ORIENTED_EDGE('',*,*,#1930,.T.);
#1142=ORIENTED_EDGE('',*,*,#1718,.T.);
#1143=ORIENTED_EDGE('',*,*,#1864,.F.);
#1144=ORIENTED_EDGE('',*,*,#1866,.T.);
#1145=ORIENTED_EDGE('',*,*,#1931,.F.);
#1146=ORIENTED_EDGE('',*,*,#1932,.F.);
#1147=ORIENTED_EDGE('',*,*,#1928,.T.);
#1148=ORIENTED_EDGE('',*,*,#1863,.F.);
#1149=ORIENTED_EDGE('',*,*,#1933,.T.);
#1150=ORIENTED_EDGE('',*,*,#1934,.T.);
#1151=ORIENTED_EDGE('',*,*,#1935,.T.);
#1152=ORIENTED_EDGE('',*,*,#1936,.T.);
#1153=ORIENTED_EDGE('',*,*,#1929,.T.);
#1154=ORIENTED_EDGE('',*,*,#1932,.T.);
#1155=ORIENTED_EDGE('',*,*,#1723,.T.);
#1156=ORIENTED_EDGE('',*,*,#1865,.T.);
#1157=ORIENTED_EDGE('',*,*,#1874,.T.);
#1158=ORIENTED_EDGE('',*,*,#1937,.F.);
#1159=ORIENTED_EDGE('',*,*,#1933,.F.);
#1160=ORIENTED_EDGE('',*,*,#1931,.T.);
#1161=ORIENTED_EDGE('',*,*,#1873,.T.);
#1162=ORIENTED_EDGE('',*,*,#1938,.F.);
#1163=ORIENTED_EDGE('',*,*,#1934,.F.);
#1164=ORIENTED_EDGE('',*,*,#1937,.T.);
#1165=ORIENTED_EDGE('',*,*,#1872,.T.);
#1166=ORIENTED_EDGE('',*,*,#1939,.F.);
#1167=ORIENTED_EDGE('',*,*,#1935,.F.);
#1168=ORIENTED_EDGE('',*,*,#1938,.T.);
#1169=ORIENTED_EDGE('',*,*,#1719,.T.);
#1170=ORIENTED_EDGE('',*,*,#1930,.F.);
#1171=ORIENTED_EDGE('',*,*,#1936,.F.);
#1172=ORIENTED_EDGE('',*,*,#1939,.T.);
#1173=ORIENTED_EDGE('',*,*,#1871,.T.);
#1174=ORIENTED_EDGE('',*,*,#1697,.T.);
#1175=ORIENTED_EDGE('',*,*,#1704,.F.);
#1176=ORIENTED_EDGE('',*,*,#1940,.F.);
#1177=ORIENTED_EDGE('',*,*,#1941,.T.);
#1178=ORIENTED_EDGE('',*,*,#1942,.T.);
#1179=ORIENTED_EDGE('',*,*,#1698,.T.);
#1180=ORIENTED_EDGE('',*,*,#1942,.F.);
#1181=ORIENTED_EDGE('',*,*,#1943,.T.);
#1182=ORIENTED_EDGE('',*,*,#1944,.T.);
#1183=ORIENTED_EDGE('',*,*,#1705,.F.);
#1184=ORIENTED_EDGE('',*,*,#1941,.F.);
#1185=ORIENTED_EDGE('',*,*,#1945,.F.);
#1186=ORIENTED_EDGE('',*,*,#1946,.F.);
#1187=ORIENTED_EDGE('',*,*,#1947,.F.);
#1188=ORIENTED_EDGE('',*,*,#1948,.F.);
#1189=ORIENTED_EDGE('',*,*,#1943,.F.);
#1190=ORIENTED_EDGE('',*,*,#1721,.T.);
#1191=ORIENTED_EDGE('',*,*,#1714,.F.);
#1192=ORIENTED_EDGE('',*,*,#1949,.F.);
#1193=ORIENTED_EDGE('',*,*,#1945,.T.);
#1194=ORIENTED_EDGE('',*,*,#1940,.T.);
#1195=ORIENTED_EDGE('',*,*,#1703,.F.);
#1196=ORIENTED_EDGE('',*,*,#1950,.F.);
#1197=ORIENTED_EDGE('',*,*,#1946,.T.);
#1198=ORIENTED_EDGE('',*,*,#1949,.T.);
#1199=ORIENTED_EDGE('',*,*,#1713,.F.);
#1200=ORIENTED_EDGE('',*,*,#1951,.F.);
#1201=ORIENTED_EDGE('',*,*,#1947,.T.);
#1202=ORIENTED_EDGE('',*,*,#1950,.T.);
#1203=ORIENTED_EDGE('',*,*,#1712,.F.);
#1204=ORIENTED_EDGE('',*,*,#1944,.F.);
#1205=ORIENTED_EDGE('',*,*,#1948,.T.);
#1206=ORIENTED_EDGE('',*,*,#1951,.T.);
#1207=ORIENTED_EDGE('',*,*,#1711,.F.);
#1208=ORIENTED_EDGE('',*,*,#1706,.F.);
#1209=ORIENTED_EDGE('',*,*,#1915,.F.);
#1210=ORIENTED_EDGE('',*,*,#1906,.F.);
#1211=ORIENTED_EDGE('',*,*,#1920,.F.);
#1212=ORIENTED_EDGE('',*,*,#1776,.F.);
#1213=ORIENTED_EDGE('',*,*,#1921,.F.);
#1214=ORIENTED_EDGE('',*,*,#1908,.F.);
#1215=ORIENTED_EDGE('',*,*,#1914,.F.);
#1216=ORIENTED_EDGE('',*,*,#1770,.F.);
#1217=ORIENTED_EDGE('',*,*,#1738,.F.);
#1218=ORIENTED_EDGE('',*,*,#1952,.T.);
#1219=ORIENTED_EDGE('',*,*,#1900,.F.);
#1220=ORIENTED_EDGE('',*,*,#1925,.F.);
#1221=ORIENTED_EDGE('',*,*,#1902,.F.);
#1222=ORIENTED_EDGE('',*,*,#1953,.T.);
#1223=ORIENTED_EDGE('',*,*,#1740,.F.);
#1224=ORIENTED_EDGE('',*,*,#1916,.F.);
#1225=ORIENTED_EDGE('',*,*,#1882,.F.);
#1226=ORIENTED_EDGE('',*,*,#1954,.T.);
#1227=ORIENTED_EDGE('',*,*,#1876,.F.);
#1228=ORIENTED_EDGE('',*,*,#1919,.F.);
#1229=ORIENTED_EDGE('',*,*,#1691,.F.);
#1230=ORIENTED_EDGE('',*,*,#1955,.T.);
#1231=ORIENTED_EDGE('',*,*,#1892,.F.);
#1232=ORIENTED_EDGE('',*,*,#1956,.T.);
#1233=ORIENTED_EDGE('',*,*,#1887,.F.);
#1234=ORIENTED_EDGE('',*,*,#1957,.T.);
#1235=ORIENTED_EDGE('',*,*,#1896,.F.);
#1236=ORIENTED_EDGE('',*,*,#1958,.T.);
#1237=ORIENTED_EDGE('',*,*,#1890,.F.);
#1238=ORIENTED_EDGE('',*,*,#1959,.T.);
#1239=ORIENTED_EDGE('',*,*,#1818,.F.);
#1240=ORIENTED_EDGE('',*,*,#1960,.T.);
#1241=ORIENTED_EDGE('',*,*,#1812,.F.);
#1242=ORIENTED_EDGE('',*,*,#1961,.T.);
#1243=ORIENTED_EDGE('',*,*,#1822,.F.);
#1244=ORIENTED_EDGE('',*,*,#1962,.T.);
#1245=ORIENTED_EDGE('',*,*,#1816,.F.);
#1246=ORIENTED_EDGE('',*,*,#1963,.T.);
#1247=ORIENTED_EDGE('',*,*,#1686,.F.);
#1248=ORIENTED_EDGE('',*,*,#1964,.T.);
#1249=ORIENTED_EDGE('',*,*,#1827,.F.);
#1250=ORIENTED_EDGE('',*,*,#1965,.T.);
#1251=ORIENTED_EDGE('',*,*,#1830,.F.);
#1252=ORIENTED_EDGE('',*,*,#1924,.F.);
#1253=ORIENTED_EDGE('',*,*,#1774,.F.);
#1254=ORIENTED_EDGE('',*,*,#1966,.T.);
#1255=ORIENTED_EDGE('',*,*,#1850,.F.);
#1256=ORIENTED_EDGE('',*,*,#1912,.F.);
#1257=ORIENTED_EDGE('',*,*,#1852,.F.);
#1258=ORIENTED_EDGE('',*,*,#1967,.T.);
#1259=ORIENTED_EDGE('',*,*,#1766,.F.);
#1260=ORIENTED_EDGE('',*,*,#1913,.F.);
#1261=ORIENTED_EDGE('',*,*,#1968,.F.);
#1262=ORIENTED_EDGE('',*,*,#1967,.F.);
#1263=ORIENTED_EDGE('',*,*,#1969,.F.);
#1264=ORIENTED_EDGE('',*,*,#1662,.F.);
#1265=ORIENTED_EDGE('',*,*,#1969,.T.);
#1266=ORIENTED_EDGE('',*,*,#1851,.F.);
#1267=ORIENTED_EDGE('',*,*,#1970,.F.);
#1268=ORIENTED_EDGE('',*,*,#1663,.F.);
#1269=ORIENTED_EDGE('',*,*,#1968,.T.);
#1270=ORIENTED_EDGE('',*,*,#1661,.F.);
#1271=ORIENTED_EDGE('',*,*,#1971,.F.);
#1272=ORIENTED_EDGE('',*,*,#1767,.F.);
#1273=ORIENTED_EDGE('',*,*,#1970,.T.);
#1274=ORIENTED_EDGE('',*,*,#1966,.F.);
#1275=ORIENTED_EDGE('',*,*,#1972,.F.);
#1276=ORIENTED_EDGE('',*,*,#1664,.F.);
#1277=ORIENTED_EDGE('',*,*,#1971,.T.);
#1278=ORIENTED_EDGE('',*,*,#1660,.F.);
#1279=ORIENTED_EDGE('',*,*,#1973,.F.);
#1280=ORIENTED_EDGE('',*,*,#1848,.F.);
#1281=ORIENTED_EDGE('',*,*,#1972,.T.);
#1282=ORIENTED_EDGE('',*,*,#1773,.F.);
#1283=ORIENTED_EDGE('',*,*,#1974,.F.);
#1284=ORIENTED_EDGE('',*,*,#1665,.F.);
#1285=ORIENTED_EDGE('',*,*,#1973,.T.);
#1286=ORIENTED_EDGE('',*,*,#1659,.F.);
#1287=ORIENTED_EDGE('',*,*,#1975,.F.);
#1288=ORIENTED_EDGE('',*,*,#1846,.F.);
#1289=ORIENTED_EDGE('',*,*,#1974,.T.);
#1290=ORIENTED_EDGE('',*,*,#1855,.F.);
#1291=ORIENTED_EDGE('',*,*,#1976,.F.);
#1292=ORIENTED_EDGE('',*,*,#1666,.F.);
#1293=ORIENTED_EDGE('',*,*,#1975,.T.);
#1294=ORIENTED_EDGE('',*,*,#1658,.F.);
#1295=ORIENTED_EDGE('',*,*,#1977,.F.);
#1296=ORIENTED_EDGE('',*,*,#1842,.F.);
#1297=ORIENTED_EDGE('',*,*,#1976,.T.);
#1298=ORIENTED_EDGE('',*,*,#1858,.F.);
#1299=ORIENTED_EDGE('',*,*,#1978,.F.);
#1300=ORIENTED_EDGE('',*,*,#1667,.F.);
#1301=ORIENTED_EDGE('',*,*,#1977,.T.);
#1302=ORIENTED_EDGE('',*,*,#1657,.F.);
#1303=ORIENTED_EDGE('',*,*,#1979,.F.);
#1304=ORIENTED_EDGE('',*,*,#1729,.F.);
#1305=ORIENTED_EDGE('',*,*,#1978,.T.);
#1306=ORIENTED_EDGE('',*,*,#1860,.F.);
#1307=ORIENTED_EDGE('',*,*,#1980,.F.);
#1308=ORIENTED_EDGE('',*,*,#1668,.F.);
#1309=ORIENTED_EDGE('',*,*,#1979,.T.);
#1310=ORIENTED_EDGE('',*,*,#1656,.F.);
#1311=ORIENTED_EDGE('',*,*,#1981,.F.);
#1312=ORIENTED_EDGE('',*,*,#1834,.F.);
#1313=ORIENTED_EDGE('',*,*,#1980,.T.);
#1314=ORIENTED_EDGE('',*,*,#1716,.F.);
#1315=ORIENTED_EDGE('',*,*,#1982,.F.);
#1316=ORIENTED_EDGE('',*,*,#1669,.F.);
#1317=ORIENTED_EDGE('',*,*,#1981,.T.);
#1318=ORIENTED_EDGE('',*,*,#1655,.F.);
#1319=ORIENTED_EDGE('',*,*,#1983,.F.);
#1320=ORIENTED_EDGE('',*,*,#1685,.F.);
#1321=ORIENTED_EDGE('',*,*,#1982,.T.);
#1322=ORIENTED_EDGE('',*,*,#1870,.F.);
#1323=ORIENTED_EDGE('',*,*,#1984,.F.);
#1324=ORIENTED_EDGE('',*,*,#1670,.F.);
#1325=ORIENTED_EDGE('',*,*,#1983,.T.);
#1326=ORIENTED_EDGE('',*,*,#1654,.F.);
#1327=ORIENTED_EDGE('',*,*,#1985,.F.);
#1328=ORIENTED_EDGE('',*,*,#1964,.F.);
#1329=ORIENTED_EDGE('',*,*,#1984,.T.);
#1330=ORIENTED_EDGE('',*,*,#1877,.F.);
#1331=ORIENTED_EDGE('',*,*,#1986,.F.);
#1332=ORIENTED_EDGE('',*,*,#1671,.F.);
#1333=ORIENTED_EDGE('',*,*,#1985,.T.);
#1334=ORIENTED_EDGE('',*,*,#1653,.F.);
#1335=ORIENTED_EDGE('',*,*,#1987,.F.);
#1336=ORIENTED_EDGE('',*,*,#1828,.F.);
#1337=ORIENTED_EDGE('',*,*,#1986,.T.);
#1338=ORIENTED_EDGE('',*,*,#1954,.F.);
#1339=ORIENTED_EDGE('',*,*,#1988,.F.);
#1340=ORIENTED_EDGE('',*,*,#1672,.F.);
#1341=ORIENTED_EDGE('',*,*,#1987,.T.);
#1342=ORIENTED_EDGE('',*,*,#1652,.F.);
#1343=ORIENTED_EDGE('',*,*,#1989,.F.);
#1344=ORIENTED_EDGE('',*,*,#1825,.F.);
#1345=ORIENTED_EDGE('',*,*,#1988,.T.);
#1346=ORIENTED_EDGE('',*,*,#1881,.F.);
#1347=ORIENTED_EDGE('',*,*,#1990,.F.);
#1348=ORIENTED_EDGE('',*,*,#1673,.F.);
#1349=ORIENTED_EDGE('',*,*,#1989,.T.);
#1350=ORIENTED_EDGE('',*,*,#1651,.F.);
#1351=ORIENTED_EDGE('',*,*,#1991,.F.);
#1352=ORIENTED_EDGE('',*,*,#1821,.F.);
#1353=ORIENTED_EDGE('',*,*,#1990,.T.);
#1354=ORIENTED_EDGE('',*,*,#1885,.F.);
#1355=ORIENTED_EDGE('',*,*,#1992,.F.);
#1356=ORIENTED_EDGE('',*,*,#1674,.F.);
#1357=ORIENTED_EDGE('',*,*,#1991,.T.);
#1358=ORIENTED_EDGE('',*,*,#1650,.F.);
#1359=ORIENTED_EDGE('',*,*,#1993,.F.);
#1360=ORIENTED_EDGE('',*,*,#1962,.F.);
#1361=ORIENTED_EDGE('',*,*,#1992,.T.);
#1362=ORIENTED_EDGE('',*,*,#1888,.F.);
#1363=ORIENTED_EDGE('',*,*,#1994,.F.);
#1364=ORIENTED_EDGE('',*,*,#1675,.F.);
#1365=ORIENTED_EDGE('',*,*,#1993,.T.);
#1366=ORIENTED_EDGE('',*,*,#1649,.F.);
#1367=ORIENTED_EDGE('',*,*,#1995,.F.);
#1368=ORIENTED_EDGE('',*,*,#1817,.F.);
#1369=ORIENTED_EDGE('',*,*,#1994,.T.);
#1370=ORIENTED_EDGE('',*,*,#1956,.F.);
#1371=ORIENTED_EDGE('',*,*,#1996,.F.);
#1372=ORIENTED_EDGE('',*,*,#1676,.F.);
#1373=ORIENTED_EDGE('',*,*,#1995,.T.);
#1374=ORIENTED_EDGE('',*,*,#1648,.F.);
#1375=ORIENTED_EDGE('',*,*,#1997,.F.);
#1376=ORIENTED_EDGE('',*,*,#1960,.F.);
#1377=ORIENTED_EDGE('',*,*,#1996,.T.);
#1378=ORIENTED_EDGE('',*,*,#1891,.F.);
#1379=ORIENTED_EDGE('',*,*,#1998,.F.);
#1380=ORIENTED_EDGE('',*,*,#1677,.F.);
#1381=ORIENTED_EDGE('',*,*,#1997,.T.);
#1382=ORIENTED_EDGE('',*,*,#1647,.F.);
#1383=ORIENTED_EDGE('',*,*,#1999,.F.);
#1384=ORIENTED_EDGE('',*,*,#1813,.F.);
#1385=ORIENTED_EDGE('',*,*,#1998,.T.);
#1386=ORIENTED_EDGE('',*,*,#1958,.F.);
#1387=ORIENTED_EDGE('',*,*,#2000,.F.);
#1388=ORIENTED_EDGE('',*,*,#1644,.F.);
#1389=ORIENTED_EDGE('',*,*,#1999,.T.);
#1390=ORIENTED_EDGE('',*,*,#1646,.F.);
#1391=ORIENTED_EDGE('',*,*,#2001,.F.);
#1392=ORIENTED_EDGE('',*,*,#1898,.F.);
#1393=ORIENTED_EDGE('',*,*,#2000,.T.);
#1394=ORIENTED_EDGE('',*,*,#1895,.F.);
#1395=ORIENTED_EDGE('',*,*,#2001,.T.);
#1396=ORIENTED_EDGE('',*,*,#1645,.F.);
#1397=ORIENTED_EDGE('',*,*,#2002,.F.);
#1398=ORIENTED_EDGE('',*,*,#1959,.F.);
#1399=ORIENTED_EDGE('',*,*,#2003,.F.);
#1400=ORIENTED_EDGE('',*,*,#1796,.F.);
#1401=ORIENTED_EDGE('',*,*,#2003,.T.);
#1402=ORIENTED_EDGE('',*,*,#1893,.F.);
#1403=ORIENTED_EDGE('',*,*,#2004,.F.);
#1404=ORIENTED_EDGE('',*,*,#1797,.F.);
#1405=ORIENTED_EDGE('',*,*,#2002,.T.);
#1406=ORIENTED_EDGE('',*,*,#1795,.F.);
#1407=ORIENTED_EDGE('',*,*,#2005,.F.);
#1408=ORIENTED_EDGE('',*,*,#1897,.F.);
#1409=ORIENTED_EDGE('',*,*,#2004,.T.);
#1410=ORIENTED_EDGE('',*,*,#1957,.F.);
#1411=ORIENTED_EDGE('',*,*,#2006,.F.);
#1412=ORIENTED_EDGE('',*,*,#1798,.F.);
#1413=ORIENTED_EDGE('',*,*,#2005,.T.);
#1414=ORIENTED_EDGE('',*,*,#1794,.F.);
#1415=ORIENTED_EDGE('',*,*,#2007,.F.);
#1416=ORIENTED_EDGE('',*,*,#1899,.F.);
#1417=ORIENTED_EDGE('',*,*,#2006,.T.);
#1418=ORIENTED_EDGE('',*,*,#1889,.F.);
#1419=ORIENTED_EDGE('',*,*,#2008,.F.);
#1420=ORIENTED_EDGE('',*,*,#1799,.F.);
#1421=ORIENTED_EDGE('',*,*,#2007,.T.);
#1422=ORIENTED_EDGE('',*,*,#1793,.F.);
#1423=ORIENTED_EDGE('',*,*,#2009,.F.);
#1424=ORIENTED_EDGE('',*,*,#1815,.F.);
#1425=ORIENTED_EDGE('',*,*,#2008,.T.);
#1426=ORIENTED_EDGE('',*,*,#1886,.F.);
#1427=ORIENTED_EDGE('',*,*,#2010,.F.);
#1428=ORIENTED_EDGE('',*,*,#1800,.F.);
#1429=ORIENTED_EDGE('',*,*,#2009,.T.);
#1430=ORIENTED_EDGE('',*,*,#1792,.F.);
#1431=ORIENTED_EDGE('',*,*,#2011,.F.);
#1432=ORIENTED_EDGE('',*,*,#1961,.F.);
#1433=ORIENTED_EDGE('',*,*,#2010,.T.);
#1434=ORIENTED_EDGE('',*,*,#1883,.F.);
#1435=ORIENTED_EDGE('',*,*,#2012,.F.);
#1436=ORIENTED_EDGE('',*,*,#1801,.F.);
#1437=ORIENTED_EDGE('',*,*,#2011,.T.);
#1438=ORIENTED_EDGE('',*,*,#1791,.F.);
#1439=ORIENTED_EDGE('',*,*,#2013,.F.);
#1440=ORIENTED_EDGE('',*,*,#1819,.F.);
#1441=ORIENTED_EDGE('',*,*,#2012,.T.);
#1442=ORIENTED_EDGE('',*,*,#1955,.F.);
#1443=ORIENTED_EDGE('',*,*,#2014,.F.);
#1444=ORIENTED_EDGE('',*,*,#1802,.F.);
#1445=ORIENTED_EDGE('',*,*,#2013,.T.);
#1446=ORIENTED_EDGE('',*,*,#1790,.F.);
#1447=ORIENTED_EDGE('',*,*,#2015,.F.);
#1448=ORIENTED_EDGE('',*,*,#1963,.F.);
#1449=ORIENTED_EDGE('',*,*,#2014,.T.);
#1450=ORIENTED_EDGE('',*,*,#1690,.F.);
#1451=ORIENTED_EDGE('',*,*,#2016,.F.);
#1452=ORIENTED_EDGE('',*,*,#1803,.F.);
#1453=ORIENTED_EDGE('',*,*,#2015,.T.);
#1454=ORIENTED_EDGE('',*,*,#1789,.F.);
#1455=ORIENTED_EDGE('',*,*,#2017,.F.);
#1456=ORIENTED_EDGE('',*,*,#1823,.F.);
#1457=ORIENTED_EDGE('',*,*,#2016,.T.);
#1458=ORIENTED_EDGE('',*,*,#1709,.F.);
#1459=ORIENTED_EDGE('',*,*,#2018,.F.);
#1460=ORIENTED_EDGE('',*,*,#1804,.F.);
#1461=ORIENTED_EDGE('',*,*,#2017,.T.);
#1462=ORIENTED_EDGE('',*,*,#1788,.F.);
#1463=ORIENTED_EDGE('',*,*,#2019,.F.);
#1464=ORIENTED_EDGE('',*,*,#1826,.F.);
#1465=ORIENTED_EDGE('',*,*,#2018,.T.);
#1466=ORIENTED_EDGE('',*,*,#1701,.F.);
#1467=ORIENTED_EDGE('',*,*,#2020,.F.);
#1468=ORIENTED_EDGE('',*,*,#1805,.F.);
#1469=ORIENTED_EDGE('',*,*,#2019,.T.);
#1470=ORIENTED_EDGE('',*,*,#1787,.F.);
#1471=ORIENTED_EDGE('',*,*,#2021,.F.);
#1472=ORIENTED_EDGE('',*,*,#1829,.F.);
#1473=ORIENTED_EDGE('',*,*,#2020,.T.);
#1474=ORIENTED_EDGE('',*,*,#1695,.F.);
#1475=ORIENTED_EDGE('',*,*,#2022,.F.);
#1476=ORIENTED_EDGE('',*,*,#1806,.F.);
#1477=ORIENTED_EDGE('',*,*,#2021,.T.);
#1478=ORIENTED_EDGE('',*,*,#1786,.F.);
#1479=ORIENTED_EDGE('',*,*,#2023,.F.);
#1480=ORIENTED_EDGE('',*,*,#1965,.F.);
#1481=ORIENTED_EDGE('',*,*,#2022,.T.);
#1482=ORIENTED_EDGE('',*,*,#1764,.F.);
#1483=ORIENTED_EDGE('',*,*,#2024,.F.);
#1484=ORIENTED_EDGE('',*,*,#1807,.F.);
#1485=ORIENTED_EDGE('',*,*,#2023,.T.);
#1486=ORIENTED_EDGE('',*,*,#1785,.F.);
#1487=ORIENTED_EDGE('',*,*,#2025,.F.);
#1488=ORIENTED_EDGE('',*,*,#1831,.F.);
#1489=ORIENTED_EDGE('',*,*,#2024,.T.);
#1490=ORIENTED_EDGE('',*,*,#1761,.F.);
#1491=ORIENTED_EDGE('',*,*,#2026,.F.);
#1492=ORIENTED_EDGE('',*,*,#1808,.F.);
#1493=ORIENTED_EDGE('',*,*,#2025,.T.);
#1494=ORIENTED_EDGE('',*,*,#1784,.F.);
#1495=ORIENTED_EDGE('',*,*,#2027,.F.);
#1496=ORIENTED_EDGE('',*,*,#1745,.F.);
#1497=ORIENTED_EDGE('',*,*,#2026,.T.);
#1498=ORIENTED_EDGE('',*,*,#1741,.F.);
#1499=ORIENTED_EDGE('',*,*,#2028,.F.);
#1500=ORIENTED_EDGE('',*,*,#1809,.F.);
#1501=ORIENTED_EDGE('',*,*,#2027,.T.);
#1502=ORIENTED_EDGE('',*,*,#1783,.F.);
#1503=ORIENTED_EDGE('',*,*,#2029,.F.);
#1504=ORIENTED_EDGE('',*,*,#1749,.F.);
#1505=ORIENTED_EDGE('',*,*,#2028,.T.);
#1506=ORIENTED_EDGE('',*,*,#1953,.F.);
#1507=ORIENTED_EDGE('',*,*,#2030,.F.);
#1508=ORIENTED_EDGE('',*,*,#1810,.F.);
#1509=ORIENTED_EDGE('',*,*,#2029,.T.);
#1510=ORIENTED_EDGE('',*,*,#1782,.F.);
#1511=ORIENTED_EDGE('',*,*,#2031,.F.);
#1512=ORIENTED_EDGE('',*,*,#1752,.F.);
#1513=ORIENTED_EDGE('',*,*,#2030,.T.);
#1514=ORIENTED_EDGE('',*,*,#1901,.F.);
#1515=ORIENTED_EDGE('',*,*,#2032,.F.);
#1516=ORIENTED_EDGE('',*,*,#1811,.F.);
#1517=ORIENTED_EDGE('',*,*,#2031,.T.);
#1518=ORIENTED_EDGE('',*,*,#1781,.F.);
#1519=ORIENTED_EDGE('',*,*,#2033,.F.);
#1520=ORIENTED_EDGE('',*,*,#1756,.F.);
#1521=ORIENTED_EDGE('',*,*,#2032,.T.);
#1522=ORIENTED_EDGE('',*,*,#1952,.F.);
#1523=ORIENTED_EDGE('',*,*,#2034,.F.);
#1524=ORIENTED_EDGE('',*,*,#1778,.F.);
#1525=ORIENTED_EDGE('',*,*,#2033,.T.);
#1526=ORIENTED_EDGE('',*,*,#1780,.F.);
#1527=ORIENTED_EDGE('',*,*,#2035,.F.);
#1528=ORIENTED_EDGE('',*,*,#1759,.F.);
#1529=ORIENTED_EDGE('',*,*,#2034,.T.);
#1530=ORIENTED_EDGE('',*,*,#1737,.F.);
#1531=ORIENTED_EDGE('',*,*,#2035,.T.);
#1532=ORIENTED_EDGE('',*,*,#1779,.F.);
#1533=ORIENTED_EDGE('',*,*,#2036,.F.);
#1534=ORIENTED_EDGE('',*,*,#2037,.F.);
#1535=ORIENTED_EDGE('',*,*,#2038,.F.);
#1536=ORIENTED_EDGE('',*,*,#2039,.F.);
#1537=ORIENTED_EDGE('',*,*,#2040,.F.);
#1538=ORIENTED_EDGE('',*,*,#2041,.F.);
#1539=ORIENTED_EDGE('',*,*,#1629,.T.);
#1540=ORIENTED_EDGE('',*,*,#1639,.F.);
#1541=ORIENTED_EDGE('',*,*,#2042,.F.);
#1542=ORIENTED_EDGE('',*,*,#2036,.T.);
#1543=ORIENTED_EDGE('',*,*,#2043,.T.);
#1544=ORIENTED_EDGE('',*,*,#1638,.F.);
#1545=ORIENTED_EDGE('',*,*,#2044,.F.);
#1546=ORIENTED_EDGE('',*,*,#2037,.T.);
#1547=ORIENTED_EDGE('',*,*,#2042,.T.);
#1548=ORIENTED_EDGE('',*,*,#1643,.F.);
#1549=ORIENTED_EDGE('',*,*,#2045,.F.);
#1550=ORIENTED_EDGE('',*,*,#2038,.T.);
#1551=ORIENTED_EDGE('',*,*,#2044,.T.);
#1552=ORIENTED_EDGE('',*,*,#1642,.F.);
#1553=ORIENTED_EDGE('',*,*,#2046,.F.);
#1554=ORIENTED_EDGE('',*,*,#2039,.T.);
#1555=ORIENTED_EDGE('',*,*,#2045,.T.);
#1556=ORIENTED_EDGE('',*,*,#1641,.F.);
#1557=ORIENTED_EDGE('',*,*,#2047,.F.);
#1558=ORIENTED_EDGE('',*,*,#2040,.T.);
#1559=ORIENTED_EDGE('',*,*,#2046,.T.);
#1560=ORIENTED_EDGE('',*,*,#1640,.F.);
#1561=ORIENTED_EDGE('',*,*,#2043,.F.);
#1562=ORIENTED_EDGE('',*,*,#2041,.T.);
#1563=ORIENTED_EDGE('',*,*,#2047,.T.);
#1564=ORIENTED_EDGE('',*,*,#1679,.F.);
#1565=ORIENTED_EDGE('',*,*,#2048,.F.);
#1566=ORIENTED_EDGE('',*,*,#2049,.T.);
#1567=ORIENTED_EDGE('',*,*,#2050,.T.);
#1568=ORIENTED_EDGE('',*,*,#1678,.F.);
#1569=ORIENTED_EDGE('',*,*,#2051,.F.);
#1570=ORIENTED_EDGE('',*,*,#2052,.T.);
#1571=ORIENTED_EDGE('',*,*,#2048,.T.);
#1572=ORIENTED_EDGE('',*,*,#1683,.F.);
#1573=ORIENTED_EDGE('',*,*,#2053,.F.);
#1574=ORIENTED_EDGE('',*,*,#2054,.T.);
#1575=ORIENTED_EDGE('',*,*,#2051,.T.);
#1576=ORIENTED_EDGE('',*,*,#1682,.F.);
#1577=ORIENTED_EDGE('',*,*,#2055,.F.);
#1578=ORIENTED_EDGE('',*,*,#2056,.T.);
#1579=ORIENTED_EDGE('',*,*,#2053,.T.);
#1580=ORIENTED_EDGE('',*,*,#1681,.F.);
#1581=ORIENTED_EDGE('',*,*,#2057,.F.);
#1582=ORIENTED_EDGE('',*,*,#2058,.T.);
#1583=ORIENTED_EDGE('',*,*,#2055,.T.);
#1584=ORIENTED_EDGE('',*,*,#1680,.F.);
#1585=ORIENTED_EDGE('',*,*,#2050,.F.);
#1586=ORIENTED_EDGE('',*,*,#2059,.T.);
#1587=ORIENTED_EDGE('',*,*,#2057,.T.);
#1588=ORIENTED_EDGE('',*,*,#1627,.F.);
#1589=ORIENTED_EDGE('',*,*,#2049,.F.);
#1590=ORIENTED_EDGE('',*,*,#2052,.F.);
#1591=ORIENTED_EDGE('',*,*,#2054,.F.);
#1592=ORIENTED_EDGE('',*,*,#2056,.F.);
#1593=ORIENTED_EDGE('',*,*,#2058,.F.);
#1594=ORIENTED_EDGE('',*,*,#2059,.F.);
#1595=ORIENTED_EDGE('',*,*,#1632,.T.);
#1596=ORIENTED_EDGE('',*,*,#2060,.F.);
#1597=ORIENTED_EDGE('',*,*,#2061,.F.);
#1598=ORIENTED_EDGE('',*,*,#2062,.T.);
#1599=ORIENTED_EDGE('',*,*,#1637,.T.);
#1600=ORIENTED_EDGE('',*,*,#2063,.F.);
#1601=ORIENTED_EDGE('',*,*,#2064,.F.);
#1602=ORIENTED_EDGE('',*,*,#2060,.T.);
#1603=ORIENTED_EDGE('',*,*,#1636,.T.);
#1604=ORIENTED_EDGE('',*,*,#2065,.F.);
#1605=ORIENTED_EDGE('',*,*,#2066,.F.);
#1606=ORIENTED_EDGE('',*,*,#2063,.T.);
#1607=ORIENTED_EDGE('',*,*,#1635,.T.);
#1608=ORIENTED_EDGE('',*,*,#2067,.F.);
#1609=ORIENTED_EDGE('',*,*,#2068,.F.);
#1610=ORIENTED_EDGE('',*,*,#2065,.T.);
#1611=ORIENTED_EDGE('',*,*,#1634,.T.);
#1612=ORIENTED_EDGE('',*,*,#2069,.F.);
#1613=ORIENTED_EDGE('',*,*,#2070,.F.);
#1614=ORIENTED_EDGE('',*,*,#2067,.T.);
#1615=ORIENTED_EDGE('',*,*,#1633,.T.);
#1616=ORIENTED_EDGE('',*,*,#2062,.F.);
#1617=ORIENTED_EDGE('',*,*,#2071,.F.);
#1618=ORIENTED_EDGE('',*,*,#2069,.T.);
#1619=ORIENTED_EDGE('',*,*,#1631,.F.);
#1620=ORIENTED_EDGE('',*,*,#2061,.T.);
#1621=ORIENTED_EDGE('',*,*,#2064,.T.);
#1622=ORIENTED_EDGE('',*,*,#2066,.T.);
#1623=ORIENTED_EDGE('',*,*,#2068,.T.);
#1624=ORIENTED_EDGE('',*,*,#2070,.T.);
#1625=ORIENTED_EDGE('',*,*,#2071,.T.);
#1626=EDGE_CURVE('',#2072,#2072,#2352,.T.);
#1627=EDGE_CURVE('',#2073,#2073,#2353,.T.);
#1628=EDGE_CURVE('',#2074,#2074,#2354,.T.);
#1629=EDGE_CURVE('',#2075,#2075,#2355,.F.);
#1630=EDGE_CURVE('',#2076,#2076,#2356,.T.);
#1631=EDGE_CURVE('',#2077,#2077,#2357,.T.);
#1632=EDGE_CURVE('',#2078,#2079,#76,.T.);
#1633=EDGE_CURVE('',#2080,#2078,#77,.T.);
#1634=EDGE_CURVE('',#2081,#2080,#78,.T.);
#1635=EDGE_CURVE('',#2082,#2081,#79,.T.);
#1636=EDGE_CURVE('',#2083,#2082,#80,.T.);
#1637=EDGE_CURVE('',#2079,#2083,#81,.T.);
#1638=EDGE_CURVE('',#2084,#2085,#82,.T.);
#1639=EDGE_CURVE('',#2085,#2086,#83,.T.);
#1640=EDGE_CURVE('',#2086,#2087,#84,.T.);
#1641=EDGE_CURVE('',#2087,#2088,#85,.T.);
#1642=EDGE_CURVE('',#2088,#2089,#86,.T.);
#1643=EDGE_CURVE('',#2089,#2084,#87,.T.);
#1644=EDGE_CURVE('',#2090,#2091,#2358,.F.);
#1645=EDGE_CURVE('',#2091,#2092,#88,.T.);
#1646=EDGE_CURVE('',#2092,#2093,#2359,.T.);
#1647=EDGE_CURVE('',#2093,#2094,#89,.T.);
#1648=EDGE_CURVE('',#2094,#2095,#2360,.F.);
#1649=EDGE_CURVE('',#2095,#2096,#2361,.T.);
#1650=EDGE_CURVE('',#2096,#2097,#2362,.F.);
#1651=EDGE_CURVE('',#2097,#2098,#90,.T.);
#1652=EDGE_CURVE('',#2098,#2099,#2363,.T.);
#1653=EDGE_CURVE('',#2099,#2100,#91,.T.);
#1654=EDGE_CURVE('',#2100,#2101,#2364,.F.);
#1655=EDGE_CURVE('',#2101,#2102,#2365,.T.);
#1656=EDGE_CURVE('',#2102,#2103,#2366,.F.);
#1657=EDGE_CURVE('',#2103,#2104,#92,.T.);
#1658=EDGE_CURVE('',#2104,#2105,#2367,.F.);
#1659=EDGE_CURVE('',#2105,#2106,#2368,.T.);
#1660=EDGE_CURVE('',#2106,#2107,#93,.T.);
#1661=EDGE_CURVE('',#2107,#2108,#94,.T.);
#1662=EDGE_CURVE('',#2108,#2109,#2369,.T.);
#1663=EDGE_CURVE('',#2109,#2110,#2370,.F.);
#1664=EDGE_CURVE('',#2110,#2111,#2371,.T.);
#1665=EDGE_CURVE('',#2111,#2112,#95,.T.);
#1666=EDGE_CURVE('',#2112,#2113,#96,.T.);
#1667=EDGE_CURVE('',#2113,#2114,#2372,.T.);
#1668=EDGE_CURVE('',#2114,#2115,#2373,.F.);
#1669=EDGE_CURVE('',#2115,#2116,#97,.T.);
#1670=EDGE_CURVE('',#2116,#2117,#2374,.F.);
#1671=EDGE_CURVE('',#2117,#2118,#2375,.T.);
#1672=EDGE_CURVE('',#2118,#2119,#2376,.F.);
#1673=EDGE_CURVE('',#2119,#2120,#98,.T.);
#1674=EDGE_CURVE('',#2120,#2121,#2377,.T.);
#1675=EDGE_CURVE('',#2121,#2122,#99,.T.);
#1676=EDGE_CURVE('',#2122,#2123,#2378,.F.);
#1677=EDGE_CURVE('',#2123,#2090,#2379,.T.);
#1678=EDGE_CURVE('',#2124,#2125,#100,.T.);
#1679=EDGE_CURVE('',#2125,#2126,#101,.T.);
#1680=EDGE_CURVE('',#2126,#2127,#102,.T.);
#1681=EDGE_CURVE('',#2127,#2128,#103,.T.);
#1682=EDGE_CURVE('',#2128,#2129,#104,.T.);
#1683=EDGE_CURVE('',#2129,#2124,#105,.T.);
#1684=EDGE_CURVE('',#2130,#2131,#106,.T.);
#1685=EDGE_CURVE('',#2130,#2132,#2380,.F.);
#1686=EDGE_CURVE('',#2132,#2133,#107,.T.);
#1687=EDGE_CURVE('',#2133,#2134,#64,.T.);
#1688=EDGE_CURVE('',#2134,#2131,#2381,.T.);
#1689=EDGE_CURVE('',#2135,#2136,#108,.T.);
#1690=EDGE_CURVE('',#2136,#2137,#2382,.T.);
#1691=EDGE_CURVE('',#2137,#2138,#109,.F.);
#1692=EDGE_CURVE('',#2138,#2139,#65,.T.);
#1693=EDGE_CURVE('',#2135,#2139,#2383,.T.);
#1694=EDGE_CURVE('',#2140,#2141,#110,.T.);
#1695=EDGE_CURVE('',#2141,#2142,#2384,.F.);
#1696=EDGE_CURVE('',#2143,#2142,#111,.T.);
#1697=EDGE_CURVE('',#2144,#2143,#56,.F.);
#1698=EDGE_CURVE('',#2145,#2144,#57,.F.);
#1699=EDGE_CURVE('',#2146,#2145,#112,.T.);
#1700=EDGE_CURVE('',#2140,#2146,#2385,.F.);
#1701=EDGE_CURVE('',#2142,#2147,#113,.T.);
#1702=EDGE_CURVE('',#2148,#2147,#114,.T.);
#1703=EDGE_CURVE('',#2148,#2149,#115,.T.);
#1704=EDGE_CURVE('',#2149,#2143,#116,.T.);
#1705=EDGE_CURVE('',#2145,#2150,#117,.T.);
#1706=EDGE_CURVE('',#2150,#2151,#118,.T.);
#1707=EDGE_CURVE('',#2152,#2151,#119,.T.);
#1708=EDGE_CURVE('',#2152,#2146,#120,.T.);
#1709=EDGE_CURVE('',#2147,#2136,#2386,.F.);
#1710=EDGE_CURVE('',#2135,#2152,#2387,.T.);
#1711=EDGE_CURVE('',#2151,#2153,#2388,.T.);
#1712=EDGE_CURVE('',#2153,#2154,#58,.T.);
#1713=EDGE_CURVE('',#2154,#2155,#59,.T.);
#1714=EDGE_CURVE('',#2155,#2148,#2389,.T.);
#1715=EDGE_CURVE('',#2156,#2157,#121,.T.);
#1716=EDGE_CURVE('',#2156,#2158,#122,.T.);
#1717=EDGE_CURVE('',#2158,#2159,#123,.T.);
#1718=EDGE_CURVE('',#2160,#2159,#124,.T.);
#1719=EDGE_CURVE('',#2157,#2160,#125,.T.);
#1720=EDGE_CURVE('',#2161,#2161,#2390,.T.);
#1721=EDGE_CURVE('',#2162,#2162,#2391,.F.);
#1722=EDGE_CURVE('',#2163,#2163,#2392,.T.);
#1723=EDGE_CURVE('',#2164,#2164,#2393,.F.);
#1724=EDGE_CURVE('',#2165,#2166,#126,.T.);
#1725=EDGE_CURVE('',#2166,#2167,#2394,.T.);
#1726=EDGE_CURVE('',#2168,#2167,#127,.T.);
#1727=EDGE_CURVE('',#2165,#2168,#128,.T.);
#1728=EDGE_CURVE('',#2169,#2170,#129,.T.);
#1729=EDGE_CURVE('',#2169,#2171,#130,.T.);
#1730=EDGE_CURVE('',#2171,#2172,#131,.T.);
#1731=EDGE_CURVE('',#2172,#2170,#2395,.T.);
#1732=EDGE_CURVE('',#2173,#2173,#2396,.T.);
#1733=EDGE_CURVE('',#2174,#2174,#2397,.F.);
#1734=EDGE_CURVE('',#2175,#2175,#2398,.T.);
#1735=EDGE_CURVE('',#2176,#2176,#2399,.F.);
#1736=EDGE_CURVE('',#2177,#2178,#132,.T.);
#1737=EDGE_CURVE('',#2178,#2179,#133,.T.);
#1738=EDGE_CURVE('',#2179,#2180,#134,.F.);
#1739=EDGE_CURVE('',#2180,#2177,#135,.T.);
#1740=EDGE_CURVE('',#2181,#2182,#136,.T.);
#1741=EDGE_CURVE('',#2182,#2183,#137,.T.);
#1742=EDGE_CURVE('',#2184,#2183,#138,.T.);
#1743=EDGE_CURVE('',#2184,#2181,#139,.T.);
#1744=EDGE_CURVE('',#2185,#2186,#140,.T.);
#1745=EDGE_CURVE('',#2186,#2187,#2400,.F.);
#1746=EDGE_CURVE('',#2188,#2187,#141,.T.);
#1747=EDGE_CURVE('',#2166,#2188,#66,.T.);
#1748=EDGE_CURVE('',#2165,#2185,#2401,.T.);
#1749=EDGE_CURVE('',#2187,#2189,#142,.T.);
#1750=EDGE_CURVE('',#2190,#2189,#143,.T.);
#1751=EDGE_CURVE('',#2190,#2188,#2402,.T.);
#1752=EDGE_CURVE('',#2189,#2191,#2403,.F.);
#1753=EDGE_CURVE('',#2192,#2191,#144,.T.);
#1754=EDGE_CURVE('',#2192,#2168,#2404,.T.);
#1755=EDGE_CURVE('',#2190,#2167,#67,.T.);
#1756=EDGE_CURVE('',#2191,#2193,#2405,.T.);
#1757=EDGE_CURVE('',#2194,#2193,#145,.T.);
#1758=EDGE_CURVE('',#2192,#2194,#2406,.T.);
#1759=EDGE_CURVE('',#2193,#2178,#146,.T.);
#1760=EDGE_CURVE('',#2194,#2177,#147,.T.);
#1761=EDGE_CURVE('',#2183,#2195,#148,.T.);
#1762=EDGE_CURVE('',#2196,#2195,#149,.T.);
#1763=EDGE_CURVE('',#2196,#2184,#150,.T.);
#1764=EDGE_CURVE('',#2195,#2141,#2407,.T.);
#1765=EDGE_CURVE('',#2140,#2196,#2408,.F.);
#1766=EDGE_CURVE('',#2197,#2198,#151,.F.);
#1767=EDGE_CURVE('',#2198,#2199,#152,.T.);
#1768=EDGE_CURVE('',#2199,#2200,#153,.T.);
#1769=EDGE_CURVE('',#2201,#2200,#154,.T.);
#1770=EDGE_CURVE('',#2201,#2202,#155,.F.);
#1771=EDGE_CURVE('',#2197,#2202,#156,.T.);
#1772=EDGE_CURVE('',#2203,#2204,#157,.T.);
#1773=EDGE_CURVE('',#2203,#2205,#158,.T.);
#1774=EDGE_CURVE('',#2205,#2206,#159,.T.);
#1775=EDGE_CURVE('',#2207,#2206,#160,.T.);
#1776=EDGE_CURVE('',#2207,#2208,#161,.T.);
#1777=EDGE_CURVE('',#2204,#2208,#162,.T.);
#1778=EDGE_CURVE('',#2209,#2210,#2409,.F.);
#1779=EDGE_CURVE('',#2210,#2211,#163,.T.);
#1780=EDGE_CURVE('',#2211,#2212,#164,.T.);
#1781=EDGE_CURVE('',#2212,#2213,#2410,.F.);
#1782=EDGE_CURVE('',#2213,#2214,#2411,.T.);
#1783=EDGE_CURVE('',#2214,#2215,#165,.T.);
#1784=EDGE_CURVE('',#2215,#2216,#2412,.T.);
#1785=EDGE_CURVE('',#2216,#2217,#2413,.F.);
#1786=EDGE_CURVE('',#2217,#2218,#2414,.T.);
#1787=EDGE_CURVE('',#2218,#2219,#166,.T.);
#1788=EDGE_CURVE('',#2219,#2220,#2415,.F.);
#1789=EDGE_CURVE('',#2220,#2221,#167,.T.);
#1790=EDGE_CURVE('',#2221,#2222,#2416,.T.);
#1791=EDGE_CURVE('',#2222,#2223,#2417,.F.);
#1792=EDGE_CURVE('',#2223,#2224,#2418,.T.);
#1793=EDGE_CURVE('',#2224,#2225,#168,.T.);
#1794=EDGE_CURVE('',#2225,#2226,#2419,.F.);
#1795=EDGE_CURVE('',#2226,#2227,#169,.T.);
#1796=EDGE_CURVE('',#2227,#2228,#2420,.T.);
#1797=EDGE_CURVE('',#2228,#2229,#2421,.F.);
#1798=EDGE_CURVE('',#2229,#2230,#2422,.T.);
#1799=EDGE_CURVE('',#2230,#2231,#170,.T.);
#1800=EDGE_CURVE('',#2231,#2232,#2423,.F.);
#1801=EDGE_CURVE('',#2232,#2233,#171,.T.);
#1802=EDGE_CURVE('',#2233,#2234,#2424,.T.);
#1803=EDGE_CURVE('',#2234,#2235,#2425,.F.);
#1804=EDGE_CURVE('',#2235,#2236,#2426,.T.);
#1805=EDGE_CURVE('',#2236,#2237,#172,.T.);
#1806=EDGE_CURVE('',#2237,#2238,#2427,.T.);
#1807=EDGE_CURVE('',#2238,#2239,#2428,.F.);
#1808=EDGE_CURVE('',#2239,#2240,#173,.T.);
#1809=EDGE_CURVE('',#2240,#2241,#174,.T.);
#1810=EDGE_CURVE('',#2241,#2242,#2429,.F.);
#1811=EDGE_CURVE('',#2242,#2209,#2430,.T.);
#1812=EDGE_CURVE('',#2243,#2244,#175,.F.);
#1813=EDGE_CURVE('',#2244,#2245,#176,.T.);
#1814=EDGE_CURVE('',#2245,#2246,#177,.T.);
#1815=EDGE_CURVE('',#2246,#2243,#178,.T.);
#1816=EDGE_CURVE('',#2247,#2248,#179,.F.);
#1817=EDGE_CURVE('',#2248,#2249,#2431,.F.);
#1818=EDGE_CURVE('',#2249,#2250,#180,.T.);
#1819=EDGE_CURVE('',#2250,#2247,#2432,.T.);
#1820=EDGE_CURVE('',#2251,#2252,#181,.T.);
#1821=EDGE_CURVE('',#2251,#2253,#182,.T.);
#1822=EDGE_CURVE('',#2253,#2254,#183,.F.);
#1823=EDGE_CURVE('',#2254,#2252,#184,.T.);
#1824=EDGE_CURVE('',#2255,#2256,#185,.T.);
#1825=EDGE_CURVE('',#2255,#2251,#2433,.F.);
#1826=EDGE_CURVE('',#2252,#2256,#2434,.T.);
#1827=EDGE_CURVE('',#2257,#2258,#186,.F.);
#1828=EDGE_CURVE('',#2258,#2255,#187,.T.);
#1829=EDGE_CURVE('',#2256,#2257,#188,.T.);
#1830=EDGE_CURVE('',#2259,#2260,#189,.T.);
#1831=EDGE_CURVE('',#2260,#2186,#2435,.T.);
#1832=EDGE_CURVE('',#2261,#2185,#2436,.T.);
#1833=EDGE_CURVE('',#2261,#2259,#68,.T.);
#1834=EDGE_CURVE('',#2171,#2130,#2437,.T.);
#1835=EDGE_CURVE('',#2262,#2131,#2438,.T.);
#1836=EDGE_CURVE('',#2263,#2262,#190,.T.);
#1837=EDGE_CURVE('',#2172,#2263,#69,.T.);
#1838=EDGE_CURVE('',#2264,#2265,#191,.T.);
#1839=EDGE_CURVE('',#2264,#2263,#2439,.T.);
#1840=EDGE_CURVE('',#2262,#2265,#192,.T.);
#1841=EDGE_CURVE('',#2266,#2267,#193,.T.);
#1842=EDGE_CURVE('',#2266,#2169,#2440,.T.);
#1843=EDGE_CURVE('',#2264,#2170,#70,.T.);
#1844=EDGE_CURVE('',#2267,#2265,#2441,.T.);
#1845=EDGE_CURVE('',#2268,#2269,#194,.T.);
#1846=EDGE_CURVE('',#2268,#2266,#2442,.F.);
#1847=EDGE_CURVE('',#2267,#2269,#2443,.T.);
#1848=EDGE_CURVE('',#2199,#2268,#195,.T.);
#1849=EDGE_CURVE('',#2269,#2200,#196,.T.);
#1850=EDGE_CURVE('',#2270,#2271,#197,.F.);
#1851=EDGE_CURVE('',#2271,#2272,#2444,.T.);
#1852=EDGE_CURVE('',#2272,#2273,#198,.T.);
#1853=EDGE_CURVE('',#2270,#2273,#2445,.T.);
#1854=EDGE_CURVE('',#2274,#2275,#199,.T.);
#1855=EDGE_CURVE('',#2274,#2203,#200,.T.);
#1856=EDGE_CURVE('',#2275,#2204,#201,.T.);
#1857=EDGE_CURVE('',#2276,#2277,#202,.T.);
#1858=EDGE_CURVE('',#2276,#2274,#2446,.F.);
#1859=EDGE_CURVE('',#2277,#2275,#2447,.F.);
#1860=EDGE_CURVE('',#2158,#2276,#2448,.T.);
#1861=EDGE_CURVE('',#2277,#2278,#2449,.F.);
#1862=EDGE_CURVE('',#2279,#2278,#203,.T.);
#1863=EDGE_CURVE('',#2279,#2280,#60,.F.);
#1864=EDGE_CURVE('',#2280,#2159,#61,.F.);
#1865=EDGE_CURVE('',#2281,#2282,#204,.T.);
#1866=EDGE_CURVE('',#2279,#2281,#205,.T.);
#1867=EDGE_CURVE('',#2283,#2278,#206,.T.);
#1868=EDGE_CURVE('',#2282,#2283,#207,.T.);
#1869=EDGE_CURVE('',#2284,#2285,#208,.T.);
#1870=EDGE_CURVE('',#2284,#2156,#2450,.T.);
#1871=EDGE_CURVE('',#2286,#2157,#2451,.T.);
#1872=EDGE_CURVE('',#2287,#2286,#62,.T.);
#1873=EDGE_CURVE('',#2288,#2287,#63,.T.);
#1874=EDGE_CURVE('',#2282,#2288,#2452,.T.);
#1875=EDGE_CURVE('',#2285,#2283,#2453,.T.);
#1876=EDGE_CURVE('',#2289,#2290,#209,.F.);
#1877=EDGE_CURVE('',#2290,#2284,#2454,.F.);
#1878=EDGE_CURVE('',#2285,#2291,#2455,.T.);
#1879=EDGE_CURVE('',#2291,#2289,#71,.T.);
#1880=EDGE_CURVE('',#2292,#2293,#210,.T.);
#1881=EDGE_CURVE('',#2292,#2294,#211,.T.);
#1882=EDGE_CURVE('',#2294,#2295,#212,.F.);
#1883=EDGE_CURVE('',#2295,#2293,#213,.T.);
#1884=EDGE_CURVE('',#2296,#2297,#214,.T.);
#1885=EDGE_CURVE('',#2296,#2292,#2456,.F.);
#1886=EDGE_CURVE('',#2293,#2297,#2457,.T.);
#1887=EDGE_CURVE('',#2298,#2299,#215,.F.);
#1888=EDGE_CURVE('',#2299,#2296,#216,.T.);
#1889=EDGE_CURVE('',#2297,#2298,#217,.T.);
#1890=EDGE_CURVE('',#2300,#2301,#218,.F.);
#1891=EDGE_CURVE('',#2301,#2302,#2458,.F.);
#1892=EDGE_CURVE('',#2302,#2303,#219,.T.);
#1893=EDGE_CURVE('',#2303,#2300,#2459,.T.);
#1894=EDGE_CURVE('',#2304,#2305,#220,.T.);
#1895=EDGE_CURVE('',#2304,#2306,#221,.T.);
#1896=EDGE_CURVE('',#2306,#2307,#222,.F.);
#1897=EDGE_CURVE('',#2307,#2305,#223,.T.);
#1898=EDGE_CURVE('',#2245,#2304,#2460,.F.);
#1899=EDGE_CURVE('',#2305,#2246,#2461,.T.);
#1900=EDGE_CURVE('',#2308,#2309,#224,.T.);
#1901=EDGE_CURVE('',#2309,#2310,#2462,.F.);
#1902=EDGE_CURVE('',#2310,#2311,#225,.F.);
#1903=EDGE_CURVE('',#2311,#2312,#2463,.T.);
#1904=EDGE_CURVE('',#2313,#2312,#72,.T.);
#1905=EDGE_CURVE('',#2314,#2313,#2464,.T.);
#1906=EDGE_CURVE('',#2314,#2315,#226,.F.);
#1907=EDGE_CURVE('',#2315,#2316,#2465,.T.);
#1908=EDGE_CURVE('',#2316,#2317,#227,.T.);
#1909=EDGE_CURVE('',#2318,#2317,#2466,.T.);
#1910=EDGE_CURVE('',#2319,#2318,#73,.T.);
#1911=EDGE_CURVE('',#2319,#2308,#2467,.T.);
#1912=EDGE_CURVE('',#2206,#2270,#2468,.F.);
#1913=EDGE_CURVE('',#2273,#2197,#2469,.F.);
#1914=EDGE_CURVE('',#2202,#2316,#2470,.T.);
#1915=EDGE_CURVE('',#2315,#2207,#2471,.T.);
#1916=EDGE_CURVE('',#2311,#2181,#2472,.T.);
#1917=EDGE_CURVE('',#2139,#2312,#228,.T.);
#1918=EDGE_CURVE('',#2291,#2313,#229,.T.);
#1919=EDGE_CURVE('',#2138,#2289,#74,.T.);
#1920=EDGE_CURVE('',#2208,#2314,#2473,.F.);
#1921=EDGE_CURVE('',#2317,#2201,#2474,.F.);
#1922=EDGE_CURVE('',#2318,#2134,#230,.T.);
#1923=EDGE_CURVE('',#2319,#2261,#231,.T.);
#1924=EDGE_CURVE('',#2133,#2259,#75,.T.);
#1925=EDGE_CURVE('',#2180,#2308,#2475,.T.);
#1926=EDGE_CURVE('',#2320,#2320,#2476,.T.);
#1927=EDGE_CURVE('',#2321,#2321,#2477,.T.);
#1928=EDGE_CURVE('',#2322,#2280,#232,.T.);
#1929=EDGE_CURVE('',#2323,#2322,#233,.T.);
#1930=EDGE_CURVE('',#2323,#2160,#234,.T.);
#1931=EDGE_CURVE('',#2324,#2281,#235,.T.);
#1932=EDGE_CURVE('',#2322,#2324,#236,.T.);
#1933=EDGE_CURVE('',#2324,#2325,#237,.T.);
#1934=EDGE_CURVE('',#2325,#2326,#238,.T.);
#1935=EDGE_CURVE('',#2326,#2327,#239,.T.);
#1936=EDGE_CURVE('',#2327,#2323,#240,.T.);
#1937=EDGE_CURVE('',#2325,#2288,#241,.T.);
#1938=EDGE_CURVE('',#2326,#2287,#242,.T.);
#1939=EDGE_CURVE('',#2327,#2286,#243,.T.);
#1940=EDGE_CURVE('',#2328,#2149,#244,.T.);
#1941=EDGE_CURVE('',#2328,#2329,#245,.T.);
#1942=EDGE_CURVE('',#2329,#2144,#246,.T.);
#1943=EDGE_CURVE('',#2329,#2330,#247,.T.);
#1944=EDGE_CURVE('',#2330,#2150,#248,.T.);
#1945=EDGE_CURVE('',#2331,#2328,#249,.T.);
#1946=EDGE_CURVE('',#2332,#2331,#250,.T.);
#1947=EDGE_CURVE('',#2333,#2332,#251,.T.);
#1948=EDGE_CURVE('',#2330,#2333,#252,.T.);
#1949=EDGE_CURVE('',#2331,#2155,#253,.T.);
#1950=EDGE_CURVE('',#2332,#2154,#254,.T.);
#1951=EDGE_CURVE('',#2333,#2153,#255,.T.);
#1952=EDGE_CURVE('',#2179,#2309,#2478,.T.);
#1953=EDGE_CURVE('',#2310,#2182,#2479,.T.);
#1954=EDGE_CURVE('',#2294,#2290,#2480,.T.);
#1955=EDGE_CURVE('',#2137,#2295,#2481,.F.);
#1956=EDGE_CURVE('',#2302,#2299,#2482,.T.);
#1957=EDGE_CURVE('',#2298,#2303,#2483,.F.);
#1958=EDGE_CURVE('',#2306,#2301,#2484,.T.);
#1959=EDGE_CURVE('',#2300,#2307,#2485,.F.);
#1960=EDGE_CURVE('',#2249,#2244,#2486,.T.);
#1961=EDGE_CURVE('',#2243,#2250,#2487,.F.);
#1962=EDGE_CURVE('',#2253,#2248,#2488,.T.);
#1963=EDGE_CURVE('',#2247,#2254,#2489,.F.);
#1964=EDGE_CURVE('',#2132,#2258,#2490,.T.);
#1965=EDGE_CURVE('',#2257,#2260,#2491,.F.);
#1966=EDGE_CURVE('',#2205,#2271,#2492,.F.);
#1967=EDGE_CURVE('',#2272,#2198,#2493,.F.);
#1968=EDGE_CURVE('',#2198,#2108,#256,.T.);
#1969=EDGE_CURVE('',#2109,#2272,#257,.T.);
#1970=EDGE_CURVE('',#2110,#2271,#258,.T.);
#1971=EDGE_CURVE('',#2199,#2107,#259,.T.);
#1972=EDGE_CURVE('',#2111,#2205,#260,.T.);
#1973=EDGE_CURVE('',#2268,#2106,#261,.T.);
#1974=EDGE_CURVE('',#2112,#2203,#262,.T.);
#1975=EDGE_CURVE('',#2266,#2105,#263,.T.);
#1976=EDGE_CURVE('',#2113,#2274,#264,.T.);
#1977=EDGE_CURVE('',#2169,#2104,#265,.T.);
#1978=EDGE_CURVE('',#2114,#2276,#266,.T.);
#1979=EDGE_CURVE('',#2171,#2103,#267,.T.);
#1980=EDGE_CURVE('',#2115,#2158,#268,.T.);
#1981=EDGE_CURVE('',#2130,#2102,#269,.T.);
#1982=EDGE_CURVE('',#2116,#2156,#270,.T.);
#1983=EDGE_CURVE('',#2132,#2101,#271,.T.);
#1984=EDGE_CURVE('',#2117,#2284,#272,.T.);
#1985=EDGE_CURVE('',#2258,#2100,#273,.T.);
#1986=EDGE_CURVE('',#2118,#2290,#274,.T.);
#1987=EDGE_CURVE('',#2255,#2099,#275,.T.);
#1988=EDGE_CURVE('',#2119,#2294,#276,.T.);
#1989=EDGE_CURVE('',#2251,#2098,#277,.T.);
#1990=EDGE_CURVE('',#2120,#2292,#278,.T.);
#1991=EDGE_CURVE('',#2253,#2097,#279,.T.);
#1992=EDGE_CURVE('',#2121,#2296,#280,.T.);
#1993=EDGE_CURVE('',#2248,#2096,#281,.T.);
#1994=EDGE_CURVE('',#2122,#2299,#282,.T.);
#1995=EDGE_CURVE('',#2249,#2095,#283,.T.);
#1996=EDGE_CURVE('',#2123,#2302,#284,.T.);
#1997=EDGE_CURVE('',#2244,#2094,#285,.T.);
#1998=EDGE_CURVE('',#2090,#2301,#286,.T.);
#1999=EDGE_CURVE('',#2245,#2093,#287,.T.);
#2000=EDGE_CURVE('',#2091,#2306,#288,.T.);
#2001=EDGE_CURVE('',#2304,#2092,#289,.T.);
#2002=EDGE_CURVE('',#2307,#2227,#290,.T.);
#2003=EDGE_CURVE('',#2228,#2300,#291,.T.);
#2004=EDGE_CURVE('',#2229,#2303,#292,.T.);
#2005=EDGE_CURVE('',#2305,#2226,#293,.T.);
#2006=EDGE_CURVE('',#2230,#2298,#294,.T.);
#2007=EDGE_CURVE('',#2246,#2225,#295,.T.);
#2008=EDGE_CURVE('',#2231,#2297,#296,.T.);
#2009=EDGE_CURVE('',#2243,#2224,#297,.T.);
#2010=EDGE_CURVE('',#2232,#2293,#298,.T.);
#2011=EDGE_CURVE('',#2250,#2223,#299,.T.);
#2012=EDGE_CURVE('',#2233,#2295,#300,.T.);
#2013=EDGE_CURVE('',#2247,#2222,#301,.T.);
#2014=EDGE_CURVE('',#2234,#2137,#302,.T.);
#2015=EDGE_CURVE('',#2254,#2221,#303,.T.);
#2016=EDGE_CURVE('',#2235,#2136,#304,.T.);
#2017=EDGE_CURVE('',#2252,#2220,#305,.T.);
#2018=EDGE_CURVE('',#2236,#2147,#306,.T.);
#2019=EDGE_CURVE('',#2256,#2219,#307,.T.);
#2020=EDGE_CURVE('',#2237,#2142,#308,.T.);
#2021=EDGE_CURVE('',#2257,#2218,#309,.T.);
#2022=EDGE_CURVE('',#2238,#2141,#310,.T.);
#2023=EDGE_CURVE('',#2260,#2217,#311,.T.);
#2024=EDGE_CURVE('',#2239,#2195,#312,.T.);
#2025=EDGE_CURVE('',#2186,#2216,#313,.T.);
#2026=EDGE_CURVE('',#2240,#2183,#314,.F.);
#2027=EDGE_CURVE('',#2187,#2215,#315,.T.);
#2028=EDGE_CURVE('',#2241,#2182,#316,.T.);
#2029=EDGE_CURVE('',#2189,#2214,#317,.T.);
#2030=EDGE_CURVE('',#2242,#2310,#318,.T.);
#2031=EDGE_CURVE('',#2191,#2213,#319,.T.);
#2032=EDGE_CURVE('',#2209,#2309,#320,.T.);
#2033=EDGE_CURVE('',#2193,#2212,#321,.T.);
#2034=EDGE_CURVE('',#2210,#2179,#322,.T.);
#2035=EDGE_CURVE('',#2178,#2211,#323,.T.);
#2036=EDGE_CURVE('',#2334,#2335,#324,.T.);
#2037=EDGE_CURVE('',#2336,#2334,#325,.T.);
#2038=EDGE_CURVE('',#2337,#2336,#326,.T.);
#2039=EDGE_CURVE('',#2338,#2337,#327,.T.);
#2040=EDGE_CURVE('',#2339,#2338,#328,.T.);
#2041=EDGE_CURVE('',#2335,#2339,#329,.T.);
#2042=EDGE_CURVE('',#2334,#2085,#330,.T.);
#2043=EDGE_CURVE('',#2335,#2086,#331,.T.);
#2044=EDGE_CURVE('',#2336,#2084,#332,.T.);
#2045=EDGE_CURVE('',#2337,#2089,#333,.T.);
#2046=EDGE_CURVE('',#2338,#2088,#334,.T.);
#2047=EDGE_CURVE('',#2339,#2087,#335,.T.);
#2048=EDGE_CURVE('',#2340,#2125,#336,.T.);
#2049=EDGE_CURVE('',#2340,#2341,#337,.T.);
#2050=EDGE_CURVE('',#2341,#2126,#338,.T.);
#2051=EDGE_CURVE('',#2342,#2124,#339,.T.);
#2052=EDGE_CURVE('',#2342,#2340,#340,.T.);
#2053=EDGE_CURVE('',#2343,#2129,#341,.T.);
#2054=EDGE_CURVE('',#2343,#2342,#342,.T.);
#2055=EDGE_CURVE('',#2344,#2128,#343,.T.);
#2056=EDGE_CURVE('',#2344,#2343,#344,.T.);
#2057=EDGE_CURVE('',#2345,#2127,#345,.T.);
#2058=EDGE_CURVE('',#2345,#2344,#346,.T.);
#2059=EDGE_CURVE('',#2341,#2345,#347,.T.);
#2060=EDGE_CURVE('',#2346,#2079,#348,.T.);
#2061=EDGE_CURVE('',#2347,#2346,#349,.T.);
#2062=EDGE_CURVE('',#2347,#2078,#350,.T.);
#2063=EDGE_CURVE('',#2348,#2083,#351,.T.);
#2064=EDGE_CURVE('',#2346,#2348,#352,.T.);
#2065=EDGE_CURVE('',#2349,#2082,#353,.T.);
#2066=EDGE_CURVE('',#2348,#2349,#354,.T.);
#2067=EDGE_CURVE('',#2350,#2081,#355,.T.);
#2068=EDGE_CURVE('',#2349,#2350,#356,.T.);
#2069=EDGE_CURVE('',#2351,#2080,#357,.T.);
#2070=EDGE_CURVE('',#2350,#2351,#358,.T.);
#2071=EDGE_CURVE('',#2351,#2347,#359,.T.);
#2072=VERTEX_POINT('',#4424);
#2073=VERTEX_POINT('',#4426);
#2074=VERTEX_POINT('',#4429);
#2075=VERTEX_POINT('',#4431);
#2076=VERTEX_POINT('',#4434);
#2077=VERTEX_POINT('',#4436);
#2078=VERTEX_POINT('',#4439);
#2079=VERTEX_POINT('',#4440);
#2080=VERTEX_POINT('',#4442);
#2081=VERTEX_POINT('',#4444);
#2082=VERTEX_POINT('',#4446);
#2083=VERTEX_POINT('',#4448);
#2084=VERTEX_POINT('',#4451);
#2085=VERTEX_POINT('',#4452);
#2086=VERTEX_POINT('',#4454);
#2087=VERTEX_POINT('',#4456);
#2088=VERTEX_POINT('',#4458);
#2089=VERTEX_POINT('',#4460);
#2090=VERTEX_POINT('',#4463);
#2091=VERTEX_POINT('',#4464);
#2092=VERTEX_POINT('',#4466);
#2093=VERTEX_POINT('',#4468);
#2094=VERTEX_POINT('',#4470);
#2095=VERTEX_POINT('',#4472);
#2096=VERTEX_POINT('',#4474);
#2097=VERTEX_POINT('',#4476);
#2098=VERTEX_POINT('',#4478);
#2099=VERTEX_POINT('',#4480);
#2100=VERTEX_POINT('',#4482);
#2101=VERTEX_POINT('',#4484);
#2102=VERTEX_POINT('',#4486);
#2103=VERTEX_POINT('',#4488);
#2104=VERTEX_POINT('',#4490);
#2105=VERTEX_POINT('',#4492);
#2106=VERTEX_POINT('',#4494);
#2107=VERTEX_POINT('',#4496);
#2108=VERTEX_POINT('',#4498);
#2109=VERTEX_POINT('',#4500);
#2110=VERTEX_POINT('',#4502);
#2111=VERTEX_POINT('',#4504);
#2112=VERTEX_POINT('',#4506);
#2113=VERTEX_POINT('',#4508);
#2114=VERTEX_POINT('',#4510);
#2115=VERTEX_POINT('',#4512);
#2116=VERTEX_POINT('',#4514);
#2117=VERTEX_POINT('',#4516);
#2118=VERTEX_POINT('',#4518);
#2119=VERTEX_POINT('',#4520);
#2120=VERTEX_POINT('',#4522);
#2121=VERTEX_POINT('',#4524);
#2122=VERTEX_POINT('',#4526);
#2123=VERTEX_POINT('',#4528);
#2124=VERTEX_POINT('',#4531);
#2125=VERTEX_POINT('',#4532);
#2126=VERTEX_POINT('',#4534);
#2127=VERTEX_POINT('',#4536);
#2128=VERTEX_POINT('',#4538);
#2129=VERTEX_POINT('',#4540);
#2130=VERTEX_POINT('',#4544);
#2131=VERTEX_POINT('',#4545);
#2132=VERTEX_POINT('',#4547);
#2133=VERTEX_POINT('',#4549);
#2134=VERTEX_POINT('',#4554);
#2135=VERTEX_POINT('',#4558);
#2136=VERTEX_POINT('',#4559);
#2137=VERTEX_POINT('',#4561);
#2138=VERTEX_POINT('',#4563);
#2139=VERTEX_POINT('',#4568);
#2140=VERTEX_POINT('',#4572);
#2141=VERTEX_POINT('',#4573);
#2142=VERTEX_POINT('',#4575);
#2143=VERTEX_POINT('',#4577);
#2144=VERTEX_POINT('',#4579);
#2145=VERTEX_POINT('',#4581);
#2146=VERTEX_POINT('',#4583);
#2147=VERTEX_POINT('',#4587);
#2148=VERTEX_POINT('',#4589);
#2149=VERTEX_POINT('',#4591);
#2150=VERTEX_POINT('',#4595);
#2151=VERTEX_POINT('',#4597);
#2152=VERTEX_POINT('',#4599);
#2153=VERTEX_POINT('',#4605);
#2154=VERTEX_POINT('',#4607);
#2155=VERTEX_POINT('',#4609);
#2156=VERTEX_POINT('',#4613);
#2157=VERTEX_POINT('',#4614);
#2158=VERTEX_POINT('',#4616);
#2159=VERTEX_POINT('',#4618);
#2160=VERTEX_POINT('',#4620);
#2161=VERTEX_POINT('',#4624);
#2162=VERTEX_POINT('',#4626);
#2163=VERTEX_POINT('',#4629);
#2164=VERTEX_POINT('',#4631);
#2165=VERTEX_POINT('',#4634);
#2166=VERTEX_POINT('',#4635);
#2167=VERTEX_POINT('',#4637);
#2168=VERTEX_POINT('',#4639);
#2169=VERTEX_POINT('',#4643);
#2170=VERTEX_POINT('',#4644);
#2171=VERTEX_POINT('',#4646);
#2172=VERTEX_POINT('',#4648);
#2173=VERTEX_POINT('',#4652);
#2174=VERTEX_POINT('',#4654);
#2175=VERTEX_POINT('',#4657);
#2176=VERTEX_POINT('',#4659);
#2177=VERTEX_POINT('',#4662);
#2178=VERTEX_POINT('',#4663);
#2179=VERTEX_POINT('',#4665);
#2180=VERTEX_POINT('',#4667);
#2181=VERTEX_POINT('',#4671);
#2182=VERTEX_POINT('',#4672);
#2183=VERTEX_POINT('',#4674);
#2184=VERTEX_POINT('',#4676);
#2185=VERTEX_POINT('',#4680);
#2186=VERTEX_POINT('',#4681);
#2187=VERTEX_POINT('',#4683);
#2188=VERTEX_POINT('',#4685);
#2189=VERTEX_POINT('',#4700);
#2190=VERTEX_POINT('',#4702);
#2191=VERTEX_POINT('',#4706);
#2192=VERTEX_POINT('',#4708);
#2193=VERTEX_POINT('',#4719);
#2194=VERTEX_POINT('',#4721);
#2195=VERTEX_POINT('',#4728);
#2196=VERTEX_POINT('',#4730);
#2197=VERTEX_POINT('',#4737);
#2198=VERTEX_POINT('',#4738);
#2199=VERTEX_POINT('',#4740);
#2200=VERTEX_POINT('',#4742);
#2201=VERTEX_POINT('',#4744);
#2202=VERTEX_POINT('',#4746);
#2203=VERTEX_POINT('',#4750);
#2204=VERTEX_POINT('',#4751);
#2205=VERTEX_POINT('',#4753);
#2206=VERTEX_POINT('',#4755);
#2207=VERTEX_POINT('',#4757);
#2208=VERTEX_POINT('',#4759);
#2209=VERTEX_POINT('',#4763);
#2210=VERTEX_POINT('',#4764);
#2211=VERTEX_POINT('',#4766);
#2212=VERTEX_POINT('',#4768);
#2213=VERTEX_POINT('',#4770);
#2214=VERTEX_POINT('',#4772);
#2215=VERTEX_POINT('',#4774);
#2216=VERTEX_POINT('',#4776);
#2217=VERTEX_POINT('',#4778);
#2218=VERTEX_POINT('',#4780);
#2219=VERTEX_POINT('',#4782);
#2220=VERTEX_POINT('',#4784);
#2221=VERTEX_POINT('',#4786);
#2222=VERTEX_POINT('',#4788);
#2223=VERTEX_POINT('',#4790);
#2224=VERTEX_POINT('',#4792);
#2225=VERTEX_POINT('',#4794);
#2226=VERTEX_POINT('',#4796);
#2227=VERTEX_POINT('',#4798);
#2228=VERTEX_POINT('',#4800);
#2229=VERTEX_POINT('',#4802);
#2230=VERTEX_POINT('',#4804);
#2231=VERTEX_POINT('',#4806);
#2232=VERTEX_POINT('',#4808);
#2233=VERTEX_POINT('',#4810);
#2234=VERTEX_POINT('',#4812);
#2235=VERTEX_POINT('',#4814);
#2236=VERTEX_POINT('',#4816);
#2237=VERTEX_POINT('',#4818);
#2238=VERTEX_POINT('',#4820);
#2239=VERTEX_POINT('',#4822);
#2240=VERTEX_POINT('',#4824);
#2241=VERTEX_POINT('',#4826);
#2242=VERTEX_POINT('',#4828);
#2243=VERTEX_POINT('',#4832);
#2244=VERTEX_POINT('',#4833);
#2245=VERTEX_POINT('',#4835);
#2246=VERTEX_POINT('',#4837);
#2247=VERTEX_POINT('',#4841);
#2248=VERTEX_POINT('',#4842);
#2249=VERTEX_POINT('',#4844);
#2250=VERTEX_POINT('',#4846);
#2251=VERTEX_POINT('',#4850);
#2252=VERTEX_POINT('',#4851);
#2253=VERTEX_POINT('',#4853);
#2254=VERTEX_POINT('',#4855);
#2255=VERTEX_POINT('',#4859);
#2256=VERTEX_POINT('',#4860);
#2257=VERTEX_POINT('',#4865);
#2258=VERTEX_POINT('',#4866);
#2259=VERTEX_POINT('',#4871);
#2260=VERTEX_POINT('',#4872);
#2261=VERTEX_POINT('',#4875);
#2262=VERTEX_POINT('',#4883);
#2263=VERTEX_POINT('',#4885);
#2264=VERTEX_POINT('',#4899);
#2265=VERTEX_POINT('',#4900);
#2266=VERTEX_POINT('',#4905);
#2267=VERTEX_POINT('',#4906);
#2268=VERTEX_POINT('',#4918);
#2269=VERTEX_POINT('',#4919);
#2270=VERTEX_POINT('',#4927);
#2271=VERTEX_POINT('',#4928);
#2272=VERTEX_POINT('',#4930);
#2273=VERTEX_POINT('',#4932);
#2274=VERTEX_POINT('',#4936);
#2275=VERTEX_POINT('',#4937);
#2276=VERTEX_POINT('',#4942);
#2277=VERTEX_POINT('',#4943);
#2278=VERTEX_POINT('',#4949);
#2279=VERTEX_POINT('',#4951);
#2280=VERTEX_POINT('',#4953);
#2281=VERTEX_POINT('',#4957);
#2282=VERTEX_POINT('',#4958);
#2283=VERTEX_POINT('',#4961);
#2284=VERTEX_POINT('',#4965);
#2285=VERTEX_POINT('',#4966);
#2286=VERTEX_POINT('',#4969);
#2287=VERTEX_POINT('',#4971);
#2288=VERTEX_POINT('',#4973);
#2289=VERTEX_POINT('',#4978);
#2290=VERTEX_POINT('',#4979);
#2291=VERTEX_POINT('',#4982);
#2292=VERTEX_POINT('',#4989);
#2293=VERTEX_POINT('',#4990);
#2294=VERTEX_POINT('',#4992);
#2295=VERTEX_POINT('',#4994);
#2296=VERTEX_POINT('',#4998);
#2297=VERTEX_POINT('',#4999);
#2298=VERTEX_POINT('',#5004);
#2299=VERTEX_POINT('',#5005);
#2300=VERTEX_POINT('',#5010);
#2301=VERTEX_POINT('',#5011);
#2302=VERTEX_POINT('',#5013);
#2303=VERTEX_POINT('',#5015);
#2304=VERTEX_POINT('',#5019);
#2305=VERTEX_POINT('',#5020);
#2306=VERTEX_POINT('',#5022);
#2307=VERTEX_POINT('',#5024);
#2308=VERTEX_POINT('',#5031);
#2309=VERTEX_POINT('',#5032);
#2310=VERTEX_POINT('',#5034);
#2311=VERTEX_POINT('',#5036);
#2312=VERTEX_POINT('',#5038);
#2313=VERTEX_POINT('',#5046);
#2314=VERTEX_POINT('',#5048);
#2315=VERTEX_POINT('',#5050);
#2316=VERTEX_POINT('',#5052);
#2317=VERTEX_POINT('',#5054);
#2318=VERTEX_POINT('',#5056);
#2319=VERTEX_POINT('',#5064);
#2320=VERTEX_POINT('',#5101);
#2321=VERTEX_POINT('',#5105);
#2322=VERTEX_POINT('',#5109);
#2323=VERTEX_POINT('',#5111);
#2324=VERTEX_POINT('',#5115);
#2325=VERTEX_POINT('',#5119);
#2326=VERTEX_POINT('',#5121);
#2327=VERTEX_POINT('',#5123);
#2328=VERTEX_POINT('',#5134);
#2329=VERTEX_POINT('',#5136);
#2330=VERTEX_POINT('',#5140);
#2331=VERTEX_POINT('',#5144);
#2332=VERTEX_POINT('',#5146);
#2333=VERTEX_POINT('',#5148);
#2334=VERTEX_POINT('',#5323);
#2335=VERTEX_POINT('',#5324);
#2336=VERTEX_POINT('',#5326);
#2337=VERTEX_POINT('',#5328);
#2338=VERTEX_POINT('',#5330);
#2339=VERTEX_POINT('',#5332);
#2340=VERTEX_POINT('',#5348);
#2341=VERTEX_POINT('',#5350);
#2342=VERTEX_POINT('',#5354);
#2343=VERTEX_POINT('',#5358);
#2344=VERTEX_POINT('',#5362);
#2345=VERTEX_POINT('',#5366);
#2346=VERTEX_POINT('',#5373);
#2347=VERTEX_POINT('',#5375);
#2348=VERTEX_POINT('',#5379);
#2349=VERTEX_POINT('',#5383);
#2350=VERTEX_POINT('',#5387);
#2351=VERTEX_POINT('',#5391);
#2352=CIRCLE('',#3146,0.0016);
#2353=CIRCLE('',#3147,0.0016);
#2354=CIRCLE('',#3149,0.0016);
#2355=CIRCLE('',#3150,0.0016);
#2356=CIRCLE('',#3152,0.0016);
#2357=CIRCLE('',#3153,0.0016);
#2358=CIRCLE('',#3155,0.0022);
#2359=CIRCLE('',#3156,0.0043);
#2360=CIRCLE('',#3157,0.0022);
#2361=CIRCLE('',#3158,0.0173);
#2362=CIRCLE('',#3159,0.0022);
#2363=CIRCLE('',#3160,0.0043);
#2364=CIRCLE('',#3161,0.0022);
#2365=CIRCLE('',#3162,0.0173);
#2366=CIRCLE('',#3163,0.0052);
#2367=CIRCLE('',#3164,0.0022);
#2368=CIRCLE('',#3165,0.0028);
#2369=CIRCLE('',#3166,0.0018);
#2370=CIRCLE('',#3167,0.01195);
#2371=CIRCLE('',#3168,0.0018);
#2372=CIRCLE('',#3169,0.0028);
#2373=CIRCLE('',#3170,0.0022);
#2374=CIRCLE('',#3171,0.0052);
#2375=CIRCLE('',#3172,0.0173);
#2376=CIRCLE('',#3173,0.0022);
#2377=CIRCLE('',#3174,0.0043);
#2378=CIRCLE('',#3175,0.0022);
#2379=CIRCLE('',#3176,0.0173);
#2380=CIRCLE('',#3178,0.0175);
#2381=CIRCLE('',#3179,0.0175);
#2382=CIRCLE('',#3181,0.0175);
#2383=CIRCLE('',#3182,0.0175);
#2384=CIRCLE('',#3184,0.002);
#2385=CIRCLE('',#3187,0.002);
#2386=CIRCLE('',#3191,0.005);
#2387=CIRCLE('',#3192,0.005);
#2388=CIRCLE('',#3193,0.005);
#2389=CIRCLE('',#3196,0.005);
#2390=CIRCLE('',#3199,0.0016);
#2391=CIRCLE('',#3200,0.0016);
#2392=CIRCLE('',#3202,0.0016);
#2393=CIRCLE('',#3203,0.0016);
#2394=CIRCLE('',#3205,0.0031);
#2395=CIRCLE('',#3207,0.0031);
#2396=CIRCLE('',#3209,0.0016);
#2397=CIRCLE('',#3210,0.0016);
#2398=CIRCLE('',#3212,0.0016);
#2399=CIRCLE('',#3213,0.0016);
#2400=CIRCLE('',#3217,0.005);
#2401=CIRCLE('',#3218,0.005);
#2402=CIRCLE('',#3220,0.0031);
#2403=CIRCLE('',#3222,0.002);
#2404=CIRCLE('',#3223,0.002);
#2405=CIRCLE('',#3225,0.003);
#2406=CIRCLE('',#3226,0.003);
#2407=CIRCLE('',#3230,0.003);
#2408=CIRCLE('',#3231,0.003);
#2409=CIRCLE('',#3235,0.0018);
#2410=CIRCLE('',#3236,0.0028);
#2411=CIRCLE('',#3237,0.0022);
#2412=CIRCLE('',#3238,0.0052);
#2413=CIRCLE('',#3239,0.0173);
#2414=CIRCLE('',#3240,0.0022);
#2415=CIRCLE('',#3241,0.0043);
#2416=CIRCLE('',#3242,0.0022);
#2417=CIRCLE('',#3243,0.0173);
#2418=CIRCLE('',#3244,0.0022);
#2419=CIRCLE('',#3245,0.0043);
#2420=CIRCLE('',#3246,0.0022);
#2421=CIRCLE('',#3247,0.0173);
#2422=CIRCLE('',#3248,0.0022);
#2423=CIRCLE('',#3249,0.0043);
#2424=CIRCLE('',#3250,0.0022);
#2425=CIRCLE('',#3251,0.0173);
#2426=CIRCLE('',#3252,0.0052);
#2427=CIRCLE('',#3253,0.0022);
#2428=CIRCLE('',#3254,0.0028);
#2429=CIRCLE('',#3255,0.0018);
#2430=CIRCLE('',#3256,0.0136);
#2431=CIRCLE('',#3259,0.0175);
#2432=CIRCLE('',#3260,0.0175);
#2433=CIRCLE('',#3263,0.0045);
#2434=CIRCLE('',#3264,0.0045);
#2435=CIRCLE('',#3267,0.0175);
#2436=CIRCLE('',#3268,0.0175);
#2437=CIRCLE('',#3270,0.005);
#2438=CIRCLE('',#3271,0.005);
#2439=CIRCLE('',#3273,0.0031);
#2440=CIRCLE('',#3275,0.002);
#2441=CIRCLE('',#3276,0.002);
#2442=CIRCLE('',#3278,0.003);
#2443=CIRCLE('',#3279,0.003);
#2444=CIRCLE('',#3282,0.01175);
#2445=CIRCLE('',#3283,0.01175);
#2446=CIRCLE('',#3286,0.003);
#2447=CIRCLE('',#3287,0.003);
#2448=CIRCLE('',#3289,0.002);
#2449=CIRCLE('',#3290,0.002);
#2450=CIRCLE('',#3295,0.005);
#2451=CIRCLE('',#3296,0.005);
#2452=CIRCLE('',#3299,0.005);
#2453=CIRCLE('',#3300,0.005);
#2454=CIRCLE('',#3302,0.0175);
#2455=CIRCLE('',#3303,0.0175);
#2456=CIRCLE('',#3306,0.0045);
#2457=CIRCLE('',#3307,0.0045);
#2458=CIRCLE('',#3310,0.0175);
#2459=CIRCLE('',#3311,0.0175);
#2460=CIRCLE('',#3314,0.0045);
#2461=CIRCLE('',#3315,0.0045);
#2462=CIRCLE('',#3317,0.0134);
#2463=CIRCLE('',#3318,0.0134);
#2464=CIRCLE('',#3319,0.0134);
#2465=CIRCLE('',#3320,0.0134);
#2466=CIRCLE('',#3321,0.0134);
#2467=CIRCLE('',#3322,0.0134);
#2468=CIRCLE('',#3324,0.002);
#2469=CIRCLE('',#3325,0.002);
#2470=CIRCLE('',#3326,0.002);
#2471=CIRCLE('',#3327,0.002);
#2472=CIRCLE('',#3329,0.002);
#2473=CIRCLE('',#3332,0.002);
#2474=CIRCLE('',#3334,0.002);
#2475=CIRCLE('',#3337,0.002);
#2476=CIRCLE('',#3339,0.0031);
#2477=CIRCLE('',#3342,0.0031);
#2478=CIRCLE('',#3361,0.002);
#2479=CIRCLE('',#3363,0.002);
#2480=CIRCLE('',#3365,0.002);
#2481=CIRCLE('',#3366,0.002);
#2482=CIRCLE('',#3368,0.002);
#2483=CIRCLE('',#3369,0.002);
#2484=CIRCLE('',#3371,0.002);
#2485=CIRCLE('',#3372,0.002);
#2486=CIRCLE('',#3374,0.002);
#2487=CIRCLE('',#3375,0.002);
#2488=CIRCLE('',#3377,0.002);
#2489=CIRCLE('',#3378,0.002);
#2490=CIRCLE('',#3380,0.002);
#2491=CIRCLE('',#3381,0.002);
#2492=CIRCLE('',#3383,0.002);
#2493=CIRCLE('',#3385,0.002);
#2494=EDGE_LOOP('',(#734));
#2495=EDGE_LOOP('',(#735));
#2496=EDGE_LOOP('',(#736));
#2497=EDGE_LOOP('',(#737));
#2498=EDGE_LOOP('',(#738));
#2499=EDGE_LOOP('',(#739));
#2500=EDGE_LOOP('',(#740,#741,#742,#743,#744,#745));
#2501=EDGE_LOOP('',(#746,#747,#748,#749,#750,#751));
#2502=EDGE_LOOP('',(#752,#753,#754,#755,#756,#757,#758,#759,#760,#761,#762,
#763,#764,#765,#766,#767,#768,#769,#770,#771,#772,#773,#774,#775,#776,#777,
#778,#779,#780,#781,#782,#783,#784,#785));
#2503=EDGE_LOOP('',(#786,#787,#788,#789,#790,#791));
#2504=EDGE_LOOP('',(#792,#793,#794,#795,#796));
#2505=EDGE_LOOP('',(#797,#798,#799,#800,#801));
#2506=EDGE_LOOP('',(#802,#803,#804,#805,#806,#807,#808));
#2507=EDGE_LOOP('',(#809,#810,#811,#812,#813));
#2508=EDGE_LOOP('',(#814,#815,#816,#817,#818));
#2509=EDGE_LOOP('',(#819,#820,#821,#822,#823,#824,#825,#826,#827));
#2510=EDGE_LOOP('',(#828,#829,#830,#831,#832));
#2511=EDGE_LOOP('',(#833));
#2512=EDGE_LOOP('',(#834));
#2513=EDGE_LOOP('',(#835));
#2514=EDGE_LOOP('',(#836));
#2515=EDGE_LOOP('',(#837,#838,#839,#840));
#2516=EDGE_LOOP('',(#841,#842,#843,#844));
#2517=EDGE_LOOP('',(#845));
#2518=EDGE_LOOP('',(#846));
#2519=EDGE_LOOP('',(#847));
#2520=EDGE_LOOP('',(#848));
#2521=EDGE_LOOP('',(#849));
#2522=EDGE_LOOP('',(#850,#851,#852,#853));
#2523=EDGE_LOOP('',(#854));
#2524=EDGE_LOOP('',(#855,#856,#857,#858));
#2525=EDGE_LOOP('',(#859,#860,#861,#862,#863,#864));
#2526=EDGE_LOOP('',(#865,#866,#867,#868));
#2527=EDGE_LOOP('',(#869,#870,#871,#872,#873,#874));
#2528=EDGE_LOOP('',(#875,#876,#877,#878));
#2529=EDGE_LOOP('',(#879,#880,#881,#882));
#2530=EDGE_LOOP('',(#883,#884,#885,#886));
#2531=EDGE_LOOP('',(#887,#888,#889,#890));
#2532=EDGE_LOOP('',(#891));
#2533=EDGE_LOOP('',(#892,#893,#894,#895,#896,#897));
#2534=EDGE_LOOP('',(#898));
#2535=EDGE_LOOP('',(#899,#900,#901,#902,#903,#904));
#2536=EDGE_LOOP('',(#905,#906,#907,#908,#909,#910,#911,#912,#913,#914,#915,
#916,#917,#918,#919,#920,#921,#922,#923,#924,#925,#926,#927,#928,#929,#930,
#931,#932,#933,#934,#935,#936,#937,#938));
#2537=EDGE_LOOP('',(#939));
#2538=EDGE_LOOP('',(#940));
#2539=EDGE_LOOP('',(#941));
#2540=EDGE_LOOP('',(#942,#943,#944,#945));
#2541=EDGE_LOOP('',(#946,#947,#948,#949));
#2542=EDGE_LOOP('',(#950,#951,#952,#953));
#2543=EDGE_LOOP('',(#954,#955,#956,#957));
#2544=EDGE_LOOP('',(#958,#959,#960,#961));
#2545=EDGE_LOOP('',(#962,#963,#964,#965,#966));
#2546=EDGE_LOOP('',(#967,#968,#969,#970,#971,#972));
#2547=EDGE_LOOP('',(#973,#974,#975,#976));
#2548=EDGE_LOOP('',(#977,#978,#979,#980,#981,#982));
#2549=EDGE_LOOP('',(#983,#984,#985,#986));
#2550=EDGE_LOOP('',(#987,#988,#989,#990));
#2551=EDGE_LOOP('',(#991,#992,#993,#994));
#2552=EDGE_LOOP('',(#995,#996,#997,#998));
#2553=EDGE_LOOP('',(#999,#1000,#1001,#1002));
#2554=EDGE_LOOP('',(#1003,#1004,#1005,#1006,#1007,#1008,#1009));
#2555=EDGE_LOOP('',(#1010,#1011,#1012,#1013,#1014));
#2556=EDGE_LOOP('',(#1015,#1016,#1017,#1018,#1019,#1020,#1021,#1022,#1023));
#2557=EDGE_LOOP('',(#1024,#1025,#1026,#1027,#1028));
#2558=EDGE_LOOP('',(#1029,#1030,#1031,#1032));
#2559=EDGE_LOOP('',(#1033,#1034,#1035,#1036));
#2560=EDGE_LOOP('',(#1037,#1038,#1039,#1040));
#2561=EDGE_LOOP('',(#1041,#1042,#1043,#1044));
#2562=EDGE_LOOP('',(#1045,#1046,#1047,#1048));
#2563=EDGE_LOOP('',(#1049,#1050,#1051,#1052));
#2564=EDGE_LOOP('',(#1053,#1054,#1055,#1056,#1057,#1058,#1059,#1060,#1061,
#1062,#1063,#1064));
#2565=EDGE_LOOP('',(#1065,#1066,#1067,#1068,#1069,#1070,#1071,#1072));
#2566=EDGE_LOOP('',(#1073,#1074,#1075,#1076,#1077,#1078,#1079,#1080,#1081,
#1082));
#2567=EDGE_LOOP('',(#1083,#1084,#1085,#1086,#1087,#1088));
#2568=EDGE_LOOP('',(#1089,#1090,#1091,#1092,#1093,#1094,#1095,#1096,#1097,
#1098));
#2569=EDGE_LOOP('',(#1099,#1100,#1101,#1102,#1103,#1104,#1105,#1106,#1107,
#1108));
#2570=EDGE_LOOP('',(#1109,#1110,#1111,#1112,#1113,#1114));
#2571=EDGE_LOOP('',(#1115,#1116,#1117,#1118,#1119,#1120,#1121,#1122,#1123,
#1124));
#2572=EDGE_LOOP('',(#1125));
#2573=EDGE_LOOP('',(#1126));
#2574=EDGE_LOOP('',(#1127,#1128,#1129,#1130));
#2575=EDGE_LOOP('',(#1131));
#2576=EDGE_LOOP('',(#1132));
#2577=EDGE_LOOP('',(#1133));
#2578=EDGE_LOOP('',(#1134,#1135,#1136,#1137));
#2579=EDGE_LOOP('',(#1138));
#2580=EDGE_LOOP('',(#1139,#1140,#1141,#1142,#1143));
#2581=EDGE_LOOP('',(#1144,#1145,#1146,#1147,#1148));
#2582=EDGE_LOOP('',(#1149,#1150,#1151,#1152,#1153,#1154));
#2583=EDGE_LOOP('',(#1155));
#2584=EDGE_LOOP('',(#1156,#1157,#1158,#1159,#1160));
#2585=EDGE_LOOP('',(#1161,#1162,#1163,#1164));
#2586=EDGE_LOOP('',(#1165,#1166,#1167,#1168));
#2587=EDGE_LOOP('',(#1169,#1170,#1171,#1172,#1173));
#2588=EDGE_LOOP('',(#1174,#1175,#1176,#1177,#1178));
#2589=EDGE_LOOP('',(#1179,#1180,#1181,#1182,#1183));
#2590=EDGE_LOOP('',(#1184,#1185,#1186,#1187,#1188,#1189));
#2591=EDGE_LOOP('',(#1190));
#2592=EDGE_LOOP('',(#1191,#1192,#1193,#1194,#1195));
#2593=EDGE_LOOP('',(#1196,#1197,#1198,#1199));
#2594=EDGE_LOOP('',(#1200,#1201,#1202,#1203));
#2595=EDGE_LOOP('',(#1204,#1205,#1206,#1207,#1208));
#2596=EDGE_LOOP('',(#1209,#1210,#1211,#1212));
#2597=EDGE_LOOP('',(#1213,#1214,#1215,#1216));
#2598=EDGE_LOOP('',(#1217,#1218,#1219,#1220));
#2599=EDGE_LOOP('',(#1221,#1222,#1223,#1224));
#2600=EDGE_LOOP('',(#1225,#1226,#1227,#1228,#1229,#1230));
#2601=EDGE_LOOP('',(#1231,#1232,#1233,#1234));
#2602=EDGE_LOOP('',(#1235,#1236,#1237,#1238));
#2603=EDGE_LOOP('',(#1239,#1240,#1241,#1242));
#2604=EDGE_LOOP('',(#1243,#1244,#1245,#1246));
#2605=EDGE_LOOP('',(#1247,#1248,#1249,#1250,#1251,#1252));
#2606=EDGE_LOOP('',(#1253,#1254,#1255,#1256));
#2607=EDGE_LOOP('',(#1257,#1258,#1259,#1260));
#2608=EDGE_LOOP('',(#1261,#1262,#1263,#1264));
#2609=EDGE_LOOP('',(#1265,#1266,#1267,#1268));
#2610=EDGE_LOOP('',(#1269,#1270,#1271,#1272));
#2611=EDGE_LOOP('',(#1273,#1274,#1275,#1276));
#2612=EDGE_LOOP('',(#1277,#1278,#1279,#1280));
#2613=EDGE_LOOP('',(#1281,#1282,#1283,#1284));
#2614=EDGE_LOOP('',(#1285,#1286,#1287,#1288));
#2615=EDGE_LOOP('',(#1289,#1290,#1291,#1292));
#2616=EDGE_LOOP('',(#1293,#1294,#1295,#1296));
#2617=EDGE_LOOP('',(#1297,#1298,#1299,#1300));
#2618=EDGE_LOOP('',(#1301,#1302,#1303,#1304));
#2619=EDGE_LOOP('',(#1305,#1306,#1307,#1308));
#2620=EDGE_LOOP('',(#1309,#1310,#1311,#1312));
#2621=EDGE_LOOP('',(#1313,#1314,#1315,#1316));
#2622=EDGE_LOOP('',(#1317,#1318,#1319,#1320));
#2623=EDGE_LOOP('',(#1321,#1322,#1323,#1324));
#2624=EDGE_LOOP('',(#1325,#1326,#1327,#1328));
#2625=EDGE_LOOP('',(#1329,#1330,#1331,#1332));
#2626=EDGE_LOOP('',(#1333,#1334,#1335,#1336));
#2627=EDGE_LOOP('',(#1337,#1338,#1339,#1340));
#2628=EDGE_LOOP('',(#1341,#1342,#1343,#1344));
#2629=EDGE_LOOP('',(#1345,#1346,#1347,#1348));
#2630=EDGE_LOOP('',(#1349,#1350,#1351,#1352));
#2631=EDGE_LOOP('',(#1353,#1354,#1355,#1356));
#2632=EDGE_LOOP('',(#1357,#1358,#1359,#1360));
#2633=EDGE_LOOP('',(#1361,#1362,#1363,#1364));
#2634=EDGE_LOOP('',(#1365,#1366,#1367,#1368));
#2635=EDGE_LOOP('',(#1369,#1370,#1371,#1372));
#2636=EDGE_LOOP('',(#1373,#1374,#1375,#1376));
#2637=EDGE_LOOP('',(#1377,#1378,#1379,#1380));
#2638=EDGE_LOOP('',(#1381,#1382,#1383,#1384));
#2639=EDGE_LOOP('',(#1385,#1386,#1387,#1388));
#2640=EDGE_LOOP('',(#1389,#1390,#1391,#1392));
#2641=EDGE_LOOP('',(#1393,#1394,#1395,#1396));
#2642=EDGE_LOOP('',(#1397,#1398,#1399,#1400));
#2643=EDGE_LOOP('',(#1401,#1402,#1403,#1404));
#2644=EDGE_LOOP('',(#1405,#1406,#1407,#1408));
#2645=EDGE_LOOP('',(#1409,#1410,#1411,#1412));
#2646=EDGE_LOOP('',(#1413,#1414,#1415,#1416));
#2647=EDGE_LOOP('',(#1417,#1418,#1419,#1420));
#2648=EDGE_LOOP('',(#1421,#1422,#1423,#1424));
#2649=EDGE_LOOP('',(#1425,#1426,#1427,#1428));
#2650=EDGE_LOOP('',(#1429,#1430,#1431,#1432));
#2651=EDGE_LOOP('',(#1433,#1434,#1435,#1436));
#2652=EDGE_LOOP('',(#1437,#1438,#1439,#1440));
#2653=EDGE_LOOP('',(#1441,#1442,#1443,#1444));
#2654=EDGE_LOOP('',(#1445,#1446,#1447,#1448));
#2655=EDGE_LOOP('',(#1449,#1450,#1451,#1452));
#2656=EDGE_LOOP('',(#1453,#1454,#1455,#1456));
#2657=EDGE_LOOP('',(#1457,#1458,#1459,#1460));
#2658=EDGE_LOOP('',(#1461,#1462,#1463,#1464));
#2659=EDGE_LOOP('',(#1465,#1466,#1467,#1468));
#2660=EDGE_LOOP('',(#1469,#1470,#1471,#1472));
#2661=EDGE_LOOP('',(#1473,#1474,#1475,#1476));
#2662=EDGE_LOOP('',(#1477,#1478,#1479,#1480));
#2663=EDGE_LOOP('',(#1481,#1482,#1483,#1484));
#2664=EDGE_LOOP('',(#1485,#1486,#1487,#1488));
#2665=EDGE_LOOP('',(#1489,#1490,#1491,#1492));
#2666=EDGE_LOOP('',(#1493,#1494,#1495,#1496));
#2667=EDGE_LOOP('',(#1497,#1498,#1499,#1500));
#2668=EDGE_LOOP('',(#1501,#1502,#1503,#1504));
#2669=EDGE_LOOP('',(#1505,#1506,#1507,#1508));
#2670=EDGE_LOOP('',(#1509,#1510,#1511,#1512));
#2671=EDGE_LOOP('',(#1513,#1514,#1515,#1516));
#2672=EDGE_LOOP('',(#1517,#1518,#1519,#1520));
#2673=EDGE_LOOP('',(#1521,#1522,#1523,#1524));
#2674=EDGE_LOOP('',(#1525,#1526,#1527,#1528));
#2675=EDGE_LOOP('',(#1529,#1530,#1531,#1532));
#2676=EDGE_LOOP('',(#1533,#1534,#1535,#1536,#1537,#1538));
#2677=EDGE_LOOP('',(#1539));
#2678=EDGE_LOOP('',(#1540,#1541,#1542,#1543));
#2679=EDGE_LOOP('',(#1544,#1545,#1546,#1547));
#2680=EDGE_LOOP('',(#1548,#1549,#1550,#1551));
#2681=EDGE_LOOP('',(#1552,#1553,#1554,#1555));
#2682=EDGE_LOOP('',(#1556,#1557,#1558,#1559));
#2683=EDGE_LOOP('',(#1560,#1561,#1562,#1563));
#2684=EDGE_LOOP('',(#1564,#1565,#1566,#1567));
#2685=EDGE_LOOP('',(#1568,#1569,#1570,#1571));
#2686=EDGE_LOOP('',(#1572,#1573,#1574,#1575));
#2687=EDGE_LOOP('',(#1576,#1577,#1578,#1579));
#2688=EDGE_LOOP('',(#1580,#1581,#1582,#1583));
#2689=EDGE_LOOP('',(#1584,#1585,#1586,#1587));
#2690=EDGE_LOOP('',(#1588));
#2691=EDGE_LOOP('',(#1589,#1590,#1591,#1592,#1593,#1594));
#2692=EDGE_LOOP('',(#1595,#1596,#1597,#1598));
#2693=EDGE_LOOP('',(#1599,#1600,#1601,#1602));
#2694=EDGE_LOOP('',(#1603,#1604,#1605,#1606));
#2695=EDGE_LOOP('',(#1607,#1608,#1609,#1610));
#2696=EDGE_LOOP('',(#1611,#1612,#1613,#1614));
#2697=EDGE_LOOP('',(#1615,#1616,#1617,#1618));
#2698=EDGE_LOOP('',(#1619));
#2699=EDGE_LOOP('',(#1620,#1621,#1622,#1623,#1624,#1625));
#2700=FACE_BOUND('',#2494,.T.);
#2701=FACE_BOUND('',#2495,.T.);
#2702=FACE_BOUND('',#2496,.T.);
#2703=FACE_BOUND('',#2497,.T.);
#2704=FACE_BOUND('',#2498,.T.);
#2705=FACE_BOUND('',#2499,.T.);
#2706=FACE_BOUND('',#2500,.T.);
#2707=FACE_BOUND('',#2501,.T.);
#2708=FACE_BOUND('',#2502,.T.);
#2709=FACE_BOUND('',#2503,.T.);
#2710=FACE_BOUND('',#2504,.T.);
#2711=FACE_BOUND('',#2505,.T.);
#2712=FACE_BOUND('',#2506,.T.);
#2713=FACE_BOUND('',#2507,.T.);
#2714=FACE_BOUND('',#2508,.T.);
#2715=FACE_BOUND('',#2509,.T.);
#2716=FACE_BOUND('',#2510,.T.);
#2717=FACE_BOUND('',#2511,.T.);
#2718=FACE_BOUND('',#2512,.T.);
#2719=FACE_BOUND('',#2513,.T.);
#2720=FACE_BOUND('',#2514,.T.);
#2721=FACE_BOUND('',#2515,.T.);
#2722=FACE_BOUND('',#2516,.T.);
#2723=FACE_BOUND('',#2517,.T.);
#2724=FACE_BOUND('',#2518,.T.);
#2725=FACE_BOUND('',#2519,.T.);
#2726=FACE_BOUND('',#2520,.T.);
#2727=FACE_BOUND('',#2521,.T.);
#2728=FACE_BOUND('',#2522,.T.);
#2729=FACE_BOUND('',#2523,.T.);
#2730=FACE_BOUND('',#2524,.T.);
#2731=FACE_BOUND('',#2525,.T.);
#2732=FACE_BOUND('',#2526,.T.);
#2733=FACE_BOUND('',#2527,.T.);
#2734=FACE_BOUND('',#2528,.T.);
#2735=FACE_BOUND('',#2529,.T.);
#2736=FACE_BOUND('',#2530,.T.);
#2737=FACE_BOUND('',#2531,.T.);
#2738=FACE_BOUND('',#2532,.T.);
#2739=FACE_BOUND('',#2533,.T.);
#2740=FACE_BOUND('',#2534,.T.);
#2741=FACE_BOUND('',#2535,.T.);
#2742=FACE_BOUND('',#2536,.T.);
#2743=FACE_BOUND('',#2537,.T.);
#2744=FACE_BOUND('',#2538,.T.);
#2745=FACE_BOUND('',#2539,.T.);
#2746=FACE_BOUND('',#2540,.T.);
#2747=FACE_BOUND('',#2541,.T.);
#2748=FACE_BOUND('',#2542,.T.);
#2749=FACE_BOUND('',#2543,.T.);
#2750=FACE_BOUND('',#2544,.T.);
#2751=FACE_BOUND('',#2545,.T.);
#2752=FACE_BOUND('',#2546,.T.);
#2753=FACE_BOUND('',#2547,.T.);
#2754=FACE_BOUND('',#2548,.T.);
#2755=FACE_BOUND('',#2549,.T.);
#2756=FACE_BOUND('',#2550,.T.);
#2757=FACE_BOUND('',#2551,.T.);
#2758=FACE_BOUND('',#2552,.T.);
#2759=FACE_BOUND('',#2553,.T.);
#2760=FACE_BOUND('',#2554,.T.);
#2761=FACE_BOUND('',#2555,.T.);
#2762=FACE_BOUND('',#2556,.T.);
#2763=FACE_BOUND('',#2557,.T.);
#2764=FACE_BOUND('',#2558,.T.);
#2765=FACE_BOUND('',#2559,.T.);
#2766=FACE_BOUND('',#2560,.T.);
#2767=FACE_BOUND('',#2561,.T.);
#2768=FACE_BOUND('',#2562,.T.);
#2769=FACE_BOUND('',#2563,.T.);
#2770=FACE_BOUND('',#2564,.T.);
#2771=FACE_BOUND('',#2565,.T.);
#2772=FACE_BOUND('',#2566,.T.);
#2773=FACE_BOUND('',#2567,.T.);
#2774=FACE_BOUND('',#2568,.T.);
#2775=FACE_BOUND('',#2569,.T.);
#2776=FACE_BOUND('',#2570,.T.);
#2777=FACE_BOUND('',#2571,.T.);
#2778=FACE_BOUND('',#2572,.T.);
#2779=FACE_BOUND('',#2573,.T.);
#2780=FACE_BOUND('',#2574,.T.);
#2781=FACE_BOUND('',#2575,.T.);
#2782=FACE_BOUND('',#2576,.T.);
#2783=FACE_BOUND('',#2577,.T.);
#2784=FACE_BOUND('',#2578,.T.);
#2785=FACE_BOUND('',#2579,.T.);
#2786=FACE_BOUND('',#2580,.T.);
#2787=FACE_BOUND('',#2581,.T.);
#2788=FACE_BOUND('',#2582,.T.);
#2789=FACE_BOUND('',#2583,.T.);
#2790=FACE_BOUND('',#2584,.T.);
#2791=FACE_BOUND('',#2585,.T.);
#2792=FACE_BOUND('',#2586,.T.);
#2793=FACE_BOUND('',#2587,.T.);
#2794=FACE_BOUND('',#2588,.T.);
#2795=FACE_BOUND('',#2589,.T.);
#2796=FACE_BOUND('',#2590,.T.);
#2797=FACE_BOUND('',#2591,.T.);
#2798=FACE_BOUND('',#2592,.T.);
#2799=FACE_BOUND('',#2593,.T.);
#2800=FACE_BOUND('',#2594,.T.);
#2801=FACE_BOUND('',#2595,.T.);
#2802=FACE_BOUND('',#2596,.T.);
#2803=FACE_BOUND('',#2597,.T.);
#2804=FACE_BOUND('',#2598,.T.);
#2805=FACE_BOUND('',#2599,.T.);
#2806=FACE_BOUND('',#2600,.T.);
#2807=FACE_BOUND('',#2601,.T.);
#2808=FACE_BOUND('',#2602,.T.);
#2809=FACE_BOUND('',#2603,.T.);
#2810=FACE_BOUND('',#2604,.T.);
#2811=FACE_BOUND('',#2605,.T.);
#2812=FACE_BOUND('',#2606,.T.);
#2813=FACE_BOUND('',#2607,.T.);
#2814=FACE_BOUND('',#2608,.T.);
#2815=FACE_BOUND('',#2609,.T.);
#2816=FACE_BOUND('',#2610,.T.);
#2817=FACE_BOUND('',#2611,.T.);
#2818=FACE_BOUND('',#2612,.T.);
#2819=FACE_BOUND('',#2613,.T.);
#2820=FACE_BOUND('',#2614,.T.);
#2821=FACE_BOUND('',#2615,.T.);
#2822=FACE_BOUND('',#2616,.T.);
#2823=FACE_BOUND('',#2617,.T.);
#2824=FACE_BOUND('',#2618,.T.);
#2825=FACE_BOUND('',#2619,.T.);
#2826=FACE_BOUND('',#2620,.T.);
#2827=FACE_BOUND('',#2621,.T.);
#2828=FACE_BOUND('',#2622,.T.);
#2829=FACE_BOUND('',#2623,.T.);
#2830=FACE_BOUND('',#2624,.T.);
#2831=FACE_BOUND('',#2625,.T.);
#2832=FACE_BOUND('',#2626,.T.);
#2833=FACE_BOUND('',#2627,.T.);
#2834=FACE_BOUND('',#2628,.T.);
#2835=FACE_BOUND('',#2629,.T.);
#2836=FACE_BOUND('',#2630,.T.);
#2837=FACE_BOUND('',#2631,.T.);
#2838=FACE_BOUND('',#2632,.T.);
#2839=FACE_BOUND('',#2633,.T.);
#2840=FACE_BOUND('',#2634,.T.);
#2841=FACE_BOUND('',#2635,.T.);
#2842=FACE_BOUND('',#2636,.T.);
#2843=FACE_BOUND('',#2637,.T.);
#2844=FACE_BOUND('',#2638,.T.);
#2845=FACE_BOUND('',#2639,.T.);
#2846=FACE_BOUND('',#2640,.T.);
#2847=FACE_BOUND('',#2641,.T.);
#2848=FACE_BOUND('',#2642,.T.);
#2849=FACE_BOUND('',#2643,.T.);
#2850=FACE_BOUND('',#2644,.T.);
#2851=FACE_BOUND('',#2645,.T.);
#2852=FACE_BOUND('',#2646,.T.);
#2853=FACE_BOUND('',#2647,.T.);
#2854=FACE_BOUND('',#2648,.T.);
#2855=FACE_BOUND('',#2649,.T.);
#2856=FACE_BOUND('',#2650,.T.);
#2857=FACE_BOUND('',#2651,.T.);
#2858=FACE_BOUND('',#2652,.T.);
#2859=FACE_BOUND('',#2653,.T.);
#2860=FACE_BOUND('',#2654,.T.);
#2861=FACE_BOUND('',#2655,.T.);
#2862=FACE_BOUND('',#2656,.T.);
#2863=FACE_BOUND('',#2657,.T.);
#2864=FACE_BOUND('',#2658,.T.);
#2865=FACE_BOUND('',#2659,.T.);
#2866=FACE_BOUND('',#2660,.T.);
#2867=FACE_BOUND('',#2661,.T.);
#2868=FACE_BOUND('',#2662,.T.);
#2869=FACE_BOUND('',#2663,.T.);
#2870=FACE_BOUND('',#2664,.T.);
#2871=FACE_BOUND('',#2665,.T.);
#2872=FACE_BOUND('',#2666,.T.);
#2873=FACE_BOUND('',#2667,.T.);
#2874=FACE_BOUND('',#2668,.T.);
#2875=FACE_BOUND('',#2669,.T.);
#2876=FACE_BOUND('',#2670,.T.);
#2877=FACE_BOUND('',#2671,.T.);
#2878=FACE_BOUND('',#2672,.T.);
#2879=FACE_BOUND('',#2673,.T.);
#2880=FACE_BOUND('',#2674,.T.);
#2881=FACE_BOUND('',#2675,.T.);
#2882=FACE_BOUND('',#2676,.T.);
#2883=FACE_BOUND('',#2677,.T.);
#2884=FACE_BOUND('',#2678,.T.);
#2885=FACE_BOUND('',#2679,.T.);
#2886=FACE_BOUND('',#2680,.T.);
#2887=FACE_BOUND('',#2681,.T.);
#2888=FACE_BOUND('',#2682,.T.);
#2889=FACE_BOUND('',#2683,.T.);
#2890=FACE_BOUND('',#2684,.T.);
#2891=FACE_BOUND('',#2685,.T.);
#2892=FACE_BOUND('',#2686,.T.);
#2893=FACE_BOUND('',#2687,.T.);
#2894=FACE_BOUND('',#2688,.T.);
#2895=FACE_BOUND('',#2689,.T.);
#2896=FACE_BOUND('',#2690,.T.);
#2897=FACE_BOUND('',#2691,.T.);
#2898=FACE_BOUND('',#2692,.T.);
#2899=FACE_BOUND('',#2693,.T.);
#2900=FACE_BOUND('',#2694,.T.);
#2901=FACE_BOUND('',#2695,.T.);
#2902=FACE_BOUND('',#2696,.T.);
#2903=FACE_BOUND('',#2697,.T.);
#2904=FACE_BOUND('',#2698,.T.);
#2905=FACE_BOUND('',#2699,.T.);
#2906=CYLINDRICAL_SURFACE('',#3145,0.0016);
#2907=CYLINDRICAL_SURFACE('',#3148,0.0016);
#2908=CYLINDRICAL_SURFACE('',#3151,0.0016);
#2909=CYLINDRICAL_SURFACE('',#3177,0.0175);
#2910=CYLINDRICAL_SURFACE('',#3180,0.0175);
#2911=CYLINDRICAL_SURFACE('',#3183,0.002);
#2912=CYLINDRICAL_SURFACE('',#3190,0.005);
#2913=CYLINDRICAL_SURFACE('',#3198,0.0016);
#2914=CYLINDRICAL_SURFACE('',#3201,0.0016);
#2915=CYLINDRICAL_SURFACE('',#3208,0.0016);
#2916=CYLINDRICAL_SURFACE('',#3211,0.0016);
#2917=CYLINDRICAL_SURFACE('',#3216,0.005);
#2918=CYLINDRICAL_SURFACE('',#3221,0.002);
#2919=CYLINDRICAL_SURFACE('',#3224,0.003);
#2920=CYLINDRICAL_SURFACE('',#3229,0.003);
#2921=CYLINDRICAL_SURFACE('',#3258,0.0175);
#2922=CYLINDRICAL_SURFACE('',#3262,0.0045);
#2923=CYLINDRICAL_SURFACE('',#3266,0.0175);
#2924=CYLINDRICAL_SURFACE('',#3269,0.005);
#2925=CYLINDRICAL_SURFACE('',#3274,0.002);
#2926=CYLINDRICAL_SURFACE('',#3277,0.003);
#2927=CYLINDRICAL_SURFACE('',#3281,0.01175);
#2928=CYLINDRICAL_SURFACE('',#3285,0.003);
#2929=CYLINDRICAL_SURFACE('',#3288,0.002);
#2930=CYLINDRICAL_SURFACE('',#3294,0.005);
#2931=CYLINDRICAL_SURFACE('',#3301,0.0175);
#2932=CYLINDRICAL_SURFACE('',#3305,0.0045);
#2933=CYLINDRICAL_SURFACE('',#3309,0.0175);
#2934=CYLINDRICAL_SURFACE('',#3313,0.0045);
#2935=CYLINDRICAL_SURFACE('',#3316,0.0134);
#2936=CYLINDRICAL_SURFACE('',#3330,0.00075);
#2937=CYLINDRICAL_SURFACE('',#3335,0.00075);
#2938=CYLINDRICAL_SURFACE('',#3340,0.0031);
#2939=CYLINDRICAL_SURFACE('',#3343,0.0031);
#2940=CYLINDRICAL_SURFACE('',#3358,0.002);
#2941=CYLINDRICAL_SURFACE('',#3359,0.002);
#2942=CYLINDRICAL_SURFACE('',#3360,0.002);
#2943=CYLINDRICAL_SURFACE('',#3362,0.002);
#2944=CYLINDRICAL_SURFACE('',#3364,0.002);
#2945=CYLINDRICAL_SURFACE('',#3367,0.002);
#2946=CYLINDRICAL_SURFACE('',#3370,0.002);
#2947=CYLINDRICAL_SURFACE('',#3373,0.002);
#2948=CYLINDRICAL_SURFACE('',#3376,0.002);
#2949=CYLINDRICAL_SURFACE('',#3379,0.002);
#2950=CYLINDRICAL_SURFACE('',#3382,0.002);
#2951=CYLINDRICAL_SURFACE('',#3384,0.002);
#2952=ADVANCED_FACE('',(#2700,#2701),#2906,.F.);
#2953=ADVANCED_FACE('',(#2702,#2703),#2907,.F.);
#2954=ADVANCED_FACE('',(#2704,#2705),#2908,.F.);
#2955=ADVANCED_FACE('',(#2706,#2707,#2708,#2709),#644,.T.);
#2956=ADVANCED_FACE('',(#2710),#2909,.T.);
#2957=ADVANCED_FACE('',(#2711),#2910,.T.);
#2958=ADVANCED_FACE('',(#2712),#2911,.F.);
#2959=ADVANCED_FACE('',(#2713),#645,.T.);
#2960=ADVANCED_FACE('',(#2714),#646,.T.);
#2961=ADVANCED_FACE('',(#2715),#2912,.F.);
#2962=ADVANCED_FACE('',(#2716),#647,.T.);
#2963=ADVANCED_FACE('',(#2717,#2718),#2913,.F.);
#2964=ADVANCED_FACE('',(#2719,#2720),#2914,.F.);
#2965=ADVANCED_FACE('',(#2721),#648,.F.);
#2966=ADVANCED_FACE('',(#2722),#649,.F.);
#2967=ADVANCED_FACE('',(#2723,#2724),#2915,.F.);
#2968=ADVANCED_FACE('',(#2725,#2726),#2916,.F.);
#2969=ADVANCED_FACE('',(#2727,#2728),#650,.T.);
#2970=ADVANCED_FACE('',(#2729,#2730),#651,.T.);
#2971=ADVANCED_FACE('',(#2731),#2917,.F.);
#2972=ADVANCED_FACE('',(#2732),#652,.F.);
#2973=ADVANCED_FACE('',(#2733),#2918,.F.);
#2974=ADVANCED_FACE('',(#2734),#2919,.T.);
#2975=ADVANCED_FACE('',(#2735),#653,.F.);
#2976=ADVANCED_FACE('',(#2736),#654,.T.);
#2977=ADVANCED_FACE('',(#2737),#2920,.T.);
#2978=ADVANCED_FACE('',(#2738,#2739),#655,.T.);
#2979=ADVANCED_FACE('',(#2740,#2741),#656,.T.);
#2980=ADVANCED_FACE('',(#2742,#2743,#2744,#2745),#657,.F.);
#2981=ADVANCED_FACE('',(#2746),#658,.T.);
#2982=ADVANCED_FACE('',(#2747),#2921,.T.);
#2983=ADVANCED_FACE('',(#2748),#659,.F.);
#2984=ADVANCED_FACE('',(#2749),#2922,.T.);
#2985=ADVANCED_FACE('',(#2750),#660,.T.);
#2986=ADVANCED_FACE('',(#2751),#2923,.T.);
#2987=ADVANCED_FACE('',(#2752),#2924,.F.);
#2988=ADVANCED_FACE('',(#2753),#661,.F.);
#2989=ADVANCED_FACE('',(#2754),#2925,.F.);
#2990=ADVANCED_FACE('',(#2755),#2926,.T.);
#2991=ADVANCED_FACE('',(#2756),#662,.F.);
#2992=ADVANCED_FACE('',(#2757),#2927,.F.);
#2993=ADVANCED_FACE('',(#2758),#663,.T.);
#2994=ADVANCED_FACE('',(#2759),#2928,.T.);
#2995=ADVANCED_FACE('',(#2760),#2929,.F.);
#2996=ADVANCED_FACE('',(#2761),#664,.T.);
#2997=ADVANCED_FACE('',(#2762),#2930,.F.);
#2998=ADVANCED_FACE('',(#2763),#2931,.T.);
#2999=ADVANCED_FACE('',(#2764),#665,.F.);
#3000=ADVANCED_FACE('',(#2765),#2932,.T.);
#3001=ADVANCED_FACE('',(#2766),#666,.T.);
#3002=ADVANCED_FACE('',(#2767),#2933,.T.);
#3003=ADVANCED_FACE('',(#2768),#667,.F.);
#3004=ADVANCED_FACE('',(#2769),#2934,.T.);
#3005=ADVANCED_FACE('',(#2770),#2935,.F.);
#3006=ADVANCED_FACE('',(#2771),#668,.F.);
#3007=ADVANCED_FACE('',(#2772),#669,.T.);
#3008=ADVANCED_FACE('',(#2773),#2936,.F.);
#3009=ADVANCED_FACE('',(#2774),#670,.F.);
#3010=ADVANCED_FACE('',(#2775),#671,.F.);
#3011=ADVANCED_FACE('',(#2776),#2937,.F.);
#3012=ADVANCED_FACE('',(#2777),#672,.T.);
#3013=ADVANCED_FACE('',(#2778,#2779),#673,.T.);
#3014=ADVANCED_FACE('',(#2780,#2781),#2938,.F.);
#3015=ADVANCED_FACE('',(#2782,#2783),#674,.T.);
#3016=ADVANCED_FACE('',(#2784,#2785),#2939,.F.);
#3017=ADVANCED_FACE('',(#2786),#675,.F.);
#3018=ADVANCED_FACE('',(#2787),#676,.F.);
#3019=ADVANCED_FACE('',(#2788,#2789),#677,.T.);
#3020=ADVANCED_FACE('',(#2790),#678,.F.);
#3021=ADVANCED_FACE('',(#2791),#679,.F.);
#3022=ADVANCED_FACE('',(#2792),#680,.F.);
#3023=ADVANCED_FACE('',(#2793),#681,.F.);
#3024=ADVANCED_FACE('',(#2794),#682,.T.);
#3025=ADVANCED_FACE('',(#2795),#683,.T.);
#3026=ADVANCED_FACE('',(#2796,#2797),#684,.T.);
#3027=ADVANCED_FACE('',(#2798),#685,.T.);
#3028=ADVANCED_FACE('',(#2799),#686,.T.);
#3029=ADVANCED_FACE('',(#2800),#687,.T.);
#3030=ADVANCED_FACE('',(#2801),#688,.T.);
#3031=ADVANCED_FACE('',(#2802),#2940,.T.);
#3032=ADVANCED_FACE('',(#2803),#2941,.T.);
#3033=ADVANCED_FACE('',(#2804),#2942,.T.);
#3034=ADVANCED_FACE('',(#2805),#2943,.T.);
#3035=ADVANCED_FACE('',(#2806),#2944,.F.);
#3036=ADVANCED_FACE('',(#2807),#2945,.F.);
#3037=ADVANCED_FACE('',(#2808),#2946,.F.);
#3038=ADVANCED_FACE('',(#2809),#2947,.F.);
#3039=ADVANCED_FACE('',(#2810),#2948,.F.);
#3040=ADVANCED_FACE('',(#2811),#2949,.F.);
#3041=ADVANCED_FACE('',(#2812),#2950,.T.);
#3042=ADVANCED_FACE('',(#2813),#2951,.T.);
#3043=ADVANCED_FACE('',(#2814),#12,.T.);
#3044=ADVANCED_FACE('',(#2815),#13,.F.);
#3045=ADVANCED_FACE('',(#2816),#689,.F.);
#3046=ADVANCED_FACE('',(#2817),#14,.T.);
#3047=ADVANCED_FACE('',(#2818),#690,.T.);
#3048=ADVANCED_FACE('',(#2819),#691,.F.);
#3049=ADVANCED_FACE('',(#2820),#15,.T.);
#3050=ADVANCED_FACE('',(#2821),#692,.F.);
#3051=ADVANCED_FACE('',(#2822),#16,.F.);
#3052=ADVANCED_FACE('',(#2823),#17,.T.);
#3053=ADVANCED_FACE('',(#2824),#693,.T.);
#3054=ADVANCED_FACE('',(#2825),#18,.F.);
#3055=ADVANCED_FACE('',(#2826),#19,.F.);
#3056=ADVANCED_FACE('',(#2827),#694,.F.);
#3057=ADVANCED_FACE('',(#2828),#20,.T.);
#3058=ADVANCED_FACE('',(#2829),#21,.F.);
#3059=ADVANCED_FACE('',(#2830),#22,.F.);
#3060=ADVANCED_FACE('',(#2831),#23,.T.);
#3061=ADVANCED_FACE('',(#2832),#695,.F.);
#3062=ADVANCED_FACE('',(#2833),#24,.F.);
#3063=ADVANCED_FACE('',(#2834),#25,.T.);
#3064=ADVANCED_FACE('',(#2835),#696,.T.);
#3065=ADVANCED_FACE('',(#2836),#697,.T.);
#3066=ADVANCED_FACE('',(#2837),#26,.T.);
#3067=ADVANCED_FACE('',(#2838),#27,.F.);
#3068=ADVANCED_FACE('',(#2839),#698,.F.);
#3069=ADVANCED_FACE('',(#2840),#28,.T.);
#3070=ADVANCED_FACE('',(#2841),#29,.F.);
#3071=ADVANCED_FACE('',(#2842),#30,.F.);
#3072=ADVANCED_FACE('',(#2843),#31,.T.);
#3073=ADVANCED_FACE('',(#2844),#699,.F.);
#3074=ADVANCED_FACE('',(#2845),#32,.F.);
#3075=ADVANCED_FACE('',(#2846),#33,.T.);
#3076=ADVANCED_FACE('',(#2847),#700,.T.);
#3077=ADVANCED_FACE('',(#2848),#34,.F.);
#3078=ADVANCED_FACE('',(#2849),#35,.T.);
#3079=ADVANCED_FACE('',(#2850),#701,.F.);
#3080=ADVANCED_FACE('',(#2851),#36,.F.);
#3081=ADVANCED_FACE('',(#2852),#37,.T.);
#3082=ADVANCED_FACE('',(#2853),#702,.T.);
#3083=ADVANCED_FACE('',(#2854),#703,.T.);
#3084=ADVANCED_FACE('',(#2855),#38,.T.);
#3085=ADVANCED_FACE('',(#2856),#39,.F.);
#3086=ADVANCED_FACE('',(#2857),#704,.F.);
#3087=ADVANCED_FACE('',(#2858),#40,.T.);
#3088=ADVANCED_FACE('',(#2859),#41,.F.);
#3089=ADVANCED_FACE('',(#2860),#42,.F.);
#3090=ADVANCED_FACE('',(#2861),#43,.T.);
#3091=ADVANCED_FACE('',(#2862),#705,.F.);
#3092=ADVANCED_FACE('',(#2863),#44,.F.);
#3093=ADVANCED_FACE('',(#2864),#45,.T.);
#3094=ADVANCED_FACE('',(#2865),#706,.T.);
#3095=ADVANCED_FACE('',(#2866),#707,.T.);
#3096=ADVANCED_FACE('',(#2867),#46,.F.);
#3097=ADVANCED_FACE('',(#2868),#47,.F.);
#3098=ADVANCED_FACE('',(#2869),#48,.T.);
#3099=ADVANCED_FACE('',(#2870),#49,.T.);
#3100=ADVANCED_FACE('',(#2871),#708,.T.);
#3101=ADVANCED_FACE('',(#2872),#50,.F.);
#3102=ADVANCED_FACE('',(#2873),#709,.T.);
#3103=ADVANCED_FACE('',(#2874),#710,.F.);
#3104=ADVANCED_FACE('',(#2875),#51,.T.);
#3105=ADVANCED_FACE('',(#2876),#52,.F.);
#3106=ADVANCED_FACE('',(#2877),#53,.F.);
#3107=ADVANCED_FACE('',(#2878),#54,.T.);
#3108=ADVANCED_FACE('',(#2879),#55,.T.);
#3109=ADVANCED_FACE('',(#2880),#711,.F.);
#3110=ADVANCED_FACE('',(#2881),#712,.T.);
#3111=ADVANCED_FACE('',(#2882,#2883),#713,.T.);
#3112=ADVANCED_FACE('',(#2884),#714,.T.);
#3113=ADVANCED_FACE('',(#2885),#715,.T.);
#3114=ADVANCED_FACE('',(#2886),#716,.T.);
#3115=ADVANCED_FACE('',(#2887),#717,.T.);
#3116=ADVANCED_FACE('',(#2888),#718,.T.);
#3117=ADVANCED_FACE('',(#2889),#719,.T.);
#3118=ADVANCED_FACE('',(#2890),#720,.T.);
#3119=ADVANCED_FACE('',(#2891),#721,.T.);
#3120=ADVANCED_FACE('',(#2892),#722,.T.);
#3121=ADVANCED_FACE('',(#2893),#723,.T.);
#3122=ADVANCED_FACE('',(#2894),#724,.T.);
#3123=ADVANCED_FACE('',(#2895),#725,.T.);
#3124=ADVANCED_FACE('',(#2896,#2897),#726,.T.);
#3125=ADVANCED_FACE('',(#2898),#727,.F.);
#3126=ADVANCED_FACE('',(#2899),#728,.F.);
#3127=ADVANCED_FACE('',(#2900),#729,.F.);
#3128=ADVANCED_FACE('',(#2901),#730,.F.);
#3129=ADVANCED_FACE('',(#2902),#731,.F.);
#3130=ADVANCED_FACE('',(#2903),#732,.F.);
#3131=ADVANCED_FACE('',(#2904,#2905),#733,.T.);
#3132=CLOSED_SHELL('',(#2952,#2953,#2954,#2955,#2956,#2957,#2958,#2959,
#2960,#2961,#2962,#2963,#2964,#2965,#2966,#2967,#2968,#2969,#2970,#2971,
#2972,#2973,#2974,#2975,#2976,#2977,#2978,#2979,#2980,#2981,#2982,#2983,
#2984,#2985,#2986,#2987,#2988,#2989,#2990,#2991,#2992,#2993,#2994,#2995,
#2996,#2997,#2998,#2999,#3000,#3001,#3002,#3003,#3004,#3005,#3006,#3007,
#3008,#3009,#3010,#3011,#3012,#3013,#3014,#3015,#3016,#3017,#3018,#3019,
#3020,#3021,#3022,#3023,#3024,#3025,#3026,#3027,#3028,#3029,#3030,#3031,
#3032,#3033,#3034,#3035,#3036,#3037,#3038,#3039,#3040,#3041,#3042,#3043,
#3044,#3045,#3046,#3047,#3048,#3049,#3050,#3051,#3052,#3053,#3054,#3055,
#3056,#3057,#3058,#3059,#3060,#3061,#3062,#3063,#3064,#3065,#3066,#3067,
#3068,#3069,#3070,#3071,#3072,#3073,#3074,#3075,#3076,#3077,#3078,#3079,
#3080,#3081,#3082,#3083,#3084,#3085,#3086,#3087,#3088,#3089,#3090,#3091,
#3092,#3093,#3094,#3095,#3096,#3097,#3098,#3099,#3100,#3101,#3102,#3103,
#3104,#3105,#3106,#3107,#3108,#3109,#3110,#3111,#3112,#3113,#3114,#3115,
#3116,#3117,#3118,#3119,#3120,#3121,#3122,#3123,#3124,#3125,#3126,#3127,
#3128,#3129,#3130,#3131));
#3133=STYLED_ITEM('',(#3134),#3141);
#3134=PRESENTATION_STYLE_ASSIGNMENT((#3135));
#3135=SURFACE_STYLE_USAGE(.BOTH.,#3136);
#3136=SURFACE_SIDE_STYLE('',(#3137));
#3137=SURFACE_STYLE_FILL_AREA(#3138);
#3138=FILL_AREA_STYLE('',(#3139));
#3139=FILL_AREA_STYLE_COLOUR('',#3140);
#3140=COLOUR_RGB('',0.301960784313725,0.301960784313725,0.301960784313725);
#3141=MANIFOLD_SOLID_BREP('Clamp',#3132);
#3142=SHAPE_DEFINITION_REPRESENTATION(#5402,#3143);
#3143=SHAPE_REPRESENTATION('Clamp',(#3144),#5397);
#3144=AXIS2_PLACEMENT_3D('',#4421,#3475,#3476);
#3145=AXIS2_PLACEMENT_3D('',#4422,#3477,#3478);
#3146=AXIS2_PLACEMENT_3D('',#4423,#3479,#3480);
#3147=AXIS2_PLACEMENT_3D('',#4425,#3481,#3482);
#3148=AXIS2_PLACEMENT_3D('',#4427,#3483,#3484);
#3149=AXIS2_PLACEMENT_3D('',#4428,#3485,#3486);
#3150=AXIS2_PLACEMENT_3D('',#4430,#3487,#3488);
#3151=AXIS2_PLACEMENT_3D('',#4432,#3489,#3490);
#3152=AXIS2_PLACEMENT_3D('',#4433,#3491,#3492);
#3153=AXIS2_PLACEMENT_3D('',#4435,#3493,#3494);
#3154=AXIS2_PLACEMENT_3D('',#4437,#3495,#3496);
#3155=AXIS2_PLACEMENT_3D('',#4462,#3509,#3510);
#3156=AXIS2_PLACEMENT_3D('',#4467,#3512,#3513);
#3157=AXIS2_PLACEMENT_3D('',#4471,#3515,#3516);
#3158=AXIS2_PLACEMENT_3D('',#4473,#3517,#3518);
#3159=AXIS2_PLACEMENT_3D('',#4475,#3519,#3520);
#3160=AXIS2_PLACEMENT_3D('',#4479,#3522,#3523);
#3161=AXIS2_PLACEMENT_3D('',#4483,#3525,#3526);
#3162=AXIS2_PLACEMENT_3D('',#4485,#3527,#3528);
#3163=AXIS2_PLACEMENT_3D('',#4487,#3529,#3530);
#3164=AXIS2_PLACEMENT_3D('',#4491,#3532,#3533);
#3165=AXIS2_PLACEMENT_3D('',#4493,#3534,#3535);
#3166=AXIS2_PLACEMENT_3D('',#4499,#3538,#3539);
#3167=AXIS2_PLACEMENT_3D('',#4501,#3540,#3541);
#3168=AXIS2_PLACEMENT_3D('',#4503,#3542,#3543);
#3169=AXIS2_PLACEMENT_3D('',#4509,#3546,#3547);
#3170=AXIS2_PLACEMENT_3D('',#4511,#3548,#3549);
#3171=AXIS2_PLACEMENT_3D('',#4515,#3551,#3552);
#3172=AXIS2_PLACEMENT_3D('',#4517,#3553,#3554);
#3173=AXIS2_PLACEMENT_3D('',#4519,#3555,#3556);
#3174=AXIS2_PLACEMENT_3D('',#4523,#3558,#3559);
#3175=AXIS2_PLACEMENT_3D('',#4527,#3561,#3562);
#3176=AXIS2_PLACEMENT_3D('',#4529,#3563,#3564);
#3177=AXIS2_PLACEMENT_3D('',#4542,#3571,#3572);
#3178=AXIS2_PLACEMENT_3D('',#4546,#3574,#3575);
#3179=AXIS2_PLACEMENT_3D('',#4555,#3577,#3578);
#3180=AXIS2_PLACEMENT_3D('',#4556,#3579,#3580);
#3181=AXIS2_PLACEMENT_3D('',#4560,#3582,#3583);
#3182=AXIS2_PLACEMENT_3D('',#4569,#3585,#3586);
#3183=AXIS2_PLACEMENT_3D('',#4570,#3587,#3588);
#3184=AXIS2_PLACEMENT_3D('',#4574,#3590,#3591);
#3185=AXIS2_PLACEMENT_3D('',#4578,#3593,#3594);
#3186=AXIS2_PLACEMENT_3D('',#4580,#3595,#3596);
#3187=AXIS2_PLACEMENT_3D('',#4584,#3598,#3599);
#3188=AXIS2_PLACEMENT_3D('',#4585,#3600,#3601);
#3189=AXIS2_PLACEMENT_3D('',#4593,#3606,#3607);
#3190=AXIS2_PLACEMENT_3D('',#4601,#3612,#3613);
#3191=AXIS2_PLACEMENT_3D('',#4602,#3614,#3615);
#3192=AXIS2_PLACEMENT_3D('',#4603,#3616,#3617);
#3193=AXIS2_PLACEMENT_3D('',#4604,#3618,#3619);
#3194=AXIS2_PLACEMENT_3D('',#4606,#3620,#3621);
#3195=AXIS2_PLACEMENT_3D('',#4608,#3622,#3623);
#3196=AXIS2_PLACEMENT_3D('',#4610,#3624,#3625);
#3197=AXIS2_PLACEMENT_3D('',#4611,#3626,#3627);
#3198=AXIS2_PLACEMENT_3D('',#4622,#3633,#3634);
#3199=AXIS2_PLACEMENT_3D('',#4623,#3635,#3636);
#3200=AXIS2_PLACEMENT_3D('',#4625,#3637,#3638);
#3201=AXIS2_PLACEMENT_3D('',#4627,#3639,#3640);
#3202=AXIS2_PLACEMENT_3D('',#4628,#3641,#3642);
#3203=AXIS2_PLACEMENT_3D('',#4630,#3643,#3644);
#3204=AXIS2_PLACEMENT_3D('',#4632,#3645,#3646);
#3205=AXIS2_PLACEMENT_3D('',#4636,#3648,#3649);
#3206=AXIS2_PLACEMENT_3D('',#4641,#3652,#3653);
#3207=AXIS2_PLACEMENT_3D('',#4649,#3657,#3658);
#3208=AXIS2_PLACEMENT_3D('',#4650,#3659,#3660);
#3209=AXIS2_PLACEMENT_3D('',#4651,#3661,#3662);
#3210=AXIS2_PLACEMENT_3D('',#4653,#3663,#3664);
#3211=AXIS2_PLACEMENT_3D('',#4655,#3665,#3666);
#3212=AXIS2_PLACEMENT_3D('',#4656,#3667,#3668);
#3213=AXIS2_PLACEMENT_3D('',#4658,#3669,#3670);
#3214=AXIS2_PLACEMENT_3D('',#4660,#3671,#3672);
#3215=AXIS2_PLACEMENT_3D('',#4669,#3677,#3678);
#3216=AXIS2_PLACEMENT_3D('',#4678,#3683,#3684);
#3217=AXIS2_PLACEMENT_3D('',#4682,#3686,#3687);
#3218=AXIS2_PLACEMENT_3D('',#4697,#3689,#3690);
#3219=AXIS2_PLACEMENT_3D('',#4698,#3691,#3692);
#3220=AXIS2_PLACEMENT_3D('',#4703,#3695,#3696);
#3221=AXIS2_PLACEMENT_3D('',#4704,#3697,#3698);
#3222=AXIS2_PLACEMENT_3D('',#4705,#3699,#3700);
#3223=AXIS2_PLACEMENT_3D('',#4709,#3702,#3703);
#3224=AXIS2_PLACEMENT_3D('',#4717,#3704,#3705);
#3225=AXIS2_PLACEMENT_3D('',#4718,#3706,#3707);
#3226=AXIS2_PLACEMENT_3D('',#4722,#3709,#3710);
#3227=AXIS2_PLACEMENT_3D('',#4723,#3711,#3712);
#3228=AXIS2_PLACEMENT_3D('',#4726,#3715,#3716);
#3229=AXIS2_PLACEMENT_3D('',#4732,#3720,#3721);
#3230=AXIS2_PLACEMENT_3D('',#4733,#3722,#3723);
#3231=AXIS2_PLACEMENT_3D('',#4734,#3724,#3725);
#3232=AXIS2_PLACEMENT_3D('',#4735,#3726,#3727);
#3233=AXIS2_PLACEMENT_3D('',#4748,#3734,#3735);
#3234=AXIS2_PLACEMENT_3D('',#4761,#3742,#3743);
#3235=AXIS2_PLACEMENT_3D('',#4762,#3744,#3745);
#3236=AXIS2_PLACEMENT_3D('',#4769,#3748,#3749);
#3237=AXIS2_PLACEMENT_3D('',#4771,#3750,#3751);
#3238=AXIS2_PLACEMENT_3D('',#4775,#3753,#3754);
#3239=AXIS2_PLACEMENT_3D('',#4777,#3755,#3756);
#3240=AXIS2_PLACEMENT_3D('',#4779,#3757,#3758);
#3241=AXIS2_PLACEMENT_3D('',#4783,#3760,#3761);
#3242=AXIS2_PLACEMENT_3D('',#4787,#3763,#3764);
#3243=AXIS2_PLACEMENT_3D('',#4789,#3765,#3766);
#3244=AXIS2_PLACEMENT_3D('',#4791,#3767,#3768);
#3245=AXIS2_PLACEMENT_3D('',#4795,#3770,#3771);
#3246=AXIS2_PLACEMENT_3D('',#4799,#3773,#3774);
#3247=AXIS2_PLACEMENT_3D('',#4801,#3775,#3776);
#3248=AXIS2_PLACEMENT_3D('',#4803,#3777,#3778);
#3249=AXIS2_PLACEMENT_3D('',#4807,#3780,#3781);
#3250=AXIS2_PLACEMENT_3D('',#4811,#3783,#3784);
#3251=AXIS2_PLACEMENT_3D('',#4813,#3785,#3786);
#3252=AXIS2_PLACEMENT_3D('',#4815,#3787,#3788);
#3253=AXIS2_PLACEMENT_3D('',#4819,#3790,#3791);
#3254=AXIS2_PLACEMENT_3D('',#4821,#3792,#3793);
#3255=AXIS2_PLACEMENT_3D('',#4827,#3796,#3797);
#3256=AXIS2_PLACEMENT_3D('',#4829,#3798,#3799);
#3257=AXIS2_PLACEMENT_3D('',#4830,#3800,#3801);
#3258=AXIS2_PLACEMENT_3D('',#4839,#3806,#3807);
#3259=AXIS2_PLACEMENT_3D('',#4843,#3809,#3810);
#3260=AXIS2_PLACEMENT_3D('',#4847,#3812,#3813);
#3261=AXIS2_PLACEMENT_3D('',#4848,#3814,#3815);
#3262=AXIS2_PLACEMENT_3D('',#4857,#3820,#3821);
#3263=AXIS2_PLACEMENT_3D('',#4861,#3823,#3824);
#3264=AXIS2_PLACEMENT_3D('',#4862,#3825,#3826);
#3265=AXIS2_PLACEMENT_3D('',#4863,#3827,#3828);
#3266=AXIS2_PLACEMENT_3D('',#4869,#3832,#3833);
#3267=AXIS2_PLACEMENT_3D('',#4873,#3835,#3836);
#3268=AXIS2_PLACEMENT_3D('',#4874,#3837,#3838);
#3269=AXIS2_PLACEMENT_3D('',#4880,#3839,#3840);
#3270=AXIS2_PLACEMENT_3D('',#4881,#3841,#3842);
#3271=AXIS2_PLACEMENT_3D('',#4882,#3843,#3844);
#3272=AXIS2_PLACEMENT_3D('',#4897,#3846,#3847);
#3273=AXIS2_PLACEMENT_3D('',#4901,#3849,#3850);
#3274=AXIS2_PLACEMENT_3D('',#4903,#3852,#3853);
#3275=AXIS2_PLACEMENT_3D('',#4907,#3855,#3856);
#3276=AXIS2_PLACEMENT_3D('',#4915,#3857,#3858);
#3277=AXIS2_PLACEMENT_3D('',#4916,#3859,#3860);
#3278=AXIS2_PLACEMENT_3D('',#4920,#3862,#3863);
#3279=AXIS2_PLACEMENT_3D('',#4921,#3864,#3865);
#3280=AXIS2_PLACEMENT_3D('',#4922,#3866,#3867);
#3281=AXIS2_PLACEMENT_3D('',#4925,#3870,#3871);
#3282=AXIS2_PLACEMENT_3D('',#4929,#3873,#3874);
#3283=AXIS2_PLACEMENT_3D('',#4933,#3876,#3877);
#3284=AXIS2_PLACEMENT_3D('',#4934,#3878,#3879);
#3285=AXIS2_PLACEMENT_3D('',#4940,#3883,#3884);
#3286=AXIS2_PLACEMENT_3D('',#4944,#3886,#3887);
#3287=AXIS2_PLACEMENT_3D('',#4945,#3888,#3889);
#3288=AXIS2_PLACEMENT_3D('',#4946,#3890,#3891);
#3289=AXIS2_PLACEMENT_3D('',#4947,#3892,#3893);
#3290=AXIS2_PLACEMENT_3D('',#4948,#3894,#3895);
#3291=AXIS2_PLACEMENT_3D('',#4952,#3897,#3898);
#3292=AXIS2_PLACEMENT_3D('',#4954,#3899,#3900);
#3293=AXIS2_PLACEMENT_3D('',#4955,#3901,#3902);
#3294=AXIS2_PLACEMENT_3D('',#4963,#3907,#3908);
#3295=AXIS2_PLACEMENT_3D('',#4967,#3910,#3911);
#3296=AXIS2_PLACEMENT_3D('',#4968,#3912,#3913);
#3297=AXIS2_PLACEMENT_3D('',#4970,#3914,#3915);
#3298=AXIS2_PLACEMENT_3D('',#4972,#3916,#3917);
#3299=AXIS2_PLACEMENT_3D('',#4974,#3918,#3919);
#3300=AXIS2_PLACEMENT_3D('',#4975,#3920,#3921);
#3301=AXIS2_PLACEMENT_3D('',#4976,#3922,#3923);
#3302=AXIS2_PLACEMENT_3D('',#4980,#3925,#3926);
#3303=AXIS2_PLACEMENT_3D('',#4981,#3927,#3928);
#3304=AXIS2_PLACEMENT_3D('',#4987,#3929,#3930);
#3305=AXIS2_PLACEMENT_3D('',#4996,#3935,#3936);
#3306=AXIS2_PLACEMENT_3D('',#5000,#3938,#3939);
#3307=AXIS2_PLACEMENT_3D('',#5001,#3940,#3941);
#3308=AXIS2_PLACEMENT_3D('',#5002,#3942,#3943);
#3309=AXIS2_PLACEMENT_3D('',#5008,#3947,#3948);
#3310=AXIS2_PLACEMENT_3D('',#5012,#3950,#3951);
#3311=AXIS2_PLACEMENT_3D('',#5016,#3953,#3954);
#3312=AXIS2_PLACEMENT_3D('',#5017,#3955,#3956);
#3313=AXIS2_PLACEMENT_3D('',#5026,#3961,#3962);
#3314=AXIS2_PLACEMENT_3D('',#5027,#3963,#3964);
#3315=AXIS2_PLACEMENT_3D('',#5028,#3965,#3966);
#3316=AXIS2_PLACEMENT_3D('',#5029,#3967,#3968);
#3317=AXIS2_PLACEMENT_3D('',#5033,#3970,#3971);
#3318=AXIS2_PLACEMENT_3D('',#5037,#3973,#3974);
#3319=AXIS2_PLACEMENT_3D('',#5047,#3975,#3976);
#3320=AXIS2_PLACEMENT_3D('',#5051,#3978,#3979);
#3321=AXIS2_PLACEMENT_3D('',#5055,#3981,#3982);
#3322=AXIS2_PLACEMENT_3D('',#5065,#3983,#3984);
#3323=AXIS2_PLACEMENT_3D('',#5066,#3985,#3986);
#3324=AXIS2_PLACEMENT_3D('',#5067,#3987,#3988);
#3325=AXIS2_PLACEMENT_3D('',#5068,#3989,#3990);
#3326=AXIS2_PLACEMENT_3D('',#5069,#3991,#3992);
#3327=AXIS2_PLACEMENT_3D('',#5070,#3993,#3994);
#3328=AXIS2_PLACEMENT_3D('',#5071,#3995,#3996);
#3329=AXIS2_PLACEMENT_3D('',#5072,#3997,#3998);
#3330=AXIS2_PLACEMENT_3D('',#5074,#4000,#4001);
#3331=AXIS2_PLACEMENT_3D('',#5083,#4003,#4004);
#3332=AXIS2_PLACEMENT_3D('',#5084,#4005,#4006);
#3333=AXIS2_PLACEMENT_3D('',#5085,#4007,#4008);
#3334=AXIS2_PLACEMENT_3D('',#5086,#4009,#4010);
#3335=AXIS2_PLACEMENT_3D('',#5088,#4012,#4013);
#3336=AXIS2_PLACEMENT_3D('',#5097,#4015,#4016);
#3337=AXIS2_PLACEMENT_3D('',#5098,#4017,#4018);
#3338=AXIS2_PLACEMENT_3D('',#5099,#4019,#4020);
#3339=AXIS2_PLACEMENT_3D('',#5100,#4021,#4022);
#3340=AXIS2_PLACEMENT_3D('',#5102,#4023,#4024);
#3341=AXIS2_PLACEMENT_3D('',#5103,#4025,#4026);
#3342=AXIS2_PLACEMENT_3D('',#5104,#4027,#4028);
#3343=AXIS2_PLACEMENT_3D('',#5106,#4029,#4030);
#3344=AXIS2_PLACEMENT_3D('',#5107,#4031,#4032);
#3345=AXIS2_PLACEMENT_3D('',#5113,#4036,#4037);
#3346=AXIS2_PLACEMENT_3D('',#5117,#4040,#4041);
#3347=AXIS2_PLACEMENT_3D('',#5125,#4046,#4047);
#3348=AXIS2_PLACEMENT_3D('',#5127,#4049,#4050);
#3349=AXIS2_PLACEMENT_3D('',#5129,#4052,#4053);
#3350=AXIS2_PLACEMENT_3D('',#5131,#4055,#4056);
#3351=AXIS2_PLACEMENT_3D('',#5132,#4057,#4058);
#3352=AXIS2_PLACEMENT_3D('',#5138,#4062,#4063);
#3353=AXIS2_PLACEMENT_3D('',#5142,#4066,#4067);
#3354=AXIS2_PLACEMENT_3D('',#5150,#4072,#4073);
#3355=AXIS2_PLACEMENT_3D('',#5152,#4075,#4076);
#3356=AXIS2_PLACEMENT_3D('',#5154,#4078,#4079);
#3357=AXIS2_PLACEMENT_3D('',#5156,#4081,#4082);
#3358=AXIS2_PLACEMENT_3D('',#5157,#4083,#4084);
#3359=AXIS2_PLACEMENT_3D('',#5158,#4085,#4086);
#3360=AXIS2_PLACEMENT_3D('',#5159,#4087,#4088);
#3361=AXIS2_PLACEMENT_3D('',#5160,#4089,#4090);
#3362=AXIS2_PLACEMENT_3D('',#5161,#4091,#4092);
#3363=AXIS2_PLACEMENT_3D('',#5162,#4093,#4094);
#3364=AXIS2_PLACEMENT_3D('',#5163,#4095,#4096);
#3365=AXIS2_PLACEMENT_3D('',#5164,#4097,#4098);
#3366=AXIS2_PLACEMENT_3D('',#5165,#4099,#4100);
#3367=AXIS2_PLACEMENT_3D('',#5166,#4101,#4102);
#3368=AXIS2_PLACEMENT_3D('',#5167,#4103,#4104);
#3369=AXIS2_PLACEMENT_3D('',#5168,#4105,#4106);
#3370=AXIS2_PLACEMENT_3D('',#5169,#4107,#4108);
#3371=AXIS2_PLACEMENT_3D('',#5170,#4109,#4110);
#3372=AXIS2_PLACEMENT_3D('',#5171,#4111,#4112);
#3373=AXIS2_PLACEMENT_3D('',#5172,#4113,#4114);
#3374=AXIS2_PLACEMENT_3D('',#5173,#4115,#4116);
#3375=AXIS2_PLACEMENT_3D('',#5174,#4117,#4118);
#3376=AXIS2_PLACEMENT_3D('',#5175,#4119,#4120);
#3377=AXIS2_PLACEMENT_3D('',#5176,#4121,#4122);
#3378=AXIS2_PLACEMENT_3D('',#5177,#4123,#4124);
#3379=AXIS2_PLACEMENT_3D('',#5178,#4125,#4126);
#3380=AXIS2_PLACEMENT_3D('',#5179,#4127,#4128);
#3381=AXIS2_PLACEMENT_3D('',#5180,#4129,#4130);
#3382=AXIS2_PLACEMENT_3D('',#5181,#4131,#4132);
#3383=AXIS2_PLACEMENT_3D('',#5182,#4133,#4134);
#3384=AXIS2_PLACEMENT_3D('',#5183,#4135,#4136);
#3385=AXIS2_PLACEMENT_3D('',#5184,#4137,#4138);
#3386=AXIS2_PLACEMENT_3D('',#5185,#4139,#4140);
#3387=AXIS2_PLACEMENT_3D('',#5188,#4143,#4144);
#3388=AXIS2_PLACEMENT_3D('',#5190,#4146,#4147);
#3389=AXIS2_PLACEMENT_3D('',#5192,#4149,#4150);
#3390=AXIS2_PLACEMENT_3D('',#5194,#4152,#4153);
#3391=AXIS2_PLACEMENT_3D('',#5196,#4155,#4156);
#3392=AXIS2_PLACEMENT_3D('',#5198,#4158,#4159);
#3393=AXIS2_PLACEMENT_3D('',#5200,#4161,#4162);
#3394=AXIS2_PLACEMENT_3D('',#5202,#4164,#4165);
#3395=AXIS2_PLACEMENT_3D('',#5204,#4167,#4168);
#3396=AXIS2_PLACEMENT_3D('',#5206,#4170,#4171);
#3397=AXIS2_PLACEMENT_3D('',#5208,#4173,#4174);
#3398=AXIS2_PLACEMENT_3D('',#5210,#4176,#4177);
#3399=AXIS2_PLACEMENT_3D('',#5212,#4179,#4180);
#3400=AXIS2_PLACEMENT_3D('',#5214,#4182,#4183);
#3401=AXIS2_PLACEMENT_3D('',#5216,#4185,#4186);
#3402=AXIS2_PLACEMENT_3D('',#5218,#4188,#4189);
#3403=AXIS2_PLACEMENT_3D('',#5220,#4191,#4192);
#3404=AXIS2_PLACEMENT_3D('',#5222,#4194,#4195);
#3405=AXIS2_PLACEMENT_3D('',#5224,#4197,#4198);
#3406=AXIS2_PLACEMENT_3D('',#5226,#4200,#4201);
#3407=AXIS2_PLACEMENT_3D('',#5228,#4203,#4204);
#3408=AXIS2_PLACEMENT_3D('',#5230,#4206,#4207);
#3409=AXIS2_PLACEMENT_3D('',#5232,#4209,#4210);
#3410=AXIS2_PLACEMENT_3D('',#5234,#4212,#4213);
#3411=AXIS2_PLACEMENT_3D('',#5236,#4215,#4216);
#3412=AXIS2_PLACEMENT_3D('',#5238,#4218,#4219);
#3413=AXIS2_PLACEMENT_3D('',#5240,#4221,#4222);
#3414=AXIS2_PLACEMENT_3D('',#5242,#4224,#4225);
#3415=AXIS2_PLACEMENT_3D('',#5244,#4227,#4228);
#3416=AXIS2_PLACEMENT_3D('',#5246,#4230,#4231);
#3417=AXIS2_PLACEMENT_3D('',#5248,#4233,#4234);
#3418=AXIS2_PLACEMENT_3D('',#5250,#4236,#4237);
#3419=AXIS2_PLACEMENT_3D('',#5252,#4239,#4240);
#3420=AXIS2_PLACEMENT_3D('',#5253,#4241,#4242);
#3421=AXIS2_PLACEMENT_3D('',#5256,#4245,#4246);
#3422=AXIS2_PLACEMENT_3D('',#5258,#4248,#4249);
#3423=AXIS2_PLACEMENT_3D('',#5260,#4251,#4252);
#3424=AXIS2_PLACEMENT_3D('',#5262,#4254,#4255);
#3425=AXIS2_PLACEMENT_3D('',#5264,#4257,#4258);
#3426=AXIS2_PLACEMENT_3D('',#5266,#4260,#4261);
#3427=AXIS2_PLACEMENT_3D('',#5268,#4263,#4264);
#3428=AXIS2_PLACEMENT_3D('',#5270,#4266,#4267);
#3429=AXIS2_PLACEMENT_3D('',#5272,#4269,#4270);
#3430=AXIS2_PLACEMENT_3D('',#5274,#4272,#4273);
#3431=AXIS2_PLACEMENT_3D('',#5276,#4275,#4276);
#3432=AXIS2_PLACEMENT_3D('',#5278,#4278,#4279);
#3433=AXIS2_PLACEMENT_3D('',#5280,#4281,#4282);
#3434=AXIS2_PLACEMENT_3D('',#5282,#4284,#4285);
#3435=AXIS2_PLACEMENT_3D('',#5284,#4287,#4288);
#3436=AXIS2_PLACEMENT_3D('',#5286,#4290,#4291);
#3437=AXIS2_PLACEMENT_3D('',#5288,#4293,#4294);
#3438=AXIS2_PLACEMENT_3D('',#5290,#4296,#4297);
#3439=AXIS2_PLACEMENT_3D('',#5292,#4299,#4300);
#3440=AXIS2_PLACEMENT_3D('',#5294,#4302,#4303);
#3441=AXIS2_PLACEMENT_3D('',#5296,#4305,#4306);
#3442=AXIS2_PLACEMENT_3D('',#5298,#4308,#4309);
#3443=AXIS2_PLACEMENT_3D('',#5300,#4311,#4312);
#3444=AXIS2_PLACEMENT_3D('',#5302,#4314,#4315);
#3445=AXIS2_PLACEMENT_3D('',#5304,#4317,#4318);
#3446=AXIS2_PLACEMENT_3D('',#5306,#4320,#4321);
#3447=AXIS2_PLACEMENT_3D('',#5308,#4323,#4324);
#3448=AXIS2_PLACEMENT_3D('',#5310,#4326,#4327);
#3449=AXIS2_PLACEMENT_3D('',#5312,#4329,#4330);
#3450=AXIS2_PLACEMENT_3D('',#5314,#4332,#4333);
#3451=AXIS2_PLACEMENT_3D('',#5316,#4335,#4336);
#3452=AXIS2_PLACEMENT_3D('',#5318,#4338,#4339);
#3453=AXIS2_PLACEMENT_3D('',#5320,#4341,#4342);
#3454=AXIS2_PLACEMENT_3D('',#5321,#4343,#4344);
#3455=AXIS2_PLACEMENT_3D('',#5334,#4351,#4352);
#3456=AXIS2_PLACEMENT_3D('',#5337,#4355,#4356);
#3457=AXIS2_PLACEMENT_3D('',#5339,#4358,#4359);
#3458=AXIS2_PLACEMENT_3D('',#5341,#4361,#4362);
#3459=AXIS2_PLACEMENT_3D('',#5343,#4364,#4365);
#3460=AXIS2_PLACEMENT_3D('',#5345,#4367,#4368);
#3461=AXIS2_PLACEMENT_3D('',#5346,#4369,#4370);
#3462=AXIS2_PLACEMENT_3D('',#5352,#4374,#4375);
#3463=AXIS2_PLACEMENT_3D('',#5356,#4378,#4379);
#3464=AXIS2_PLACEMENT_3D('',#5360,#4382,#4383);
#3465=AXIS2_PLACEMENT_3D('',#5364,#4386,#4387);
#3466=AXIS2_PLACEMENT_3D('',#5368,#4390,#4391);
#3467=AXIS2_PLACEMENT_3D('',#5370,#4393,#4394);
#3468=AXIS2_PLACEMENT_3D('',#5371,#4395,#4396);
#3469=AXIS2_PLACEMENT_3D('',#5377,#4400,#4401);
#3470=AXIS2_PLACEMENT_3D('',#5381,#4404,#4405);
#3471=AXIS2_PLACEMENT_3D('',#5385,#4408,#4409);
#3472=AXIS2_PLACEMENT_3D('',#5389,#4412,#4413);
#3473=AXIS2_PLACEMENT_3D('',#5393,#4416,#4417);
#3474=AXIS2_PLACEMENT_3D('',#5395,#4419,#4420);
#3475=DIRECTION('',(0.,0.,1.));
#3476=DIRECTION('',(1.,0.,0.));
#3477=DIRECTION('',(0.,0.,-1.));
#3478=DIRECTION('',(-1.,0.,0.));
#3479=DIRECTION('',(0.,0.,1.));
#3480=DIRECTION('',(1.,0.,0.));
#3481=DIRECTION('',(0.,0.,1.));
#3482=DIRECTION('',(1.,0.,0.));
#3483=DIRECTION('',(0.,0.,-1.));
#3484=DIRECTION('',(-1.,0.,0.));
#3485=DIRECTION('',(0.,0.,-1.));
#3486=DIRECTION('',(1.,0.,0.));
#3487=DIRECTION('',(0.,0.,1.));
#3488=DIRECTION('',(1.,0.,0.));
#3489=DIRECTION('',(0.,0.,-1.));
#3490=DIRECTION('',(-1.,0.,0.));
#3491=DIRECTION('',(0.,0.,1.));
#3492=DIRECTION('',(1.,0.,0.));
#3493=DIRECTION('',(0.,0.,1.));
#3494=DIRECTION('',(1.,0.,0.));
#3495=DIRECTION('',(0.,0.,1.));
#3496=DIRECTION('',(1.,0.,0.));
#3497=DIRECTION('',(0.763995355569335,-0.645221742247179,0.));
#3498=DIRECTION('',(-0.176780742075445,-0.984250257419959,0.));
#3499=DIRECTION('',(-0.94077609764478,-0.339028515172779,0.));
#3500=DIRECTION('',(-0.763995355569335,0.645221742247179,0.));
#3501=DIRECTION('',(0.176780742075445,0.984250257419959,0.));
#3502=DIRECTION('',(0.94077609764478,0.339028515172779,0.));
#3503=DIRECTION('',(4.02405696090311E-16,1.,0.));
#3504=DIRECTION('',(0.866025403784439,0.5,0.));
#3505=DIRECTION('',(0.866025403784439,-0.5,0.));
#3506=DIRECTION('',(-2.68270464060207E-16,-1.,0.));
#3507=DIRECTION('',(-0.866025403784439,-0.5,0.));
#3508=DIRECTION('',(-0.866025403784439,0.5,0.));
#3509=DIRECTION('',(0.,0.,1.));
#3510=DIRECTION('',(1.,0.,0.));
#3511=DIRECTION('',(3.9633329746838E-16,-1.,0.));
#3512=DIRECTION('',(0.,0.,1.));
#3513=DIRECTION('',(1.,0.,0.));
#3514=DIRECTION('',(-3.9633329746838E-16,1.,0.));
#3515=DIRECTION('',(0.,0.,1.));
#3516=DIRECTION('',(1.,0.,0.));
#3517=DIRECTION('',(0.,0.,1.));
#3518=DIRECTION('',(1.,0.,0.));
#3519=DIRECTION('',(0.,0.,1.));
#3520=DIRECTION('',(1.,0.,0.));
#3521=DIRECTION('',(0.94077609764478,-0.33902851517278,0.));
#3522=DIRECTION('',(0.,0.,1.));
#3523=DIRECTION('',(1.,0.,0.));
#3524=DIRECTION('',(-0.94077609764478,0.33902851517278,0.));
#3525=DIRECTION('',(0.,0.,1.));
#3526=DIRECTION('',(1.,0.,0.));
#3527=DIRECTION('',(0.,0.,1.));
#3528=DIRECTION('',(1.,0.,0.));
#3529=DIRECTION('',(0.,0.,1.));
#3530=DIRECTION('',(1.,0.,0.));
#3531=DIRECTION('',(0.,1.,0.));
#3532=DIRECTION('',(0.,0.,1.));
#3533=DIRECTION('',(1.,0.,0.));
#3534=DIRECTION('',(0.,0.,1.));
#3535=DIRECTION('',(1.,0.,0.));
#3536=DIRECTION('',(-1.,0.,0.));
#3537=DIRECTION('',(2.94590861335973E-16,-1.,0.));
#3538=DIRECTION('',(0.,0.,1.));
#3539=DIRECTION('',(1.,0.,0.));
#3540=DIRECTION('',(0.,0.,1.));
#3541=DIRECTION('',(1.,0.,0.));
#3542=DIRECTION('',(0.,0.,1.));
#3543=DIRECTION('',(1.,0.,0.));
#3544=DIRECTION('',(-1.49369940152305E-16,1.,0.));
#3545=DIRECTION('',(-1.,0.,0.));
#3546=DIRECTION('',(0.,0.,1.));
#3547=DIRECTION('',(1.,0.,0.));
#3548=DIRECTION('',(0.,0.,1.));
#3549=DIRECTION('',(1.,0.,0.));
#3550=DIRECTION('',(0.,-1.,0.));
#3551=DIRECTION('',(0.,0.,1.));
#3552=DIRECTION('',(1.,0.,0.));
#3553=DIRECTION('',(0.,0.,1.));
#3554=DIRECTION('',(1.,0.,0.));
#3555=DIRECTION('',(0.,0.,1.));
#3556=DIRECTION('',(1.,0.,0.));
#3557=DIRECTION('',(-0.94077609764478,-0.339028515172779,0.));
#3558=DIRECTION('',(0.,0.,1.));
#3559=DIRECTION('',(1.,0.,0.));
#3560=DIRECTION('',(0.94077609764478,0.33902851517278,0.));
#3561=DIRECTION('',(0.,0.,1.));
#3562=DIRECTION('',(1.,0.,0.));
#3563=DIRECTION('',(0.,0.,1.));
#3564=DIRECTION('',(1.,0.,0.));
#3565=DIRECTION('',(0.94077609764478,-0.339028515172779,0.));
#3566=DIRECTION('',(0.176780742075445,-0.984250257419959,0.));
#3567=DIRECTION('',(-0.763995355569335,-0.645221742247179,0.));
#3568=DIRECTION('',(-0.94077609764478,0.339028515172779,0.));
#3569=DIRECTION('',(-0.176780742075445,0.984250257419959,0.));
#3570=DIRECTION('',(0.763995355569335,0.645221742247179,0.));
#3571=DIRECTION('',(0.,0.,-1.));
#3572=DIRECTION('',(-1.,0.,0.));
#3573=DIRECTION('',(0.,0.,-1.));
#3574=DIRECTION('',(0.,0.,1.));
#3575=DIRECTION('',(1.,0.,0.));
#3576=DIRECTION('',(0.,0.,-1.));
#3577=DIRECTION('',(0.,0.,1.));
#3578=DIRECTION('',(1.,0.,0.));
#3579=DIRECTION('',(0.,0.,-1.));
#3580=DIRECTION('',(-1.,0.,0.));
#3581=DIRECTION('',(0.,0.,-1.));
#3582=DIRECTION('',(0.,0.,1.));
#3583=DIRECTION('',(1.,0.,0.));
#3584=DIRECTION('',(0.,0.,-1.));
#3585=DIRECTION('',(0.,0.,1.));
#3586=DIRECTION('',(1.,0.,0.));
#3587=DIRECTION('',(0.,0.,-1.));
#3588=DIRECTION('',(-1.,0.,0.));
#3589=DIRECTION('',(0.,0.,-1.));
#3590=DIRECTION('',(0.,0.,1.));
#3591=DIRECTION('',(1.,0.,0.));
#3592=DIRECTION('',(0.,0.,-1.));
#3593=DIRECTION('',(0.,-0.866025403784438,0.5));
#3594=DIRECTION('',(0.,-0.5,-0.866025403784438));
#3595=DIRECTION('',(0.,-0.86602540378444,-0.5));
#3596=DIRECTION('',(0.,0.5,-0.86602540378444));
#3597=DIRECTION('',(0.,0.,-1.));
#3598=DIRECTION('',(0.,0.,1.));
#3599=DIRECTION('',(1.,0.,0.));
#3600=DIRECTION('',(-1.,0.,0.));
#3601=DIRECTION('',(0.,0.,1.));
#3602=DIRECTION('',(0.,-1.,0.));
#3603=DIRECTION('',(0.,0.,-1.));
#3604=DIRECTION('',(0.,1.,-6.70676160150517E-16));
#3605=DIRECTION('',(0.,0.5,0.866025403784438));
#3606=DIRECTION('',(-1.,0.,0.));
#3607=DIRECTION('',(0.,0.,1.));
#3608=DIRECTION('',(0.,-0.5,0.86602540378444));
#3609=DIRECTION('',(0.,-1.,2.68270464060207E-16));
#3610=DIRECTION('',(0.,0.,-1.));
#3611=DIRECTION('',(0.,1.,0.));
#3612=DIRECTION('',(0.,0.,-1.));
#3613=DIRECTION('',(-1.,0.,0.));
#3614=DIRECTION('',(0.,0.,1.));
#3615=DIRECTION('',(1.,0.,0.));
#3616=DIRECTION('',(0.,0.,1.));
#3617=DIRECTION('',(1.,0.,0.));
#3618=DIRECTION('',(0.,-2.68270464060207E-16,-1.));
#3619=DIRECTION('',(0.,1.,-2.68270464060207E-16));
#3620=DIRECTION('',(0.,0.866025403784438,-0.5));
#3621=DIRECTION('',(0.,-0.5,-0.866025403784438));
#3622=DIRECTION('',(0.,0.866025403784439,0.5));
#3623=DIRECTION('',(0.,0.5,-0.866025403784439));
#3624=DIRECTION('',(0.,6.70676160150517E-16,1.));
#3625=DIRECTION('',(0.,-1.,6.70676160150517E-16));
#3626=DIRECTION('',(-1.,0.,0.));
#3627=DIRECTION('',(0.,0.,1.));
#3628=DIRECTION('',(0.,0.,-1.));
#3629=DIRECTION('',(0.,1.,0.));
#3630=DIRECTION('',(0.,0.,-1.));
#3631=DIRECTION('',(0.,0.5,-0.86602540378444));
#3632=DIRECTION('',(0.,1.,-2.14616371248165E-15));
#3633=DIRECTION('',(1.,0.,0.));
#3634=DIRECTION('',(0.,0.,-1.));
#3635=DIRECTION('',(1.,1.49369940152305E-16,0.));
#3636=DIRECTION('',(-1.49369940152305E-16,1.,0.));
#3637=DIRECTION('',(-1.,0.,0.));
#3638=DIRECTION('',(0.,0.,1.));
#3639=DIRECTION('',(1.,0.,0.));
#3640=DIRECTION('',(0.,0.,-1.));
#3641=DIRECTION('',(1.,1.49369940152305E-16,0.));
#3642=DIRECTION('',(-1.49369940152305E-16,1.,0.));
#3643=DIRECTION('',(-1.,0.,0.));
#3644=DIRECTION('',(0.,0.,1.));
#3645=DIRECTION('',(-1.,0.,0.));
#3646=DIRECTION('',(0.,0.,1.));
#3647=DIRECTION('',(0.,0.,-1.));
#3648=DIRECTION('',(-1.,0.,0.));
#3649=DIRECTION('',(0.,0.,1.));
#3650=DIRECTION('',(0.,0.,-1.));
#3651=DIRECTION('',(0.,1.,0.));
#3652=DIRECTION('',(-1.,0.,0.));
#3653=DIRECTION('',(0.,0.,1.));
#3654=DIRECTION('',(0.,0.,-1.));
#3655=DIRECTION('',(0.,-1.,0.));
#3656=DIRECTION('',(0.,0.,-1.));
#3657=DIRECTION('',(-1.,0.,0.));
#3658=DIRECTION('',(0.,0.,1.));
#3659=DIRECTION('',(1.,0.,0.));
#3660=DIRECTION('',(0.,0.,-1.));
#3661=DIRECTION('',(-1.,-2.94590861335973E-16,0.));
#3662=DIRECTION('',(2.94590861335973E-16,-1.,0.));
#3663=DIRECTION('',(1.,0.,0.));
#3664=DIRECTION('',(0.,0.,-1.));
#3665=DIRECTION('',(1.,0.,0.));
#3666=DIRECTION('',(0.,0.,-1.));
#3667=DIRECTION('',(-1.,-2.94590861335973E-16,0.));
#3668=DIRECTION('',(2.94590861335973E-16,-1.,0.));
#3669=DIRECTION('',(1.,0.,0.));
#3670=DIRECTION('',(0.,0.,-1.));
#3671=DIRECTION('',(-1.,-2.94590861335973E-16,0.));
#3672=DIRECTION('',(2.94590861335973E-16,-1.,0.));
#3673=DIRECTION('',(0.,0.,-1.));
#3674=DIRECTION('',(2.94590861335973E-16,-1.,0.));
#3675=DIRECTION('',(0.,0.,-1.));
#3676=DIRECTION('',(-2.94590861335973E-16,1.,0.));
#3677=DIRECTION('',(1.,1.49369940152305E-16,0.));
#3678=DIRECTION('',(-1.49369940152305E-16,1.,0.));
#3679=DIRECTION('',(0.,0.,-1.));
#3680=DIRECTION('',(-1.49369940152305E-16,1.,0.));
#3681=DIRECTION('',(0.,0.,-1.));
#3682=DIRECTION('',(1.49369940152305E-16,-1.,0.));
#3683=DIRECTION('',(0.,0.,-1.));
#3684=DIRECTION('',(-1.,0.,0.));
#3685=DIRECTION('',(0.,0.,-1.));
#3686=DIRECTION('',(0.,0.,1.));
#3687=DIRECTION('',(1.,0.,0.));
#3688=DIRECTION('',(0.,0.,-1.));
#3689=DIRECTION('',(0.,0.,1.));
#3690=DIRECTION('',(1.,0.,0.));
#3691=DIRECTION('',(-1.,0.,0.));
#3692=DIRECTION('',(0.,0.,1.));
#3693=DIRECTION('',(0.,1.,0.));
#3694=DIRECTION('',(0.,0.,-1.));
#3695=DIRECTION('',(-1.,0.,0.));
#3696=DIRECTION('',(0.,0.,1.));
#3697=DIRECTION('',(0.,0.,-1.));
#3698=DIRECTION('',(-1.,0.,0.));
#3699=DIRECTION('',(0.,0.,1.));
#3700=DIRECTION('',(1.,0.,0.));
#3701=DIRECTION('',(0.,0.,-1.));
#3702=DIRECTION('',(0.,0.,1.));
#3703=DIRECTION('',(1.,0.,0.));
#3704=DIRECTION('',(0.,0.,-1.));
#3705=DIRECTION('',(-1.,0.,0.));
#3706=DIRECTION('',(0.,0.,1.));
#3707=DIRECTION('',(1.,0.,0.));
#3708=DIRECTION('',(0.,0.,-1.));
#3709=DIRECTION('',(0.,0.,1.));
#3710=DIRECTION('',(1.,0.,0.));
#3711=DIRECTION('',(0.,-1.,0.));
#3712=DIRECTION('',(0.,0.,-1.));
#3713=DIRECTION('',(-1.,0.,0.));
#3714=DIRECTION('',(-1.,0.,0.));
#3715=DIRECTION('',(0.,1.,0.));
#3716=DIRECTION('',(0.,0.,1.));
#3717=DIRECTION('',(-1.,0.,0.));
#3718=DIRECTION('',(0.,0.,-1.));
#3719=DIRECTION('',(1.,0.,0.));
#3720=DIRECTION('',(0.,0.,-1.));
#3721=DIRECTION('',(-1.,0.,0.));
#3722=DIRECTION('',(0.,0.,1.));
#3723=DIRECTION('',(1.,0.,0.));
#3724=DIRECTION('',(0.,0.,1.));
#3725=DIRECTION('',(1.,0.,0.));
#3726=DIRECTION('',(-1.,-2.94590861335973E-16,0.));
#3727=DIRECTION('',(2.94590861335973E-16,-1.,0.));
#3728=DIRECTION('',(0.,0.,-1.));
#3729=DIRECTION('',(-2.94590861335973E-16,1.,0.));
#3730=DIRECTION('',(0.,0.,-1.));
#3731=DIRECTION('',(-2.94590861335973E-16,1.,0.));
#3732=DIRECTION('',(0.,0.,-1.));
#3733=DIRECTION('',(-2.94590861335973E-16,1.,0.));
#3734=DIRECTION('',(1.,1.49369940152305E-16,0.));
#3735=DIRECTION('',(-1.49369940152305E-16,1.,0.));
#3736=DIRECTION('',(0.,0.,-1.));
#3737=DIRECTION('',(1.49369940152305E-16,-1.,0.));
#3738=DIRECTION('',(0.,0.,-1.));
#3739=DIRECTION('',(1.49369940152305E-16,-1.,0.));
#3740=DIRECTION('',(0.,0.,-1.));
#3741=DIRECTION('',(1.49369940152305E-16,-1.,0.));
#3742=DIRECTION('',(0.,0.,1.));
#3743=DIRECTION('',(1.,0.,0.));
#3744=DIRECTION('',(0.,0.,1.));
#3745=DIRECTION('',(1.,0.,0.));
#3746=DIRECTION('',(-2.94590861335973E-16,1.,0.));
#3747=DIRECTION('',(1.,0.,0.));
#3748=DIRECTION('',(0.,0.,1.));
#3749=DIRECTION('',(1.,0.,0.));
#3750=DIRECTION('',(0.,0.,1.));
#3751=DIRECTION('',(1.,0.,0.));
#3752=DIRECTION('',(0.,-1.,0.));
#3753=DIRECTION('',(0.,0.,1.));
#3754=DIRECTION('',(1.,0.,0.));
#3755=DIRECTION('',(0.,0.,1.));
#3756=DIRECTION('',(1.,0.,0.));
#3757=DIRECTION('',(0.,0.,1.));
#3758=DIRECTION('',(1.,0.,0.));
#3759=DIRECTION('',(0.94077609764478,-0.33902851517278,0.));
#3760=DIRECTION('',(0.,0.,1.));
#3761=DIRECTION('',(1.,0.,0.));
#3762=DIRECTION('',(-0.94077609764478,0.33902851517278,0.));
#3763=DIRECTION('',(0.,0.,1.));
#3764=DIRECTION('',(1.,0.,0.));
#3765=DIRECTION('',(0.,0.,1.));
#3766=DIRECTION('',(1.,0.,0.));
#3767=DIRECTION('',(0.,0.,1.));
#3768=DIRECTION('',(1.,0.,0.));
#3769=DIRECTION('',(3.9633329746838E-16,-1.,0.));
#3770=DIRECTION('',(0.,0.,1.));
#3771=DIRECTION('',(1.,0.,0.));
#3772=DIRECTION('',(-3.9633329746838E-16,1.,0.));
#3773=DIRECTION('',(0.,0.,1.));
#3774=DIRECTION('',(1.,0.,0.));
#3775=DIRECTION('',(0.,0.,1.));
#3776=DIRECTION('',(1.,0.,0.));
#3777=DIRECTION('',(0.,0.,1.));
#3778=DIRECTION('',(1.,0.,0.));
#3779=DIRECTION('',(-0.94077609764478,-0.33902851517278,0.));
#3780=DIRECTION('',(0.,0.,1.));
#3781=DIRECTION('',(1.,0.,0.));
#3782=DIRECTION('',(0.94077609764478,0.339028515172779,0.));
#3783=DIRECTION('',(0.,0.,1.));
#3784=DIRECTION('',(1.,0.,0.));
#3785=DIRECTION('',(0.,0.,1.));
#3786=DIRECTION('',(1.,0.,0.));
#3787=DIRECTION('',(0.,0.,1.));
#3788=DIRECTION('',(1.,0.,0.));
#3789=DIRECTION('',(0.,1.,0.));
#3790=DIRECTION('',(0.,0.,1.));
#3791=DIRECTION('',(1.,0.,0.));
#3792=DIRECTION('',(0.,0.,1.));
#3793=DIRECTION('',(1.,0.,0.));
#3794=DIRECTION('',(1.,0.,0.));
#3795=DIRECTION('',(1.49369940152305E-16,-1.,0.));
#3796=DIRECTION('',(0.,0.,1.));
#3797=DIRECTION('',(1.,0.,0.));
#3798=DIRECTION('',(0.,0.,1.));
#3799=DIRECTION('',(1.,0.,0.));
#3800=DIRECTION('',(1.,3.9633329746838E-16,0.));
#3801=DIRECTION('',(-3.9633329746838E-16,1.,0.));
#3802=DIRECTION('',(0.,0.,-1.));
#3803=DIRECTION('',(3.9633329746838E-16,-1.,0.));
#3804=DIRECTION('',(0.,0.,-1.));
#3805=DIRECTION('',(-3.9633329746838E-16,1.,0.));
#3806=DIRECTION('',(0.,0.,-1.));
#3807=DIRECTION('',(-1.,0.,0.));
#3808=DIRECTION('',(0.,0.,-1.));
#3809=DIRECTION('',(0.,0.,1.));
#3810=DIRECTION('',(1.,0.,0.));
#3811=DIRECTION('',(0.,0.,-1.));
#3812=DIRECTION('',(0.,0.,1.));
#3813=DIRECTION('',(1.,0.,0.));
#3814=DIRECTION('',(0.33902851517278,0.94077609764478,0.));
#3815=DIRECTION('',(-0.94077609764478,0.33902851517278,0.));
#3816=DIRECTION('',(0.,0.,-1.));
#3817=DIRECTION('',(-0.94077609764478,0.33902851517278,0.));
#3818=DIRECTION('',(0.,0.,1.));
#3819=DIRECTION('',(0.94077609764478,-0.33902851517278,0.));
#3820=DIRECTION('',(0.,0.,-1.));
#3821=DIRECTION('',(-1.,0.,0.));
#3822=DIRECTION('',(0.,0.,-1.));
#3823=DIRECTION('',(0.,0.,1.));
#3824=DIRECTION('',(1.,0.,0.));
#3825=DIRECTION('',(0.,0.,1.));
#3826=DIRECTION('',(1.,0.,0.));
#3827=DIRECTION('',(0.33902851517278,0.94077609764478,0.));
#3828=DIRECTION('',(-0.94077609764478,0.33902851517278,0.));
#3829=DIRECTION('',(0.,0.,-1.));
#3830=DIRECTION('',(0.94077609764478,-0.33902851517278,0.));
#3831=DIRECTION('',(-0.94077609764478,0.33902851517278,0.));
#3832=DIRECTION('',(0.,0.,-1.));
#3833=DIRECTION('',(-1.,0.,0.));
#3834=DIRECTION('',(0.,0.,-1.));
#3835=DIRECTION('',(0.,0.,1.));
#3836=DIRECTION('',(1.,0.,0.));
#3837=DIRECTION('',(0.,0.,1.));
#3838=DIRECTION('',(1.,0.,0.));
#3839=DIRECTION('',(0.,0.,-1.));
#3840=DIRECTION('',(-1.,0.,0.));
#3841=DIRECTION('',(0.,0.,1.));
#3842=DIRECTION('',(1.,0.,0.));
#3843=DIRECTION('',(0.,0.,1.));
#3844=DIRECTION('',(1.,0.,0.));
#3845=DIRECTION('',(0.,0.,-1.));
#3846=DIRECTION('',(-1.,0.,0.));
#3847=DIRECTION('',(0.,0.,1.));
#3848=DIRECTION('',(0.,0.,-1.));
#3849=DIRECTION('',(-1.,0.,0.));
#3850=DIRECTION('',(0.,0.,1.));
#3851=DIRECTION('',(0.,1.,0.));
#3852=DIRECTION('',(0.,0.,-1.));
#3853=DIRECTION('',(-1.,0.,0.));
#3854=DIRECTION('',(0.,0.,-1.));
#3855=DIRECTION('',(0.,0.,1.));
#3856=DIRECTION('',(1.,0.,0.));
#3857=DIRECTION('',(0.,0.,1.));
#3858=DIRECTION('',(1.,0.,0.));
#3859=DIRECTION('',(0.,0.,-1.));
#3860=DIRECTION('',(-1.,0.,0.));
#3861=DIRECTION('',(0.,0.,-1.));
#3862=DIRECTION('',(0.,0.,1.));
#3863=DIRECTION('',(1.,0.,0.));
#3864=DIRECTION('',(0.,0.,1.));
#3865=DIRECTION('',(1.,0.,0.));
#3866=DIRECTION('',(0.,-1.,0.));
#3867=DIRECTION('',(0.,0.,-1.));
#3868=DIRECTION('',(1.,0.,0.));
#3869=DIRECTION('',(-1.,0.,0.));
#3870=DIRECTION('',(0.,0.,-1.));
#3871=DIRECTION('',(-1.,0.,0.));
#3872=DIRECTION('',(0.,0.,-1.));
#3873=DIRECTION('',(0.,0.,1.));
#3874=DIRECTION('',(1.,0.,0.));
#3875=DIRECTION('',(0.,0.,-1.));
#3876=DIRECTION('',(0.,0.,1.));
#3877=DIRECTION('',(1.,0.,0.));
#3878=DIRECTION('',(0.,1.,0.));
#3879=DIRECTION('',(0.,0.,1.));
#3880=DIRECTION('',(0.,0.,-1.));
#3881=DIRECTION('',(1.,0.,0.));
#3882=DIRECTION('',(1.,0.,0.));
#3883=DIRECTION('',(0.,0.,-1.));
#3884=DIRECTION('',(-1.,0.,0.));
#3885=DIRECTION('',(0.,0.,-1.));
#3886=DIRECTION('',(0.,0.,1.));
#3887=DIRECTION('',(1.,0.,0.));
#3888=DIRECTION('',(0.,0.,1.));
#3889=DIRECTION('',(1.,0.,0.));
#3890=DIRECTION('',(0.,0.,-1.));
#3891=DIRECTION('',(-1.,0.,0.));
#3892=DIRECTION('',(0.,0.,1.));
#3893=DIRECTION('',(1.,0.,0.));
#3894=DIRECTION('',(0.,0.,1.));
#3895=DIRECTION('',(1.,0.,0.));
#3896=DIRECTION('',(0.,0.,-1.));
#3897=DIRECTION('',(0.,0.866025403784438,-0.5));
#3898=DIRECTION('',(0.,-0.5,-0.866025403784438));
#3899=DIRECTION('',(0.,0.86602540378444,0.5));
#3900=DIRECTION('',(0.,0.5,-0.86602540378444));
#3901=DIRECTION('',(-1.,0.,0.));
#3902=DIRECTION('',(0.,0.,1.));
#3903=DIRECTION('',(0.,-1.,0.));
#3904=DIRECTION('',(0.,-0.5,-0.866025403784438));
#3905=DIRECTION('',(0.,1.,0.));
#3906=DIRECTION('',(0.,0.,-1.));
#3907=DIRECTION('',(0.,0.,-1.));
#3908=DIRECTION('',(-1.,0.,0.));
#3909=DIRECTION('',(0.,0.,-1.));
#3910=DIRECTION('',(0.,0.,1.));
#3911=DIRECTION('',(1.,0.,0.));
#3912=DIRECTION('',(0.,2.14616371248165E-15,1.));
#3913=DIRECTION('',(0.,-1.,2.14616371248165E-15));
#3914=DIRECTION('',(0.,-0.866025403784438,0.5));
#3915=DIRECTION('',(0.,-0.5,-0.866025403784438));
#3916=DIRECTION('',(0.,-0.86602540378444,-0.5));
#3917=DIRECTION('',(0.,0.5,-0.86602540378444));
#3918=DIRECTION('',(0.,0.,-1.));
#3919=DIRECTION('',(-1.,0.,0.));
#3920=DIRECTION('',(0.,0.,1.));
#3921=DIRECTION('',(1.,0.,0.));
#3922=DIRECTION('',(0.,0.,-1.));
#3923=DIRECTION('',(-1.,0.,0.));
#3924=DIRECTION('',(0.,0.,-1.));
#3925=DIRECTION('',(0.,0.,1.));
#3926=DIRECTION('',(1.,0.,0.));
#3927=DIRECTION('',(0.,0.,1.));
#3928=DIRECTION('',(1.,0.,0.));
#3929=DIRECTION('',(0.339028515172779,-0.94077609764478,0.));
#3930=DIRECTION('',(0.94077609764478,0.339028515172779,0.));
#3931=DIRECTION('',(0.,0.,-1.));
#3932=DIRECTION('',(0.94077609764478,0.339028515172779,0.));
#3933=DIRECTION('',(0.,0.,1.));
#3934=DIRECTION('',(-0.94077609764478,-0.339028515172779,0.));
#3935=DIRECTION('',(0.,0.,-1.));
#3936=DIRECTION('',(-1.,0.,0.));
#3937=DIRECTION('',(0.,0.,-1.));
#3938=DIRECTION('',(0.,0.,1.));
#3939=DIRECTION('',(1.,0.,0.));
#3940=DIRECTION('',(0.,0.,1.));
#3941=DIRECTION('',(1.,0.,0.));
#3942=DIRECTION('',(0.33902851517278,-0.94077609764478,0.));
#3943=DIRECTION('',(0.94077609764478,0.33902851517278,0.));
#3944=DIRECTION('',(0.,0.,-1.));
#3945=DIRECTION('',(-0.94077609764478,-0.33902851517278,0.));
#3946=DIRECTION('',(0.94077609764478,0.33902851517278,0.));
#3947=DIRECTION('',(0.,0.,-1.));
#3948=DIRECTION('',(-1.,0.,0.));
#3949=DIRECTION('',(0.,0.,-1.));
#3950=DIRECTION('',(0.,0.,1.));
#3951=DIRECTION('',(1.,0.,0.));
#3952=DIRECTION('',(0.,0.,-1.));
#3953=DIRECTION('',(0.,0.,1.));
#3954=DIRECTION('',(1.,0.,0.));
#3955=DIRECTION('',(1.,3.9633329746838E-16,0.));
#3956=DIRECTION('',(-3.9633329746838E-16,1.,0.));
#3957=DIRECTION('',(0.,0.,-1.));
#3958=DIRECTION('',(-3.9633329746838E-16,1.,0.));
#3959=DIRECTION('',(0.,0.,1.));
#3960=DIRECTION('',(3.9633329746838E-16,-1.,0.));
#3961=DIRECTION('',(0.,0.,-1.));
#3962=DIRECTION('',(-1.,0.,0.));
#3963=DIRECTION('',(0.,0.,1.));
#3964=DIRECTION('',(1.,0.,0.));
#3965=DIRECTION('',(0.,0.,1.));
#3966=DIRECTION('',(1.,0.,0.));
#3967=DIRECTION('',(0.,0.,-1.));
#3968=DIRECTION('',(-1.,0.,0.));
#3969=DIRECTION('',(0.,0.,-1.));
#3970=DIRECTION('',(0.,0.,1.));
#3971=DIRECTION('',(1.,0.,0.));
#3972=DIRECTION('',(0.,0.,-1.));
#3973=DIRECTION('',(0.,0.,1.));
#3974=DIRECTION('',(1.,0.,0.));
#3975=DIRECTION('',(0.,0.,1.));
#3976=DIRECTION('',(1.,0.,0.));
#3977=DIRECTION('',(0.,0.,-1.));
#3978=DIRECTION('',(0.,0.,1.));
#3979=DIRECTION('',(1.,0.,0.));
#3980=DIRECTION('',(0.,0.,-1.));
#3981=DIRECTION('',(0.,0.,1.));
#3982=DIRECTION('',(1.,0.,0.));
#3983=DIRECTION('',(0.,0.,1.));
#3984=DIRECTION('',(1.,0.,0.));
#3985=DIRECTION('',(0.,0.,1.));
#3986=DIRECTION('',(1.,0.,0.));
#3987=DIRECTION('',(0.,0.,1.));
#3988=DIRECTION('',(1.,0.,0.));
#3989=DIRECTION('',(0.,0.,1.));
#3990=DIRECTION('',(1.,0.,0.));
#3991=DIRECTION('',(0.,0.,1.));
#3992=DIRECTION('',(1.,0.,0.));
#3993=DIRECTION('',(0.,0.,1.));
#3994=DIRECTION('',(1.,0.,0.));
#3995=DIRECTION('',(0.,0.,1.));
#3996=DIRECTION('',(1.,0.,0.));
#3997=DIRECTION('',(0.,0.,1.));
#3998=DIRECTION('',(1.,0.,0.));
#3999=DIRECTION('',(1.,0.,0.));
#4000=DIRECTION('',(1.,0.,0.));
#4001=DIRECTION('',(0.,0.,-1.));
#4002=DIRECTION('',(1.,0.,0.));
#4003=DIRECTION('',(0.,0.,1.));
#4004=DIRECTION('',(1.,0.,0.));
#4005=DIRECTION('',(0.,0.,1.));
#4006=DIRECTION('',(1.,0.,0.));
#4007=DIRECTION('',(0.,0.,1.));
#4008=DIRECTION('',(1.,0.,0.));
#4009=DIRECTION('',(0.,0.,1.));
#4010=DIRECTION('',(1.,0.,0.));
#4011=DIRECTION('',(1.,0.,0.));
#4012=DIRECTION('',(1.,0.,0.));
#4013=DIRECTION('',(0.,0.,-1.));
#4014=DIRECTION('',(1.,0.,0.));
#4015=DIRECTION('',(0.,0.,1.));
#4016=DIRECTION('',(1.,0.,0.));
#4017=DIRECTION('',(0.,0.,1.));
#4018=DIRECTION('',(1.,0.,0.));
#4019=DIRECTION('',(1.,0.,0.));
#4020=DIRECTION('',(0.,1.,0.));
#4021=DIRECTION('',(1.,0.,0.));
#4022=DIRECTION('',(0.,0.,-1.));
#4023=DIRECTION('',(1.,0.,0.));
#4024=DIRECTION('',(0.,0.,-1.));
#4025=DIRECTION('',(1.,0.,0.));
#4026=DIRECTION('',(0.,1.,0.));
#4027=DIRECTION('',(1.,0.,0.));
#4028=DIRECTION('',(0.,0.,-1.));
#4029=DIRECTION('',(1.,0.,0.));
#4030=DIRECTION('',(0.,0.,-1.));
#4031=DIRECTION('',(0.,0.86602540378444,0.5));
#4032=DIRECTION('',(0.,-0.5,0.86602540378444));
#4033=DIRECTION('',(-1.,0.,0.));
#4034=DIRECTION('',(0.,0.5,-0.866025403784439));
#4035=DIRECTION('',(-1.,0.,0.));
#4036=DIRECTION('',(0.,0.866025403784438,-0.5));
#4037=DIRECTION('',(0.,0.5,0.866025403784438));
#4038=DIRECTION('',(-1.,0.,0.));
#4039=DIRECTION('',(0.,-0.5,-0.866025403784438));
#4040=DIRECTION('',(-1.,0.,0.));
#4041=DIRECTION('',(0.,-1.,0.));
#4042=DIRECTION('',(0.,-1.,0.));
#4043=DIRECTION('',(0.,-0.5,0.86602540378444));
#4044=DIRECTION('',(0.,0.5,0.866025403784438));
#4045=DIRECTION('',(0.,1.,-2.14616371248165E-15));
#4046=DIRECTION('',(0.,0.,-1.));
#4047=DIRECTION('',(-1.,0.,0.));
#4048=DIRECTION('',(-1.,0.,0.));
#4049=DIRECTION('',(0.,-0.86602540378444,-0.5));
#4050=DIRECTION('',(0.,0.5,-0.86602540378444));
#4051=DIRECTION('',(-1.,0.,0.));
#4052=DIRECTION('',(0.,-0.866025403784438,0.5));
#4053=DIRECTION('',(0.,-0.5,-0.866025403784438));
#4054=DIRECTION('',(-1.,0.,0.));
#4055=DIRECTION('',(0.,2.14616371248165E-15,1.));
#4056=DIRECTION('',(0.,-1.,2.14616371248165E-15));
#4057=DIRECTION('',(0.,-0.866025403784438,0.5));
#4058=DIRECTION('',(0.,-0.5,-0.866025403784438));
#4059=DIRECTION('',(-1.,0.,0.));
#4060=DIRECTION('',(0.,0.5,0.866025403784439));
#4061=DIRECTION('',(-1.,0.,0.));
#4062=DIRECTION('',(0.,-0.86602540378444,-0.5));
#4063=DIRECTION('',(0.,0.5,-0.86602540378444));
#4064=DIRECTION('',(0.,-0.5,0.86602540378444));
#4065=DIRECTION('',(-1.,0.,0.));
#4066=DIRECTION('',(-1.,0.,0.));
#4067=DIRECTION('',(0.,-1.,0.));
#4068=DIRECTION('',(0.,1.,-6.70676160150517E-16));
#4069=DIRECTION('',(0.,0.5,-0.866025403784439));
#4070=DIRECTION('',(0.,-0.5,-0.866025403784438));
#4071=DIRECTION('',(0.,-1.,2.68270464060207E-16));
#4072=DIRECTION('',(0.,6.70676160150517E-16,1.));
#4073=DIRECTION('',(0.,-1.,6.70676160150517E-16));
#4074=DIRECTION('',(-1.,0.,0.));
#4075=DIRECTION('',(0.,0.866025403784439,0.5));
#4076=DIRECTION('',(0.,-0.5,0.866025403784439));
#4077=DIRECTION('',(-1.,0.,0.));
#4078=DIRECTION('',(0.,0.866025403784438,-0.5));
#4079=DIRECTION('',(0.,0.5,0.866025403784438));
#4080=DIRECTION('',(-1.,0.,0.));
#4081=DIRECTION('',(0.,-2.68270464060207E-16,-1.));
#4082=DIRECTION('',(0.,1.,-2.68270464060207E-16));
#4083=DIRECTION('',(0.,0.,-1.));
#4084=DIRECTION('',(-1.,0.,0.));
#4085=DIRECTION('',(0.,0.,-1.));
#4086=DIRECTION('',(-1.,0.,0.));
#4087=DIRECTION('',(0.,0.,-1.));
#4088=DIRECTION('',(-1.,0.,0.));
#4089=DIRECTION('',(0.,0.,1.));
#4090=DIRECTION('',(1.,0.,0.));
#4091=DIRECTION('',(0.,0.,-1.));
#4092=DIRECTION('',(-1.,0.,0.));
#4093=DIRECTION('',(0.,0.,1.));
#4094=DIRECTION('',(1.,0.,0.));
#4095=DIRECTION('',(0.,0.,-1.));
#4096=DIRECTION('',(-1.,0.,0.));
#4097=DIRECTION('',(0.,0.,1.));
#4098=DIRECTION('',(1.,0.,0.));
#4099=DIRECTION('',(0.,0.,1.));
#4100=DIRECTION('',(1.,0.,0.));
#4101=DIRECTION('',(0.,0.,-1.));
#4102=DIRECTION('',(-1.,0.,0.));
#4103=DIRECTION('',(0.,0.,1.));
#4104=DIRECTION('',(1.,0.,0.));
#4105=DIRECTION('',(0.,0.,1.));
#4106=DIRECTION('',(1.,0.,0.));
#4107=DIRECTION('',(0.,0.,-1.));
#4108=DIRECTION('',(-1.,0.,0.));
#4109=DIRECTION('',(0.,0.,1.));
#4110=DIRECTION('',(1.,0.,0.));
#4111=DIRECTION('',(0.,0.,1.));
#4112=DIRECTION('',(1.,0.,0.));
#4113=DIRECTION('',(0.,0.,-1.));
#4114=DIRECTION('',(-1.,0.,0.));
#4115=DIRECTION('',(0.,0.,1.));
#4116=DIRECTION('',(1.,0.,0.));
#4117=DIRECTION('',(0.,0.,1.));
#4118=DIRECTION('',(1.,0.,0.));
#4119=DIRECTION('',(0.,0.,-1.));
#4120=DIRECTION('',(-1.,0.,0.));
#4121=DIRECTION('',(0.,0.,1.));
#4122=DIRECTION('',(1.,0.,0.));
#4123=DIRECTION('',(0.,0.,1.));
#4124=DIRECTION('',(1.,0.,0.));
#4125=DIRECTION('',(0.,0.,-1.));
#4126=DIRECTION('',(-1.,0.,0.));
#4127=DIRECTION('',(0.,0.,1.));
#4128=DIRECTION('',(1.,0.,0.));
#4129=DIRECTION('',(0.,0.,1.));
#4130=DIRECTION('',(1.,0.,0.));
#4131=DIRECTION('',(0.,0.,-1.));
#4132=DIRECTION('',(-1.,0.,0.));
#4133=DIRECTION('',(0.,0.,1.));
#4134=DIRECTION('',(1.,0.,0.));
#4135=DIRECTION('',(0.,0.,-1.));
#4136=DIRECTION('',(-1.,0.,0.));
#4137=DIRECTION('',(0.,0.,1.));
#4138=DIRECTION('',(1.,0.,0.));
#4139=DIRECTION('',(0.,0.,-1.));
#4140=DIRECTION('',(-1.,0.,0.));
#4141=DIRECTION('',(0.707106781186551,0.,0.707106781186545));
#4142=DIRECTION('',(-0.205703790890633,-0.676524907459605,-0.707106781186544));
#4143=DIRECTION('',(0.,0.,1.));
#4144=DIRECTION('',(1.,0.,0.));
#4145=DIRECTION('',(0.205703790890633,-0.676524907459605,-0.707106781186544));
#4146=DIRECTION('',(0.707106781186545,2.08307195726251E-16,-0.707106781186551));
#4147=DIRECTION('',(-2.94590861335973E-16,1.,0.));
#4148=DIRECTION('',(0.577350269189626,-0.577350269189631,0.577350269189621));
#4149=DIRECTION('',(0.,0.,-1.));
#4150=DIRECTION('',(-1.,0.,0.));
#4151=DIRECTION('',(0.707106781186552,0.,-0.707106781186544));
#4152=DIRECTION('',(0.,0.707106781186541,0.707106781186554));
#4153=DIRECTION('',(1.,0.,0.));
#4154=DIRECTION('',(0.,-0.707106781186554,0.707106781186541));
#4155=DIRECTION('',(-0.707106781186544,-1.05620497587123E-16,-0.707106781186551));
#4156=DIRECTION('',(1.49369940152305E-16,-1.,0.));
#4157=DIRECTION('',(0.577350269189626,0.577350269189631,-0.577350269189621));
#4158=DIRECTION('',(0.,0.,-1.));
#4159=DIRECTION('',(-1.,0.,0.));
#4160=DIRECTION('',(-0.28284271247462,0.648074069840791,0.707106781186543));
#4161=DIRECTION('',(0.,-0.707106781186541,-0.707106781186554));
#4162=DIRECTION('',(1.,0.,0.));
#4163=DIRECTION('',(0.,0.707106781186554,-0.707106781186541));
#4164=DIRECTION('',(0.,0.,1.));
#4165=DIRECTION('',(1.,0.,0.));
#4166=DIRECTION('',(-0.707106781186552,0.,0.707106781186543));
#4167=DIRECTION('',(0.,0.,-1.));
#4168=DIRECTION('',(-1.,0.,0.));
#4169=DIRECTION('',(-0.28284271247462,-0.648074069840791,-0.707106781186543));
#4170=DIRECTION('',(0.707106781186545,0.,0.707106781186551));
#4171=DIRECTION('',(0.,-1.,0.));
#4172=DIRECTION('',(-0.707106781186551,0.,0.707106781186545));
#4173=DIRECTION('',(0.,0.,1.));
#4174=DIRECTION('',(1.,0.,0.));
#4175=DIRECTION('',(-0.707106781186551,0.,-0.707106781186545));
#4176=DIRECTION('',(0.,0.,1.));
#4177=DIRECTION('',(1.,0.,0.));
#4178=DIRECTION('',(-0.400693842672378,-0.582618609764955,0.707106781186544));
#4179=DIRECTION('',(0.707106781186545,0.,-0.707106781186551));
#4180=DIRECTION('',(0.,1.,0.));
#4181=DIRECTION('',(-0.707106781186551,0.,-0.707106781186545));
#4182=DIRECTION('',(0.,0.,-1.));
#4183=DIRECTION('',(-1.,0.,0.));
#4184=DIRECTION('',(-0.707093852461279,0.00427595737423908,0.707106781186548));
#4185=DIRECTION('',(0.,0.,1.));
#4186=DIRECTION('',(1.,0.,0.));
#4187=DIRECTION('',(-0.400693842672378,0.582618609764955,-0.707106781186544));
#4188=DIRECTION('',(0.,0.,1.));
#4189=DIRECTION('',(1.,0.,0.));
#4190=DIRECTION('',(-0.239729362094275,-0.665229158222847,0.707106781186543));
#4191=DIRECTION('',(0.,0.,-1.));
#4192=DIRECTION('',(-1.,0.,0.));
#4193=DIRECTION('',(-0.707093852461279,-0.00427595737423942,-0.707106781186548));
#4194=DIRECTION('',(-0.23972936209428,-0.665229158222843,-0.707106781186546));
#4195=DIRECTION('',(0.94077609764478,-0.33902851517278,0.));
#4196=DIRECTION('',(-0.239729362094265,-0.665229158222844,0.70710678118655));
#4197=DIRECTION('',(0.,0.,1.));
#4198=DIRECTION('',(1.,0.,0.));
#4199=DIRECTION('',(-0.239729362094276,0.665229158222846,-0.707106781186545));
#4200=DIRECTION('',(0.,0.,-1.));
#4201=DIRECTION('',(-1.,0.,0.));
#4202=DIRECTION('',(0.239729362094275,0.665229158222848,0.707106781186542));
#4203=DIRECTION('',(-0.239729362094278,0.665229158222839,0.707106781186551));
#4204=DIRECTION('',(0.94077609764478,0.339028515172779,0.));
#4205=DIRECTION('',(-0.239729362094276,0.665229158222843,-0.707106781186547));
#4206=DIRECTION('',(-0.239729362094278,-0.665229158222838,0.707106781186551));
#4207=DIRECTION('',(-0.94077609764478,0.33902851517278,0.));
#4208=DIRECTION('',(0.239729362094275,0.665229158222848,0.707106781186542));
#4209=DIRECTION('',(0.,0.,-1.));
#4210=DIRECTION('',(-1.,0.,0.));
#4211=DIRECTION('',(0.239729362094276,-0.665229158222845,-0.707106781186546));
#4212=DIRECTION('',(0.,0.,1.));
#4213=DIRECTION('',(1.,0.,0.));
#4214=DIRECTION('',(-0.547274277731758,0.447762062856138,0.707106781186547));
#4215=DIRECTION('',(-0.239729362094278,0.665229158222839,-0.707106781186551));
#4216=DIRECTION('',(-0.94077609764478,-0.33902851517278,0.));
#4217=DIRECTION('',(0.239729362094275,-0.665229158222848,-0.707106781186542));
#4218=DIRECTION('',(0.,0.,-1.));
#4219=DIRECTION('',(-1.,0.,0.));
#4220=DIRECTION('',(-0.235702260395517,0.666666666666665,0.707106781186549));
#4221=DIRECTION('',(0.,0.,1.));
#4222=DIRECTION('',(1.,0.,0.));
#4223=DIRECTION('',(-0.547274277731763,-0.447762062856136,-0.707106781186544));
#4224=DIRECTION('',(0.,0.,1.));
#4225=DIRECTION('',(1.,0.,0.));
#4226=DIRECTION('',(-0.707106781186551,0.,0.707106781186545));
#4227=DIRECTION('',(0.,0.,-1.));
#4228=DIRECTION('',(-1.,0.,0.));
#4229=DIRECTION('',(-0.235702260395509,-0.66666666666666,-0.707106781186557));
#4230=DIRECTION('',(-0.707106781186545,-2.80249962249915E-16,-0.70710678118655));
#4231=DIRECTION('',(3.9633329746838E-16,-1.,0.));
#4232=DIRECTION('',(-0.707106781186552,0.,0.707106781186543));
#4233=DIRECTION('',(0.,0.,1.));
#4234=DIRECTION('',(1.,0.,0.));
#4235=DIRECTION('',(-0.707106781186551,0.,-0.707106781186545));
#4236=DIRECTION('',(0.,0.,-1.));
#4237=DIRECTION('',(-1.,0.,0.));
#4238=DIRECTION('',(0.707106781186551,0.,0.707106781186545));
#4239=DIRECTION('',(-0.707106781186544,-2.80249962249915E-16,0.707106781186551));
#4240=DIRECTION('',(-3.9633329746838E-16,1.,0.));
#4241=DIRECTION('',(0.,0.,-1.));
#4242=DIRECTION('',(-1.,0.,0.));
#4243=DIRECTION('',(0.707106781186552,0.,-0.707106781186543));
#4244=DIRECTION('',(-0.235702260395515,-0.666666666666672,0.707106781186543));
#4245=DIRECTION('',(0.,0.,1.));
#4246=DIRECTION('',(1.,0.,0.));
#4247=DIRECTION('',(-0.547274277731763,-0.447762062856137,0.707106781186544));
#4248=DIRECTION('',(0.707106781186544,2.80249962249915E-16,0.707106781186551));
#4249=DIRECTION('',(3.9633329746838E-16,-1.,0.));
#4250=DIRECTION('',(0.707106781186549,0.,-0.707106781186546));
#4251=DIRECTION('',(0.,0.,-1.));
#4252=DIRECTION('',(-1.,0.,0.));
#4253=DIRECTION('',(0.239729362094275,-0.665229158222848,0.707106781186543));
#4254=DIRECTION('',(0.,0.,1.));
#4255=DIRECTION('',(1.,0.,0.));
#4256=DIRECTION('',(-0.707106781186551,0.,-0.707106781186545));
#4257=DIRECTION('',(0.239729362094277,-0.665229158222836,-0.707106781186554));
#4258=DIRECTION('',(0.94077609764478,0.33902851517278,0.));
#4259=DIRECTION('',(0.239729362094275,-0.665229158222848,0.707106781186543));
#4260=DIRECTION('',(0.707106781186545,2.80249962249915E-16,-0.70710678118655));
#4261=DIRECTION('',(-3.9633329746838E-16,1.,0.));
#4262=DIRECTION('',(-0.707106781186549,0.,-0.707106781186546));
#4263=DIRECTION('',(0.,0.,1.));
#4264=DIRECTION('',(1.,0.,0.));
#4265=DIRECTION('',(-0.239729362094275,0.665229158222847,0.707106781186543));
#4266=DIRECTION('',(0.,0.,-1.));
#4267=DIRECTION('',(-1.,0.,0.));
#4268=DIRECTION('',(-0.235702260395518,0.666666666666671,-0.707106781186543));
#4269=DIRECTION('',(0.239729362094278,-0.665229158222839,0.707106781186551));
#4270=DIRECTION('',(-0.94077609764478,-0.339028515172779,0.));
#4271=DIRECTION('',(-0.239729362094276,0.665229158222846,0.707106781186544));
#4272=DIRECTION('',(0.,0.,1.));
#4273=DIRECTION('',(1.,0.,0.));
#4274=DIRECTION('',(-0.547274277731755,0.447762062856135,-0.707106781186551));
#4275=DIRECTION('',(0.,0.,-1.));
#4276=DIRECTION('',(-1.,0.,0.));
#4277=DIRECTION('',(-0.707093852461285,-0.00427595737423947,0.707106781186542));
#4278=DIRECTION('',(0.,0.,-1.));
#4279=DIRECTION('',(-1.,0.,0.));
#4280=DIRECTION('',(0.239729362094276,0.665229158222845,-0.707106781186546));
#4281=DIRECTION('',(0.,0.,1.));
#4282=DIRECTION('',(1.,0.,0.));
#4283=DIRECTION('',(-0.400693842672379,0.582618609764951,0.707106781186547));
#4284=DIRECTION('',(0.239729362094279,0.66522915822284,0.707106781186549));
#4285=DIRECTION('',(0.94077609764478,-0.33902851517278,0.));
#4286=DIRECTION('',(0.239729362094276,0.665229158222845,-0.707106781186546));
#4287=DIRECTION('',(0.,0.,-1.));
#4288=DIRECTION('',(-1.,0.,0.));
#4289=DIRECTION('',(-0.707106781186551,0.,0.707106781186545));
#4290=DIRECTION('',(0.,0.,1.));
#4291=DIRECTION('',(1.,0.,0.));
#4292=DIRECTION('',(-0.239729362094275,-0.665229158222847,-0.707106781186543));
#4293=DIRECTION('',(-0.707106781186545,0.,-0.707106781186551));
#4294=DIRECTION('',(0.,-1.,0.));
#4295=DIRECTION('',(-0.707106781186551,0.,0.707106781186545));
#4296=DIRECTION('',(0.23972936209428,0.665229158222843,-0.707106781186546));
#4297=DIRECTION('',(-0.94077609764478,0.33902851517278,0.));
#4298=DIRECTION('',(-0.239729362094277,-0.665229158222843,-0.707106781186547));
#4299=DIRECTION('',(0.,0.,-1.));
#4300=DIRECTION('',(-1.,0.,0.));
#4301=DIRECTION('',(-0.28284271247462,-0.648074069840791,0.707106781186543));
#4302=DIRECTION('',(0.,0.,-1.));
#4303=DIRECTION('',(-1.,0.,0.));
#4304=DIRECTION('',(-0.707093852461285,0.00427595737423914,-0.707106781186542));
#4305=DIRECTION('',(0.,0.,1.));
#4306=DIRECTION('',(1.,0.,0.));
#4307=DIRECTION('',(0.,0.707106781186554,0.707106781186542));
#4308=DIRECTION('',(0.,0.,1.));
#4309=DIRECTION('',(1.,0.,0.));
#4310=DIRECTION('',(-0.400693842672378,-0.582618609764955,-0.707106781186544));
#4311=DIRECTION('',(0.,0.707106781186548,-0.707106781186548));
#4312=DIRECTION('',(-1.,0.,0.));
#4313=DIRECTION('',(-0.577350269189629,-0.577350269189624,-0.577350269189624));
#4314=DIRECTION('',(0.,0.,-1.));
#4315=DIRECTION('',(-1.,0.,0.));
#4316=DIRECTION('',(-0.707106781186552,0.,-0.707106781186543));
#4317=DIRECTION('',(0.707106781186544,1.05620497587123E-16,-0.707106781186551));
#4318=DIRECTION('',(-1.49369940152305E-16,1.,0.));
#4319=DIRECTION('',(0.707106781186551,0.,0.707106781186544));
#4320=DIRECTION('',(-0.707106781186545,0.,0.707106781186551));
#4321=DIRECTION('',(0.,1.,0.));
#4322=DIRECTION('',(-0.707106781186551,0.,-0.707106781186545));
#4323=DIRECTION('',(0.,0.,1.));
#4324=DIRECTION('',(1.,0.,0.));
#4325=DIRECTION('',(0.183664099009493,-0.682837827551338,0.707106781186548));
#4326=DIRECTION('',(0.,0.,-1.));
#4327=DIRECTION('',(-1.,0.,0.));
#4328=DIRECTION('',(-0.28284271247462,0.648074069840791,-0.707106781186543));
#4329=DIRECTION('',(0.,0.,-1.));
#4330=DIRECTION('',(-1.,0.,0.));
#4331=DIRECTION('',(-0.183664099009494,-0.682837827551335,0.707106781186551));
#4332=DIRECTION('',(0.,0.,1.));
#4333=DIRECTION('',(1.,0.,0.));
#4334=DIRECTION('',(0.,-0.707106781186554,-0.707106781186541));
#4335=DIRECTION('',(0.,0.,1.));
#4336=DIRECTION('',(1.,0.,0.));
#4337=DIRECTION('',(-0.707106781186547,0.,0.707106781186548));
#4338=DIRECTION('',(0.,-0.707106781186548,0.707106781186548));
#4339=DIRECTION('',(-1.,0.,0.));
#4340=DIRECTION('',(0.577350269189629,-0.577350269189624,-0.577350269189624));
#4341=DIRECTION('',(-0.707106781186545,-2.08307195726251E-16,-0.707106781186551));
#4342=DIRECTION('',(2.94590861335973E-16,-1.,0.));
#4343=DIRECTION('',(0.,0.,1.));
#4344=DIRECTION('',(1.,0.,0.));
#4345=DIRECTION('',(0.866025403784439,0.5,0.));
#4346=DIRECTION('',(4.02405696090311E-16,1.,0.));
#4347=DIRECTION('',(-0.866025403784439,0.5,0.));
#4348=DIRECTION('',(-0.866025403784439,-0.5,0.));
#4349=DIRECTION('',(-2.68270464060207E-16,-1.,0.));
#4350=DIRECTION('',(0.866025403784439,-0.5,0.));
#4351=DIRECTION('',(0.5,-0.866025403784439,0.));
#4352=DIRECTION('',(0.866025403784439,0.5,0.));
#4353=DIRECTION('',(0.,0.,1.));
#4354=DIRECTION('',(0.,0.,1.));
#4355=DIRECTION('',(1.,-4.02405696090311E-16,0.));
#4356=DIRECTION('',(4.02405696090311E-16,1.,0.));
#4357=DIRECTION('',(0.,0.,1.));
#4358=DIRECTION('',(0.5,0.866025403784439,0.));
#4359=DIRECTION('',(-0.866025403784439,0.5,0.));
#4360=DIRECTION('',(0.,0.,1.));
#4361=DIRECTION('',(-0.5,0.866025403784439,0.));
#4362=DIRECTION('',(-0.866025403784439,-0.5,0.));
#4363=DIRECTION('',(0.,0.,1.));
#4364=DIRECTION('',(-1.,2.68270464060207E-16,0.));
#4365=DIRECTION('',(-2.68270464060207E-16,-1.,0.));
#4366=DIRECTION('',(0.,0.,1.));
#4367=DIRECTION('',(-0.5,-0.866025403784439,0.));
#4368=DIRECTION('',(0.866025403784439,-0.5,0.));
#4369=DIRECTION('',(-0.984250257419959,-0.176780742075445,0.));
#4370=DIRECTION('',(0.176780742075445,-0.984250257419959,0.));
#4371=DIRECTION('',(0.,0.,1.));
#4372=DIRECTION('',(0.176780742075445,-0.984250257419959,0.));
#4373=DIRECTION('',(0.,0.,1.));
#4374=DIRECTION('',(-0.339028515172779,-0.94077609764478,0.));
#4375=DIRECTION('',(0.94077609764478,-0.339028515172779,0.));
#4376=DIRECTION('',(0.,0.,1.));
#4377=DIRECTION('',(0.94077609764478,-0.339028515172779,0.));
#4378=DIRECTION('',(0.645221742247179,-0.763995355569335,0.));
#4379=DIRECTION('',(0.763995355569335,0.645221742247179,0.));
#4380=DIRECTION('',(0.,0.,1.));
#4381=DIRECTION('',(0.763995355569335,0.645221742247179,0.));
#4382=DIRECTION('',(0.984250257419959,0.176780742075445,0.));
#4383=DIRECTION('',(-0.176780742075445,0.984250257419959,0.));
#4384=DIRECTION('',(0.,0.,1.));
#4385=DIRECTION('',(-0.176780742075445,0.984250257419959,0.));
#4386=DIRECTION('',(0.339028515172779,0.94077609764478,0.));
#4387=DIRECTION('',(-0.94077609764478,0.339028515172779,0.));
#4388=DIRECTION('',(0.,0.,1.));
#4389=DIRECTION('',(-0.94077609764478,0.339028515172779,0.));
#4390=DIRECTION('',(-0.645221742247179,0.763995355569335,0.));
#4391=DIRECTION('',(-0.763995355569335,-0.645221742247179,0.));
#4392=DIRECTION('',(-0.763995355569335,-0.645221742247179,0.));
#4393=DIRECTION('',(0.,0.,1.));
#4394=DIRECTION('',(1.,0.,0.));
#4395=DIRECTION('',(-0.645221742247179,-0.763995355569335,0.));
#4396=DIRECTION('',(0.763995355569335,-0.645221742247179,0.));
#4397=DIRECTION('',(0.,0.,1.));
#4398=DIRECTION('',(0.763995355569335,-0.645221742247179,0.));
#4399=DIRECTION('',(0.,0.,1.));
#4400=DIRECTION('',(0.339028515172779,-0.94077609764478,0.));
#4401=DIRECTION('',(0.94077609764478,0.339028515172779,0.));
#4402=DIRECTION('',(0.,0.,1.));
#4403=DIRECTION('',(0.94077609764478,0.339028515172779,0.));
#4404=DIRECTION('',(0.984250257419959,-0.176780742075445,0.));
#4405=DIRECTION('',(0.176780742075445,0.984250257419959,0.));
#4406=DIRECTION('',(0.,0.,1.));
#4407=DIRECTION('',(0.176780742075445,0.984250257419959,0.));
#4408=DIRECTION('',(0.645221742247179,0.763995355569335,0.));
#4409=DIRECTION('',(-0.763995355569335,0.645221742247179,0.));
#4410=DIRECTION('',(0.,0.,1.));
#4411=DIRECTION('',(-0.763995355569335,0.645221742247179,0.));
#4412=DIRECTION('',(-0.33902851517278,0.94077609764478,0.));
#4413=DIRECTION('',(-0.94077609764478,-0.33902851517278,0.));
#4414=DIRECTION('',(0.,0.,1.));
#4415=DIRECTION('',(-0.94077609764478,-0.339028515172779,0.));
#4416=DIRECTION('',(-0.984250257419959,0.176780742075445,0.));
#4417=DIRECTION('',(-0.176780742075445,-0.984250257419959,0.));
#4418=DIRECTION('',(-0.176780742075445,-0.984250257419959,0.));
#4419=DIRECTION('',(0.,0.,1.));
#4420=DIRECTION('',(1.,0.,0.));
#4421=CARTESIAN_POINT('',(0.,0.,0.));
#4422=CARTESIAN_POINT('',(0.0179688234650153,-0.0064754446398001,0.02));
#4423=CARTESIAN_POINT('',(0.0179688234650153,-0.0064754446398001,0.));
#4424=CARTESIAN_POINT('',(0.0195688234650153,-0.0064754446398001,0.));
#4425=CARTESIAN_POINT('',(0.0179688234650153,-0.0064754446398001,0.0175));
#4426=CARTESIAN_POINT('',(0.0195688234650153,-0.0064754446398001,0.0175));
#4427=CARTESIAN_POINT('',(-1.0842021724855E-19,-0.0191,0.02));
#4428=CARTESIAN_POINT('',(-1.0842021724855E-19,-0.0191,0.));
#4429=CARTESIAN_POINT('',(0.0016,-0.0191,0.));
#4430=CARTESIAN_POINT('',(-1.0842021724855E-19,-0.0191,0.0175));
#4431=CARTESIAN_POINT('',(0.0016,-0.0191,0.0175));
#4432=CARTESIAN_POINT('',(-0.0179688234650153,-0.0064754446398001,0.02));
#4433=CARTESIAN_POINT('',(-0.0179688234650153,-0.0064754446398001,0.));
#4434=CARTESIAN_POINT('',(-0.0163688234650153,-0.0064754446398001,0.));
#4435=CARTESIAN_POINT('',(-0.0179688234650153,-0.0064754446398001,0.0175));
#4436=CARTESIAN_POINT('',(-0.0163688234650153,-0.0064754446398001,0.0175));
#4437=CARTESIAN_POINT('',(0.,0.0020451816422566,0.02));
#4438=CARTESIAN_POINT('',(-0.0197754443433074,-0.00861463163539424,0.02));
#4439=CARTESIAN_POINT('',(-0.0210105045310607,-0.00757157858498869,0.02));
#4440=CARTESIAN_POINT('',(-0.0185403841555541,-0.00965768468579978,0.02));
#4441=CARTESIAN_POINT('',(-0.0207247241857912,-0.00598045856198884,0.02));
#4442=CARTESIAN_POINT('',(-0.0204389438405218,-0.004389338538989,0.02));
#4443=CARTESIAN_POINT('',(-0.018918103307499,-0.00384127156639471,0.02));
#4444=CARTESIAN_POINT('',(-0.0173972627744764,-0.00329320459380041,0.02));
#4445=CARTESIAN_POINT('',(-0.0161622025867232,-0.00433625764420596,0.02));
#4446=CARTESIAN_POINT('',(-0.01492714239897,-0.0053793106946115,0.02));
#4447=CARTESIAN_POINT('',(-0.0152129227442394,-0.00697043071761135,0.02));
#4448=CARTESIAN_POINT('',(-0.0154987030895089,-0.00856155074061119,0.02));
#4449=CARTESIAN_POINT('',(-0.0170195436225315,-0.00910961771320549,0.02));
#4450=CARTESIAN_POINT('',(-0.0028,-0.0191,0.02));
#4451=CARTESIAN_POINT('',(-0.0028,-0.020716580753731,0.02));
#4452=CARTESIAN_POINT('',(-0.0028,-0.0174834192462691,0.02));
#4453=CARTESIAN_POINT('',(-0.0014,-0.0166751288694036,0.02));
#4454=CARTESIAN_POINT('',(-3.25260651745651E-18,-0.0158668384925381,0.02));
#4455=CARTESIAN_POINT('',(0.0014,-0.0166751288694036,0.02));
#4456=CARTESIAN_POINT('',(0.0028,-0.0174834192462691,0.02));
#4457=CARTESIAN_POINT('',(0.0028,-0.0191,0.02));
#4458=CARTESIAN_POINT('',(0.0028,-0.020716580753731,0.02));
#4459=CARTESIAN_POINT('',(0.0014,-0.0215248711305964,0.02));
#4460=CARTESIAN_POINT('',(-9.10729824887824E-18,-0.0223331615074619,0.02));
#4461=CARTESIAN_POINT('',(-0.0014,-0.0215248711305964,0.02));
#4462=CARTESIAN_POINT('',(-0.0065,-0.0183847763108503,0.02));
#4463=CARTESIAN_POINT('',(-0.00576666666666667,-0.0163105964193697,0.02));
#4464=CARTESIAN_POINT('',(-0.0043,-0.0183847763108503,0.02));
#4465=CARTESIAN_POINT('',(-0.0043,-0.0191,0.02));
#4466=CARTESIAN_POINT('',(-0.0043,-0.0191,0.02));
#4467=CARTESIAN_POINT('',(0.,-0.0191,0.02));
#4468=CARTESIAN_POINT('',(0.0043,-0.0191,0.02));
#4469=CARTESIAN_POINT('',(0.0043,0.00204518164225661,0.02));
#4470=CARTESIAN_POINT('',(0.0043,-0.0183847763108503,0.02));
#4471=CARTESIAN_POINT('',(0.0065,-0.0183847763108503,0.02));
#4472=CARTESIAN_POINT('',(0.00576666666666667,-0.0163105964193697,0.02));
#4473=CARTESIAN_POINT('',(1.43114686768087E-17,-1.90819582357449E-17,0.02));
#4474=CARTESIAN_POINT('',(0.0133895548121772,-0.0109548994487263,0.02));
#4475=CARTESIAN_POINT('',(0.0150922727651708,-0.0123480080491423,0.02));
#4476=CARTESIAN_POINT('',(0.0158381354985509,-0.0102783006343238,0.02));
#4477=CARTESIAN_POINT('',(0.0165110008497724,-0.0105207818596726,0.02));
#4478=CARTESIAN_POINT('',(0.0165110008497724,-0.0105207818596726,0.02));
#4479=CARTESIAN_POINT('',(0.0179688234650153,-0.0064754446398001,0.02));
#4480=CARTESIAN_POINT('',(0.0194266460802582,-0.00243010741992754,0.02));
#4481=CARTESIAN_POINT('',(0.000805512086912751,0.00428041108112925,0.02));
#4482=CARTESIAN_POINT('',(0.0187537807290368,-0.0021876261945787,0.02));
#4483=CARTESIAN_POINT('',(0.0194996434624169,-0.000117918779760183,0.02));
#4484=CARTESIAN_POINT('',(0.0172996836871699,-0.000104615122556471,0.02));
#4485=CARTESIAN_POINT('',(-3.46944695195361E-18,-5.63785129692462E-18,0.02));
#4486=CARTESIAN_POINT('',(0.00980333333333334,0.0142542855154355,0.02));
#4487=CARTESIAN_POINT('',(0.01275,0.0185388106414624,0.02));
#4488=CARTESIAN_POINT('',(0.00755,0.0185388106414624,0.02));
#4489=CARTESIAN_POINT('',(0.00755,0.0201077875895574,0.02));
#4490=CARTESIAN_POINT('',(0.00755,0.0201077875895574,0.02));
#4491=CARTESIAN_POINT('',(0.00975,0.0201077875895574,0.02));
#4492=CARTESIAN_POINT('',(0.00887,0.022124120895338,0.02));
#4493=CARTESIAN_POINT('',(0.00775,0.0246903632845132,0.02));
#4494=CARTESIAN_POINT('',(0.00775,0.0274903632845132,0.02));
#4495=CARTESIAN_POINT('',(0.002,0.0274903632845132,0.02));
#4496=CARTESIAN_POINT('',(0.0022,0.0274903632845132,0.02));
#4497=CARTESIAN_POINT('',(0.0022,0.00204518164225661,0.02));
#4498=CARTESIAN_POINT('',(0.0022,0.0131553221169229,0.02));
#4499=CARTESIAN_POINT('',(0.004,0.0131553221169229,0.02));
#4500=CARTESIAN_POINT('',(0.00347636363636364,0.0114331708579802,0.02));
#4501=CARTESIAN_POINT('',(-2.9279186513742E-19,5.20417042793042E-18,0.02));
#4502=CARTESIAN_POINT('',(-0.00347636363636364,0.0114331708579802,0.02));
#4503=CARTESIAN_POINT('',(-0.004,0.0131553221169229,0.02));
#4504=CARTESIAN_POINT('',(-0.0022,0.0131553221169229,0.02));
#4505=CARTESIAN_POINT('',(-0.0022,0.0020451816422566,0.02));
#4506=CARTESIAN_POINT('',(-0.0022,0.0274903632845132,0.02));
#4507=CARTESIAN_POINT('',(0.,0.0274903632845132,0.02));
#4508=CARTESIAN_POINT('',(-0.00775,0.0274903632845132,0.02));
#4509=CARTESIAN_POINT('',(-0.00775,0.0246903632845132,0.02));
#4510=CARTESIAN_POINT('',(-0.00887,0.022124120895338,0.02));
#4511=CARTESIAN_POINT('',(-0.00975,0.0201077875895574,0.02));
#4512=CARTESIAN_POINT('',(-0.00755,0.0201077875895574,0.02));
#4513=CARTESIAN_POINT('',(-0.00755,0.0020451816422566,0.02));
#4514=CARTESIAN_POINT('',(-0.00755,0.0185388106414624,0.02));
#4515=CARTESIAN_POINT('',(-0.01275,0.0185388106414624,0.02));
#4516=CARTESIAN_POINT('',(-0.00980333333333334,0.0142542855154355,0.02));
#4517=CARTESIAN_POINT('',(2.60208521396521E-18,3.79470760369927E-18,0.02));
#4518=CARTESIAN_POINT('',(-0.0172996836871699,-0.000104615122556468,0.02));
#4519=CARTESIAN_POINT('',(-0.0194996434624169,-0.000117918779760181,0.02));
#4520=CARTESIAN_POINT('',(-0.0187537807290368,-0.00218762619457869,0.02));
#4521=CARTESIAN_POINT('',(-0.0194266460802582,-0.00243010741992754,0.02));
#4522=CARTESIAN_POINT('',(-0.0194266460802582,-0.00243010741992754,0.02));
#4523=CARTESIAN_POINT('',(-0.0179688234650153,-0.0064754446398001,0.02));
#4524=CARTESIAN_POINT('',(-0.0165110008497724,-0.0105207818596727,0.02));
#4525=CARTESIAN_POINT('',(0.00211013314357316,-0.00381026335861586,0.02));
#4526=CARTESIAN_POINT('',(-0.0158381354985509,-0.0102783006343238,0.02));
#4527=CARTESIAN_POINT('',(-0.0150922727651708,-0.0123480080491423,0.02));
#4528=CARTESIAN_POINT('',(-0.0133895548121772,-0.0109548994487263,0.02));
#4529=CARTESIAN_POINT('',(-3.07913416985883E-17,-3.64291929955129E-17,0.02));
#4530=CARTESIAN_POINT('',(0.018918103307499,-0.00384127156639471,0.02));
#4531=CARTESIAN_POINT('',(0.0173972627744764,-0.00329320459380041,0.02));
#4532=CARTESIAN_POINT('',(0.0204389438405218,-0.00438933853898901,0.02));
#4533=CARTESIAN_POINT('',(0.0207247241857912,-0.00598045856198884,0.02));
#4534=CARTESIAN_POINT('',(0.0210105045310607,-0.00757157858498869,0.02));
#4535=CARTESIAN_POINT('',(0.0197754443433074,-0.00861463163539424,0.02));
#4536=CARTESIAN_POINT('',(0.0185403841555541,-0.00965768468579979,0.02));
#4537=CARTESIAN_POINT('',(0.0170195436225315,-0.00910961771320549,0.02));
#4538=CARTESIAN_POINT('',(0.0154987030895089,-0.00856155074061119,0.02));
#4539=CARTESIAN_POINT('',(0.0152129227442394,-0.00697043071761135,0.02));
#4540=CARTESIAN_POINT('',(0.01492714239897,-0.0053793106946115,0.02));
#4541=CARTESIAN_POINT('',(0.0161622025867232,-0.00433625764420596,0.02));
#4542=CARTESIAN_POINT('',(-3.46944695195361E-18,-5.63785129692462E-18,0.02));
#4543=CARTESIAN_POINT('',(0.00991666666666668,0.0144190749433597,0.02));
#4544=CARTESIAN_POINT('',(0.00991666666666668,0.0144190749433597,0.0198));
#4545=CARTESIAN_POINT('',(0.00991666666666668,0.0144190749433597,0.01075));
#4546=CARTESIAN_POINT('',(-3.46944695195361E-18,-5.63785129692462E-18,0.0198));
#4547=CARTESIAN_POINT('',(0.0174996800303742,-0.000105824545938627,0.0198));
#4548=CARTESIAN_POINT('',(0.0174996800303742,-0.000105824545938627,0.02));
#4549=CARTESIAN_POINT('',(0.0174996800303742,-0.000105824545938626,0.0107424965760708));
#4550=CARTESIAN_POINT('',(0.0174996800303742,-0.000105824545938631,0.0107424965760708));
#4551=CARTESIAN_POINT('',(0.0174998910724179,-7.09255704262808E-5,0.0107474705629636));
#4552=CARTESIAN_POINT('',(0.0175,-3.54430549495582E-5,0.01075));
#4553=CARTESIAN_POINT('',(0.0175,-7.29163684309843E-20,0.01075));
#4554=CARTESIAN_POINT('',(0.0175,-3.31628113344483E-19,0.01075));
#4555=CARTESIAN_POINT('',(-3.46944695195361E-18,-5.63785129692462E-18,0.01075));
#4556=CARTESIAN_POINT('',(2.60208521396521E-18,3.79470760369927E-18,0.02));
#4557=CARTESIAN_POINT('',(-0.00991666666666667,0.0144190749433597,0.02));
#4558=CARTESIAN_POINT('',(-0.00991666666666667,0.0144190749433597,0.00925));
#4559=CARTESIAN_POINT('',(-0.00991666666666667,0.0144190749433597,0.0002));
#4560=CARTESIAN_POINT('',(2.60208521396521E-18,3.79470760369927E-18,0.0002));
#4561=CARTESIAN_POINT('',(-0.0174996800303742,-0.000105824545938623,0.0002));
#4562=CARTESIAN_POINT('',(-0.0174996800303742,-0.000105824545938623,0.02));
#4563=CARTESIAN_POINT('',(-0.0174996800303742,-0.000105824545938623,0.00925750342392918));
#4564=CARTESIAN_POINT('',(-0.0174996800303742,-0.000105824545938622,0.00925750342392918));
#4565=CARTESIAN_POINT('',(-0.0174998910724179,-7.09255704262735E-5,0.00925252943703639));
#4566=CARTESIAN_POINT('',(-0.0175,-3.54430549495561E-5,0.00925));
#4567=CARTESIAN_POINT('',(-0.0175,-1.66989940901608E-19,0.00925));
#4568=CARTESIAN_POINT('',(-0.0175,-1.47931093472381E-19,0.00925));
#4569=CARTESIAN_POINT('',(2.60208521396521E-18,3.79470760369927E-18,0.00925));
#4570=CARTESIAN_POINT('',(-0.00975,0.0201077875895574,0.02));
#4571=CARTESIAN_POINT('',(-0.00895,0.0219408178675397,0.02));
#4572=CARTESIAN_POINT('',(-0.00895,0.0219408178675397,0.00925));
#4573=CARTESIAN_POINT('',(-0.00895,0.0219408178675397,0.0002));
#4574=CARTESIAN_POINT('',(-0.00975,0.0201077875895574,0.0002));
#4575=CARTESIAN_POINT('',(-0.00775,0.0201077875895574,0.0002));
#4576=CARTESIAN_POINT('',(-0.00775,0.0201077875895574,0.02));
#4577=CARTESIAN_POINT('',(-0.00775,0.0201077875895574,0.00305079519667646));
#4578=CARTESIAN_POINT('',(-0.00975,0.0201077875895574,0.00305079519667645));
#4579=CARTESIAN_POINT('',(-0.00809665988226856,0.0212331615074619,0.005));
#4580=CARTESIAN_POINT('',(-0.00975,0.0201077875895574,0.00694920480332351));
#4581=CARTESIAN_POINT('',(-0.00775,0.0201077875895574,0.0069492048033235));
#4582=CARTESIAN_POINT('',(-0.00775,0.0201077875895574,0.02));
#4583=CARTESIAN_POINT('',(-0.00775,0.0201077875895574,0.00925));
#4584=CARTESIAN_POINT('',(-0.00975,0.0201077875895574,0.00925));
#4585=CARTESIAN_POINT('',(-0.00775,0.0193232991155099,0.02));
#4586=CARTESIAN_POINT('',(-0.00775,0.0185388106414624,0.0002));
#4587=CARTESIAN_POINT('',(-0.00775,0.0185388106414624,0.0002));
#4588=CARTESIAN_POINT('',(-0.00775,0.0185388106414624,0.02));
#4589=CARTESIAN_POINT('',(-0.00775,0.0185388106414624,0.0022));
#4590=CARTESIAN_POINT('',(-0.00775,0.0193232991155099,0.0022));
#4591=CARTESIAN_POINT('',(-0.00775,0.019616580753731,0.0022));
#4592=CARTESIAN_POINT('',(-0.00775,0.0272508864378572,0.0154230053254185));
#4593=CARTESIAN_POINT('',(-0.00775,0.0193232991155099,0.02));
#4594=CARTESIAN_POINT('',(-0.00775,0.0142605053810906,0.0170769946745815));
#4595=CARTESIAN_POINT('',(-0.00775,0.019616580753731,0.0078));
#4596=CARTESIAN_POINT('',(-0.00775,0.0193232991155099,0.0078));
#4597=CARTESIAN_POINT('',(-0.00775,0.0185388106414624,0.0078));
#4598=CARTESIAN_POINT('',(-0.00775,0.0185388106414624,0.02));
#4599=CARTESIAN_POINT('',(-0.00775,0.0185388106414624,0.00925));
#4600=CARTESIAN_POINT('',(-0.00775,0.0193232991155099,0.00925));
#4601=CARTESIAN_POINT('',(-0.01275,0.0185388106414624,0.02));
#4602=CARTESIAN_POINT('',(-0.01275,0.0185388106414624,0.0002));
#4603=CARTESIAN_POINT('',(-0.01275,0.0185388106414624,0.00925));
#4604=CARTESIAN_POINT('',(-0.01275,0.0185388106414624,0.0078));
#4605=CARTESIAN_POINT('',(-0.00823842733256725,0.0163834192462691,0.0078));
#4606=CARTESIAN_POINT('',(-0.01275,0.0185388106414624,0.0115332474066717));
#4607=CARTESIAN_POINT('',(-0.00946789303834577,0.0147668384925381,0.005));
#4608=CARTESIAN_POINT('',(-0.01275,0.0185388106414624,-0.0015332474066717));
#4609=CARTESIAN_POINT('',(-0.00823842733256725,0.0163834192462691,0.0022));
#4610=CARTESIAN_POINT('',(-0.01275,0.0185388106414624,0.0022));
#4611=CARTESIAN_POINT('',(-0.00775,0.0193232991155099,0.02));
#4612=CARTESIAN_POINT('',(-0.00775,0.0185388106414624,0.02));
#4613=CARTESIAN_POINT('',(-0.00775,0.0185388106414624,0.0198));
#4614=CARTESIAN_POINT('',(-0.00775,0.0185388106414624,0.0178));
#4615=CARTESIAN_POINT('',(-0.00775,0.0193232991155099,0.0198));
#4616=CARTESIAN_POINT('',(-0.00775,0.0201077875895574,0.0198));
#4617=CARTESIAN_POINT('',(-0.00775,0.0201077875895574,0.02));
#4618=CARTESIAN_POINT('',(-0.00775,0.0201077875895574,0.0169492048033235));
#4619=CARTESIAN_POINT('',(-0.00775,0.0185906324000128,0.0195769946745815));
#4620=CARTESIAN_POINT('',(-0.00775,0.019616580753731,0.0178));
#4621=CARTESIAN_POINT('',(-0.00775,0.0193232991155099,0.0178));
#4622=CARTESIAN_POINT('',(-0.0733098587158145,0.018,0.005));
#4623=CARTESIAN_POINT('',(-0.002,0.018,0.005));
#4624=CARTESIAN_POINT('',(-0.002,0.0196,0.005));
#4625=CARTESIAN_POINT('',(-0.0045,0.018,0.005));
#4626=CARTESIAN_POINT('',(-0.0045,0.018,0.0066));
#4627=CARTESIAN_POINT('',(-0.0733098587158145,0.018,0.015));
#4628=CARTESIAN_POINT('',(-0.002,0.018,0.015));
#4629=CARTESIAN_POINT('',(-0.002,0.0196,0.015));
#4630=CARTESIAN_POINT('',(-0.0045,0.018,0.015));
#4631=CARTESIAN_POINT('',(-0.0045,0.018,0.0166));
#4632=CARTESIAN_POINT('',(0.00775,0.0193232991155099,0.02));
#4633=CARTESIAN_POINT('',(0.00775,0.0185388106414624,0.02));
#4634=CARTESIAN_POINT('',(0.00775,0.0185388106414624,0.00925));
#4635=CARTESIAN_POINT('',(0.00775,0.0185388106414624,0.00805281560082605));
#4636=CARTESIAN_POINT('',(0.00775,0.018,0.005));
#4637=CARTESIAN_POINT('',(0.00775,0.0201077875895574,0.00727315452121231));
#4638=CARTESIAN_POINT('',(0.00775,0.0201077875895574,0.02));
#4639=CARTESIAN_POINT('',(0.00775,0.0201077875895574,0.00925));
#4640=CARTESIAN_POINT('',(0.00775,0.0193232991155099,0.00925));
#4641=CARTESIAN_POINT('',(0.00775,0.0193232991155099,0.02));
#4642=CARTESIAN_POINT('',(0.00775,0.0201077875895574,0.02));
#4643=CARTESIAN_POINT('',(0.00775,0.0201077875895574,0.0198));
#4644=CARTESIAN_POINT('',(0.00775,0.0201077875895574,0.0172731545212123));
#4645=CARTESIAN_POINT('',(0.00775,0.0185388106414624,0.0198));
#4646=CARTESIAN_POINT('',(0.00775,0.0185388106414624,0.0198));
#4647=CARTESIAN_POINT('',(0.00775,0.0185388106414624,0.02));
#4648=CARTESIAN_POINT('',(0.00775,0.0185388106414624,0.0180528156008261));
#4649=CARTESIAN_POINT('',(0.00775,0.018,0.015));
#4650=CARTESIAN_POINT('',(-0.0733098587158145,0.018,0.005));
#4651=CARTESIAN_POINT('',(0.002,0.018,0.005));
#4652=CARTESIAN_POINT('',(0.002,0.0164,0.005));
#4653=CARTESIAN_POINT('',(0.0045,0.018,0.005));
#4654=CARTESIAN_POINT('',(0.0045,0.018,0.0034));
#4655=CARTESIAN_POINT('',(-0.0733098587158145,0.018,0.015));
#4656=CARTESIAN_POINT('',(0.002,0.018,0.015));
#4657=CARTESIAN_POINT('',(0.002,0.0164,0.015));
#4658=CARTESIAN_POINT('',(0.0045,0.018,0.015));
#4659=CARTESIAN_POINT('',(0.0045,0.018,0.0134));
#4660=CARTESIAN_POINT('',(0.002,0.0225378509676134,0.02));
#4661=CARTESIAN_POINT('',(0.002,0.0276903632845132,0.02));
#4662=CARTESIAN_POINT('',(0.002,0.0276903632845132,0.00925));
#4663=CARTESIAN_POINT('',(0.002,0.0276903632845132,0.0002));
#4664=CARTESIAN_POINT('',(0.002,0.014871449156017,0.0002));
#4665=CARTESIAN_POINT('',(0.002,0.014871449156017,0.0002));
#4666=CARTESIAN_POINT('',(0.002,0.014871449156017,0.02));
#4667=CARTESIAN_POINT('',(0.002,0.014871449156017,0.00925));
#4668=CARTESIAN_POINT('',(0.002,0.0225378509676134,0.00925));
#4669=CARTESIAN_POINT('',(-0.002,0.0144819374138116,0.02));
#4670=CARTESIAN_POINT('',(-0.002,0.014871449156017,0.02));
#4671=CARTESIAN_POINT('',(-0.002,0.014871449156017,0.00925));
#4672=CARTESIAN_POINT('',(-0.002,0.014871449156017,0.0002));
#4673=CARTESIAN_POINT('',(-0.002,0.0276903632845132,0.0002));
#4674=CARTESIAN_POINT('',(-0.002,0.0276903632845132,0.0002));
#4675=CARTESIAN_POINT('',(-0.002,0.0276903632845132,0.02));
#4676=CARTESIAN_POINT('',(-0.002,0.0276903632845132,0.00925));
#4677=CARTESIAN_POINT('',(-0.002,0.0144819374138116,0.00925));
#4678=CARTESIAN_POINT('',(0.01275,0.0185388106414624,0.02));
#4679=CARTESIAN_POINT('',(0.00991666666666668,0.0144190749433597,0.02));
#4680=CARTESIAN_POINT('',(0.00991666666666668,0.0144190749433597,0.00925));
#4681=CARTESIAN_POINT('',(0.00991666666666668,0.0144190749433597,0.0002));
#4682=CARTESIAN_POINT('',(0.01275,0.0185388106414624,0.0002));
#4683=CARTESIAN_POINT('',(0.00775,0.0185388106414624,0.0002));
#4684=CARTESIAN_POINT('',(0.00775,0.0185388106414624,0.02));
#4685=CARTESIAN_POINT('',(0.00775,0.0185388106414624,0.00194718439917396));
#4686=CARTESIAN_POINT('',(0.00775,0.0185388106414624,0.00805281560082605));
#4687=CARTESIAN_POINT('',(0.00775,0.0180677440742053,0.00813595710442902));
#4688=CARTESIAN_POINT('',(0.00789165000021498,0.0171072681134909,0.00807567160059828));
#4689=CARTESIAN_POINT('',(0.00843462837577291,0.015923291685889,0.00741845866783474));
#4690=CARTESIAN_POINT('',(0.00906814210325195,0.0151264639314167,0.00639970667917778));
#4691=CARTESIAN_POINT('',(0.0094475866926438,0.0147864414294166,0.00499792154008841));
#4692=CARTESIAN_POINT('',(0.00906661867939706,0.01512777362661,0.00359756833032415));
#4693=CARTESIAN_POINT('',(0.0084341452963696,0.0159253969642816,0.00258123731767403));
#4694=CARTESIAN_POINT('',(0.00789389544681495,0.0170995777165691,0.00192652867952742));
#4695=CARTESIAN_POINT('',(0.00775,0.0180673054459209,0.00186396547930411));
#4696=CARTESIAN_POINT('',(0.00775,0.0185388106414624,0.00194718439917396));
#4697=CARTESIAN_POINT('',(0.01275,0.0185388106414624,0.00925));
#4698=CARTESIAN_POINT('',(0.00775,0.0193232991155099,0.02));
#4699=CARTESIAN_POINT('',(0.00775,0.0193232991155099,0.0002));
#4700=CARTESIAN_POINT('',(0.00775,0.0201077875895574,0.0002));
#4701=CARTESIAN_POINT('',(0.00775,0.0201077875895574,0.02));
#4702=CARTESIAN_POINT('',(0.00775,0.0201077875895574,0.0027268454787877));
#4703=CARTESIAN_POINT('',(0.00775,0.018,0.005));
#4704=CARTESIAN_POINT('',(0.00975,0.0201077875895574,0.02));
#4705=CARTESIAN_POINT('',(0.00975,0.0201077875895574,0.0002));
#4706=CARTESIAN_POINT('',(0.00895,0.0219408178675397,0.0002));
#4707=CARTESIAN_POINT('',(0.00895,0.0219408178675397,0.02));
#4708=CARTESIAN_POINT('',(0.00895,0.0219408178675397,0.00925));
#4709=CARTESIAN_POINT('',(0.00975,0.0201077875895574,0.00925));
#4710=CARTESIAN_POINT('',(0.00775,0.0201077875895574,0.0027268454787877));
#4711=CARTESIAN_POINT('',(0.00775,0.0204253892631546,0.00302134233757315));
#4712=CARTESIAN_POINT('',(0.00789666029656251,0.0209190679249547,0.0037214929035745));
#4713=CARTESIAN_POINT('',(0.00807174246311088,0.0211900819003327,0.00499754383457697));
#4714=CARTESIAN_POINT('',(0.00789722556131513,0.0209206007314989,0.00627653301239053));
#4715=CARTESIAN_POINT('',(0.00775,0.0204251587175641,0.00697887143633883));
#4716=CARTESIAN_POINT('',(0.00775,0.0201077875895574,0.00727315452121231));
#4717=CARTESIAN_POINT('',(0.00775,0.0246903632845132,0.02));
#4718=CARTESIAN_POINT('',(0.00775,0.0246903632845132,0.0002));
#4719=CARTESIAN_POINT('',(0.00775,0.0276903632845132,0.0002));
#4720=CARTESIAN_POINT('',(0.00775,0.0276903632845132,0.02));
#4721=CARTESIAN_POINT('',(0.00775,0.0276903632845132,0.00925));
#4722=CARTESIAN_POINT('',(0.00775,0.0246903632845132,0.00925));
#4723=CARTESIAN_POINT('',(0.004875,0.0276903632845132,0.02));
#4724=CARTESIAN_POINT('',(0.004875,0.0276903632845132,0.0002));
#4725=CARTESIAN_POINT('',(0.004875,0.0276903632845132,0.00925));
#4726=CARTESIAN_POINT('',(-0.004875,0.0276903632845132,0.02));
#4727=CARTESIAN_POINT('',(-0.00775,0.0276903632845132,0.0002));
#4728=CARTESIAN_POINT('',(-0.00775,0.0276903632845132,0.0002));
#4729=CARTESIAN_POINT('',(-0.00775,0.0276903632845132,0.02));
#4730=CARTESIAN_POINT('',(-0.00775,0.0276903632845132,0.00925));
#4731=CARTESIAN_POINT('',(-0.004875,0.0276903632845132,0.00925));
#4732=CARTESIAN_POINT('',(-0.00775,0.0246903632845132,0.02));
#4733=CARTESIAN_POINT('',(-0.00775,0.0246903632845132,0.0002));
#4734=CARTESIAN_POINT('',(-0.00775,0.0246903632845132,0.00925));
#4735=CARTESIAN_POINT('',(0.002,0.0225378509676134,0.02));
#4736=CARTESIAN_POINT('',(0.002,0.0131553221169229,0.02));
#4737=CARTESIAN_POINT('',(0.002,0.0131553221169229,0.015));
#4738=CARTESIAN_POINT('',(0.002,0.0131553221169229,0.0198));
#4739=CARTESIAN_POINT('',(0.002,0.0225378509676134,0.0198));
#4740=CARTESIAN_POINT('',(0.002,0.0276903632845132,0.0198));
#4741=CARTESIAN_POINT('',(0.002,0.0276903632845132,0.02));
#4742=CARTESIAN_POINT('',(0.002,0.0276903632845132,0.01075));
#4743=CARTESIAN_POINT('',(0.002,0.0225378509676134,0.01075));
#4744=CARTESIAN_POINT('',(0.002,0.014871449156017,0.01075));
#4745=CARTESIAN_POINT('',(0.002,0.014871449156017,0.02));
#4746=CARTESIAN_POINT('',(0.002,0.014871449156017,0.015));
#4747=CARTESIAN_POINT('',(0.002,0.0225378509676134,0.015));
#4748=CARTESIAN_POINT('',(-0.002,0.0144819374138116,0.02));
#4749=CARTESIAN_POINT('',(-0.002,0.0276903632845132,0.02));
#4750=CARTESIAN_POINT('',(-0.002,0.0276903632845132,0.0198));
#4751=CARTESIAN_POINT('',(-0.002,0.0276903632845132,0.01075));
#4752=CARTESIAN_POINT('',(-0.002,0.0144819374138116,0.0198));
#4753=CARTESIAN_POINT('',(-0.002,0.0131553221169229,0.0198));
#4754=CARTESIAN_POINT('',(-0.002,0.0131553221169229,0.02));
#4755=CARTESIAN_POINT('',(-0.002,0.0131553221169229,0.015));
#4756=CARTESIAN_POINT('',(-0.002,0.0144819374138116,0.015));
#4757=CARTESIAN_POINT('',(-0.002,0.014871449156017,0.015));
#4758=CARTESIAN_POINT('',(-0.002,0.014871449156017,0.02));
#4759=CARTESIAN_POINT('',(-0.002,0.014871449156017,0.01075));
#4760=CARTESIAN_POINT('',(-0.002,0.0144819374138116,0.01075));
#4761=CARTESIAN_POINT('',(0.,0.0020451816422566,0.));
#4762=CARTESIAN_POINT('',(0.004,0.014871449156017,0.));
#4763=CARTESIAN_POINT('',(0.00353246753246753,0.013133227826093,0.));
#4764=CARTESIAN_POINT('',(0.0022,0.014871449156017,0.));
#4765=CARTESIAN_POINT('',(0.0022,0.0276903632845132,0.));
#4766=CARTESIAN_POINT('',(0.0022,0.0274903632845132,0.));
#4767=CARTESIAN_POINT('',(0.,0.0274903632845132,0.));
#4768=CARTESIAN_POINT('',(0.00775,0.0274903632845132,0.));
#4769=CARTESIAN_POINT('',(0.00775,0.0246903632845132,0.));
#4770=CARTESIAN_POINT('',(0.00887,0.022124120895338,0.));
#4771=CARTESIAN_POINT('',(0.00975,0.0201077875895574,0.));
#4772=CARTESIAN_POINT('',(0.00755,0.0201077875895574,0.));
#4773=CARTESIAN_POINT('',(0.00755,0.0020451816422566,0.));
#4774=CARTESIAN_POINT('',(0.00755,0.0185388106414624,0.));
#4775=CARTESIAN_POINT('',(0.01275,0.0185388106414624,0.));
#4776=CARTESIAN_POINT('',(0.00980333333333334,0.0142542855154355,0.));
#4777=CARTESIAN_POINT('',(-3.46944695195361E-18,-5.63785129692462E-18,0.));
#4778=CARTESIAN_POINT('',(0.0172996836871699,-0.000104615122556471,0.));
#4779=CARTESIAN_POINT('',(0.0194996434624169,-0.000117918779760183,0.));
#4780=CARTESIAN_POINT('',(0.0187537807290368,-0.0021876261945787,0.));
#4781=CARTESIAN_POINT('',(0.0194266460802582,-0.00243010741992753,0.));
#4782=CARTESIAN_POINT('',(0.0194266460802582,-0.00243010741992754,0.));
#4783=CARTESIAN_POINT('',(0.0179688234650153,-0.0064754446398001,0.));
#4784=CARTESIAN_POINT('',(0.0165110008497724,-0.0105207818596726,0.));
#4785=CARTESIAN_POINT('',(-0.00211013314357316,-0.00381026335861586,0.));
#4786=CARTESIAN_POINT('',(0.0158381354985509,-0.0102783006343238,0.));
#4787=CARTESIAN_POINT('',(0.0150922727651708,-0.0123480080491423,0.));
#4788=CARTESIAN_POINT('',(0.0133895548121772,-0.0109548994487263,0.));
#4789=CARTESIAN_POINT('',(1.43114686768087E-17,-1.90819582357449E-17,0.));
#4790=CARTESIAN_POINT('',(0.00576666666666667,-0.0163105964193697,0.));
#4791=CARTESIAN_POINT('',(0.0065,-0.0183847763108503,0.));
#4792=CARTESIAN_POINT('',(0.0043,-0.0183847763108503,0.));
#4793=CARTESIAN_POINT('',(0.0043,-0.0191,0.));
#4794=CARTESIAN_POINT('',(0.0043,-0.0191,0.));
#4795=CARTESIAN_POINT('',(0.,-0.0191,0.));
#4796=CARTESIAN_POINT('',(-0.0043,-0.0191,0.));
#4797=CARTESIAN_POINT('',(-0.0043,0.0020451816422566,0.));
#4798=CARTESIAN_POINT('',(-0.0043,-0.0183847763108503,0.));
#4799=CARTESIAN_POINT('',(-0.0065,-0.0183847763108503,0.));
#4800=CARTESIAN_POINT('',(-0.00576666666666667,-0.0163105964193697,0.));
#4801=CARTESIAN_POINT('',(-3.07913416985883E-17,-3.64291929955129E-17,0.));
#4802=CARTESIAN_POINT('',(-0.0133895548121772,-0.0109548994487263,0.));
#4803=CARTESIAN_POINT('',(-0.0150922727651708,-0.0123480080491423,0.));
#4804=CARTESIAN_POINT('',(-0.0158381354985509,-0.0102783006343238,0.));
#4805=CARTESIAN_POINT('',(-0.0165110008497724,-0.0105207818596726,0.));
#4806=CARTESIAN_POINT('',(-0.0165110008497724,-0.0105207818596726,0.));
#4807=CARTESIAN_POINT('',(-0.0179688234650153,-0.0064754446398001,0.));
#4808=CARTESIAN_POINT('',(-0.0194266460802582,-0.00243010741992754,0.));
#4809=CARTESIAN_POINT('',(-0.000805512086912747,0.00428041108112925,0.));
#4810=CARTESIAN_POINT('',(-0.0187537807290368,-0.0021876261945787,0.));
#4811=CARTESIAN_POINT('',(-0.0194996434624169,-0.000117918779760181,0.));
#4812=CARTESIAN_POINT('',(-0.0172996836871699,-0.000104615122556468,0.));
#4813=CARTESIAN_POINT('',(2.60208521396521E-18,3.79470760369927E-18,0.));
#4814=CARTESIAN_POINT('',(-0.00980333333333334,0.0142542855154355,0.));
#4815=CARTESIAN_POINT('',(-0.01275,0.0185388106414624,0.));
#4816=CARTESIAN_POINT('',(-0.00755,0.0185388106414624,0.));
#4817=CARTESIAN_POINT('',(-0.00755,0.0201077875895574,0.));
#4818=CARTESIAN_POINT('',(-0.00755,0.0201077875895574,0.));
#4819=CARTESIAN_POINT('',(-0.00975,0.0201077875895574,0.));
#4820=CARTESIAN_POINT('',(-0.00887,0.022124120895338,0.));
#4821=CARTESIAN_POINT('',(-0.00775,0.0246903632845132,0.));
#4822=CARTESIAN_POINT('',(-0.00775,0.0274903632845132,0.));
#4823=CARTESIAN_POINT('',(-0.002,0.0274903632845132,0.));
#4824=CARTESIAN_POINT('',(-0.0022,0.0274903632845132,0.));
#4825=CARTESIAN_POINT('',(-0.0022,0.014871449156017,0.));
#4826=CARTESIAN_POINT('',(-0.0022,0.014871449156017,0.));
#4827=CARTESIAN_POINT('',(-0.004,0.014871449156017,0.));
#4828=CARTESIAN_POINT('',(-0.00353246753246753,0.013133227826093,0.));
#4829=CARTESIAN_POINT('',(0.,8.20513355428726E-19,0.));
#4830=CARTESIAN_POINT('',(0.0045,-0.0180057672626439,0.02));
#4831=CARTESIAN_POINT('',(0.0045,-0.0183847763108503,0.02));
#4832=CARTESIAN_POINT('',(0.0045,-0.0183847763108503,0.0002));
#4833=CARTESIAN_POINT('',(0.0045,-0.0183847763108503,0.0198));
#4834=CARTESIAN_POINT('',(0.0045,-0.0180057672626439,0.0198));
#4835=CARTESIAN_POINT('',(0.0045,-0.0191,0.0198));
#4836=CARTESIAN_POINT('',(0.0045,-0.0191,0.02));
#4837=CARTESIAN_POINT('',(0.0045,-0.0191,0.0002));
#4838=CARTESIAN_POINT('',(0.0045,-0.0183847763108503,0.0002));
#4839=CARTESIAN_POINT('',(1.43114686768087E-17,-1.90819582357449E-17,0.02));
#4840=CARTESIAN_POINT('',(0.0135443473533584,-0.0110815456851277,0.02));
#4841=CARTESIAN_POINT('',(0.0135443473533584,-0.0110815456851277,0.0002));
#4842=CARTESIAN_POINT('',(0.0135443473533584,-0.0110815456851277,0.0198));
#4843=CARTESIAN_POINT('',(1.43114686768087E-17,-1.90819582357449E-17,0.0198));
#4844=CARTESIAN_POINT('',(0.00583333333333334,-0.0164991582276861,0.0198));
#4845=CARTESIAN_POINT('',(0.00583333333333334,-0.0164991582276861,0.02));
#4846=CARTESIAN_POINT('',(0.00583333333333334,-0.0164991582276861,0.0002));
#4847=CARTESIAN_POINT('',(1.43114686768087E-17,-1.90819582357449E-17,0.0002));
#4848=CARTESIAN_POINT('',(0.0154137671421727,-0.0103379609790023,0.02));
#4849=CARTESIAN_POINT('',(0.0164431951467378,-0.0107089370792016,0.02));
#4850=CARTESIAN_POINT('',(0.0164431951467378,-0.0107089370792016,0.0198));
#4851=CARTESIAN_POINT('',(0.0164431951467378,-0.0107089370792016,0.0002));
#4852=CARTESIAN_POINT('',(0.0157703297955164,-0.0104664558538528,0.0198));
#4853=CARTESIAN_POINT('',(0.0157703297955164,-0.0104664558538528,0.0198));
#4854=CARTESIAN_POINT('',(0.0157703297955164,-0.0104664558538528,0.));
#4855=CARTESIAN_POINT('',(0.0157703297955164,-0.0104664558538528,0.0002));
#4856=CARTESIAN_POINT('',(0.0154137671421727,-0.0103379609790023,0.0002));
#4857=CARTESIAN_POINT('',(0.0179688234650153,-0.0064754446398001,0.02));
#4858=CARTESIAN_POINT('',(0.0194944517832928,-0.00224195220039858,0.02));
#4859=CARTESIAN_POINT('',(0.0194944517832928,-0.00224195220039858,0.0198));
#4860=CARTESIAN_POINT('',(0.0194944517832928,-0.00224195220039858,0.0002));
#4861=CARTESIAN_POINT('',(0.0179688234650153,-0.0064754446398001,0.0198));
#4862=CARTESIAN_POINT('',(0.0179688234650153,-0.0064754446398001,0.0002));
#4863=CARTESIAN_POINT('',(0.0184650237787277,-0.00187097610019929,0.02));
#4864=CARTESIAN_POINT('',(0.0188215864320714,-0.00199947097504975,0.02));
#4865=CARTESIAN_POINT('',(0.0188215864320714,-0.00199947097504975,0.0002));
#4866=CARTESIAN_POINT('',(0.0188215864320714,-0.00199947097504975,0.0198));
#4867=CARTESIAN_POINT('',(0.0184650237787277,-0.00187097610019929,0.0198));
#4868=CARTESIAN_POINT('',(0.0188215864320714,-0.00199947097504975,0.0002));
#4869=CARTESIAN_POINT('',(-3.46944695195361E-18,-5.63785129692462E-18,0.02));
#4870=CARTESIAN_POINT('',(0.0174996800303742,-0.000105824545938627,0.02));
#4871=CARTESIAN_POINT('',(0.0174996800303742,-0.000105824545938626,0.00925750342392918));
#4872=CARTESIAN_POINT('',(0.0174996800303742,-0.000105824545938627,0.0002));
#4873=CARTESIAN_POINT('',(-3.46944695195361E-18,-5.63785129692462E-18,0.0002));
#4874=CARTESIAN_POINT('',(-3.46944695195361E-18,-5.63785129692462E-18,0.00925));
#4875=CARTESIAN_POINT('',(0.0175,-1.47931093472381E-19,0.00925));
#4876=CARTESIAN_POINT('',(0.0175,-2.39779603408432E-19,0.00925));
#4877=CARTESIAN_POINT('',(0.0175,-3.57013217644816E-5,0.00925));
#4878=CARTESIAN_POINT('',(0.0174998908022166,-7.09702522634347E-5,0.00925253580532856));
#4879=CARTESIAN_POINT('',(0.0174996800303742,-0.000105824545938626,0.00925750342392919));
#4880=CARTESIAN_POINT('',(0.01275,0.0185388106414624,0.02));
#4881=CARTESIAN_POINT('',(0.01275,0.0185388106414624,0.0198));
#4882=CARTESIAN_POINT('',(0.01275,0.0185388106414624,0.01075));
#4883=CARTESIAN_POINT('',(0.00775,0.0185388106414624,0.01075));
#4884=CARTESIAN_POINT('',(0.00775,0.0185388106414624,0.02));
#4885=CARTESIAN_POINT('',(0.00775,0.0185388106414624,0.011947184399174));
#4886=CARTESIAN_POINT('',(0.00775,0.0185388106414624,0.0180528156008261));
#4887=CARTESIAN_POINT('',(0.00775,0.0180677440742053,0.018135957104429));
#4888=CARTESIAN_POINT('',(0.00789165000021498,0.0171072681134909,0.0180756716005983));
#4889=CARTESIAN_POINT('',(0.0084346283757729,0.015923291685889,0.0174184586678347));
#4890=CARTESIAN_POINT('',(0.00906814210325194,0.0151264639314167,0.0163997066791778));
#4891=CARTESIAN_POINT('',(0.0094475866926438,0.0147864414294166,0.0149979215400884));
#4892=CARTESIAN_POINT('',(0.00906661867939706,0.01512777362661,0.0135975683303242));
#4893=CARTESIAN_POINT('',(0.0084341452963696,0.0159253969642816,0.012581237317674));
#4894=CARTESIAN_POINT('',(0.00789389544681495,0.0170995777165691,0.0119265286795274));
#4895=CARTESIAN_POINT('',(0.00775,0.0180673054459209,0.0118639654793041));
#4896=CARTESIAN_POINT('',(0.00775,0.0185388106414624,0.011947184399174));
#4897=CARTESIAN_POINT('',(0.00775,0.0193232991155099,0.02));
#4898=CARTESIAN_POINT('',(0.00775,0.0201077875895574,0.02));
#4899=CARTESIAN_POINT('',(0.00775,0.0201077875895574,0.0127268454787877));
#4900=CARTESIAN_POINT('',(0.00775,0.0201077875895574,0.01075));
#4901=CARTESIAN_POINT('',(0.00775,0.018,0.015));
#4902=CARTESIAN_POINT('',(0.00775,0.0193232991155099,0.01075));
#4903=CARTESIAN_POINT('',(0.00975,0.0201077875895574,0.02));
#4904=CARTESIAN_POINT('',(0.00895,0.0219408178675397,0.02));
#4905=CARTESIAN_POINT('',(0.00895,0.0219408178675397,0.0198));
#4906=CARTESIAN_POINT('',(0.00895,0.0219408178675397,0.01075));
#4907=CARTESIAN_POINT('',(0.00975,0.0201077875895574,0.0198));
#4908=CARTESIAN_POINT('',(0.00775,0.0201077875895574,0.0127268454787877));
#4909=CARTESIAN_POINT('',(0.00775,0.0204253892631546,0.0130213423375731));
#4910=CARTESIAN_POINT('',(0.00789666029656251,0.0209190679249547,0.0137214929035745));
#4911=CARTESIAN_POINT('',(0.00807174246311089,0.0211900819003327,0.014997543834577));
#4912=CARTESIAN_POINT('',(0.00789722556131513,0.0209206007314989,0.0162765330123905));
#4913=CARTESIAN_POINT('',(0.00775,0.0204251587175641,0.0169788714363388));
#4914=CARTESIAN_POINT('',(0.00775,0.0201077875895574,0.0172731545212123));
#4915=CARTESIAN_POINT('',(0.00975,0.0201077875895574,0.01075));
#4916=CARTESIAN_POINT('',(0.00775,0.0246903632845132,0.02));
#4917=CARTESIAN_POINT('',(0.00775,0.0276903632845132,0.02));
#4918=CARTESIAN_POINT('',(0.00775,0.0276903632845132,0.0198));
#4919=CARTESIAN_POINT('',(0.00775,0.0276903632845132,0.01075));
#4920=CARTESIAN_POINT('',(0.00775,0.0246903632845132,0.0198));
#4921=CARTESIAN_POINT('',(0.00775,0.0246903632845132,0.01075));
#4922=CARTESIAN_POINT('',(0.004875,0.0276903632845132,0.02));
#4923=CARTESIAN_POINT('',(0.00775,0.0276903632845132,0.0198));
#4924=CARTESIAN_POINT('',(0.004875,0.0276903632845132,0.01075));
#4925=CARTESIAN_POINT('',(-2.9279186513742E-19,5.20417042793042E-18,0.02));
#4926=CARTESIAN_POINT('',(-0.00341818181818182,0.0112418207180977,0.02));
#4927=CARTESIAN_POINT('',(-0.00341818181818182,0.0112418207180977,0.015));
#4928=CARTESIAN_POINT('',(-0.00341818181818182,0.0112418207180977,0.0198));
#4929=CARTESIAN_POINT('',(-2.9279186513742E-19,5.20417042793042E-18,0.0198));
#4930=CARTESIAN_POINT('',(0.00341818181818182,0.0112418207180977,0.0198));
#4931=CARTESIAN_POINT('',(0.00341818181818182,0.0112418207180977,0.02));
#4932=CARTESIAN_POINT('',(0.00341818181818182,0.0112418207180977,0.015));
#4933=CARTESIAN_POINT('',(-2.9279186513742E-19,5.20417042793042E-18,0.015));
#4934=CARTESIAN_POINT('',(-0.004875,0.0276903632845132,0.02));
#4935=CARTESIAN_POINT('',(-0.00775,0.0276903632845132,0.02));
#4936=CARTESIAN_POINT('',(-0.00775,0.0276903632845132,0.0198));
#4937=CARTESIAN_POINT('',(-0.00775,0.0276903632845132,0.01075));
#4938=CARTESIAN_POINT('',(-0.004875,0.0276903632845132,0.0198));
#4939=CARTESIAN_POINT('',(-0.004875,0.0276903632845132,0.01075));
#4940=CARTESIAN_POINT('',(-0.00775,0.0246903632845132,0.02));
#4941=CARTESIAN_POINT('',(-0.00895,0.0219408178675397,0.02));
#4942=CARTESIAN_POINT('',(-0.00895,0.0219408178675397,0.0198));
#4943=CARTESIAN_POINT('',(-0.00895,0.0219408178675397,0.01075));
#4944=CARTESIAN_POINT('',(-0.00775,0.0246903632845132,0.0198));
#4945=CARTESIAN_POINT('',(-0.00775,0.0246903632845132,0.01075));
#4946=CARTESIAN_POINT('',(-0.00975,0.0201077875895574,0.02));
#4947=CARTESIAN_POINT('',(-0.00975,0.0201077875895574,0.0198));
#4948=CARTESIAN_POINT('',(-0.00975,0.0201077875895574,0.01075));
#4949=CARTESIAN_POINT('',(-0.00775,0.0201077875895574,0.01075));
#4950=CARTESIAN_POINT('',(-0.00775,0.0201077875895574,0.02));
#4951=CARTESIAN_POINT('',(-0.00775,0.0201077875895574,0.0130507951966765));
#4952=CARTESIAN_POINT('',(-0.00975,0.0201077875895574,0.0130507951966764));
#4953=CARTESIAN_POINT('',(-0.00809665988226858,0.021233161507462,0.015));
#4954=CARTESIAN_POINT('',(-0.00975,0.0201077875895574,0.0169492048033235));
#4955=CARTESIAN_POINT('',(-0.00775,0.0193232991155099,0.02));
#4956=CARTESIAN_POINT('',(-0.00775,0.0193232991155099,0.0122));
#4957=CARTESIAN_POINT('',(-0.00775,0.019616580753731,0.0122));
#4958=CARTESIAN_POINT('',(-0.00775,0.0185388106414624,0.0122));
#4959=CARTESIAN_POINT('',(-0.00775,0.022920759418935,0.0179230053254185));
#4960=CARTESIAN_POINT('',(-0.00775,0.0193232991155099,0.01075));
#4961=CARTESIAN_POINT('',(-0.00775,0.0185388106414624,0.01075));
#4962=CARTESIAN_POINT('',(-0.00775,0.0185388106414624,0.02));
#4963=CARTESIAN_POINT('',(-0.01275,0.0185388106414624,0.02));
#4964=CARTESIAN_POINT('',(-0.00991666666666667,0.0144190749433597,0.02));
#4965=CARTESIAN_POINT('',(-0.00991666666666667,0.0144190749433597,0.0198));
#4966=CARTESIAN_POINT('',(-0.00991666666666667,0.0144190749433597,0.01075));
#4967=CARTESIAN_POINT('',(-0.01275,0.0185388106414624,0.0198));
#4968=CARTESIAN_POINT('',(-0.01275,0.0185388106414624,0.0178));
#4969=CARTESIAN_POINT('',(-0.00823842733256725,0.0163834192462691,0.0178));
#4970=CARTESIAN_POINT('',(-0.01275,0.0185388106414624,0.0215332474066715));
#4971=CARTESIAN_POINT('',(-0.00946789303834567,0.0147668384925382,0.015));
#4972=CARTESIAN_POINT('',(-0.01275,0.0185388106414624,0.00846675259332848));
#4973=CARTESIAN_POINT('',(-0.00823842733256721,0.0163834192462691,0.0122));
#4974=CARTESIAN_POINT('',(-0.01275,0.0185388106414624,0.0122));
#4975=CARTESIAN_POINT('',(-0.01275,0.0185388106414624,0.01075));
#4976=CARTESIAN_POINT('',(2.60208521396521E-18,3.79470760369927E-18,0.02));
#4977=CARTESIAN_POINT('',(-0.0174996800303742,-0.000105824545938623,0.02));
#4978=CARTESIAN_POINT('',(-0.0174996800303742,-0.000105824545938623,0.0107424965760708));
#4979=CARTESIAN_POINT('',(-0.0174996800303742,-0.000105824545938623,0.0198));
#4980=CARTESIAN_POINT('',(2.60208521396521E-18,3.79470760369927E-18,0.0198));
#4981=CARTESIAN_POINT('',(2.60208521396521E-18,3.79470760369927E-18,0.01075));
#4982=CARTESIAN_POINT('',(-0.0175,-3.31628113344483E-19,0.01075));
#4983=CARTESIAN_POINT('',(-0.0175,-1.47931093472381E-19,0.01075));
#4984=CARTESIAN_POINT('',(-0.0175,-3.57013217644816E-5,0.01075));
#4985=CARTESIAN_POINT('',(-0.0174998908022166,-7.09702522634351E-5,0.0107474641946714));
#4986=CARTESIAN_POINT('',(-0.0174996800303742,-0.000105824545938626,0.0107424965760708));
#4987=CARTESIAN_POINT('',(-0.0184650237787277,-0.00187097610019929,0.02));
#4988=CARTESIAN_POINT('',(-0.0194944517832928,-0.00224195220039858,0.02));
#4989=CARTESIAN_POINT('',(-0.0194944517832928,-0.00224195220039858,0.0198));
#4990=CARTESIAN_POINT('',(-0.0194944517832928,-0.00224195220039858,0.0002));
#4991=CARTESIAN_POINT('',(-0.0188215864320714,-0.00199947097504974,0.0198));
#4992=CARTESIAN_POINT('',(-0.0188215864320714,-0.00199947097504974,0.0198));
#4993=CARTESIAN_POINT('',(-0.0188215864320714,-0.00199947097504974,0.));
#4994=CARTESIAN_POINT('',(-0.0188215864320714,-0.00199947097504974,0.0002));
#4995=CARTESIAN_POINT('',(-0.0184650237787277,-0.00187097610019929,0.0002));
#4996=CARTESIAN_POINT('',(-0.0179688234650153,-0.0064754446398001,0.02));
#4997=CARTESIAN_POINT('',(-0.0164431951467378,-0.0107089370792016,0.02));
#4998=CARTESIAN_POINT('',(-0.0164431951467378,-0.0107089370792016,0.0198));
#4999=CARTESIAN_POINT('',(-0.0164431951467378,-0.0107089370792016,0.0002));
#5000=CARTESIAN_POINT('',(-0.0179688234650153,-0.0064754446398001,0.0198));
#5001=CARTESIAN_POINT('',(-0.0179688234650153,-0.0064754446398001,0.0002));
#5002=CARTESIAN_POINT('',(-0.0154137671421727,-0.0103379609790023,0.02));
#5003=CARTESIAN_POINT('',(-0.0157703297955164,-0.0104664558538528,0.02));
#5004=CARTESIAN_POINT('',(-0.0157703297955164,-0.0104664558538528,0.0002));
#5005=CARTESIAN_POINT('',(-0.0157703297955164,-0.0104664558538528,0.0198));
#5006=CARTESIAN_POINT('',(-0.0154137671421727,-0.0103379609790023,0.0198));
#5007=CARTESIAN_POINT('',(-0.0157703297955164,-0.0104664558538528,0.0002));
#5008=CARTESIAN_POINT('',(-3.07913416985883E-17,-3.64291929955129E-17,0.02));
#5009=CARTESIAN_POINT('',(-0.00583333333333334,-0.0164991582276861,0.02));
#5010=CARTESIAN_POINT('',(-0.00583333333333334,-0.0164991582276861,0.0002));
#5011=CARTESIAN_POINT('',(-0.00583333333333334,-0.0164991582276861,0.0198));
#5012=CARTESIAN_POINT('',(-3.07913416985883E-17,-3.64291929955129E-17,0.0198));
#5013=CARTESIAN_POINT('',(-0.0135443473533584,-0.0110815456851277,0.0198));
#5014=CARTESIAN_POINT('',(-0.0135443473533584,-0.0110815456851277,0.02));
#5015=CARTESIAN_POINT('',(-0.0135443473533584,-0.0110815456851277,0.0002));
#5016=CARTESIAN_POINT('',(-3.07913416985883E-17,-3.64291929955129E-17,0.0002));
#5017=CARTESIAN_POINT('',(-0.0045,-0.0180057672626439,0.02));
#5018=CARTESIAN_POINT('',(-0.0045,-0.0191,0.02));
#5019=CARTESIAN_POINT('',(-0.0045,-0.0191,0.0198));
#5020=CARTESIAN_POINT('',(-0.0045,-0.0191,0.0002));
#5021=CARTESIAN_POINT('',(-0.0045,-0.0183847763108503,0.0198));
#5022=CARTESIAN_POINT('',(-0.0045,-0.0183847763108503,0.0198));
#5023=CARTESIAN_POINT('',(-0.0045,-0.0183847763108503,0.));
#5024=CARTESIAN_POINT('',(-0.0045,-0.0183847763108503,0.0002));
#5025=CARTESIAN_POINT('',(-0.0045,-0.0180057672626439,0.0002));
#5026=CARTESIAN_POINT('',(0.,-0.0191,0.02));
#5027=CARTESIAN_POINT('',(0.,-0.0191,0.0198));
#5028=CARTESIAN_POINT('',(0.,-0.0191,0.0002));
#5029=CARTESIAN_POINT('',(0.,8.20513355428726E-19,0.015));
#5030=CARTESIAN_POINT('',(0.00348051948051948,0.0129400921227681,0.015));
#5031=CARTESIAN_POINT('',(0.00348051948051948,0.0129400921227681,0.00925));
#5032=CARTESIAN_POINT('',(0.00348051948051948,0.0129400921227681,0.0002));
#5033=CARTESIAN_POINT('',(0.,8.20513355428726E-19,0.0002));
#5034=CARTESIAN_POINT('',(-0.00348051948051948,0.0129400921227681,0.0002));
#5035=CARTESIAN_POINT('',(-0.00348051948051948,0.0129400921227681,0.015));
#5036=CARTESIAN_POINT('',(-0.00348051948051948,0.0129400921227681,0.00925));
#5037=CARTESIAN_POINT('',(0.,8.20513355428726E-19,0.00925));
#5038=CARTESIAN_POINT('',(-0.0134,-1.4793109347238E-19,0.00925));
#5039=CARTESIAN_POINT('',(-0.0134,-1.47931093472381E-19,0.01075));
#5040=CARTESIAN_POINT('',(-0.0134,-0.000198216963450954,0.01075));
#5041=CARTESIAN_POINT('',(-0.0133895027289667,-0.000586624213435525,0.0105874875930788));
#5042=CARTESIAN_POINT('',(-0.0133737470345323,-0.000831528904746729,0.0100007153568773));
#5043=CARTESIAN_POINT('',(-0.0133894775755778,-0.000587259108087869,0.00941273892469822));
#5044=CARTESIAN_POINT('',(-0.0134,-0.000198216803597024,0.00925));
#5045=CARTESIAN_POINT('',(-0.0134,-3.72217604550536E-19,0.00925));
#5046=CARTESIAN_POINT('',(-0.0134,-3.31628113344483E-19,0.01075));
#5047=CARTESIAN_POINT('',(0.,8.20513355428726E-19,0.01075));
#5048=CARTESIAN_POINT('',(-0.00348051948051948,0.0129400921227681,0.01075));
#5049=CARTESIAN_POINT('',(-0.00348051948051948,0.0129400921227681,0.015));
#5050=CARTESIAN_POINT('',(-0.00348051948051948,0.0129400921227681,0.015));
#5051=CARTESIAN_POINT('',(0.,8.20513355428726E-19,0.015));
#5052=CARTESIAN_POINT('',(0.00348051948051948,0.0129400921227681,0.015));
#5053=CARTESIAN_POINT('',(0.00348051948051948,0.0129400921227681,0.015));
#5054=CARTESIAN_POINT('',(0.00348051948051948,0.0129400921227681,0.01075));
#5055=CARTESIAN_POINT('',(0.,8.20513355428726E-19,0.01075));
#5056=CARTESIAN_POINT('',(0.0134,-3.31628113344483E-19,0.01075));
#5057=CARTESIAN_POINT('',(0.0134,-2.39779603408432E-19,0.00925));
#5058=CARTESIAN_POINT('',(0.0134,-0.000198216963450955,0.00925));
#5059=CARTESIAN_POINT('',(0.0133895027289667,-0.000586624213435526,0.00941251240692125));
#5060=CARTESIAN_POINT('',(0.0133737470345323,-0.000831528904746728,0.00999928464312271));
#5061=CARTESIAN_POINT('',(0.0133894775755778,-0.000587259108087873,0.0105872610753018));
#5062=CARTESIAN_POINT('',(0.0134,-0.000198216803597023,0.01075));
#5063=CARTESIAN_POINT('',(0.0134,-2.77402854017257E-19,0.01075));
#5064=CARTESIAN_POINT('',(0.0134,-1.4793109347238E-19,0.00925));
#5065=CARTESIAN_POINT('',(0.,8.20513355428726E-19,0.00925));
#5066=CARTESIAN_POINT('',(0.,0.,0.015));
#5067=CARTESIAN_POINT('',(-0.004,0.0131553221169229,0.015));
#5068=CARTESIAN_POINT('',(0.004,0.0131553221169229,0.015));
#5069=CARTESIAN_POINT('',(0.004,0.014871449156017,0.015));
#5070=CARTESIAN_POINT('',(-0.004,0.014871449156017,0.015));
#5071=CARTESIAN_POINT('',(-0.0733098587158145,0.015372951515019,0.00925));
#5072=CARTESIAN_POINT('',(-0.004,0.014871449156017,0.00925));
#5073=CARTESIAN_POINT('',(-0.0733098587158145,-1.4793109347238E-19,0.00925));
#5074=CARTESIAN_POINT('',(-0.0733098587158145,-2.39779603408432E-19,0.01));
#5075=CARTESIAN_POINT('',(-0.0733098587158145,-3.31628113344483E-19,0.01075));
#5076=CARTESIAN_POINT('',(-0.0174996800303742,-0.000105824545938623,0.00925750342392918));
#5077=CARTESIAN_POINT('',(-0.0174985940911436,-0.000285400927762063,0.00928309760130348));
#5078=CARTESIAN_POINT('',(-0.0175508734585664,-0.00061551178871435,0.00946495544664015));
#5079=CARTESIAN_POINT('',(-0.0176277598721131,-0.000817106941032694,0.00999955188443921));
#5080=CARTESIAN_POINT('',(-0.0175509996993148,-0.000616059924496131,0.0105346681614293));
#5081=CARTESIAN_POINT('',(-0.0174985940903752,-0.000285401054826432,0.0107169023805866));
#5082=CARTESIAN_POINT('',(-0.0174996800303742,-0.000105824545938623,0.0107424965760708));
#5083=CARTESIAN_POINT('',(-0.0733098587158145,0.015372951515019,0.01075));
#5084=CARTESIAN_POINT('',(-0.004,0.014871449156017,0.01075));
#5085=CARTESIAN_POINT('',(-0.0733098587158145,0.015372951515019,0.01075));
#5086=CARTESIAN_POINT('',(0.004,0.014871449156017,0.01075));
#5087=CARTESIAN_POINT('',(-0.0733098587158145,-3.31628113344483E-19,0.01075));
#5088=CARTESIAN_POINT('',(-0.0733098587158145,-2.39779603408432E-19,0.01));
#5089=CARTESIAN_POINT('',(-0.0733098587158145,-1.4793109347238E-19,0.00925));
#5090=CARTESIAN_POINT('',(0.0174996800303742,-0.000105824545938627,0.0107424965760708));
#5091=CARTESIAN_POINT('',(0.0174985940911436,-0.000285400927762062,0.0107169023986965));
#5092=CARTESIAN_POINT('',(0.0175508734585664,-0.000615511788714361,0.0105350445533598));
#5093=CARTESIAN_POINT('',(0.0176277598721131,-0.000817106941032694,0.0100004481155608));
#5094=CARTESIAN_POINT('',(0.0175509996993148,-0.000616059924496123,0.00946533183857069));
#5095=CARTESIAN_POINT('',(0.0174985940903752,-0.000285401054826439,0.00928309761941337));
#5096=CARTESIAN_POINT('',(0.0174996800303742,-0.000105824545938626,0.00925750342392918));
#5097=CARTESIAN_POINT('',(-0.0733098587158145,0.015372951515019,0.00925));
#5098=CARTESIAN_POINT('',(0.004,0.014871449156017,0.00925));
#5099=CARTESIAN_POINT('',(0.0045,0.0186217557638884,0.01));
#5100=CARTESIAN_POINT('',(0.0045,0.018,0.015));
#5101=CARTESIAN_POINT('',(0.0045,0.018,0.0119));
#5102=CARTESIAN_POINT('',(0.0045,0.018,0.015));
#5103=CARTESIAN_POINT('',(0.0045,0.0186217557638884,0.01));
#5104=CARTESIAN_POINT('',(0.0045,0.018,0.005));
#5105=CARTESIAN_POINT('',(0.0045,0.018,0.0019));
#5106=CARTESIAN_POINT('',(0.0045,0.018,0.005));
#5107=CARTESIAN_POINT('',(-0.0045,0.0204248711305965,0.0164));
#5108=CARTESIAN_POINT('',(-0.0045,0.021233161507462,0.015));
#5109=CARTESIAN_POINT('',(-0.0045,0.021233161507462,0.015));
#5110=CARTESIAN_POINT('',(-0.0045,0.0204248711305965,0.0164));
#5111=CARTESIAN_POINT('',(-0.0045,0.019616580753731,0.0178));
#5112=CARTESIAN_POINT('',(-0.0045,0.019616580753731,0.0178));
#5113=CARTESIAN_POINT('',(-0.0045,0.0204248711305965,0.0136));
#5114=CARTESIAN_POINT('',(-0.0045,0.019616580753731,0.0122));
#5115=CARTESIAN_POINT('',(-0.0045,0.019616580753731,0.0122));
#5116=CARTESIAN_POINT('',(-0.0045,0.0204248711305965,0.0136));
#5117=CARTESIAN_POINT('',(-0.0045,0.0173514545112849,0.01));
#5118=CARTESIAN_POINT('',(-0.0045,0.018,0.0122));
#5119=CARTESIAN_POINT('',(-0.0045,0.0163834192462691,0.0122));
#5120=CARTESIAN_POINT('',(-0.0045,0.0155751288694037,0.0136));
#5121=CARTESIAN_POINT('',(-0.0045,0.0147668384925382,0.015));
#5122=CARTESIAN_POINT('',(-0.0045,0.0155751288694037,0.0164));
#5123=CARTESIAN_POINT('',(-0.0045,0.0163834192462691,0.0178));
#5124=CARTESIAN_POINT('',(-0.0045,0.018,0.0178));
#5125=CARTESIAN_POINT('',(-0.0045,0.018,0.0122));
#5126=CARTESIAN_POINT('',(-0.0045,0.0163834192462691,0.0122));
#5127=CARTESIAN_POINT('',(-0.0045,0.0155751288694037,0.0136));
#5128=CARTESIAN_POINT('',(-0.0045,0.0147668384925382,0.015));
#5129=CARTESIAN_POINT('',(-0.0045,0.0155751288694037,0.0164));
#5130=CARTESIAN_POINT('',(-0.0045,0.0163834192462691,0.0178));
#5131=CARTESIAN_POINT('',(-0.0045,0.018,0.0178));
#5132=CARTESIAN_POINT('',(-0.0045,0.0204248711305965,0.0036));
#5133=CARTESIAN_POINT('',(-0.0045,0.019616580753731,0.0022));
#5134=CARTESIAN_POINT('',(-0.0045,0.019616580753731,0.0022));
#5135=CARTESIAN_POINT('',(-0.0045,0.0204248711305965,0.0036));
#5136=CARTESIAN_POINT('',(-0.0045,0.0212331615074619,0.005));
#5137=CARTESIAN_POINT('',(-0.0045,0.0212331615074619,0.005));
#5138=CARTESIAN_POINT('',(-0.0045,0.0204248711305965,0.0064));
#5139=CARTESIAN_POINT('',(-0.0045,0.0204248711305965,0.0064));
#5140=CARTESIAN_POINT('',(-0.0045,0.019616580753731,0.0078));
#5141=CARTESIAN_POINT('',(-0.0045,0.019616580753731,0.0078));
#5142=CARTESIAN_POINT('',(-0.0045,0.0173514545112849,0.01));
#5143=CARTESIAN_POINT('',(-0.0045,0.018,0.0022));
#5144=CARTESIAN_POINT('',(-0.0045,0.0163834192462691,0.0022));
#5145=CARTESIAN_POINT('',(-0.0045,0.0155751288694036,0.0036));
#5146=CARTESIAN_POINT('',(-0.0045,0.0147668384925381,0.005));
#5147=CARTESIAN_POINT('',(-0.0045,0.0155751288694036,0.0064));
#5148=CARTESIAN_POINT('',(-0.0045,0.0163834192462691,0.0078));
#5149=CARTESIAN_POINT('',(-0.0045,0.018,0.0078));
#5150=CARTESIAN_POINT('',(-0.0045,0.018,0.0022));
#5151=CARTESIAN_POINT('',(-0.0045,0.0163834192462691,0.0022));
#5152=CARTESIAN_POINT('',(-0.0045,0.0155751288694036,0.0036));
#5153=CARTESIAN_POINT('',(-0.0045,0.0147668384925381,0.005));
#5154=CARTESIAN_POINT('',(-0.0045,0.0155751288694036,0.0064));
#5155=CARTESIAN_POINT('',(-0.0045,0.0163834192462691,0.0078));
#5156=CARTESIAN_POINT('',(-0.0045,0.018,0.0078));
#5157=CARTESIAN_POINT('',(-0.004,0.014871449156017,0.015));
#5158=CARTESIAN_POINT('',(0.004,0.014871449156017,0.015));
#5159=CARTESIAN_POINT('',(0.004,0.014871449156017,0.015));
#5160=CARTESIAN_POINT('',(0.004,0.014871449156017,0.0002));
#5161=CARTESIAN_POINT('',(-0.004,0.014871449156017,0.015));
#5162=CARTESIAN_POINT('',(-0.004,0.014871449156017,0.0002));
#5163=CARTESIAN_POINT('',(-0.0194996434624169,-0.000117918779760181,0.02));
#5164=CARTESIAN_POINT('',(-0.0194996434624169,-0.000117918779760181,0.0198));
#5165=CARTESIAN_POINT('',(-0.0194996434624169,-0.000117918779760181,0.0002));
#5166=CARTESIAN_POINT('',(-0.0150922727651708,-0.0123480080491423,0.02));
#5167=CARTESIAN_POINT('',(-0.0150922727651708,-0.0123480080491423,0.0198));
#5168=CARTESIAN_POINT('',(-0.0150922727651708,-0.0123480080491423,0.0002));
#5169=CARTESIAN_POINT('',(-0.0065,-0.0183847763108503,0.02));
#5170=CARTESIAN_POINT('',(-0.0065,-0.0183847763108503,0.0198));
#5171=CARTESIAN_POINT('',(-0.0065,-0.0183847763108503,0.0002));
#5172=CARTESIAN_POINT('',(0.0065,-0.0183847763108503,0.02));
#5173=CARTESIAN_POINT('',(0.0065,-0.0183847763108503,0.0198));
#5174=CARTESIAN_POINT('',(0.0065,-0.0183847763108503,0.0002));
#5175=CARTESIAN_POINT('',(0.0150922727651708,-0.0123480080491423,0.02));
#5176=CARTESIAN_POINT('',(0.0150922727651708,-0.0123480080491423,0.0198));
#5177=CARTESIAN_POINT('',(0.0150922727651708,-0.0123480080491423,0.0002));
#5178=CARTESIAN_POINT('',(0.0194996434624169,-0.000117918779760183,0.02));
#5179=CARTESIAN_POINT('',(0.0194996434624169,-0.000117918779760183,0.0198));
#5180=CARTESIAN_POINT('',(0.0194996434624169,-0.000117918779760183,0.0002));
#5181=CARTESIAN_POINT('',(-0.004,0.0131553221169229,0.02));
#5182=CARTESIAN_POINT('',(-0.004,0.0131553221169229,0.0198));
#5183=CARTESIAN_POINT('',(0.004,0.0131553221169229,0.02));
#5184=CARTESIAN_POINT('',(0.004,0.0131553221169229,0.0198));
#5185=CARTESIAN_POINT('',(0.004,0.0131553221169229,0.02));
#5186=CARTESIAN_POINT('',(0.002,0.0131553221169229,0.0198));
#5187=CARTESIAN_POINT('',(0.00347636363636364,0.0114331708579802,0.02));
#5188=CARTESIAN_POINT('',(-2.9279186513742E-19,5.20417042793042E-18,0.0198));
#5189=CARTESIAN_POINT('',(-0.00347636363636364,0.0114331708579802,0.02));
#5190=CARTESIAN_POINT('',(0.002,0.0225378509676134,0.0198));
#5191=CARTESIAN_POINT('',(0.00371750410563326,0.0259728591788799,0.0215175041056333));
#5192=CARTESIAN_POINT('',(-0.004,0.0131553221169229,0.02));
#5193=CARTESIAN_POINT('',(-0.0022,0.0131553221169229,0.02));
#5194=CARTESIAN_POINT('',(0.,0.0274903632845132,0.02));
#5195=CARTESIAN_POINT('',(0.00775,0.0276903632845132,0.0198));
#5196=CARTESIAN_POINT('',(-0.002,0.0144819374138116,0.0198));
#5197=CARTESIAN_POINT('',(-0.00295833333333334,0.0267320299511798,0.0207583333333334));
#5198=CARTESIAN_POINT('',(0.00775,0.0246903632845132,0.02));
#5199=CARTESIAN_POINT('',(0.00895,0.0219408178675397,0.0198));
#5200=CARTESIAN_POINT('',(-0.004875,0.0276903632845132,0.0198));
#5201=CARTESIAN_POINT('',(-0.00775,0.0274903632845132,0.02));
#5202=CARTESIAN_POINT('',(0.00975,0.0201077875895574,0.0198));
#5203=CARTESIAN_POINT('',(0.00775,0.0201077875895574,0.0198));
#5204=CARTESIAN_POINT('',(-0.00775,0.0246903632845132,0.0198));
#5205=CARTESIAN_POINT('',(-0.00887,0.022124120895338,0.02));
#5206=CARTESIAN_POINT('',(0.00755,0.0020451816422566,0.02));
#5207=CARTESIAN_POINT('',(0.00775,0.0185388106414624,0.0198));
#5208=CARTESIAN_POINT('',(-0.00975,0.0201077875895574,0.02));
#5209=CARTESIAN_POINT('',(-0.00755,0.0201077875895574,0.02));
#5210=CARTESIAN_POINT('',(0.01275,0.0185388106414624,0.0198));
#5211=CARTESIAN_POINT('',(0.00991666666666668,0.0144190749433597,0.0198));
#5212=CARTESIAN_POINT('',(-0.00775,0.0193232991155099,0.0198));
#5213=CARTESIAN_POINT('',(-0.00755,0.0185388106414624,0.02));
#5214=CARTESIAN_POINT('',(-3.46944695195361E-18,-5.63785129692462E-18,0.02));
#5215=CARTESIAN_POINT('',(0.0174996800303742,-0.000105824545938627,0.0198));
#5216=CARTESIAN_POINT('',(-0.01275,0.0185388106414624,0.0198));
#5217=CARTESIAN_POINT('',(-0.00980333333333334,0.0142542855154355,0.02));
#5218=CARTESIAN_POINT('',(0.0194996434624169,-0.000117918779760183,0.02));
#5219=CARTESIAN_POINT('',(0.0188215864320714,-0.00199947097504975,0.0198));
#5220=CARTESIAN_POINT('',(2.60208521396521E-18,3.79470760369927E-18,0.02));
#5221=CARTESIAN_POINT('',(-0.0172996836871699,-0.000104615122556468,0.02));
#5222=CARTESIAN_POINT('',(0.0184650237787277,-0.00187097610019929,0.0198));
#5223=CARTESIAN_POINT('',(0.0194944517832928,-0.00224195220039858,0.0198));
#5224=CARTESIAN_POINT('',(-0.0194996434624169,-0.000117918779760181,0.02));
#5225=CARTESIAN_POINT('',(-0.0187537807290368,-0.0021876261945787,0.02));
#5226=CARTESIAN_POINT('',(0.0179688234650153,-0.0064754446398001,0.0198));
#5227=CARTESIAN_POINT('',(0.0164431951467378,-0.0107089370792016,0.0198));
#5228=CARTESIAN_POINT('',(-0.000805512086912747,0.00428041108112925,0.02));
#5229=CARTESIAN_POINT('',(-0.0194266460802582,-0.00243010741992754,0.02));
#5230=CARTESIAN_POINT('',(-0.00211013314357316,-0.00381026335861586,0.02));
#5231=CARTESIAN_POINT('',(0.0157703297955164,-0.0104664558538528,0.0198));
#5232=CARTESIAN_POINT('',(-0.0179688234650153,-0.0064754446398001,0.02));
#5233=CARTESIAN_POINT('',(-0.0165110008497724,-0.0105207818596726,0.02));
#5234=CARTESIAN_POINT('',(0.0150922727651708,-0.0123480080491423,0.02));
#5235=CARTESIAN_POINT('',(0.0135443473533584,-0.0110815456851277,0.0198));
#5236=CARTESIAN_POINT('',(-0.0154137671421727,-0.0103379609790023,0.0198));
#5237=CARTESIAN_POINT('',(-0.0158381354985509,-0.0102783006343238,0.02));
#5238=CARTESIAN_POINT('',(1.43114686768087E-17,-1.90819582357449E-17,0.02));
#5239=CARTESIAN_POINT('',(0.00583333333333333,-0.0164991582276861,0.0198));
#5240=CARTESIAN_POINT('',(-0.0150922727651708,-0.0123480080491423,0.02));
#5241=CARTESIAN_POINT('',(-0.0133895548121772,-0.0109548994487263,0.02));
#5242=CARTESIAN_POINT('',(0.0065,-0.0183847763108503,0.02));
#5243=CARTESIAN_POINT('',(0.0045,-0.0183847763108503,0.0198));
#5244=CARTESIAN_POINT('',(-3.07913416985883E-17,-3.64291929955129E-17,0.02));
#5245=CARTESIAN_POINT('',(-0.00576666666666667,-0.0163105964193697,0.02));
#5246=CARTESIAN_POINT('',(0.0045,-0.0180057672626439,0.0198));
#5247=CARTESIAN_POINT('',(0.0045,-0.0191,0.0198));
#5248=CARTESIAN_POINT('',(-0.0065,-0.0183847763108503,0.02));
#5249=CARTESIAN_POINT('',(-0.0043,-0.0183847763108503,0.02));
#5250=CARTESIAN_POINT('',(0.,-0.0191,0.0198));
#5251=CARTESIAN_POINT('',(-0.0045,-0.0191,0.0198));
#5252=CARTESIAN_POINT('',(-0.0043,0.0020451816422566,0.02));
#5253=CARTESIAN_POINT('',(-0.0065,-0.0183847763108503,0.));
#5254=CARTESIAN_POINT('',(-0.0045,-0.0183847763108503,0.0002));
#5255=CARTESIAN_POINT('',(-0.00576666666666667,-0.0163105964193697,0.));
#5256=CARTESIAN_POINT('',(-3.07913416985883E-17,-3.64291929955129E-17,0.0002));
#5257=CARTESIAN_POINT('',(-0.0133895548121772,-0.0109548994487263,0.));
#5258=CARTESIAN_POINT('',(-0.0045,-0.0180057672626439,0.0002));
#5259=CARTESIAN_POINT('',(-0.0045,-0.0191,0.0002));
#5260=CARTESIAN_POINT('',(-0.0150922727651708,-0.0123480080491423,0.));
#5261=CARTESIAN_POINT('',(-0.0158381354985509,-0.0102783006343238,0.));
#5262=CARTESIAN_POINT('',(0.,-0.0191,0.));
#5263=CARTESIAN_POINT('',(0.0045,-0.0191,0.0002));
#5264=CARTESIAN_POINT('',(0.00211013314357316,-0.00381026335861586,0.));
#5265=CARTESIAN_POINT('',(-0.0165110008497724,-0.0105207818596726,0.));
#5266=CARTESIAN_POINT('',(0.0043,0.00204518164225661,0.));
#5267=CARTESIAN_POINT('',(0.0045,-0.0183847763108503,0.0002));
#5268=CARTESIAN_POINT('',(-0.0179688234650153,-0.0064754446398001,0.0002));
#5269=CARTESIAN_POINT('',(-0.0194266460802582,-0.00243010741992754,0.));
#5270=CARTESIAN_POINT('',(0.0065,-0.0183847763108503,0.));
#5271=CARTESIAN_POINT('',(0.00583333333333334,-0.0164991582276861,0.0002));
#5272=CARTESIAN_POINT('',(-0.0184650237787277,-0.00187097610019929,0.0002));
#5273=CARTESIAN_POINT('',(-0.0187537807290368,-0.0021876261945787,0.));
#5274=CARTESIAN_POINT('',(1.43114686768087E-17,-1.90819582357449E-17,0.0002));
#5275=CARTESIAN_POINT('',(0.0135443473533584,-0.0110815456851277,0.0002));
#5276=CARTESIAN_POINT('',(-0.0194996434624169,-0.000117918779760181,0.));
#5277=CARTESIAN_POINT('',(-0.0172996836871699,-0.000104615122556468,0.));
#5278=CARTESIAN_POINT('',(0.0150922727651708,-0.0123480080491423,0.));
#5279=CARTESIAN_POINT('',(0.0157703297955164,-0.0104664558538528,0.0002));
#5280=CARTESIAN_POINT('',(2.60208521396521E-18,3.79470760369927E-18,0.0002));
#5281=CARTESIAN_POINT('',(-0.00980333333333334,0.0142542855154355,0.));
#5282=CARTESIAN_POINT('',(0.0154137671421727,-0.0103379609790023,0.0002));
#5283=CARTESIAN_POINT('',(0.0164431951467378,-0.0107089370792016,0.0002));
#5284=CARTESIAN_POINT('',(-0.01275,0.0185388106414624,0.));
#5285=CARTESIAN_POINT('',(-0.00755,0.0185388106414624,0.));
#5286=CARTESIAN_POINT('',(0.0179688234650153,-0.0064754446398001,0.));
#5287=CARTESIAN_POINT('',(0.0194944517832928,-0.00224195220039858,0.0002));
#5288=CARTESIAN_POINT('',(-0.00755,0.0020451816422566,0.));
#5289=CARTESIAN_POINT('',(-0.00755,0.0201077875895574,0.));
#5290=CARTESIAN_POINT('',(0.000805512086912751,0.00428041108112925,0.));
#5291=CARTESIAN_POINT('',(0.0188215864320714,-0.00199947097504975,0.0002));
#5292=CARTESIAN_POINT('',(-0.00975,0.0201077875895574,0.0002));
#5293=CARTESIAN_POINT('',(-0.00887,0.022124120895338,0.));
#5294=CARTESIAN_POINT('',(0.0194996434624169,-0.000117918779760183,0.));
#5295=CARTESIAN_POINT('',(0.0174996800303742,-0.000105824545938627,0.0002));
#5296=CARTESIAN_POINT('',(-0.00775,0.0246903632845132,0.));
#5297=CARTESIAN_POINT('',(-0.00775,0.0274903632845132,0.));
#5298=CARTESIAN_POINT('',(-3.46944695195361E-18,-5.63785129692462E-18,0.0002));
#5299=CARTESIAN_POINT('',(0.00991666666666667,0.0144190749433597,0.0002));
#5300=CARTESIAN_POINT('',(0.,0.0274903632845132,0.));
#5301=CARTESIAN_POINT('',(-0.00146666666666666,0.0282236966178466,0.000733333333333337));
#5302=CARTESIAN_POINT('',(0.01275,0.0185388106414624,0.));
#5303=CARTESIAN_POINT('',(0.00775,0.0185388106414624,0.0002));
#5304=CARTESIAN_POINT('',(-0.0022,0.0020451816422566,0.));
#5305=CARTESIAN_POINT('',(-0.0022,0.014871449156017,0.));
#5306=CARTESIAN_POINT('',(0.00775,0.0193232991155099,0.0002));
#5307=CARTESIAN_POINT('',(0.00775,0.0201077875895574,0.0002));
#5308=CARTESIAN_POINT('',(-0.004,0.014871449156017,0.));
#5309=CARTESIAN_POINT('',(-0.00353246753246753,0.013133227826093,0.));
#5310=CARTESIAN_POINT('',(0.00975,0.0201077875895574,0.));
#5311=CARTESIAN_POINT('',(0.00895,0.0219408178675397,0.0002));
#5312=CARTESIAN_POINT('',(0.,8.20513355428726E-19,0.));
#5313=CARTESIAN_POINT('',(0.00353246753246753,0.013133227826093,0.));
#5314=CARTESIAN_POINT('',(0.00775,0.0246903632845132,0.0002));
#5315=CARTESIAN_POINT('',(0.00775,0.0276903632845132,0.0002));
#5316=CARTESIAN_POINT('',(0.004,0.014871449156017,0.));
#5317=CARTESIAN_POINT('',(0.0022,0.014871449156017,0.));
#5318=CARTESIAN_POINT('',(0.004875,0.0276903632845132,0.0002));
#5319=CARTESIAN_POINT('',(0.00295833333333334,0.0267320299511798,-0.000758333333333341));
#5320=CARTESIAN_POINT('',(0.0022,0.00204518164225661,0.));
#5321=CARTESIAN_POINT('',(3.46944695195361E-18,0.0020451816422566,0.0175));
#5322=CARTESIAN_POINT('',(-0.0014,-0.0166751288694036,0.0175));
#5323=CARTESIAN_POINT('',(-0.0028,-0.0174834192462691,0.0175));
#5324=CARTESIAN_POINT('',(-3.25260651745651E-18,-0.0158668384925381,0.0175));
#5325=CARTESIAN_POINT('',(-0.0028,-0.0191,0.0175));
#5326=CARTESIAN_POINT('',(-0.0028,-0.020716580753731,0.0175));
#5327=CARTESIAN_POINT('',(-0.0014,-0.0215248711305964,0.0175));
#5328=CARTESIAN_POINT('',(-9.10729824887824E-18,-0.0223331615074619,0.0175));
#5329=CARTESIAN_POINT('',(0.0014,-0.0215248711305964,0.0175));
#5330=CARTESIAN_POINT('',(0.0028,-0.020716580753731,0.0175));
#5331=CARTESIAN_POINT('',(0.0028,-0.0191,0.0175));
#5332=CARTESIAN_POINT('',(0.0028,-0.0174834192462691,0.0175));
#5333=CARTESIAN_POINT('',(0.0014,-0.0166751288694036,0.0175));
#5334=CARTESIAN_POINT('',(-0.0014,-0.0166751288694036,0.0175));
#5335=CARTESIAN_POINT('',(-0.0028,-0.0174834192462691,0.0175));
#5336=CARTESIAN_POINT('',(-3.25260651745651E-18,-0.0158668384925381,0.0175));
#5337=CARTESIAN_POINT('',(-0.0028,-0.0191,0.0175));
#5338=CARTESIAN_POINT('',(-0.0028,-0.020716580753731,0.0175));
#5339=CARTESIAN_POINT('',(-0.0014,-0.0215248711305964,0.0175));
#5340=CARTESIAN_POINT('',(-9.10729824887824E-18,-0.0223331615074619,0.0175));
#5341=CARTESIAN_POINT('',(0.0014,-0.0215248711305964,0.0175));
#5342=CARTESIAN_POINT('',(0.0028,-0.020716580753731,0.0175));
#5343=CARTESIAN_POINT('',(0.0028,-0.0191,0.0175));
#5344=CARTESIAN_POINT('',(0.0028,-0.0174834192462691,0.0175));
#5345=CARTESIAN_POINT('',(0.0014,-0.0166751288694036,0.0175));
#5346=CARTESIAN_POINT('',(0.0207247241857912,-0.00598045856198884,0.0175));
#5347=CARTESIAN_POINT('',(0.0204389438405218,-0.00438933853898901,0.0175));
#5348=CARTESIAN_POINT('',(0.0204389438405218,-0.00438933853898901,0.0175));
#5349=CARTESIAN_POINT('',(0.0207247241857912,-0.00598045856198884,0.0175));
#5350=CARTESIAN_POINT('',(0.0210105045310607,-0.00757157858498869,0.0175));
#5351=CARTESIAN_POINT('',(0.0210105045310607,-0.00757157858498869,0.0175));
#5352=CARTESIAN_POINT('',(0.018918103307499,-0.00384127156639471,0.0175));
#5353=CARTESIAN_POINT('',(0.0173972627744764,-0.00329320459380041,0.0175));
#5354=CARTESIAN_POINT('',(0.0173972627744764,-0.00329320459380041,0.0175));
#5355=CARTESIAN_POINT('',(0.018918103307499,-0.00384127156639471,0.0175));
#5356=CARTESIAN_POINT('',(0.0161622025867232,-0.00433625764420596,0.0175));
#5357=CARTESIAN_POINT('',(0.01492714239897,-0.0053793106946115,0.0175));
#5358=CARTESIAN_POINT('',(0.01492714239897,-0.0053793106946115,0.0175));
#5359=CARTESIAN_POINT('',(0.0161622025867232,-0.00433625764420596,0.0175));
#5360=CARTESIAN_POINT('',(0.0152129227442394,-0.00697043071761135,0.0175));
#5361=CARTESIAN_POINT('',(0.0154987030895089,-0.00856155074061119,0.0175));
#5362=CARTESIAN_POINT('',(0.0154987030895089,-0.00856155074061119,0.0175));
#5363=CARTESIAN_POINT('',(0.0152129227442394,-0.00697043071761135,0.0175));
#5364=CARTESIAN_POINT('',(0.0170195436225315,-0.00910961771320549,0.0175));
#5365=CARTESIAN_POINT('',(0.0185403841555541,-0.00965768468579979,0.0175));
#5366=CARTESIAN_POINT('',(0.0185403841555541,-0.00965768468579979,0.0175));
#5367=CARTESIAN_POINT('',(0.0170195436225315,-0.00910961771320549,0.0175));
#5368=CARTESIAN_POINT('',(0.0197754443433074,-0.00861463163539424,0.0175));
#5369=CARTESIAN_POINT('',(0.0197754443433074,-0.00861463163539424,0.0175));
#5370=CARTESIAN_POINT('',(3.46944695195361E-18,0.0020451816422566,0.0175));
#5371=CARTESIAN_POINT('',(-0.0197754443433074,-0.00861463163539424,0.0175));
#5372=CARTESIAN_POINT('',(-0.0185403841555541,-0.00965768468579978,0.0175));
#5373=CARTESIAN_POINT('',(-0.0185403841555541,-0.00965768468579978,0.0175));
#5374=CARTESIAN_POINT('',(-0.0197754443433074,-0.00861463163539424,0.0175));
#5375=CARTESIAN_POINT('',(-0.0210105045310607,-0.00757157858498869,0.0175));
#5376=CARTESIAN_POINT('',(-0.0210105045310607,-0.00757157858498869,0.0175));
#5377=CARTESIAN_POINT('',(-0.0170195436225315,-0.00910961771320549,0.0175));
#5378=CARTESIAN_POINT('',(-0.0154987030895089,-0.00856155074061119,0.0175));
#5379=CARTESIAN_POINT('',(-0.0154987030895089,-0.00856155074061119,0.0175));
#5380=CARTESIAN_POINT('',(-0.0170195436225315,-0.00910961771320549,0.0175));
#5381=CARTESIAN_POINT('',(-0.0152129227442394,-0.00697043071761135,0.0175));
#5382=CARTESIAN_POINT('',(-0.01492714239897,-0.0053793106946115,0.0175));
#5383=CARTESIAN_POINT('',(-0.01492714239897,-0.0053793106946115,0.0175));
#5384=CARTESIAN_POINT('',(-0.0152129227442394,-0.00697043071761135,0.0175));
#5385=CARTESIAN_POINT('',(-0.0161622025867232,-0.00433625764420596,0.0175));
#5386=CARTESIAN_POINT('',(-0.0173972627744764,-0.00329320459380041,0.0175));
#5387=CARTESIAN_POINT('',(-0.0173972627744764,-0.00329320459380041,0.0175));
#5388=CARTESIAN_POINT('',(-0.0161622025867232,-0.00433625764420596,0.0175));
#5389=CARTESIAN_POINT('',(-0.018918103307499,-0.00384127156639471,0.0175));
#5390=CARTESIAN_POINT('',(-0.0204389438405218,-0.004389338538989,0.0175));
#5391=CARTESIAN_POINT('',(-0.0204389438405218,-0.004389338538989,0.0175));
#5392=CARTESIAN_POINT('',(-0.018918103307499,-0.00384127156639471,0.0175));
#5393=CARTESIAN_POINT('',(-0.0207247241857912,-0.00598045856198884,0.0175));
#5394=CARTESIAN_POINT('',(-0.0207247241857912,-0.00598045856198884,0.0175));
#5395=CARTESIAN_POINT('',(3.46944695195361E-18,0.0020451816422566,0.0175));
#5396=MECHANICAL_DESIGN_GEOMETRIC_PRESENTATION_REPRESENTATION('',(#3133),
#5397);
#5397=(
GEOMETRIC_REPRESENTATION_CONTEXT(3)
GLOBAL_UNCERTAINTY_ASSIGNED_CONTEXT((#5398))
GLOBAL_UNIT_ASSIGNED_CONTEXT((#5401,#5400,#5399))
REPRESENTATION_CONTEXT('Clamp','TOP_LEVEL_ASSEMBLY_PART')
);
#5398=UNCERTAINTY_MEASURE_WITH_UNIT(LENGTH_MEASURE(2.E-5),#5401,
'DISTANCE_ACCURACY_VALUE','Maximum Tolerance applied to model');
#5399=(
NAMED_UNIT(*)
SI_UNIT($,.STERADIAN.)
SOLID_ANGLE_UNIT()
);
#5400=(
NAMED_UNIT(*)
PLANE_ANGLE_UNIT()
SI_UNIT($,.RADIAN.)
);
#5401=(
LENGTH_UNIT()
NAMED_UNIT(*)
SI_UNIT($,.METRE.)
);
#5402=PRODUCT_DEFINITION_SHAPE('','',#5403);
#5403=PRODUCT_DEFINITION('','',#5405,#5404);
#5404=PRODUCT_DEFINITION_CONTEXT('',#5411,'design');
#5405=PRODUCT_DEFINITION_FORMATION_WITH_SPECIFIED_SOURCE('','',#5407,
 .NOT_KNOWN.);
#5406=PRODUCT_RELATED_PRODUCT_CATEGORY('','',(#5407));
#5407=PRODUCT('Clamp','Clamp','Clamp',(#5409));
#5408=PRODUCT_CATEGORY('','');
#5409=PRODUCT_CONTEXT('',#5411,'mechanical');
#5410=APPLICATION_PROTOCOL_DEFINITION('international standard',
'ap242_managed_model_based_3d_engineering',2011,#5411);
#5411=APPLICATION_CONTEXT('managed model based 3d engineering');
ENDSEC;
END-ISO-10303-21;
