ISO-10303-21;
HEADER;
/* Generated by software containing ST-Developer
 * from STEP Tools, Inc. (www.steptools.com) 
 */
/* OPTION: using custom renumber hook */

FILE_DESCRIPTION(
/* description */ ('STEP AP242',
'CAx-IF Rec.Pracs.---Representation and Presentation of Product Manufa
cturing Information (PMI)---4.0---2014-10-13',
'CAx-IF Rec.Pracs.---3D Tessellated Geometry---0.4---2014-09-14','2;1',
'CAx-IF Rec.Pracs.---User Defined Attributes---1.5---2016-08-15'),
/* implementation_level */ '2;1');

FILE_NAME(
/* name */ '69065efbee2a6d5daf0390d2',
/* time_stamp */ '2025-11-01T19:26:52Z',
/* author */ (''),
/* organization */ (''),
/* preprocessor_version */ 'ST-DEVELOPER v20',
/* originating_system */ 'ONSHAPE BY PTC INC, 1.206',
/* authorisation */ '  ');

FILE_SCHEMA (('AP242_MANAGED_MODEL_BASED_3D_ENGINEERING_MIM_LF { 1 0 10303 442 1 1 4 }'));
ENDSEC;

DATA;
#10=SHAPE_REPRESENTATION_RELATIONSHIP('','',#2993,#12);
#11=SHAPE_REPRESENTATION_RELATIONSHIP('','',#2994,#13);
#12=ADVANCED_BREP_SHAPE_REPRESENTATION('',(#2989),#4677);
#13=ADVANCED_BREP_SHAPE_REPRESENTATION('',(#2990),#4678);
#14=ORIENTED_EDGE('',*,*,#842,.T.);
#15=ORIENTED_EDGE('',*,*,#843,.T.);
#16=ORIENTED_EDGE('',*,*,#844,.F.);
#17=ORIENTED_EDGE('',*,*,#845,.T.);
#18=ORIENTED_EDGE('',*,*,#846,.T.);
#19=ORIENTED_EDGE('',*,*,#847,.T.);
#20=ORIENTED_EDGE('',*,*,#848,.F.);
#21=ORIENTED_EDGE('',*,*,#849,.T.);
#22=ORIENTED_EDGE('',*,*,#850,.T.);
#23=ORIENTED_EDGE('',*,*,#851,.T.);
#24=ORIENTED_EDGE('',*,*,#852,.F.);
#25=ORIENTED_EDGE('',*,*,#853,.T.);
#26=ORIENTED_EDGE('',*,*,#854,.F.);
#27=ORIENTED_EDGE('',*,*,#855,.F.);
#28=ORIENTED_EDGE('',*,*,#856,.T.);
#29=ORIENTED_EDGE('',*,*,#857,.T.);
#30=ORIENTED_EDGE('',*,*,#858,.T.);
#31=ORIENTED_EDGE('',*,*,#859,.F.);
#32=ORIENTED_EDGE('',*,*,#860,.F.);
#33=ORIENTED_EDGE('',*,*,#855,.T.);
#34=ORIENTED_EDGE('',*,*,#861,.T.);
#35=ORIENTED_EDGE('',*,*,#862,.F.);
#36=ORIENTED_EDGE('',*,*,#863,.F.);
#37=ORIENTED_EDGE('',*,*,#859,.T.);
#38=ORIENTED_EDGE('',*,*,#864,.F.);
#39=ORIENTED_EDGE('',*,*,#865,.F.);
#40=ORIENTED_EDGE('',*,*,#866,.T.);
#41=ORIENTED_EDGE('',*,*,#867,.T.);
#42=ORIENTED_EDGE('',*,*,#868,.T.);
#43=ORIENTED_EDGE('',*,*,#869,.F.);
#44=ORIENTED_EDGE('',*,*,#870,.F.);
#45=ORIENTED_EDGE('',*,*,#865,.T.);
#46=ORIENTED_EDGE('',*,*,#871,.T.);
#47=ORIENTED_EDGE('',*,*,#872,.F.);
#48=ORIENTED_EDGE('',*,*,#873,.F.);
#49=ORIENTED_EDGE('',*,*,#869,.T.);
#50=ORIENTED_EDGE('',*,*,#874,.T.);
#51=ORIENTED_EDGE('',*,*,#875,.F.);
#52=ORIENTED_EDGE('',*,*,#876,.F.);
#53=ORIENTED_EDGE('',*,*,#872,.T.);
#54=ORIENTED_EDGE('',*,*,#877,.F.);
#55=ORIENTED_EDGE('',*,*,#878,.F.);
#56=ORIENTED_EDGE('',*,*,#879,.T.);
#57=ORIENTED_EDGE('',*,*,#875,.T.);
#58=ORIENTED_EDGE('',*,*,#880,.F.);
#59=ORIENTED_EDGE('',*,*,#881,.F.);
#60=ORIENTED_EDGE('',*,*,#882,.T.);
#61=ORIENTED_EDGE('',*,*,#883,.T.);
#62=ORIENTED_EDGE('',*,*,#884,.T.);
#63=ORIENTED_EDGE('',*,*,#885,.F.);
#64=ORIENTED_EDGE('',*,*,#886,.F.);
#65=ORIENTED_EDGE('',*,*,#881,.T.);
#66=ORIENTED_EDGE('',*,*,#887,.T.);
#67=ORIENTED_EDGE('',*,*,#888,.F.);
#68=ORIENTED_EDGE('',*,*,#889,.F.);
#69=ORIENTED_EDGE('',*,*,#885,.T.);
#70=ORIENTED_EDGE('',*,*,#890,.F.);
#71=ORIENTED_EDGE('',*,*,#891,.F.);
#72=ORIENTED_EDGE('',*,*,#892,.T.);
#73=ORIENTED_EDGE('',*,*,#893,.T.);
#74=ORIENTED_EDGE('',*,*,#894,.T.);
#75=ORIENTED_EDGE('',*,*,#895,.F.);
#76=ORIENTED_EDGE('',*,*,#896,.F.);
#77=ORIENTED_EDGE('',*,*,#891,.T.);
#78=ORIENTED_EDGE('',*,*,#897,.T.);
#79=ORIENTED_EDGE('',*,*,#898,.F.);
#80=ORIENTED_EDGE('',*,*,#899,.F.);
#81=ORIENTED_EDGE('',*,*,#895,.T.);
#82=ORIENTED_EDGE('',*,*,#900,.T.);
#83=ORIENTED_EDGE('',*,*,#901,.F.);
#84=ORIENTED_EDGE('',*,*,#902,.F.);
#85=ORIENTED_EDGE('',*,*,#903,.T.);
#86=ORIENTED_EDGE('',*,*,#904,.T.);
#87=ORIENTED_EDGE('',*,*,#905,.F.);
#88=ORIENTED_EDGE('',*,*,#906,.F.);
#89=ORIENTED_EDGE('',*,*,#901,.T.);
#90=ORIENTED_EDGE('',*,*,#907,.T.);
#91=ORIENTED_EDGE('',*,*,#908,.F.);
#92=ORIENTED_EDGE('',*,*,#909,.F.);
#93=ORIENTED_EDGE('',*,*,#905,.T.);
#94=ORIENTED_EDGE('',*,*,#910,.T.);
#95=ORIENTED_EDGE('',*,*,#911,.F.);
#96=ORIENTED_EDGE('',*,*,#912,.F.);
#97=ORIENTED_EDGE('',*,*,#908,.T.);
#98=ORIENTED_EDGE('',*,*,#913,.T.);
#99=ORIENTED_EDGE('',*,*,#914,.F.);
#100=ORIENTED_EDGE('',*,*,#915,.F.);
#101=ORIENTED_EDGE('',*,*,#911,.T.);
#102=ORIENTED_EDGE('',*,*,#916,.T.);
#103=ORIENTED_EDGE('',*,*,#917,.F.);
#104=ORIENTED_EDGE('',*,*,#918,.F.);
#105=ORIENTED_EDGE('',*,*,#914,.T.);
#106=ORIENTED_EDGE('',*,*,#919,.T.);
#107=ORIENTED_EDGE('',*,*,#920,.F.);
#108=ORIENTED_EDGE('',*,*,#921,.F.);
#109=ORIENTED_EDGE('',*,*,#917,.T.);
#110=ORIENTED_EDGE('',*,*,#922,.F.);
#111=ORIENTED_EDGE('',*,*,#923,.F.);
#112=ORIENTED_EDGE('',*,*,#924,.T.);
#113=ORIENTED_EDGE('',*,*,#920,.T.);
#114=ORIENTED_EDGE('',*,*,#925,.F.);
#115=ORIENTED_EDGE('',*,*,#926,.F.);
#116=ORIENTED_EDGE('',*,*,#927,.T.);
#117=ORIENTED_EDGE('',*,*,#923,.T.);
#118=ORIENTED_EDGE('',*,*,#928,.F.);
#119=ORIENTED_EDGE('',*,*,#929,.F.);
#120=ORIENTED_EDGE('',*,*,#930,.T.);
#121=ORIENTED_EDGE('',*,*,#926,.T.);
#122=ORIENTED_EDGE('',*,*,#931,.F.);
#123=ORIENTED_EDGE('',*,*,#932,.F.);
#124=ORIENTED_EDGE('',*,*,#933,.T.);
#125=ORIENTED_EDGE('',*,*,#929,.T.);
#126=ORIENTED_EDGE('',*,*,#934,.F.);
#127=ORIENTED_EDGE('',*,*,#935,.F.);
#128=ORIENTED_EDGE('',*,*,#936,.T.);
#129=ORIENTED_EDGE('',*,*,#932,.T.);
#130=ORIENTED_EDGE('',*,*,#937,.F.);
#131=ORIENTED_EDGE('',*,*,#938,.F.);
#132=ORIENTED_EDGE('',*,*,#939,.T.);
#133=ORIENTED_EDGE('',*,*,#935,.T.);
#134=ORIENTED_EDGE('',*,*,#940,.F.);
#135=ORIENTED_EDGE('',*,*,#941,.F.);
#136=ORIENTED_EDGE('',*,*,#942,.T.);
#137=ORIENTED_EDGE('',*,*,#938,.T.);
#138=ORIENTED_EDGE('',*,*,#943,.F.);
#139=ORIENTED_EDGE('',*,*,#944,.F.);
#140=ORIENTED_EDGE('',*,*,#945,.T.);
#141=ORIENTED_EDGE('',*,*,#941,.T.);
#142=ORIENTED_EDGE('',*,*,#946,.F.);
#143=ORIENTED_EDGE('',*,*,#947,.F.);
#144=ORIENTED_EDGE('',*,*,#948,.T.);
#145=ORIENTED_EDGE('',*,*,#944,.T.);
#146=ORIENTED_EDGE('',*,*,#949,.F.);
#147=ORIENTED_EDGE('',*,*,#950,.F.);
#148=ORIENTED_EDGE('',*,*,#951,.T.);
#149=ORIENTED_EDGE('',*,*,#947,.T.);
#150=ORIENTED_EDGE('',*,*,#952,.F.);
#151=ORIENTED_EDGE('',*,*,#953,.F.);
#152=ORIENTED_EDGE('',*,*,#954,.T.);
#153=ORIENTED_EDGE('',*,*,#950,.T.);
#154=ORIENTED_EDGE('',*,*,#955,.F.);
#155=ORIENTED_EDGE('',*,*,#956,.F.);
#156=ORIENTED_EDGE('',*,*,#957,.T.);
#157=ORIENTED_EDGE('',*,*,#953,.T.);
#158=ORIENTED_EDGE('',*,*,#958,.T.);
#159=ORIENTED_EDGE('',*,*,#959,.F.);
#160=ORIENTED_EDGE('',*,*,#960,.F.);
#161=ORIENTED_EDGE('',*,*,#956,.T.);
#162=ORIENTED_EDGE('',*,*,#961,.T.);
#163=ORIENTED_EDGE('',*,*,#962,.F.);
#164=ORIENTED_EDGE('',*,*,#963,.F.);
#165=ORIENTED_EDGE('',*,*,#959,.T.);
#166=ORIENTED_EDGE('',*,*,#964,.T.);
#167=ORIENTED_EDGE('',*,*,#965,.F.);
#168=ORIENTED_EDGE('',*,*,#966,.F.);
#169=ORIENTED_EDGE('',*,*,#962,.T.);
#170=ORIENTED_EDGE('',*,*,#967,.T.);
#171=ORIENTED_EDGE('',*,*,#968,.F.);
#172=ORIENTED_EDGE('',*,*,#969,.F.);
#173=ORIENTED_EDGE('',*,*,#965,.T.);
#174=ORIENTED_EDGE('',*,*,#970,.T.);
#175=ORIENTED_EDGE('',*,*,#971,.F.);
#176=ORIENTED_EDGE('',*,*,#972,.F.);
#177=ORIENTED_EDGE('',*,*,#973,.T.);
#178=ORIENTED_EDGE('',*,*,#974,.T.);
#179=ORIENTED_EDGE('',*,*,#975,.F.);
#180=ORIENTED_EDGE('',*,*,#976,.F.);
#181=ORIENTED_EDGE('',*,*,#971,.T.);
#182=ORIENTED_EDGE('',*,*,#977,.T.);
#183=ORIENTED_EDGE('',*,*,#978,.F.);
#184=ORIENTED_EDGE('',*,*,#979,.F.);
#185=ORIENTED_EDGE('',*,*,#975,.T.);
#186=ORIENTED_EDGE('',*,*,#980,.T.);
#187=ORIENTED_EDGE('',*,*,#981,.F.);
#188=ORIENTED_EDGE('',*,*,#982,.F.);
#189=ORIENTED_EDGE('',*,*,#978,.T.);
#190=ORIENTED_EDGE('',*,*,#983,.T.);
#191=ORIENTED_EDGE('',*,*,#984,.F.);
#192=ORIENTED_EDGE('',*,*,#985,.F.);
#193=ORIENTED_EDGE('',*,*,#981,.T.);
#194=ORIENTED_EDGE('',*,*,#986,.T.);
#195=ORIENTED_EDGE('',*,*,#987,.F.);
#196=ORIENTED_EDGE('',*,*,#988,.F.);
#197=ORIENTED_EDGE('',*,*,#984,.T.);
#198=ORIENTED_EDGE('',*,*,#989,.T.);
#199=ORIENTED_EDGE('',*,*,#990,.F.);
#200=ORIENTED_EDGE('',*,*,#991,.F.);
#201=ORIENTED_EDGE('',*,*,#987,.T.);
#202=ORIENTED_EDGE('',*,*,#992,.F.);
#203=ORIENTED_EDGE('',*,*,#993,.F.);
#204=ORIENTED_EDGE('',*,*,#994,.T.);
#205=ORIENTED_EDGE('',*,*,#990,.T.);
#206=ORIENTED_EDGE('',*,*,#995,.F.);
#207=ORIENTED_EDGE('',*,*,#996,.F.);
#208=ORIENTED_EDGE('',*,*,#997,.T.);
#209=ORIENTED_EDGE('',*,*,#993,.T.);
#210=ORIENTED_EDGE('',*,*,#998,.F.);
#211=ORIENTED_EDGE('',*,*,#999,.F.);
#212=ORIENTED_EDGE('',*,*,#1000,.T.);
#213=ORIENTED_EDGE('',*,*,#996,.T.);
#214=ORIENTED_EDGE('',*,*,#1001,.F.);
#215=ORIENTED_EDGE('',*,*,#1002,.F.);
#216=ORIENTED_EDGE('',*,*,#1003,.T.);
#217=ORIENTED_EDGE('',*,*,#999,.T.);
#218=ORIENTED_EDGE('',*,*,#1004,.F.);
#219=ORIENTED_EDGE('',*,*,#1005,.F.);
#220=ORIENTED_EDGE('',*,*,#1006,.T.);
#221=ORIENTED_EDGE('',*,*,#1002,.T.);
#222=ORIENTED_EDGE('',*,*,#1007,.F.);
#223=ORIENTED_EDGE('',*,*,#1008,.F.);
#224=ORIENTED_EDGE('',*,*,#1009,.T.);
#225=ORIENTED_EDGE('',*,*,#1005,.T.);
#226=ORIENTED_EDGE('',*,*,#1010,.F.);
#227=ORIENTED_EDGE('',*,*,#1011,.F.);
#228=ORIENTED_EDGE('',*,*,#1012,.T.);
#229=ORIENTED_EDGE('',*,*,#1008,.T.);
#230=ORIENTED_EDGE('',*,*,#1013,.F.);
#231=ORIENTED_EDGE('',*,*,#1014,.F.);
#232=ORIENTED_EDGE('',*,*,#1015,.T.);
#233=ORIENTED_EDGE('',*,*,#1011,.T.);
#234=ORIENTED_EDGE('',*,*,#1016,.F.);
#235=ORIENTED_EDGE('',*,*,#1017,.F.);
#236=ORIENTED_EDGE('',*,*,#1018,.T.);
#237=ORIENTED_EDGE('',*,*,#1014,.T.);
#238=ORIENTED_EDGE('',*,*,#1019,.F.);
#239=ORIENTED_EDGE('',*,*,#1020,.F.);
#240=ORIENTED_EDGE('',*,*,#1021,.T.);
#241=ORIENTED_EDGE('',*,*,#1017,.T.);
#242=ORIENTED_EDGE('',*,*,#1022,.F.);
#243=ORIENTED_EDGE('',*,*,#1023,.F.);
#244=ORIENTED_EDGE('',*,*,#1024,.T.);
#245=ORIENTED_EDGE('',*,*,#1020,.T.);
#246=ORIENTED_EDGE('',*,*,#1025,.F.);
#247=ORIENTED_EDGE('',*,*,#1026,.F.);
#248=ORIENTED_EDGE('',*,*,#1027,.T.);
#249=ORIENTED_EDGE('',*,*,#1023,.T.);
#250=ORIENTED_EDGE('',*,*,#1028,.T.);
#251=ORIENTED_EDGE('',*,*,#1029,.F.);
#252=ORIENTED_EDGE('',*,*,#1030,.F.);
#253=ORIENTED_EDGE('',*,*,#1026,.T.);
#254=ORIENTED_EDGE('',*,*,#1031,.T.);
#255=ORIENTED_EDGE('',*,*,#1032,.F.);
#256=ORIENTED_EDGE('',*,*,#1033,.F.);
#257=ORIENTED_EDGE('',*,*,#1029,.T.);
#258=ORIENTED_EDGE('',*,*,#1034,.T.);
#259=ORIENTED_EDGE('',*,*,#1035,.F.);
#260=ORIENTED_EDGE('',*,*,#1036,.F.);
#261=ORIENTED_EDGE('',*,*,#1032,.T.);
#262=ORIENTED_EDGE('',*,*,#1037,.T.);
#263=ORIENTED_EDGE('',*,*,#1038,.F.);
#264=ORIENTED_EDGE('',*,*,#1039,.F.);
#265=ORIENTED_EDGE('',*,*,#1035,.T.);
#266=ORIENTED_EDGE('',*,*,#1040,.T.);
#267=ORIENTED_EDGE('',*,*,#1041,.F.);
#268=ORIENTED_EDGE('',*,*,#1042,.F.);
#269=ORIENTED_EDGE('',*,*,#1043,.T.);
#270=ORIENTED_EDGE('',*,*,#1044,.T.);
#271=ORIENTED_EDGE('',*,*,#1045,.F.);
#272=ORIENTED_EDGE('',*,*,#1046,.F.);
#273=ORIENTED_EDGE('',*,*,#1041,.T.);
#274=ORIENTED_EDGE('',*,*,#1047,.T.);
#275=ORIENTED_EDGE('',*,*,#1048,.F.);
#276=ORIENTED_EDGE('',*,*,#1049,.F.);
#277=ORIENTED_EDGE('',*,*,#1045,.T.);
#278=ORIENTED_EDGE('',*,*,#1050,.T.);
#279=ORIENTED_EDGE('',*,*,#1051,.F.);
#280=ORIENTED_EDGE('',*,*,#1052,.F.);
#281=ORIENTED_EDGE('',*,*,#1048,.T.);
#282=ORIENTED_EDGE('',*,*,#1053,.F.);
#283=ORIENTED_EDGE('',*,*,#1054,.F.);
#284=ORIENTED_EDGE('',*,*,#1055,.T.);
#285=ORIENTED_EDGE('',*,*,#1051,.T.);
#286=ORIENTED_EDGE('',*,*,#1056,.F.);
#287=ORIENTED_EDGE('',*,*,#1057,.F.);
#288=ORIENTED_EDGE('',*,*,#1058,.T.);
#289=ORIENTED_EDGE('',*,*,#1054,.T.);
#290=ORIENTED_EDGE('',*,*,#1059,.F.);
#291=ORIENTED_EDGE('',*,*,#1060,.F.);
#292=ORIENTED_EDGE('',*,*,#1061,.T.);
#293=ORIENTED_EDGE('',*,*,#1057,.T.);
#294=ORIENTED_EDGE('',*,*,#1062,.F.);
#295=ORIENTED_EDGE('',*,*,#1063,.F.);
#296=ORIENTED_EDGE('',*,*,#1064,.T.);
#297=ORIENTED_EDGE('',*,*,#1060,.T.);
#298=ORIENTED_EDGE('',*,*,#1065,.F.);
#299=ORIENTED_EDGE('',*,*,#1066,.F.);
#300=ORIENTED_EDGE('',*,*,#1067,.T.);
#301=ORIENTED_EDGE('',*,*,#1063,.T.);
#302=ORIENTED_EDGE('',*,*,#1068,.F.);
#303=ORIENTED_EDGE('',*,*,#1069,.F.);
#304=ORIENTED_EDGE('',*,*,#1070,.T.);
#305=ORIENTED_EDGE('',*,*,#1066,.T.);
#306=ORIENTED_EDGE('',*,*,#1071,.T.);
#307=ORIENTED_EDGE('',*,*,#1072,.F.);
#308=ORIENTED_EDGE('',*,*,#1073,.F.);
#309=ORIENTED_EDGE('',*,*,#1069,.T.);
#310=ORIENTED_EDGE('',*,*,#1074,.F.);
#311=ORIENTED_EDGE('',*,*,#857,.F.);
#312=ORIENTED_EDGE('',*,*,#1075,.T.);
#313=ORIENTED_EDGE('',*,*,#862,.T.);
#314=ORIENTED_EDGE('',*,*,#1076,.F.);
#315=ORIENTED_EDGE('',*,*,#867,.F.);
#316=ORIENTED_EDGE('',*,*,#1077,.T.);
#317=ORIENTED_EDGE('',*,*,#878,.T.);
#318=ORIENTED_EDGE('',*,*,#1078,.F.);
#319=ORIENTED_EDGE('',*,*,#883,.F.);
#320=ORIENTED_EDGE('',*,*,#1079,.T.);
#321=ORIENTED_EDGE('',*,*,#888,.T.);
#322=ORIENTED_EDGE('',*,*,#1080,.F.);
#323=ORIENTED_EDGE('',*,*,#893,.F.);
#324=ORIENTED_EDGE('',*,*,#1081,.T.);
#325=ORIENTED_EDGE('',*,*,#898,.T.);
#326=ORIENTED_EDGE('',*,*,#1082,.T.);
#327=ORIENTED_EDGE('',*,*,#903,.F.);
#328=ORIENTED_EDGE('',*,*,#1083,.F.);
#329=ORIENTED_EDGE('',*,*,#968,.T.);
#330=ORIENTED_EDGE('',*,*,#1084,.T.);
#331=ORIENTED_EDGE('',*,*,#973,.F.);
#332=ORIENTED_EDGE('',*,*,#1085,.F.);
#333=ORIENTED_EDGE('',*,*,#1038,.T.);
#334=ORIENTED_EDGE('',*,*,#1086,.T.);
#335=ORIENTED_EDGE('',*,*,#1043,.F.);
#336=ORIENTED_EDGE('',*,*,#1087,.F.);
#337=ORIENTED_EDGE('',*,*,#1072,.T.);
#338=ORIENTED_EDGE('',*,*,#1088,.T.);
#339=ORIENTED_EDGE('',*,*,#1089,.T.);
#340=ORIENTED_EDGE('',*,*,#1090,.F.);
#341=ORIENTED_EDGE('',*,*,#1091,.T.);
#342=ORIENTED_EDGE('',*,*,#1042,.T.);
#343=ORIENTED_EDGE('',*,*,#1046,.T.);
#344=ORIENTED_EDGE('',*,*,#1049,.T.);
#345=ORIENTED_EDGE('',*,*,#1052,.T.);
#346=ORIENTED_EDGE('',*,*,#1055,.F.);
#347=ORIENTED_EDGE('',*,*,#1058,.F.);
#348=ORIENTED_EDGE('',*,*,#1061,.F.);
#349=ORIENTED_EDGE('',*,*,#1064,.F.);
#350=ORIENTED_EDGE('',*,*,#1067,.F.);
#351=ORIENTED_EDGE('',*,*,#1070,.F.);
#352=ORIENTED_EDGE('',*,*,#1073,.T.);
#353=ORIENTED_EDGE('',*,*,#1087,.T.);
#354=ORIENTED_EDGE('',*,*,#972,.T.);
#355=ORIENTED_EDGE('',*,*,#976,.T.);
#356=ORIENTED_EDGE('',*,*,#979,.T.);
#357=ORIENTED_EDGE('',*,*,#982,.T.);
#358=ORIENTED_EDGE('',*,*,#985,.T.);
#359=ORIENTED_EDGE('',*,*,#988,.T.);
#360=ORIENTED_EDGE('',*,*,#991,.T.);
#361=ORIENTED_EDGE('',*,*,#994,.F.);
#362=ORIENTED_EDGE('',*,*,#997,.F.);
#363=ORIENTED_EDGE('',*,*,#1000,.F.);
#364=ORIENTED_EDGE('',*,*,#1003,.F.);
#365=ORIENTED_EDGE('',*,*,#1006,.F.);
#366=ORIENTED_EDGE('',*,*,#1009,.F.);
#367=ORIENTED_EDGE('',*,*,#1012,.F.);
#368=ORIENTED_EDGE('',*,*,#1015,.F.);
#369=ORIENTED_EDGE('',*,*,#1018,.F.);
#370=ORIENTED_EDGE('',*,*,#1021,.F.);
#371=ORIENTED_EDGE('',*,*,#1024,.F.);
#372=ORIENTED_EDGE('',*,*,#1027,.F.);
#373=ORIENTED_EDGE('',*,*,#1030,.T.);
#374=ORIENTED_EDGE('',*,*,#1033,.T.);
#375=ORIENTED_EDGE('',*,*,#1036,.T.);
#376=ORIENTED_EDGE('',*,*,#1039,.T.);
#377=ORIENTED_EDGE('',*,*,#1085,.T.);
#378=ORIENTED_EDGE('',*,*,#902,.T.);
#379=ORIENTED_EDGE('',*,*,#906,.T.);
#380=ORIENTED_EDGE('',*,*,#909,.T.);
#381=ORIENTED_EDGE('',*,*,#912,.T.);
#382=ORIENTED_EDGE('',*,*,#915,.T.);
#383=ORIENTED_EDGE('',*,*,#918,.T.);
#384=ORIENTED_EDGE('',*,*,#921,.T.);
#385=ORIENTED_EDGE('',*,*,#924,.F.);
#386=ORIENTED_EDGE('',*,*,#927,.F.);
#387=ORIENTED_EDGE('',*,*,#930,.F.);
#388=ORIENTED_EDGE('',*,*,#933,.F.);
#389=ORIENTED_EDGE('',*,*,#936,.F.);
#390=ORIENTED_EDGE('',*,*,#939,.F.);
#391=ORIENTED_EDGE('',*,*,#942,.F.);
#392=ORIENTED_EDGE('',*,*,#945,.F.);
#393=ORIENTED_EDGE('',*,*,#948,.F.);
#394=ORIENTED_EDGE('',*,*,#951,.F.);
#395=ORIENTED_EDGE('',*,*,#954,.F.);
#396=ORIENTED_EDGE('',*,*,#957,.F.);
#397=ORIENTED_EDGE('',*,*,#960,.T.);
#398=ORIENTED_EDGE('',*,*,#963,.T.);
#399=ORIENTED_EDGE('',*,*,#966,.T.);
#400=ORIENTED_EDGE('',*,*,#969,.T.);
#401=ORIENTED_EDGE('',*,*,#1083,.T.);
#402=ORIENTED_EDGE('',*,*,#892,.F.);
#403=ORIENTED_EDGE('',*,*,#896,.T.);
#404=ORIENTED_EDGE('',*,*,#899,.T.);
#405=ORIENTED_EDGE('',*,*,#1081,.F.);
#406=ORIENTED_EDGE('',*,*,#882,.F.);
#407=ORIENTED_EDGE('',*,*,#886,.T.);
#408=ORIENTED_EDGE('',*,*,#889,.T.);
#409=ORIENTED_EDGE('',*,*,#1079,.F.);
#410=ORIENTED_EDGE('',*,*,#866,.F.);
#411=ORIENTED_EDGE('',*,*,#870,.T.);
#412=ORIENTED_EDGE('',*,*,#873,.T.);
#413=ORIENTED_EDGE('',*,*,#876,.T.);
#414=ORIENTED_EDGE('',*,*,#879,.F.);
#415=ORIENTED_EDGE('',*,*,#1077,.F.);
#416=ORIENTED_EDGE('',*,*,#856,.F.);
#417=ORIENTED_EDGE('',*,*,#860,.T.);
#418=ORIENTED_EDGE('',*,*,#863,.T.);
#419=ORIENTED_EDGE('',*,*,#1075,.F.);
#420=ORIENTED_EDGE('',*,*,#852,.T.);
#421=ORIENTED_EDGE('',*,*,#1092,.T.);
#422=ORIENTED_EDGE('',*,*,#1088,.F.);
#423=ORIENTED_EDGE('',*,*,#1093,.T.);
#424=ORIENTED_EDGE('',*,*,#842,.F.);
#425=ORIENTED_EDGE('',*,*,#1094,.T.);
#426=ORIENTED_EDGE('',*,*,#848,.T.);
#427=ORIENTED_EDGE('',*,*,#1095,.T.);
#428=ORIENTED_EDGE('',*,*,#1040,.F.);
#429=ORIENTED_EDGE('',*,*,#1086,.F.);
#430=ORIENTED_EDGE('',*,*,#1071,.F.);
#431=ORIENTED_EDGE('',*,*,#1068,.T.);
#432=ORIENTED_EDGE('',*,*,#1065,.T.);
#433=ORIENTED_EDGE('',*,*,#1062,.T.);
#434=ORIENTED_EDGE('',*,*,#1059,.T.);
#435=ORIENTED_EDGE('',*,*,#1056,.T.);
#436=ORIENTED_EDGE('',*,*,#1053,.T.);
#437=ORIENTED_EDGE('',*,*,#1050,.F.);
#438=ORIENTED_EDGE('',*,*,#1047,.F.);
#439=ORIENTED_EDGE('',*,*,#1044,.F.);
#440=ORIENTED_EDGE('',*,*,#970,.F.);
#441=ORIENTED_EDGE('',*,*,#1084,.F.);
#442=ORIENTED_EDGE('',*,*,#1037,.F.);
#443=ORIENTED_EDGE('',*,*,#1034,.F.);
#444=ORIENTED_EDGE('',*,*,#1031,.F.);
#445=ORIENTED_EDGE('',*,*,#1028,.F.);
#446=ORIENTED_EDGE('',*,*,#1025,.T.);
#447=ORIENTED_EDGE('',*,*,#1022,.T.);
#448=ORIENTED_EDGE('',*,*,#1019,.T.);
#449=ORIENTED_EDGE('',*,*,#1016,.T.);
#450=ORIENTED_EDGE('',*,*,#1013,.T.);
#451=ORIENTED_EDGE('',*,*,#1010,.T.);
#452=ORIENTED_EDGE('',*,*,#1007,.T.);
#453=ORIENTED_EDGE('',*,*,#1004,.T.);
#454=ORIENTED_EDGE('',*,*,#1001,.T.);
#455=ORIENTED_EDGE('',*,*,#998,.T.);
#456=ORIENTED_EDGE('',*,*,#995,.T.);
#457=ORIENTED_EDGE('',*,*,#992,.T.);
#458=ORIENTED_EDGE('',*,*,#989,.F.);
#459=ORIENTED_EDGE('',*,*,#986,.F.);
#460=ORIENTED_EDGE('',*,*,#983,.F.);
#461=ORIENTED_EDGE('',*,*,#980,.F.);
#462=ORIENTED_EDGE('',*,*,#977,.F.);
#463=ORIENTED_EDGE('',*,*,#974,.F.);
#464=ORIENTED_EDGE('',*,*,#900,.F.);
#465=ORIENTED_EDGE('',*,*,#1082,.F.);
#466=ORIENTED_EDGE('',*,*,#967,.F.);
#467=ORIENTED_EDGE('',*,*,#964,.F.);
#468=ORIENTED_EDGE('',*,*,#961,.F.);
#469=ORIENTED_EDGE('',*,*,#958,.F.);
#470=ORIENTED_EDGE('',*,*,#955,.T.);
#471=ORIENTED_EDGE('',*,*,#952,.T.);
#472=ORIENTED_EDGE('',*,*,#949,.T.);
#473=ORIENTED_EDGE('',*,*,#946,.T.);
#474=ORIENTED_EDGE('',*,*,#943,.T.);
#475=ORIENTED_EDGE('',*,*,#940,.T.);
#476=ORIENTED_EDGE('',*,*,#937,.T.);
#477=ORIENTED_EDGE('',*,*,#934,.T.);
#478=ORIENTED_EDGE('',*,*,#931,.T.);
#479=ORIENTED_EDGE('',*,*,#928,.T.);
#480=ORIENTED_EDGE('',*,*,#925,.T.);
#481=ORIENTED_EDGE('',*,*,#922,.T.);
#482=ORIENTED_EDGE('',*,*,#919,.F.);
#483=ORIENTED_EDGE('',*,*,#916,.F.);
#484=ORIENTED_EDGE('',*,*,#913,.F.);
#485=ORIENTED_EDGE('',*,*,#910,.F.);
#486=ORIENTED_EDGE('',*,*,#907,.F.);
#487=ORIENTED_EDGE('',*,*,#904,.F.);
#488=ORIENTED_EDGE('',*,*,#890,.T.);
#489=ORIENTED_EDGE('',*,*,#1080,.T.);
#490=ORIENTED_EDGE('',*,*,#897,.F.);
#491=ORIENTED_EDGE('',*,*,#894,.F.);
#492=ORIENTED_EDGE('',*,*,#880,.T.);
#493=ORIENTED_EDGE('',*,*,#1078,.T.);
#494=ORIENTED_EDGE('',*,*,#887,.F.);
#495=ORIENTED_EDGE('',*,*,#884,.F.);
#496=ORIENTED_EDGE('',*,*,#864,.T.);
#497=ORIENTED_EDGE('',*,*,#1076,.T.);
#498=ORIENTED_EDGE('',*,*,#877,.T.);
#499=ORIENTED_EDGE('',*,*,#874,.F.);
#500=ORIENTED_EDGE('',*,*,#871,.F.);
#501=ORIENTED_EDGE('',*,*,#868,.F.);
#502=ORIENTED_EDGE('',*,*,#854,.T.);
#503=ORIENTED_EDGE('',*,*,#1074,.T.);
#504=ORIENTED_EDGE('',*,*,#861,.F.);
#505=ORIENTED_EDGE('',*,*,#858,.F.);
#506=ORIENTED_EDGE('',*,*,#1090,.T.);
#507=ORIENTED_EDGE('',*,*,#1096,.T.);
#508=ORIENTED_EDGE('',*,*,#850,.F.);
#509=ORIENTED_EDGE('',*,*,#1097,.T.);
#510=ORIENTED_EDGE('',*,*,#846,.F.);
#511=ORIENTED_EDGE('',*,*,#1098,.T.);
#512=ORIENTED_EDGE('',*,*,#844,.T.);
#513=ORIENTED_EDGE('',*,*,#1099,.T.);
#514=ORIENTED_EDGE('',*,*,#1092,.F.);
#515=ORIENTED_EDGE('',*,*,#851,.F.);
#516=ORIENTED_EDGE('',*,*,#1096,.F.);
#517=ORIENTED_EDGE('',*,*,#1089,.F.);
#518=ORIENTED_EDGE('',*,*,#1095,.F.);
#519=ORIENTED_EDGE('',*,*,#847,.F.);
#520=ORIENTED_EDGE('',*,*,#1097,.F.);
#521=ORIENTED_EDGE('',*,*,#853,.F.);
#522=ORIENTED_EDGE('',*,*,#1093,.F.);
#523=ORIENTED_EDGE('',*,*,#1091,.F.);
#524=ORIENTED_EDGE('',*,*,#1099,.F.);
#525=ORIENTED_EDGE('',*,*,#843,.F.);
#526=ORIENTED_EDGE('',*,*,#1094,.F.);
#527=ORIENTED_EDGE('',*,*,#845,.F.);
#528=ORIENTED_EDGE('',*,*,#1098,.F.);
#529=ORIENTED_EDGE('',*,*,#849,.F.);
#530=ORIENTED_EDGE('',*,*,#1100,.F.);
#531=ORIENTED_EDGE('',*,*,#1101,.F.);
#532=ORIENTED_EDGE('',*,*,#1102,.T.);
#533=ORIENTED_EDGE('',*,*,#1103,.T.);
#534=ORIENTED_EDGE('',*,*,#1104,.T.);
#535=ORIENTED_EDGE('',*,*,#1105,.F.);
#536=ORIENTED_EDGE('',*,*,#1106,.F.);
#537=ORIENTED_EDGE('',*,*,#1101,.T.);
#538=ORIENTED_EDGE('',*,*,#1107,.T.);
#539=ORIENTED_EDGE('',*,*,#1108,.F.);
#540=ORIENTED_EDGE('',*,*,#1109,.F.);
#541=ORIENTED_EDGE('',*,*,#1105,.T.);
#542=ORIENTED_EDGE('',*,*,#1110,.T.);
#543=ORIENTED_EDGE('',*,*,#1111,.F.);
#544=ORIENTED_EDGE('',*,*,#1112,.F.);
#545=ORIENTED_EDGE('',*,*,#1108,.T.);
#546=ORIENTED_EDGE('',*,*,#1113,.T.);
#547=ORIENTED_EDGE('',*,*,#1114,.F.);
#548=ORIENTED_EDGE('',*,*,#1115,.F.);
#549=ORIENTED_EDGE('',*,*,#1111,.T.);
#550=ORIENTED_EDGE('',*,*,#1116,.T.);
#551=ORIENTED_EDGE('',*,*,#1117,.F.);
#552=ORIENTED_EDGE('',*,*,#1118,.F.);
#553=ORIENTED_EDGE('',*,*,#1114,.T.);
#554=ORIENTED_EDGE('',*,*,#1119,.T.);
#555=ORIENTED_EDGE('',*,*,#1120,.F.);
#556=ORIENTED_EDGE('',*,*,#1121,.F.);
#557=ORIENTED_EDGE('',*,*,#1117,.T.);
#558=ORIENTED_EDGE('',*,*,#1122,.F.);
#559=ORIENTED_EDGE('',*,*,#1123,.F.);
#560=ORIENTED_EDGE('',*,*,#1124,.T.);
#561=ORIENTED_EDGE('',*,*,#1120,.T.);
#562=ORIENTED_EDGE('',*,*,#1125,.F.);
#563=ORIENTED_EDGE('',*,*,#1126,.F.);
#564=ORIENTED_EDGE('',*,*,#1127,.T.);
#565=ORIENTED_EDGE('',*,*,#1123,.T.);
#566=ORIENTED_EDGE('',*,*,#1128,.F.);
#567=ORIENTED_EDGE('',*,*,#1129,.F.);
#568=ORIENTED_EDGE('',*,*,#1130,.T.);
#569=ORIENTED_EDGE('',*,*,#1126,.T.);
#570=ORIENTED_EDGE('',*,*,#1131,.F.);
#571=ORIENTED_EDGE('',*,*,#1132,.F.);
#572=ORIENTED_EDGE('',*,*,#1133,.T.);
#573=ORIENTED_EDGE('',*,*,#1129,.T.);
#574=ORIENTED_EDGE('',*,*,#1134,.F.);
#575=ORIENTED_EDGE('',*,*,#1135,.F.);
#576=ORIENTED_EDGE('',*,*,#1136,.T.);
#577=ORIENTED_EDGE('',*,*,#1137,.T.);
#578=ORIENTED_EDGE('',*,*,#1138,.T.);
#579=ORIENTED_EDGE('',*,*,#1139,.F.);
#580=ORIENTED_EDGE('',*,*,#1140,.F.);
#581=ORIENTED_EDGE('',*,*,#1135,.T.);
#582=ORIENTED_EDGE('',*,*,#1141,.T.);
#583=ORIENTED_EDGE('',*,*,#1142,.F.);
#584=ORIENTED_EDGE('',*,*,#1143,.F.);
#585=ORIENTED_EDGE('',*,*,#1139,.T.);
#586=ORIENTED_EDGE('',*,*,#1144,.F.);
#587=ORIENTED_EDGE('',*,*,#1145,.F.);
#588=ORIENTED_EDGE('',*,*,#1146,.T.);
#589=ORIENTED_EDGE('',*,*,#1147,.T.);
#590=ORIENTED_EDGE('',*,*,#1148,.F.);
#591=ORIENTED_EDGE('',*,*,#1149,.F.);
#592=ORIENTED_EDGE('',*,*,#1150,.T.);
#593=ORIENTED_EDGE('',*,*,#1145,.T.);
#594=ORIENTED_EDGE('',*,*,#1151,.F.);
#595=ORIENTED_EDGE('',*,*,#1152,.F.);
#596=ORIENTED_EDGE('',*,*,#1153,.T.);
#597=ORIENTED_EDGE('',*,*,#1149,.T.);
#598=ORIENTED_EDGE('',*,*,#1154,.F.);
#599=ORIENTED_EDGE('',*,*,#1155,.F.);
#600=ORIENTED_EDGE('',*,*,#1156,.T.);
#601=ORIENTED_EDGE('',*,*,#1152,.T.);
#602=ORIENTED_EDGE('',*,*,#1157,.F.);
#603=ORIENTED_EDGE('',*,*,#1158,.F.);
#604=ORIENTED_EDGE('',*,*,#1159,.T.);
#605=ORIENTED_EDGE('',*,*,#1155,.T.);
#606=ORIENTED_EDGE('',*,*,#1160,.F.);
#607=ORIENTED_EDGE('',*,*,#1161,.F.);
#608=ORIENTED_EDGE('',*,*,#1162,.T.);
#609=ORIENTED_EDGE('',*,*,#1158,.T.);
#610=ORIENTED_EDGE('',*,*,#1163,.F.);
#611=ORIENTED_EDGE('',*,*,#1164,.F.);
#612=ORIENTED_EDGE('',*,*,#1165,.T.);
#613=ORIENTED_EDGE('',*,*,#1161,.T.);
#614=ORIENTED_EDGE('',*,*,#1166,.F.);
#615=ORIENTED_EDGE('',*,*,#1167,.F.);
#616=ORIENTED_EDGE('',*,*,#1168,.T.);
#617=ORIENTED_EDGE('',*,*,#1164,.T.);
#618=ORIENTED_EDGE('',*,*,#1169,.F.);
#619=ORIENTED_EDGE('',*,*,#1170,.F.);
#620=ORIENTED_EDGE('',*,*,#1171,.T.);
#621=ORIENTED_EDGE('',*,*,#1167,.T.);
#622=ORIENTED_EDGE('',*,*,#1172,.F.);
#623=ORIENTED_EDGE('',*,*,#1173,.F.);
#624=ORIENTED_EDGE('',*,*,#1174,.T.);
#625=ORIENTED_EDGE('',*,*,#1170,.T.);
#626=ORIENTED_EDGE('',*,*,#1175,.F.);
#627=ORIENTED_EDGE('',*,*,#1176,.F.);
#628=ORIENTED_EDGE('',*,*,#1177,.T.);
#629=ORIENTED_EDGE('',*,*,#1173,.T.);
#630=ORIENTED_EDGE('',*,*,#1178,.F.);
#631=ORIENTED_EDGE('',*,*,#1179,.F.);
#632=ORIENTED_EDGE('',*,*,#1180,.T.);
#633=ORIENTED_EDGE('',*,*,#1176,.T.);
#634=ORIENTED_EDGE('',*,*,#1181,.T.);
#635=ORIENTED_EDGE('',*,*,#1182,.F.);
#636=ORIENTED_EDGE('',*,*,#1183,.F.);
#637=ORIENTED_EDGE('',*,*,#1179,.T.);
#638=ORIENTED_EDGE('',*,*,#1184,.T.);
#639=ORIENTED_EDGE('',*,*,#1185,.F.);
#640=ORIENTED_EDGE('',*,*,#1186,.F.);
#641=ORIENTED_EDGE('',*,*,#1182,.T.);
#642=ORIENTED_EDGE('',*,*,#1187,.T.);
#643=ORIENTED_EDGE('',*,*,#1188,.F.);
#644=ORIENTED_EDGE('',*,*,#1189,.F.);
#645=ORIENTED_EDGE('',*,*,#1185,.T.);
#646=ORIENTED_EDGE('',*,*,#1190,.T.);
#647=ORIENTED_EDGE('',*,*,#1191,.F.);
#648=ORIENTED_EDGE('',*,*,#1192,.F.);
#649=ORIENTED_EDGE('',*,*,#1188,.T.);
#650=ORIENTED_EDGE('',*,*,#1193,.T.);
#651=ORIENTED_EDGE('',*,*,#1194,.F.);
#652=ORIENTED_EDGE('',*,*,#1195,.F.);
#653=ORIENTED_EDGE('',*,*,#1191,.T.);
#654=ORIENTED_EDGE('',*,*,#1196,.T.);
#655=ORIENTED_EDGE('',*,*,#1197,.F.);
#656=ORIENTED_EDGE('',*,*,#1198,.F.);
#657=ORIENTED_EDGE('',*,*,#1194,.T.);
#658=ORIENTED_EDGE('',*,*,#1199,.T.);
#659=ORIENTED_EDGE('',*,*,#1200,.F.);
#660=ORIENTED_EDGE('',*,*,#1201,.F.);
#661=ORIENTED_EDGE('',*,*,#1197,.T.);
#662=ORIENTED_EDGE('',*,*,#1202,.T.);
#663=ORIENTED_EDGE('',*,*,#1203,.F.);
#664=ORIENTED_EDGE('',*,*,#1204,.F.);
#665=ORIENTED_EDGE('',*,*,#1200,.T.);
#666=ORIENTED_EDGE('',*,*,#1205,.T.);
#667=ORIENTED_EDGE('',*,*,#1206,.F.);
#668=ORIENTED_EDGE('',*,*,#1207,.F.);
#669=ORIENTED_EDGE('',*,*,#1203,.T.);
#670=ORIENTED_EDGE('',*,*,#1208,.T.);
#671=ORIENTED_EDGE('',*,*,#1209,.F.);
#672=ORIENTED_EDGE('',*,*,#1210,.F.);
#673=ORIENTED_EDGE('',*,*,#1206,.T.);
#674=ORIENTED_EDGE('',*,*,#1211,.T.);
#675=ORIENTED_EDGE('',*,*,#1212,.F.);
#676=ORIENTED_EDGE('',*,*,#1213,.F.);
#677=ORIENTED_EDGE('',*,*,#1209,.T.);
#678=ORIENTED_EDGE('',*,*,#1214,.F.);
#679=ORIENTED_EDGE('',*,*,#1215,.F.);
#680=ORIENTED_EDGE('',*,*,#1216,.T.);
#681=ORIENTED_EDGE('',*,*,#1217,.T.);
#682=ORIENTED_EDGE('',*,*,#1218,.T.);
#683=ORIENTED_EDGE('',*,*,#1219,.F.);
#684=ORIENTED_EDGE('',*,*,#1220,.F.);
#685=ORIENTED_EDGE('',*,*,#1215,.T.);
#686=ORIENTED_EDGE('',*,*,#1221,.T.);
#687=ORIENTED_EDGE('',*,*,#1222,.F.);
#688=ORIENTED_EDGE('',*,*,#1223,.F.);
#689=ORIENTED_EDGE('',*,*,#1219,.T.);
#690=ORIENTED_EDGE('',*,*,#1224,.T.);
#691=ORIENTED_EDGE('',*,*,#1225,.T.);
#692=ORIENTED_EDGE('',*,*,#1226,.F.);
#693=ORIENTED_EDGE('',*,*,#1227,.T.);
#694=ORIENTED_EDGE('',*,*,#1228,.T.);
#695=ORIENTED_EDGE('',*,*,#1229,.T.);
#696=ORIENTED_EDGE('',*,*,#1230,.F.);
#697=ORIENTED_EDGE('',*,*,#1231,.T.);
#698=ORIENTED_EDGE('',*,*,#1232,.T.);
#699=ORIENTED_EDGE('',*,*,#1233,.T.);
#700=ORIENTED_EDGE('',*,*,#1234,.F.);
#701=ORIENTED_EDGE('',*,*,#1235,.T.);
#702=ORIENTED_EDGE('',*,*,#1236,.F.);
#703=ORIENTED_EDGE('',*,*,#1137,.F.);
#704=ORIENTED_EDGE('',*,*,#1237,.T.);
#705=ORIENTED_EDGE('',*,*,#1142,.T.);
#706=ORIENTED_EDGE('',*,*,#1238,.T.);
#707=ORIENTED_EDGE('',*,*,#1147,.F.);
#708=ORIENTED_EDGE('',*,*,#1239,.F.);
#709=ORIENTED_EDGE('',*,*,#1212,.T.);
#710=ORIENTED_EDGE('',*,*,#1240,.F.);
#711=ORIENTED_EDGE('',*,*,#1217,.F.);
#712=ORIENTED_EDGE('',*,*,#1241,.T.);
#713=ORIENTED_EDGE('',*,*,#1222,.T.);
#714=ORIENTED_EDGE('',*,*,#1242,.T.);
#715=ORIENTED_EDGE('',*,*,#1243,.T.);
#716=ORIENTED_EDGE('',*,*,#1244,.F.);
#717=ORIENTED_EDGE('',*,*,#1245,.T.);
#718=ORIENTED_EDGE('',*,*,#1246,.F.);
#719=ORIENTED_EDGE('',*,*,#1103,.F.);
#720=ORIENTED_EDGE('',*,*,#1247,.T.);
#721=ORIENTED_EDGE('',*,*,#1132,.T.);
#722=ORIENTED_EDGE('',*,*,#1234,.T.);
#723=ORIENTED_EDGE('',*,*,#1248,.T.);
#724=ORIENTED_EDGE('',*,*,#1242,.F.);
#725=ORIENTED_EDGE('',*,*,#1249,.T.);
#726=ORIENTED_EDGE('',*,*,#1224,.F.);
#727=ORIENTED_EDGE('',*,*,#1250,.T.);
#728=ORIENTED_EDGE('',*,*,#1230,.T.);
#729=ORIENTED_EDGE('',*,*,#1251,.T.);
#730=ORIENTED_EDGE('',*,*,#1216,.F.);
#731=ORIENTED_EDGE('',*,*,#1220,.T.);
#732=ORIENTED_EDGE('',*,*,#1223,.T.);
#733=ORIENTED_EDGE('',*,*,#1241,.F.);
#734=ORIENTED_EDGE('',*,*,#1146,.F.);
#735=ORIENTED_EDGE('',*,*,#1150,.F.);
#736=ORIENTED_EDGE('',*,*,#1153,.F.);
#737=ORIENTED_EDGE('',*,*,#1156,.F.);
#738=ORIENTED_EDGE('',*,*,#1159,.F.);
#739=ORIENTED_EDGE('',*,*,#1162,.F.);
#740=ORIENTED_EDGE('',*,*,#1165,.F.);
#741=ORIENTED_EDGE('',*,*,#1168,.F.);
#742=ORIENTED_EDGE('',*,*,#1171,.F.);
#743=ORIENTED_EDGE('',*,*,#1174,.F.);
#744=ORIENTED_EDGE('',*,*,#1177,.F.);
#745=ORIENTED_EDGE('',*,*,#1180,.F.);
#746=ORIENTED_EDGE('',*,*,#1183,.T.);
#747=ORIENTED_EDGE('',*,*,#1186,.T.);
#748=ORIENTED_EDGE('',*,*,#1189,.T.);
#749=ORIENTED_EDGE('',*,*,#1192,.T.);
#750=ORIENTED_EDGE('',*,*,#1195,.T.);
#751=ORIENTED_EDGE('',*,*,#1198,.T.);
#752=ORIENTED_EDGE('',*,*,#1201,.T.);
#753=ORIENTED_EDGE('',*,*,#1204,.T.);
#754=ORIENTED_EDGE('',*,*,#1207,.T.);
#755=ORIENTED_EDGE('',*,*,#1210,.T.);
#756=ORIENTED_EDGE('',*,*,#1213,.T.);
#757=ORIENTED_EDGE('',*,*,#1239,.T.);
#758=ORIENTED_EDGE('',*,*,#1136,.F.);
#759=ORIENTED_EDGE('',*,*,#1140,.T.);
#760=ORIENTED_EDGE('',*,*,#1143,.T.);
#761=ORIENTED_EDGE('',*,*,#1237,.F.);
#762=ORIENTED_EDGE('',*,*,#1102,.F.);
#763=ORIENTED_EDGE('',*,*,#1106,.T.);
#764=ORIENTED_EDGE('',*,*,#1109,.T.);
#765=ORIENTED_EDGE('',*,*,#1112,.T.);
#766=ORIENTED_EDGE('',*,*,#1115,.T.);
#767=ORIENTED_EDGE('',*,*,#1118,.T.);
#768=ORIENTED_EDGE('',*,*,#1121,.T.);
#769=ORIENTED_EDGE('',*,*,#1124,.F.);
#770=ORIENTED_EDGE('',*,*,#1127,.F.);
#771=ORIENTED_EDGE('',*,*,#1130,.F.);
#772=ORIENTED_EDGE('',*,*,#1133,.F.);
#773=ORIENTED_EDGE('',*,*,#1247,.F.);
#774=ORIENTED_EDGE('',*,*,#1244,.T.);
#775=ORIENTED_EDGE('',*,*,#1252,.T.);
#776=ORIENTED_EDGE('',*,*,#1232,.F.);
#777=ORIENTED_EDGE('',*,*,#1253,.T.);
#778=ORIENTED_EDGE('',*,*,#1228,.F.);
#779=ORIENTED_EDGE('',*,*,#1254,.T.);
#780=ORIENTED_EDGE('',*,*,#1226,.T.);
#781=ORIENTED_EDGE('',*,*,#1255,.T.);
#782=ORIENTED_EDGE('',*,*,#1214,.T.);
#783=ORIENTED_EDGE('',*,*,#1240,.T.);
#784=ORIENTED_EDGE('',*,*,#1221,.F.);
#785=ORIENTED_EDGE('',*,*,#1218,.F.);
#786=ORIENTED_EDGE('',*,*,#1144,.T.);
#787=ORIENTED_EDGE('',*,*,#1238,.F.);
#788=ORIENTED_EDGE('',*,*,#1211,.F.);
#789=ORIENTED_EDGE('',*,*,#1208,.F.);
#790=ORIENTED_EDGE('',*,*,#1205,.F.);
#791=ORIENTED_EDGE('',*,*,#1202,.F.);
#792=ORIENTED_EDGE('',*,*,#1199,.F.);
#793=ORIENTED_EDGE('',*,*,#1196,.F.);
#794=ORIENTED_EDGE('',*,*,#1193,.F.);
#795=ORIENTED_EDGE('',*,*,#1190,.F.);
#796=ORIENTED_EDGE('',*,*,#1187,.F.);
#797=ORIENTED_EDGE('',*,*,#1184,.F.);
#798=ORIENTED_EDGE('',*,*,#1181,.F.);
#799=ORIENTED_EDGE('',*,*,#1178,.T.);
#800=ORIENTED_EDGE('',*,*,#1175,.T.);
#801=ORIENTED_EDGE('',*,*,#1172,.T.);
#802=ORIENTED_EDGE('',*,*,#1169,.T.);
#803=ORIENTED_EDGE('',*,*,#1166,.T.);
#804=ORIENTED_EDGE('',*,*,#1163,.T.);
#805=ORIENTED_EDGE('',*,*,#1160,.T.);
#806=ORIENTED_EDGE('',*,*,#1157,.T.);
#807=ORIENTED_EDGE('',*,*,#1154,.T.);
#808=ORIENTED_EDGE('',*,*,#1151,.T.);
#809=ORIENTED_EDGE('',*,*,#1148,.T.);
#810=ORIENTED_EDGE('',*,*,#1134,.T.);
#811=ORIENTED_EDGE('',*,*,#1236,.T.);
#812=ORIENTED_EDGE('',*,*,#1141,.F.);
#813=ORIENTED_EDGE('',*,*,#1138,.F.);
#814=ORIENTED_EDGE('',*,*,#1100,.T.);
#815=ORIENTED_EDGE('',*,*,#1246,.T.);
#816=ORIENTED_EDGE('',*,*,#1131,.T.);
#817=ORIENTED_EDGE('',*,*,#1128,.T.);
#818=ORIENTED_EDGE('',*,*,#1125,.T.);
#819=ORIENTED_EDGE('',*,*,#1122,.T.);
#820=ORIENTED_EDGE('',*,*,#1119,.F.);
#821=ORIENTED_EDGE('',*,*,#1116,.F.);
#822=ORIENTED_EDGE('',*,*,#1113,.F.);
#823=ORIENTED_EDGE('',*,*,#1110,.F.);
#824=ORIENTED_EDGE('',*,*,#1107,.F.);
#825=ORIENTED_EDGE('',*,*,#1104,.F.);
#826=ORIENTED_EDGE('',*,*,#1248,.F.);
#827=ORIENTED_EDGE('',*,*,#1233,.F.);
#828=ORIENTED_EDGE('',*,*,#1252,.F.);
#829=ORIENTED_EDGE('',*,*,#1243,.F.);
#830=ORIENTED_EDGE('',*,*,#1249,.F.);
#831=ORIENTED_EDGE('',*,*,#1245,.F.);
#832=ORIENTED_EDGE('',*,*,#1255,.F.);
#833=ORIENTED_EDGE('',*,*,#1225,.F.);
#834=ORIENTED_EDGE('',*,*,#1251,.F.);
#835=ORIENTED_EDGE('',*,*,#1229,.F.);
#836=ORIENTED_EDGE('',*,*,#1253,.F.);
#837=ORIENTED_EDGE('',*,*,#1235,.F.);
#838=ORIENTED_EDGE('',*,*,#1250,.F.);
#839=ORIENTED_EDGE('',*,*,#1227,.F.);
#840=ORIENTED_EDGE('',*,*,#1254,.F.);
#841=ORIENTED_EDGE('',*,*,#1231,.F.);
#842=EDGE_CURVE('',#1256,#1257,#1532,.T.);
#843=EDGE_CURVE('',#1257,#1258,#1533,.T.);
#844=EDGE_CURVE('',#1259,#1258,#1534,.T.);
#845=EDGE_CURVE('',#1259,#1256,#1535,.T.);
#846=EDGE_CURVE('',#1260,#1261,#1536,.T.);
#847=EDGE_CURVE('',#1261,#1262,#1537,.T.);
#848=EDGE_CURVE('',#1263,#1262,#1538,.T.);
#849=EDGE_CURVE('',#1263,#1260,#1539,.T.);
#850=EDGE_CURVE('',#1264,#1265,#1540,.T.);
#851=EDGE_CURVE('',#1265,#1266,#1541,.T.);
#852=EDGE_CURVE('',#1267,#1266,#1542,.T.);
#853=EDGE_CURVE('',#1267,#1264,#1543,.T.);
#854=EDGE_CURVE('',#1268,#1269,#1544,.T.);
#855=EDGE_CURVE('',#1270,#1268,#1545,.T.);
#856=EDGE_CURVE('',#1270,#1271,#1546,.T.);
#857=EDGE_CURVE('',#1271,#1269,#1547,.T.);
#858=EDGE_CURVE('',#1268,#1272,#1548,.T.);
#859=EDGE_CURVE('',#1273,#1272,#1549,.T.);
#860=EDGE_CURVE('',#1270,#1273,#1550,.T.);
#861=EDGE_CURVE('',#1272,#1274,#1551,.T.);
#862=EDGE_CURVE('',#1275,#1274,#1552,.T.);
#863=EDGE_CURVE('',#1273,#1275,#1553,.T.);
#864=EDGE_CURVE('',#1276,#1277,#1554,.T.);
#865=EDGE_CURVE('',#1278,#1276,#1555,.T.);
#866=EDGE_CURVE('',#1278,#1279,#1556,.T.);
#867=EDGE_CURVE('',#1279,#1277,#1557,.T.);
#868=EDGE_CURVE('',#1276,#1280,#1558,.T.);
#869=EDGE_CURVE('',#1281,#1280,#1559,.T.);
#870=EDGE_CURVE('',#1278,#1281,#1560,.T.);
#871=EDGE_CURVE('',#1280,#1282,#1561,.T.);
#872=EDGE_CURVE('',#1283,#1282,#1562,.T.);
#873=EDGE_CURVE('',#1281,#1283,#1563,.T.);
#874=EDGE_CURVE('',#1282,#1284,#1564,.T.);
#875=EDGE_CURVE('',#1285,#1284,#1565,.T.);
#876=EDGE_CURVE('',#1283,#1285,#1566,.T.);
#877=EDGE_CURVE('',#1286,#1284,#1567,.T.);
#878=EDGE_CURVE('',#1287,#1286,#1568,.T.);
#879=EDGE_CURVE('',#1287,#1285,#1569,.T.);
#880=EDGE_CURVE('',#1288,#1289,#1570,.T.);
#881=EDGE_CURVE('',#1290,#1288,#1571,.T.);
#882=EDGE_CURVE('',#1290,#1291,#1572,.T.);
#883=EDGE_CURVE('',#1291,#1289,#1573,.T.);
#884=EDGE_CURVE('',#1288,#1292,#1574,.T.);
#885=EDGE_CURVE('',#1293,#1292,#1575,.T.);
#886=EDGE_CURVE('',#1290,#1293,#1576,.T.);
#887=EDGE_CURVE('',#1292,#1294,#1577,.T.);
#888=EDGE_CURVE('',#1295,#1294,#1578,.T.);
#889=EDGE_CURVE('',#1293,#1295,#1579,.T.);
#890=EDGE_CURVE('',#1296,#1297,#1580,.T.);
#891=EDGE_CURVE('',#1298,#1296,#1581,.T.);
#892=EDGE_CURVE('',#1298,#1299,#1582,.T.);
#893=EDGE_CURVE('',#1299,#1297,#1583,.T.);
#894=EDGE_CURVE('',#1296,#1300,#1584,.T.);
#895=EDGE_CURVE('',#1301,#1300,#1585,.T.);
#896=EDGE_CURVE('',#1298,#1301,#1586,.T.);
#897=EDGE_CURVE('',#1300,#1302,#1587,.T.);
#898=EDGE_CURVE('',#1303,#1302,#1588,.T.);
#899=EDGE_CURVE('',#1301,#1303,#1589,.T.);
#900=EDGE_CURVE('',#1304,#1305,#1590,.T.);
#901=EDGE_CURVE('',#1306,#1305,#1591,.T.);
#902=EDGE_CURVE('',#1307,#1306,#1592,.T.);
#903=EDGE_CURVE('',#1307,#1304,#1593,.T.);
#904=EDGE_CURVE('',#1305,#1308,#1594,.T.);
#905=EDGE_CURVE('',#1309,#1308,#1595,.T.);
#906=EDGE_CURVE('',#1306,#1309,#1596,.T.);
#907=EDGE_CURVE('',#1308,#1310,#1597,.T.);
#908=EDGE_CURVE('',#1311,#1310,#1598,.T.);
#909=EDGE_CURVE('',#1309,#1311,#1599,.T.);
#910=EDGE_CURVE('',#1310,#1312,#1600,.T.);
#911=EDGE_CURVE('',#1313,#1312,#1601,.T.);
#912=EDGE_CURVE('',#1311,#1313,#1602,.T.);
#913=EDGE_CURVE('',#1312,#1314,#1603,.T.);
#914=EDGE_CURVE('',#1315,#1314,#1604,.T.);
#915=EDGE_CURVE('',#1313,#1315,#1605,.T.);
#916=EDGE_CURVE('',#1314,#1316,#1606,.T.);
#917=EDGE_CURVE('',#1317,#1316,#1607,.T.);
#918=EDGE_CURVE('',#1315,#1317,#1608,.T.);
#919=EDGE_CURVE('',#1316,#1318,#1609,.T.);
#920=EDGE_CURVE('',#1319,#1318,#1610,.T.);
#921=EDGE_CURVE('',#1317,#1319,#1611,.T.);
#922=EDGE_CURVE('',#1320,#1318,#1612,.T.);
#923=EDGE_CURVE('',#1321,#1320,#1613,.T.);
#924=EDGE_CURVE('',#1321,#1319,#1614,.T.);
#925=EDGE_CURVE('',#1322,#1320,#1615,.T.);
#926=EDGE_CURVE('',#1323,#1322,#1616,.T.);
#927=EDGE_CURVE('',#1323,#1321,#1617,.T.);
#928=EDGE_CURVE('',#1324,#1322,#1618,.T.);
#929=EDGE_CURVE('',#1325,#1324,#1619,.T.);
#930=EDGE_CURVE('',#1325,#1323,#1620,.T.);
#931=EDGE_CURVE('',#1326,#1324,#1621,.T.);
#932=EDGE_CURVE('',#1327,#1326,#1622,.T.);
#933=EDGE_CURVE('',#1327,#1325,#1623,.T.);
#934=EDGE_CURVE('',#1328,#1326,#1624,.T.);
#935=EDGE_CURVE('',#1329,#1328,#1625,.T.);
#936=EDGE_CURVE('',#1329,#1327,#1626,.T.);
#937=EDGE_CURVE('',#1330,#1328,#1627,.T.);
#938=EDGE_CURVE('',#1331,#1330,#1628,.T.);
#939=EDGE_CURVE('',#1331,#1329,#1629,.T.);
#940=EDGE_CURVE('',#1332,#1330,#1630,.T.);
#941=EDGE_CURVE('',#1333,#1332,#1631,.T.);
#942=EDGE_CURVE('',#1333,#1331,#1632,.T.);
#943=EDGE_CURVE('',#1334,#1332,#1633,.T.);
#944=EDGE_CURVE('',#1335,#1334,#1634,.T.);
#945=EDGE_CURVE('',#1335,#1333,#1635,.T.);
#946=EDGE_CURVE('',#1336,#1334,#1636,.T.);
#947=EDGE_CURVE('',#1337,#1336,#1637,.T.);
#948=EDGE_CURVE('',#1337,#1335,#1638,.T.);
#949=EDGE_CURVE('',#1338,#1336,#1639,.T.);
#950=EDGE_CURVE('',#1339,#1338,#1640,.T.);
#951=EDGE_CURVE('',#1339,#1337,#1641,.T.);
#952=EDGE_CURVE('',#1340,#1338,#1642,.T.);
#953=EDGE_CURVE('',#1341,#1340,#1643,.T.);
#954=EDGE_CURVE('',#1341,#1339,#1644,.T.);
#955=EDGE_CURVE('',#1342,#1340,#1645,.T.);
#956=EDGE_CURVE('',#1343,#1342,#1646,.T.);
#957=EDGE_CURVE('',#1343,#1341,#1647,.T.);
#958=EDGE_CURVE('',#1342,#1344,#1648,.T.);
#959=EDGE_CURVE('',#1345,#1344,#1649,.T.);
#960=EDGE_CURVE('',#1343,#1345,#1650,.T.);
#961=EDGE_CURVE('',#1344,#1346,#1651,.T.);
#962=EDGE_CURVE('',#1347,#1346,#1652,.T.);
#963=EDGE_CURVE('',#1345,#1347,#1653,.T.);
#964=EDGE_CURVE('',#1346,#1348,#1654,.T.);
#965=EDGE_CURVE('',#1349,#1348,#1655,.T.);
#966=EDGE_CURVE('',#1347,#1349,#1656,.T.);
#967=EDGE_CURVE('',#1348,#1350,#1657,.T.);
#968=EDGE_CURVE('',#1351,#1350,#1658,.T.);
#969=EDGE_CURVE('',#1349,#1351,#1659,.T.);
#970=EDGE_CURVE('',#1352,#1353,#1660,.T.);
#971=EDGE_CURVE('',#1354,#1353,#1661,.T.);
#972=EDGE_CURVE('',#1355,#1354,#1662,.T.);
#973=EDGE_CURVE('',#1355,#1352,#1663,.T.);
#974=EDGE_CURVE('',#1353,#1356,#1664,.T.);
#975=EDGE_CURVE('',#1357,#1356,#1665,.T.);
#976=EDGE_CURVE('',#1354,#1357,#1666,.T.);
#977=EDGE_CURVE('',#1356,#1358,#1667,.T.);
#978=EDGE_CURVE('',#1359,#1358,#1668,.T.);
#979=EDGE_CURVE('',#1357,#1359,#1669,.T.);
#980=EDGE_CURVE('',#1358,#1360,#1670,.T.);
#981=EDGE_CURVE('',#1361,#1360,#1671,.T.);
#982=EDGE_CURVE('',#1359,#1361,#1672,.T.);
#983=EDGE_CURVE('',#1360,#1362,#1673,.T.);
#984=EDGE_CURVE('',#1363,#1362,#1674,.T.);
#985=EDGE_CURVE('',#1361,#1363,#1675,.T.);
#986=EDGE_CURVE('',#1362,#1364,#1676,.T.);
#987=EDGE_CURVE('',#1365,#1364,#1677,.T.);
#988=EDGE_CURVE('',#1363,#1365,#1678,.T.);
#989=EDGE_CURVE('',#1364,#1366,#1679,.T.);
#990=EDGE_CURVE('',#1367,#1366,#1680,.T.);
#991=EDGE_CURVE('',#1365,#1367,#1681,.T.);
#992=EDGE_CURVE('',#1368,#1366,#1682,.T.);
#993=EDGE_CURVE('',#1369,#1368,#1683,.T.);
#994=EDGE_CURVE('',#1369,#1367,#1684,.T.);
#995=EDGE_CURVE('',#1370,#1368,#1685,.T.);
#996=EDGE_CURVE('',#1371,#1370,#1686,.T.);
#997=EDGE_CURVE('',#1371,#1369,#1687,.T.);
#998=EDGE_CURVE('',#1372,#1370,#1688,.T.);
#999=EDGE_CURVE('',#1373,#1372,#1689,.T.);
#1000=EDGE_CURVE('',#1373,#1371,#1690,.T.);
#1001=EDGE_CURVE('',#1374,#1372,#1691,.T.);
#1002=EDGE_CURVE('',#1375,#1374,#1692,.T.);
#1003=EDGE_CURVE('',#1375,#1373,#1693,.T.);
#1004=EDGE_CURVE('',#1376,#1374,#1694,.T.);
#1005=EDGE_CURVE('',#1377,#1376,#1695,.T.);
#1006=EDGE_CURVE('',#1377,#1375,#1696,.T.);
#1007=EDGE_CURVE('',#1378,#1376,#1697,.T.);
#1008=EDGE_CURVE('',#1379,#1378,#1698,.T.);
#1009=EDGE_CURVE('',#1379,#1377,#1699,.T.);
#1010=EDGE_CURVE('',#1380,#1378,#1700,.T.);
#1011=EDGE_CURVE('',#1381,#1380,#1701,.T.);
#1012=EDGE_CURVE('',#1381,#1379,#1702,.T.);
#1013=EDGE_CURVE('',#1382,#1380,#1703,.T.);
#1014=EDGE_CURVE('',#1383,#1382,#1704,.T.);
#1015=EDGE_CURVE('',#1383,#1381,#1705,.T.);
#1016=EDGE_CURVE('',#1384,#1382,#1706,.T.);
#1017=EDGE_CURVE('',#1385,#1384,#1707,.T.);
#1018=EDGE_CURVE('',#1385,#1383,#1708,.T.);
#1019=EDGE_CURVE('',#1386,#1384,#1709,.T.);
#1020=EDGE_CURVE('',#1387,#1386,#1710,.T.);
#1021=EDGE_CURVE('',#1387,#1385,#1711,.T.);
#1022=EDGE_CURVE('',#1388,#1386,#1712,.T.);
#1023=EDGE_CURVE('',#1389,#1388,#1713,.T.);
#1024=EDGE_CURVE('',#1389,#1387,#1714,.T.);
#1025=EDGE_CURVE('',#1390,#1388,#1715,.T.);
#1026=EDGE_CURVE('',#1391,#1390,#1716,.T.);
#1027=EDGE_CURVE('',#1391,#1389,#1717,.T.);
#1028=EDGE_CURVE('',#1390,#1392,#1718,.T.);
#1029=EDGE_CURVE('',#1393,#1392,#1719,.T.);
#1030=EDGE_CURVE('',#1391,#1393,#1720,.T.);
#1031=EDGE_CURVE('',#1392,#1394,#1721,.T.);
#1032=EDGE_CURVE('',#1395,#1394,#1722,.T.);
#1033=EDGE_CURVE('',#1393,#1395,#1723,.T.);
#1034=EDGE_CURVE('',#1394,#1396,#1724,.T.);
#1035=EDGE_CURVE('',#1397,#1396,#1725,.T.);
#1036=EDGE_CURVE('',#1395,#1397,#1726,.T.);
#1037=EDGE_CURVE('',#1396,#1398,#1727,.T.);
#1038=EDGE_CURVE('',#1399,#1398,#1728,.T.);
#1039=EDGE_CURVE('',#1397,#1399,#1729,.T.);
#1040=EDGE_CURVE('',#1400,#1401,#1730,.T.);
#1041=EDGE_CURVE('',#1402,#1401,#1731,.T.);
#1042=EDGE_CURVE('',#1403,#1402,#1732,.T.);
#1043=EDGE_CURVE('',#1403,#1400,#1733,.T.);
#1044=EDGE_CURVE('',#1401,#1404,#1734,.T.);
#1045=EDGE_CURVE('',#1405,#1404,#1735,.T.);
#1046=EDGE_CURVE('',#1402,#1405,#1736,.T.);
#1047=EDGE_CURVE('',#1404,#1406,#1737,.T.);
#1048=EDGE_CURVE('',#1407,#1406,#1738,.T.);
#1049=EDGE_CURVE('',#1405,#1407,#1739,.T.);
#1050=EDGE_CURVE('',#1406,#1408,#1740,.T.);
#1051=EDGE_CURVE('',#1409,#1408,#1741,.T.);
#1052=EDGE_CURVE('',#1407,#1409,#1742,.T.);
#1053=EDGE_CURVE('',#1410,#1408,#1743,.T.);
#1054=EDGE_CURVE('',#1411,#1410,#1744,.T.);
#1055=EDGE_CURVE('',#1411,#1409,#1745,.T.);
#1056=EDGE_CURVE('',#1412,#1410,#1746,.T.);
#1057=EDGE_CURVE('',#1413,#1412,#1747,.T.);
#1058=EDGE_CURVE('',#1413,#1411,#1748,.T.);
#1059=EDGE_CURVE('',#1414,#1412,#1749,.T.);
#1060=EDGE_CURVE('',#1415,#1414,#1750,.T.);
#1061=EDGE_CURVE('',#1415,#1413,#1751,.T.);
#1062=EDGE_CURVE('',#1416,#1414,#1752,.T.);
#1063=EDGE_CURVE('',#1417,#1416,#1753,.T.);
#1064=EDGE_CURVE('',#1417,#1415,#1754,.T.);
#1065=EDGE_CURVE('',#1418,#1416,#1755,.T.);
#1066=EDGE_CURVE('',#1419,#1418,#1756,.T.);
#1067=EDGE_CURVE('',#1419,#1417,#1757,.T.);
#1068=EDGE_CURVE('',#1420,#1418,#1758,.T.);
#1069=EDGE_CURVE('',#1421,#1420,#1759,.T.);
#1070=EDGE_CURVE('',#1421,#1419,#1760,.T.);
#1071=EDGE_CURVE('',#1420,#1422,#1761,.T.);
#1072=EDGE_CURVE('',#1423,#1422,#1762,.T.);
#1073=EDGE_CURVE('',#1421,#1423,#1763,.T.);
#1074=EDGE_CURVE('',#1269,#1274,#1764,.T.);
#1075=EDGE_CURVE('',#1271,#1275,#1765,.T.);
#1076=EDGE_CURVE('',#1277,#1286,#1766,.T.);
#1077=EDGE_CURVE('',#1279,#1287,#1767,.T.);
#1078=EDGE_CURVE('',#1289,#1294,#1768,.T.);
#1079=EDGE_CURVE('',#1291,#1295,#1769,.T.);
#1080=EDGE_CURVE('',#1297,#1302,#1770,.T.);
#1081=EDGE_CURVE('',#1299,#1303,#1771,.T.);
#1082=EDGE_CURVE('',#1350,#1304,#1772,.T.);
#1083=EDGE_CURVE('',#1351,#1307,#1773,.T.);
#1084=EDGE_CURVE('',#1398,#1352,#1774,.T.);
#1085=EDGE_CURVE('',#1399,#1355,#1775,.T.);
#1086=EDGE_CURVE('',#1422,#1400,#1776,.T.);
#1087=EDGE_CURVE('',#1423,#1403,#1777,.T.);
#1088=EDGE_CURVE('',#1424,#1425,#1778,.T.);
#1089=EDGE_CURVE('',#1425,#1426,#1779,.T.);
#1090=EDGE_CURVE('',#1427,#1426,#1780,.T.);
#1091=EDGE_CURVE('',#1427,#1424,#1781,.T.);
#1092=EDGE_CURVE('',#1266,#1425,#1782,.T.);
#1093=EDGE_CURVE('',#1424,#1257,#1783,.F.);
#1094=EDGE_CURVE('',#1256,#1263,#1784,.T.);
#1095=EDGE_CURVE('',#1262,#1267,#1785,.F.);
#1096=EDGE_CURVE('',#1426,#1265,#1786,.T.);
#1097=EDGE_CURVE('',#1264,#1261,#1787,.F.);
#1098=EDGE_CURVE('',#1260,#1259,#1788,.T.);
#1099=EDGE_CURVE('',#1258,#1427,#1789,.F.);
#1100=EDGE_CURVE('',#1428,#1429,#1790,.T.);
#1101=EDGE_CURVE('',#1430,#1428,#1791,.T.);
#1102=EDGE_CURVE('',#1430,#1431,#1792,.T.);
#1103=EDGE_CURVE('',#1431,#1429,#1793,.T.);
#1104=EDGE_CURVE('',#1428,#1432,#1794,.T.);
#1105=EDGE_CURVE('',#1433,#1432,#1795,.T.);
#1106=EDGE_CURVE('',#1430,#1433,#1796,.T.);
#1107=EDGE_CURVE('',#1432,#1434,#1797,.T.);
#1108=EDGE_CURVE('',#1435,#1434,#1798,.T.);
#1109=EDGE_CURVE('',#1433,#1435,#1799,.T.);
#1110=EDGE_CURVE('',#1434,#1436,#1800,.T.);
#1111=EDGE_CURVE('',#1437,#1436,#1801,.T.);
#1112=EDGE_CURVE('',#1435,#1437,#1802,.T.);
#1113=EDGE_CURVE('',#1436,#1438,#1803,.T.);
#1114=EDGE_CURVE('',#1439,#1438,#1804,.T.);
#1115=EDGE_CURVE('',#1437,#1439,#1805,.T.);
#1116=EDGE_CURVE('',#1438,#1440,#1806,.T.);
#1117=EDGE_CURVE('',#1441,#1440,#1807,.T.);
#1118=EDGE_CURVE('',#1439,#1441,#1808,.T.);
#1119=EDGE_CURVE('',#1440,#1442,#1809,.T.);
#1120=EDGE_CURVE('',#1443,#1442,#1810,.T.);
#1121=EDGE_CURVE('',#1441,#1443,#1811,.T.);
#1122=EDGE_CURVE('',#1444,#1442,#1812,.T.);
#1123=EDGE_CURVE('',#1445,#1444,#1813,.T.);
#1124=EDGE_CURVE('',#1445,#1443,#1814,.T.);
#1125=EDGE_CURVE('',#1446,#1444,#1815,.T.);
#1126=EDGE_CURVE('',#1447,#1446,#1816,.T.);
#1127=EDGE_CURVE('',#1447,#1445,#1817,.T.);
#1128=EDGE_CURVE('',#1448,#1446,#1818,.T.);
#1129=EDGE_CURVE('',#1449,#1448,#1819,.T.);
#1130=EDGE_CURVE('',#1449,#1447,#1820,.T.);
#1131=EDGE_CURVE('',#1450,#1448,#1821,.T.);
#1132=EDGE_CURVE('',#1451,#1450,#1822,.T.);
#1133=EDGE_CURVE('',#1451,#1449,#1823,.T.);
#1134=EDGE_CURVE('',#1452,#1453,#1824,.T.);
#1135=EDGE_CURVE('',#1454,#1452,#1825,.T.);
#1136=EDGE_CURVE('',#1454,#1455,#1826,.T.);
#1137=EDGE_CURVE('',#1455,#1453,#1827,.T.);
#1138=EDGE_CURVE('',#1452,#1456,#1828,.T.);
#1139=EDGE_CURVE('',#1457,#1456,#1829,.T.);
#1140=EDGE_CURVE('',#1454,#1457,#1830,.T.);
#1141=EDGE_CURVE('',#1456,#1458,#1831,.T.);
#1142=EDGE_CURVE('',#1459,#1458,#1832,.T.);
#1143=EDGE_CURVE('',#1457,#1459,#1833,.T.);
#1144=EDGE_CURVE('',#1460,#1461,#1834,.T.);
#1145=EDGE_CURVE('',#1462,#1460,#1835,.T.);
#1146=EDGE_CURVE('',#1462,#1463,#1836,.T.);
#1147=EDGE_CURVE('',#1463,#1461,#1837,.T.);
#1148=EDGE_CURVE('',#1464,#1460,#1838,.T.);
#1149=EDGE_CURVE('',#1465,#1464,#1839,.T.);
#1150=EDGE_CURVE('',#1465,#1462,#1840,.T.);
#1151=EDGE_CURVE('',#1466,#1464,#1841,.T.);
#1152=EDGE_CURVE('',#1467,#1466,#1842,.T.);
#1153=EDGE_CURVE('',#1467,#1465,#1843,.T.);
#1154=EDGE_CURVE('',#1468,#1466,#1844,.T.);
#1155=EDGE_CURVE('',#1469,#1468,#1845,.T.);
#1156=EDGE_CURVE('',#1469,#1467,#1846,.T.);
#1157=EDGE_CURVE('',#1470,#1468,#1847,.T.);
#1158=EDGE_CURVE('',#1471,#1470,#1848,.T.);
#1159=EDGE_CURVE('',#1471,#1469,#1849,.T.);
#1160=EDGE_CURVE('',#1472,#1470,#1850,.T.);
#1161=EDGE_CURVE('',#1473,#1472,#1851,.T.);
#1162=EDGE_CURVE('',#1473,#1471,#1852,.T.);
#1163=EDGE_CURVE('',#1474,#1472,#1853,.T.);
#1164=EDGE_CURVE('',#1475,#1474,#1854,.T.);
#1165=EDGE_CURVE('',#1475,#1473,#1855,.T.);
#1166=EDGE_CURVE('',#1476,#1474,#1856,.T.);
#1167=EDGE_CURVE('',#1477,#1476,#1857,.T.);
#1168=EDGE_CURVE('',#1477,#1475,#1858,.T.);
#1169=EDGE_CURVE('',#1478,#1476,#1859,.T.);
#1170=EDGE_CURVE('',#1479,#1478,#1860,.T.);
#1171=EDGE_CURVE('',#1479,#1477,#1861,.T.);
#1172=EDGE_CURVE('',#1480,#1478,#1862,.T.);
#1173=EDGE_CURVE('',#1481,#1480,#1863,.T.);
#1174=EDGE_CURVE('',#1481,#1479,#1864,.T.);
#1175=EDGE_CURVE('',#1482,#1480,#1865,.T.);
#1176=EDGE_CURVE('',#1483,#1482,#1866,.T.);
#1177=EDGE_CURVE('',#1483,#1481,#1867,.T.);
#1178=EDGE_CURVE('',#1484,#1482,#1868,.T.);
#1179=EDGE_CURVE('',#1485,#1484,#1869,.T.);
#1180=EDGE_CURVE('',#1485,#1483,#1870,.T.);
#1181=EDGE_CURVE('',#1484,#1486,#1871,.T.);
#1182=EDGE_CURVE('',#1487,#1486,#1872,.T.);
#1183=EDGE_CURVE('',#1485,#1487,#1873,.T.);
#1184=EDGE_CURVE('',#1486,#1488,#1874,.T.);
#1185=EDGE_CURVE('',#1489,#1488,#1875,.T.);
#1186=EDGE_CURVE('',#1487,#1489,#1876,.T.);
#1187=EDGE_CURVE('',#1488,#1490,#1877,.T.);
#1188=EDGE_CURVE('',#1491,#1490,#1878,.T.);
#1189=EDGE_CURVE('',#1489,#1491,#1879,.T.);
#1190=EDGE_CURVE('',#1490,#1492,#1880,.T.);
#1191=EDGE_CURVE('',#1493,#1492,#1881,.T.);
#1192=EDGE_CURVE('',#1491,#1493,#1882,.T.);
#1193=EDGE_CURVE('',#1492,#1494,#1883,.T.);
#1194=EDGE_CURVE('',#1495,#1494,#1884,.T.);
#1195=EDGE_CURVE('',#1493,#1495,#1885,.T.);
#1196=EDGE_CURVE('',#1494,#1496,#1886,.T.);
#1197=EDGE_CURVE('',#1497,#1496,#1887,.T.);
#1198=EDGE_CURVE('',#1495,#1497,#1888,.T.);
#1199=EDGE_CURVE('',#1496,#1498,#1889,.T.);
#1200=EDGE_CURVE('',#1499,#1498,#1890,.T.);
#1201=EDGE_CURVE('',#1497,#1499,#1891,.T.);
#1202=EDGE_CURVE('',#1498,#1500,#1892,.T.);
#1203=EDGE_CURVE('',#1501,#1500,#1893,.T.);
#1204=EDGE_CURVE('',#1499,#1501,#1894,.T.);
#1205=EDGE_CURVE('',#1500,#1502,#1895,.T.);
#1206=EDGE_CURVE('',#1503,#1502,#1896,.T.);
#1207=EDGE_CURVE('',#1501,#1503,#1897,.T.);
#1208=EDGE_CURVE('',#1502,#1504,#1898,.T.);
#1209=EDGE_CURVE('',#1505,#1504,#1899,.T.);
#1210=EDGE_CURVE('',#1503,#1505,#1900,.T.);
#1211=EDGE_CURVE('',#1504,#1506,#1901,.T.);
#1212=EDGE_CURVE('',#1507,#1506,#1902,.T.);
#1213=EDGE_CURVE('',#1505,#1507,#1903,.T.);
#1214=EDGE_CURVE('',#1508,#1509,#1904,.T.);
#1215=EDGE_CURVE('',#1510,#1508,#1905,.T.);
#1216=EDGE_CURVE('',#1510,#1511,#1906,.T.);
#1217=EDGE_CURVE('',#1511,#1509,#1907,.T.);
#1218=EDGE_CURVE('',#1508,#1512,#1908,.T.);
#1219=EDGE_CURVE('',#1513,#1512,#1909,.T.);
#1220=EDGE_CURVE('',#1510,#1513,#1910,.T.);
#1221=EDGE_CURVE('',#1512,#1514,#1911,.T.);
#1222=EDGE_CURVE('',#1515,#1514,#1912,.T.);
#1223=EDGE_CURVE('',#1513,#1515,#1913,.T.);
#1224=EDGE_CURVE('',#1516,#1517,#1914,.T.);
#1225=EDGE_CURVE('',#1517,#1518,#1915,.T.);
#1226=EDGE_CURVE('',#1519,#1518,#1916,.T.);
#1227=EDGE_CURVE('',#1519,#1516,#1917,.T.);
#1228=EDGE_CURVE('',#1520,#1521,#1918,.T.);
#1229=EDGE_CURVE('',#1521,#1522,#1919,.T.);
#1230=EDGE_CURVE('',#1523,#1522,#1920,.T.);
#1231=EDGE_CURVE('',#1523,#1520,#1921,.T.);
#1232=EDGE_CURVE('',#1524,#1525,#1922,.T.);
#1233=EDGE_CURVE('',#1525,#1526,#1923,.T.);
#1234=EDGE_CURVE('',#1527,#1526,#1924,.T.);
#1235=EDGE_CURVE('',#1527,#1524,#1925,.T.);
#1236=EDGE_CURVE('',#1453,#1458,#1926,.T.);
#1237=EDGE_CURVE('',#1455,#1459,#1927,.T.);
#1238=EDGE_CURVE('',#1506,#1461,#1928,.T.);
#1239=EDGE_CURVE('',#1507,#1463,#1929,.T.);
#1240=EDGE_CURVE('',#1509,#1514,#1930,.T.);
#1241=EDGE_CURVE('',#1511,#1515,#1931,.T.);
#1242=EDGE_CURVE('',#1528,#1529,#1932,.T.);
#1243=EDGE_CURVE('',#1529,#1530,#1933,.T.);
#1244=EDGE_CURVE('',#1531,#1530,#1934,.T.);
#1245=EDGE_CURVE('',#1531,#1528,#1935,.T.);
#1246=EDGE_CURVE('',#1429,#1450,#1936,.T.);
#1247=EDGE_CURVE('',#1431,#1451,#1937,.T.);
#1248=EDGE_CURVE('',#1526,#1529,#1938,.T.);
#1249=EDGE_CURVE('',#1528,#1517,#1939,.F.);
#1250=EDGE_CURVE('',#1516,#1523,#1940,.T.);
#1251=EDGE_CURVE('',#1522,#1527,#1941,.F.);
#1252=EDGE_CURVE('',#1530,#1525,#1942,.T.);
#1253=EDGE_CURVE('',#1524,#1521,#1943,.F.);
#1254=EDGE_CURVE('',#1520,#1519,#1944,.T.);
#1255=EDGE_CURVE('',#1518,#1531,#1945,.F.);
#1256=VERTEX_POINT('',#3844);
#1257=VERTEX_POINT('',#3845);
#1258=VERTEX_POINT('',#3847);
#1259=VERTEX_POINT('',#3849);
#1260=VERTEX_POINT('',#3853);
#1261=VERTEX_POINT('',#3854);
#1262=VERTEX_POINT('',#3856);
#1263=VERTEX_POINT('',#3858);
#1264=VERTEX_POINT('',#3862);
#1265=VERTEX_POINT('',#3863);
#1266=VERTEX_POINT('',#3865);
#1267=VERTEX_POINT('',#3867);
#1268=VERTEX_POINT('',#3871);
#1269=VERTEX_POINT('',#3872);
#1270=VERTEX_POINT('',#3874);
#1271=VERTEX_POINT('',#3876);
#1272=VERTEX_POINT('',#3880);
#1273=VERTEX_POINT('',#3882);
#1274=VERTEX_POINT('',#3886);
#1275=VERTEX_POINT('',#3888);
#1276=VERTEX_POINT('',#3892);
#1277=VERTEX_POINT('',#3893);
#1278=VERTEX_POINT('',#3895);
#1279=VERTEX_POINT('',#3897);
#1280=VERTEX_POINT('',#3901);
#1281=VERTEX_POINT('',#3903);
#1282=VERTEX_POINT('',#3907);
#1283=VERTEX_POINT('',#3909);
#1284=VERTEX_POINT('',#3913);
#1285=VERTEX_POINT('',#3915);
#1286=VERTEX_POINT('',#3919);
#1287=VERTEX_POINT('',#3921);
#1288=VERTEX_POINT('',#3925);
#1289=VERTEX_POINT('',#3926);
#1290=VERTEX_POINT('',#3928);
#1291=VERTEX_POINT('',#3930);
#1292=VERTEX_POINT('',#3934);
#1293=VERTEX_POINT('',#3936);
#1294=VERTEX_POINT('',#3940);
#1295=VERTEX_POINT('',#3942);
#1296=VERTEX_POINT('',#3946);
#1297=VERTEX_POINT('',#3947);
#1298=VERTEX_POINT('',#3949);
#1299=VERTEX_POINT('',#3951);
#1300=VERTEX_POINT('',#3955);
#1301=VERTEX_POINT('',#3957);
#1302=VERTEX_POINT('',#3961);
#1303=VERTEX_POINT('',#3963);
#1304=VERTEX_POINT('',#3967);
#1305=VERTEX_POINT('',#3968);
#1306=VERTEX_POINT('',#3970);
#1307=VERTEX_POINT('',#3972);
#1308=VERTEX_POINT('',#3976);
#1309=VERTEX_POINT('',#3978);
#1310=VERTEX_POINT('',#3982);
#1311=VERTEX_POINT('',#3984);
#1312=VERTEX_POINT('',#3988);
#1313=VERTEX_POINT('',#3990);
#1314=VERTEX_POINT('',#3994);
#1315=VERTEX_POINT('',#3996);
#1316=VERTEX_POINT('',#4000);
#1317=VERTEX_POINT('',#4002);
#1318=VERTEX_POINT('',#4006);
#1319=VERTEX_POINT('',#4008);
#1320=VERTEX_POINT('',#4012);
#1321=VERTEX_POINT('',#4014);
#1322=VERTEX_POINT('',#4018);
#1323=VERTEX_POINT('',#4020);
#1324=VERTEX_POINT('',#4024);
#1325=VERTEX_POINT('',#4026);
#1326=VERTEX_POINT('',#4030);
#1327=VERTEX_POINT('',#4032);
#1328=VERTEX_POINT('',#4036);
#1329=VERTEX_POINT('',#4038);
#1330=VERTEX_POINT('',#4042);
#1331=VERTEX_POINT('',#4044);
#1332=VERTEX_POINT('',#4048);
#1333=VERTEX_POINT('',#4050);
#1334=VERTEX_POINT('',#4054);
#1335=VERTEX_POINT('',#4056);
#1336=VERTEX_POINT('',#4060);
#1337=VERTEX_POINT('',#4062);
#1338=VERTEX_POINT('',#4066);
#1339=VERTEX_POINT('',#4068);
#1340=VERTEX_POINT('',#4072);
#1341=VERTEX_POINT('',#4074);
#1342=VERTEX_POINT('',#4078);
#1343=VERTEX_POINT('',#4080);
#1344=VERTEX_POINT('',#4084);
#1345=VERTEX_POINT('',#4086);
#1346=VERTEX_POINT('',#4090);
#1347=VERTEX_POINT('',#4092);
#1348=VERTEX_POINT('',#4096);
#1349=VERTEX_POINT('',#4098);
#1350=VERTEX_POINT('',#4102);
#1351=VERTEX_POINT('',#4104);
#1352=VERTEX_POINT('',#4108);
#1353=VERTEX_POINT('',#4109);
#1354=VERTEX_POINT('',#4111);
#1355=VERTEX_POINT('',#4113);
#1356=VERTEX_POINT('',#4117);
#1357=VERTEX_POINT('',#4119);
#1358=VERTEX_POINT('',#4123);
#1359=VERTEX_POINT('',#4125);
#1360=VERTEX_POINT('',#4129);
#1361=VERTEX_POINT('',#4131);
#1362=VERTEX_POINT('',#4135);
#1363=VERTEX_POINT('',#4137);
#1364=VERTEX_POINT('',#4141);
#1365=VERTEX_POINT('',#4143);
#1366=VERTEX_POINT('',#4147);
#1367=VERTEX_POINT('',#4149);
#1368=VERTEX_POINT('',#4153);
#1369=VERTEX_POINT('',#4155);
#1370=VERTEX_POINT('',#4159);
#1371=VERTEX_POINT('',#4161);
#1372=VERTEX_POINT('',#4165);
#1373=VERTEX_POINT('',#4167);
#1374=VERTEX_POINT('',#4171);
#1375=VERTEX_POINT('',#4173);
#1376=VERTEX_POINT('',#4177);
#1377=VERTEX_POINT('',#4179);
#1378=VERTEX_POINT('',#4183);
#1379=VERTEX_POINT('',#4185);
#1380=VERTEX_POINT('',#4189);
#1381=VERTEX_POINT('',#4191);
#1382=VERTEX_POINT('',#4195);
#1383=VERTEX_POINT('',#4197);
#1384=VERTEX_POINT('',#4201);
#1385=VERTEX_POINT('',#4203);
#1386=VERTEX_POINT('',#4207);
#1387=VERTEX_POINT('',#4209);
#1388=VERTEX_POINT('',#4213);
#1389=VERTEX_POINT('',#4215);
#1390=VERTEX_POINT('',#4219);
#1391=VERTEX_POINT('',#4221);
#1392=VERTEX_POINT('',#4225);
#1393=VERTEX_POINT('',#4227);
#1394=VERTEX_POINT('',#4231);
#1395=VERTEX_POINT('',#4233);
#1396=VERTEX_POINT('',#4237);
#1397=VERTEX_POINT('',#4239);
#1398=VERTEX_POINT('',#4243);
#1399=VERTEX_POINT('',#4245);
#1400=VERTEX_POINT('',#4249);
#1401=VERTEX_POINT('',#4250);
#1402=VERTEX_POINT('',#4252);
#1403=VERTEX_POINT('',#4254);
#1404=VERTEX_POINT('',#4258);
#1405=VERTEX_POINT('',#4260);
#1406=VERTEX_POINT('',#4264);
#1407=VERTEX_POINT('',#4266);
#1408=VERTEX_POINT('',#4270);
#1409=VERTEX_POINT('',#4272);
#1410=VERTEX_POINT('',#4276);
#1411=VERTEX_POINT('',#4278);
#1412=VERTEX_POINT('',#4282);
#1413=VERTEX_POINT('',#4284);
#1414=VERTEX_POINT('',#4288);
#1415=VERTEX_POINT('',#4290);
#1416=VERTEX_POINT('',#4294);
#1417=VERTEX_POINT('',#4296);
#1418=VERTEX_POINT('',#4300);
#1419=VERTEX_POINT('',#4302);
#1420=VERTEX_POINT('',#4306);
#1421=VERTEX_POINT('',#4308);
#1422=VERTEX_POINT('',#4312);
#1423=VERTEX_POINT('',#4314);
#1424=VERTEX_POINT('',#4339);
#1425=VERTEX_POINT('',#4340);
#1426=VERTEX_POINT('',#4342);
#1427=VERTEX_POINT('',#4344);
#1428=VERTEX_POINT('',#4363);
#1429=VERTEX_POINT('',#4364);
#1430=VERTEX_POINT('',#4366);
#1431=VERTEX_POINT('',#4368);
#1432=VERTEX_POINT('',#4372);
#1433=VERTEX_POINT('',#4374);
#1434=VERTEX_POINT('',#4378);
#1435=VERTEX_POINT('',#4380);
#1436=VERTEX_POINT('',#4384);
#1437=VERTEX_POINT('',#4386);
#1438=VERTEX_POINT('',#4390);
#1439=VERTEX_POINT('',#4392);
#1440=VERTEX_POINT('',#4396);
#1441=VERTEX_POINT('',#4398);
#1442=VERTEX_POINT('',#4402);
#1443=VERTEX_POINT('',#4404);
#1444=VERTEX_POINT('',#4408);
#1445=VERTEX_POINT('',#4410);
#1446=VERTEX_POINT('',#4414);
#1447=VERTEX_POINT('',#4416);
#1448=VERTEX_POINT('',#4420);
#1449=VERTEX_POINT('',#4422);
#1450=VERTEX_POINT('',#4426);
#1451=VERTEX_POINT('',#4428);
#1452=VERTEX_POINT('',#4432);
#1453=VERTEX_POINT('',#4433);
#1454=VERTEX_POINT('',#4435);
#1455=VERTEX_POINT('',#4437);
#1456=VERTEX_POINT('',#4441);
#1457=VERTEX_POINT('',#4443);
#1458=VERTEX_POINT('',#4447);
#1459=VERTEX_POINT('',#4449);
#1460=VERTEX_POINT('',#4453);
#1461=VERTEX_POINT('',#4454);
#1462=VERTEX_POINT('',#4456);
#1463=VERTEX_POINT('',#4458);
#1464=VERTEX_POINT('',#4462);
#1465=VERTEX_POINT('',#4464);
#1466=VERTEX_POINT('',#4468);
#1467=VERTEX_POINT('',#4470);
#1468=VERTEX_POINT('',#4474);
#1469=VERTEX_POINT('',#4476);
#1470=VERTEX_POINT('',#4480);
#1471=VERTEX_POINT('',#4482);
#1472=VERTEX_POINT('',#4486);
#1473=VERTEX_POINT('',#4488);
#1474=VERTEX_POINT('',#4492);
#1475=VERTEX_POINT('',#4494);
#1476=VERTEX_POINT('',#4498);
#1477=VERTEX_POINT('',#4500);
#1478=VERTEX_POINT('',#4504);
#1479=VERTEX_POINT('',#4506);
#1480=VERTEX_POINT('',#4510);
#1481=VERTEX_POINT('',#4512);
#1482=VERTEX_POINT('',#4516);
#1483=VERTEX_POINT('',#4518);
#1484=VERTEX_POINT('',#4522);
#1485=VERTEX_POINT('',#4524);
#1486=VERTEX_POINT('',#4528);
#1487=VERTEX_POINT('',#4530);
#1488=VERTEX_POINT('',#4534);
#1489=VERTEX_POINT('',#4536);
#1490=VERTEX_POINT('',#4540);
#1491=VERTEX_POINT('',#4542);
#1492=VERTEX_POINT('',#4546);
#1493=VERTEX_POINT('',#4548);
#1494=VERTEX_POINT('',#4552);
#1495=VERTEX_POINT('',#4554);
#1496=VERTEX_POINT('',#4558);
#1497=VERTEX_POINT('',#4560);
#1498=VERTEX_POINT('',#4564);
#1499=VERTEX_POINT('',#4566);
#1500=VERTEX_POINT('',#4570);
#1501=VERTEX_POINT('',#4572);
#1502=VERTEX_POINT('',#4576);
#1503=VERTEX_POINT('',#4578);
#1504=VERTEX_POINT('',#4582);
#1505=VERTEX_POINT('',#4584);
#1506=VERTEX_POINT('',#4588);
#1507=VERTEX_POINT('',#4590);
#1508=VERTEX_POINT('',#4594);
#1509=VERTEX_POINT('',#4595);
#1510=VERTEX_POINT('',#4597);
#1511=VERTEX_POINT('',#4599);
#1512=VERTEX_POINT('',#4603);
#1513=VERTEX_POINT('',#4605);
#1514=VERTEX_POINT('',#4609);
#1515=VERTEX_POINT('',#4611);
#1516=VERTEX_POINT('',#4615);
#1517=VERTEX_POINT('',#4616);
#1518=VERTEX_POINT('',#4618);
#1519=VERTEX_POINT('',#4620);
#1520=VERTEX_POINT('',#4624);
#1521=VERTEX_POINT('',#4625);
#1522=VERTEX_POINT('',#4627);
#1523=VERTEX_POINT('',#4629);
#1524=VERTEX_POINT('',#4633);
#1525=VERTEX_POINT('',#4634);
#1526=VERTEX_POINT('',#4636);
#1527=VERTEX_POINT('',#4638);
#1528=VERTEX_POINT('',#4651);
#1529=VERTEX_POINT('',#4652);
#1530=VERTEX_POINT('',#4654);
#1531=VERTEX_POINT('',#4656);
#1532=LINE('',#3843,#1946);
#1533=LINE('',#3846,#1947);
#1534=LINE('',#3848,#1948);
#1535=LINE('',#3850,#1949);
#1536=LINE('',#3852,#1950);
#1537=LINE('',#3855,#1951);
#1538=LINE('',#3857,#1952);
#1539=LINE('',#3859,#1953);
#1540=LINE('',#3861,#1954);
#1541=LINE('',#3864,#1955);
#1542=LINE('',#3866,#1956);
#1543=LINE('',#3868,#1957);
#1544=LINE('',#3870,#1958);
#1545=LINE('',#3873,#1959);
#1546=LINE('',#3875,#1960);
#1547=LINE('',#3877,#1961);
#1548=LINE('',#3879,#1962);
#1549=LINE('',#3881,#1963);
#1550=LINE('',#3883,#1964);
#1551=LINE('',#3885,#1965);
#1552=LINE('',#3887,#1966);
#1553=LINE('',#3889,#1967);
#1554=LINE('',#3891,#1968);
#1555=LINE('',#3894,#1969);
#1556=LINE('',#3896,#1970);
#1557=LINE('',#3898,#1971);
#1558=LINE('',#3900,#1972);
#1559=LINE('',#3902,#1973);
#1560=LINE('',#3904,#1974);
#1561=LINE('',#3906,#1975);
#1562=LINE('',#3908,#1976);
#1563=LINE('',#3910,#1977);
#1564=LINE('',#3912,#1978);
#1565=LINE('',#3914,#1979);
#1566=LINE('',#3916,#1980);
#1567=LINE('',#3918,#1981);
#1568=LINE('',#3920,#1982);
#1569=LINE('',#3922,#1983);
#1570=LINE('',#3924,#1984);
#1571=LINE('',#3927,#1985);
#1572=LINE('',#3929,#1986);
#1573=LINE('',#3931,#1987);
#1574=LINE('',#3933,#1988);
#1575=LINE('',#3935,#1989);
#1576=LINE('',#3937,#1990);
#1577=LINE('',#3939,#1991);
#1578=LINE('',#3941,#1992);
#1579=LINE('',#3943,#1993);
#1580=LINE('',#3945,#1994);
#1581=LINE('',#3948,#1995);
#1582=LINE('',#3950,#1996);
#1583=LINE('',#3952,#1997);
#1584=LINE('',#3954,#1998);
#1585=LINE('',#3956,#1999);
#1586=LINE('',#3958,#2000);
#1587=LINE('',#3960,#2001);
#1588=LINE('',#3962,#2002);
#1589=LINE('',#3964,#2003);
#1590=LINE('',#3966,#2004);
#1591=LINE('',#3969,#2005);
#1592=LINE('',#3971,#2006);
#1593=LINE('',#3973,#2007);
#1594=LINE('',#3975,#2008);
#1595=LINE('',#3977,#2009);
#1596=LINE('',#3979,#2010);
#1597=LINE('',#3981,#2011);
#1598=LINE('',#3983,#2012);
#1599=LINE('',#3985,#2013);
#1600=LINE('',#3987,#2014);
#1601=LINE('',#3989,#2015);
#1602=LINE('',#3991,#2016);
#1603=LINE('',#3993,#2017);
#1604=LINE('',#3995,#2018);
#1605=LINE('',#3997,#2019);
#1606=LINE('',#3999,#2020);
#1607=LINE('',#4001,#2021);
#1608=LINE('',#4003,#2022);
#1609=LINE('',#4005,#2023);
#1610=LINE('',#4007,#2024);
#1611=LINE('',#4009,#2025);
#1612=LINE('',#4011,#2026);
#1613=LINE('',#4013,#2027);
#1614=LINE('',#4015,#2028);
#1615=LINE('',#4017,#2029);
#1616=LINE('',#4019,#2030);
#1617=LINE('',#4021,#2031);
#1618=LINE('',#4023,#2032);
#1619=LINE('',#4025,#2033);
#1620=LINE('',#4027,#2034);
#1621=LINE('',#4029,#2035);
#1622=LINE('',#4031,#2036);
#1623=LINE('',#4033,#2037);
#1624=LINE('',#4035,#2038);
#1625=LINE('',#4037,#2039);
#1626=LINE('',#4039,#2040);
#1627=LINE('',#4041,#2041);
#1628=LINE('',#4043,#2042);
#1629=LINE('',#4045,#2043);
#1630=LINE('',#4047,#2044);
#1631=LINE('',#4049,#2045);
#1632=LINE('',#4051,#2046);
#1633=LINE('',#4053,#2047);
#1634=LINE('',#4055,#2048);
#1635=LINE('',#4057,#2049);
#1636=LINE('',#4059,#2050);
#1637=LINE('',#4061,#2051);
#1638=LINE('',#4063,#2052);
#1639=LINE('',#4065,#2053);
#1640=LINE('',#4067,#2054);
#1641=LINE('',#4069,#2055);
#1642=LINE('',#4071,#2056);
#1643=LINE('',#4073,#2057);
#1644=LINE('',#4075,#2058);
#1645=LINE('',#4077,#2059);
#1646=LINE('',#4079,#2060);
#1647=LINE('',#4081,#2061);
#1648=LINE('',#4083,#2062);
#1649=LINE('',#4085,#2063);
#1650=LINE('',#4087,#2064);
#1651=LINE('',#4089,#2065);
#1652=LINE('',#4091,#2066);
#1653=LINE('',#4093,#2067);
#1654=LINE('',#4095,#2068);
#1655=LINE('',#4097,#2069);
#1656=LINE('',#4099,#2070);
#1657=LINE('',#4101,#2071);
#1658=LINE('',#4103,#2072);
#1659=LINE('',#4105,#2073);
#1660=LINE('',#4107,#2074);
#1661=LINE('',#4110,#2075);
#1662=LINE('',#4112,#2076);
#1663=LINE('',#4114,#2077);
#1664=LINE('',#4116,#2078);
#1665=LINE('',#4118,#2079);
#1666=LINE('',#4120,#2080);
#1667=LINE('',#4122,#2081);
#1668=LINE('',#4124,#2082);
#1669=LINE('',#4126,#2083);
#1670=LINE('',#4128,#2084);
#1671=LINE('',#4130,#2085);
#1672=LINE('',#4132,#2086);
#1673=LINE('',#4134,#2087);
#1674=LINE('',#4136,#2088);
#1675=LINE('',#4138,#2089);
#1676=LINE('',#4140,#2090);
#1677=LINE('',#4142,#2091);
#1678=LINE('',#4144,#2092);
#1679=LINE('',#4146,#2093);
#1680=LINE('',#4148,#2094);
#1681=LINE('',#4150,#2095);
#1682=LINE('',#4152,#2096);
#1683=LINE('',#4154,#2097);
#1684=LINE('',#4156,#2098);
#1685=LINE('',#4158,#2099);
#1686=LINE('',#4160,#2100);
#1687=LINE('',#4162,#2101);
#1688=LINE('',#4164,#2102);
#1689=LINE('',#4166,#2103);
#1690=LINE('',#4168,#2104);
#1691=LINE('',#4170,#2105);
#1692=LINE('',#4172,#2106);
#1693=LINE('',#4174,#2107);
#1694=LINE('',#4176,#2108);
#1695=LINE('',#4178,#2109);
#1696=LINE('',#4180,#2110);
#1697=LINE('',#4182,#2111);
#1698=LINE('',#4184,#2112);
#1699=LINE('',#4186,#2113);
#1700=LINE('',#4188,#2114);
#1701=LINE('',#4190,#2115);
#1702=LINE('',#4192,#2116);
#1703=LINE('',#4194,#2117);
#1704=LINE('',#4196,#2118);
#1705=LINE('',#4198,#2119);
#1706=LINE('',#4200,#2120);
#1707=LINE('',#4202,#2121);
#1708=LINE('',#4204,#2122);
#1709=LINE('',#4206,#2123);
#1710=LINE('',#4208,#2124);
#1711=LINE('',#4210,#2125);
#1712=LINE('',#4212,#2126);
#1713=LINE('',#4214,#2127);
#1714=LINE('',#4216,#2128);
#1715=LINE('',#4218,#2129);
#1716=LINE('',#4220,#2130);
#1717=LINE('',#4222,#2131);
#1718=LINE('',#4224,#2132);
#1719=LINE('',#4226,#2133);
#1720=LINE('',#4228,#2134);
#1721=LINE('',#4230,#2135);
#1722=LINE('',#4232,#2136);
#1723=LINE('',#4234,#2137);
#1724=LINE('',#4236,#2138);
#1725=LINE('',#4238,#2139);
#1726=LINE('',#4240,#2140);
#1727=LINE('',#4242,#2141);
#1728=LINE('',#4244,#2142);
#1729=LINE('',#4246,#2143);
#1730=LINE('',#4248,#2144);
#1731=LINE('',#4251,#2145);
#1732=LINE('',#4253,#2146);
#1733=LINE('',#4255,#2147);
#1734=LINE('',#4257,#2148);
#1735=LINE('',#4259,#2149);
#1736=LINE('',#4261,#2150);
#1737=LINE('',#4263,#2151);
#1738=LINE('',#4265,#2152);
#1739=LINE('',#4267,#2153);
#1740=LINE('',#4269,#2154);
#1741=LINE('',#4271,#2155);
#1742=LINE('',#4273,#2156);
#1743=LINE('',#4275,#2157);
#1744=LINE('',#4277,#2158);
#1745=LINE('',#4279,#2159);
#1746=LINE('',#4281,#2160);
#1747=LINE('',#4283,#2161);
#1748=LINE('',#4285,#2162);
#1749=LINE('',#4287,#2163);
#1750=LINE('',#4289,#2164);
#1751=LINE('',#4291,#2165);
#1752=LINE('',#4293,#2166);
#1753=LINE('',#4295,#2167);
#1754=LINE('',#4297,#2168);
#1755=LINE('',#4299,#2169);
#1756=LINE('',#4301,#2170);
#1757=LINE('',#4303,#2171);
#1758=LINE('',#4305,#2172);
#1759=LINE('',#4307,#2173);
#1760=LINE('',#4309,#2174);
#1761=LINE('',#4311,#2175);
#1762=LINE('',#4313,#2176);
#1763=LINE('',#4315,#2177);
#1764=LINE('',#4317,#2178);
#1765=LINE('',#4318,#2179);
#1766=LINE('',#4320,#2180);
#1767=LINE('',#4321,#2181);
#1768=LINE('',#4323,#2182);
#1769=LINE('',#4324,#2183);
#1770=LINE('',#4326,#2184);
#1771=LINE('',#4327,#2185);
#1772=LINE('',#4329,#2186);
#1773=LINE('',#4330,#2187);
#1774=LINE('',#4332,#2188);
#1775=LINE('',#4333,#2189);
#1776=LINE('',#4335,#2190);
#1777=LINE('',#4336,#2191);
#1778=LINE('',#4338,#2192);
#1779=LINE('',#4341,#2193);
#1780=LINE('',#4343,#2194);
#1781=LINE('',#4345,#2195);
#1782=LINE('',#4347,#2196);
#1783=LINE('',#4348,#2197);
#1784=LINE('',#4349,#2198);
#1785=LINE('',#4350,#2199);
#1786=LINE('',#4352,#2200);
#1787=LINE('',#4353,#2201);
#1788=LINE('',#4354,#2202);
#1789=LINE('',#4355,#2203);
#1790=LINE('',#4362,#2204);
#1791=LINE('',#4365,#2205);
#1792=LINE('',#4367,#2206);
#1793=LINE('',#4369,#2207);
#1794=LINE('',#4371,#2208);
#1795=LINE('',#4373,#2209);
#1796=LINE('',#4375,#2210);
#1797=LINE('',#4377,#2211);
#1798=LINE('',#4379,#2212);
#1799=LINE('',#4381,#2213);
#1800=LINE('',#4383,#2214);
#1801=LINE('',#4385,#2215);
#1802=LINE('',#4387,#2216);
#1803=LINE('',#4389,#2217);
#1804=LINE('',#4391,#2218);
#1805=LINE('',#4393,#2219);
#1806=LINE('',#4395,#2220);
#1807=LINE('',#4397,#2221);
#1808=LINE('',#4399,#2222);
#1809=LINE('',#4401,#2223);
#1810=LINE('',#4403,#2224);
#1811=LINE('',#4405,#2225);
#1812=LINE('',#4407,#2226);
#1813=LINE('',#4409,#2227);
#1814=LINE('',#4411,#2228);
#1815=LINE('',#4413,#2229);
#1816=LINE('',#4415,#2230);
#1817=LINE('',#4417,#2231);
#1818=LINE('',#4419,#2232);
#1819=LINE('',#4421,#2233);
#1820=LINE('',#4423,#2234);
#1821=LINE('',#4425,#2235);
#1822=LINE('',#4427,#2236);
#1823=LINE('',#4429,#2237);
#1824=LINE('',#4431,#2238);
#1825=LINE('',#4434,#2239);
#1826=LINE('',#4436,#2240);
#1827=LINE('',#4438,#2241);
#1828=LINE('',#4440,#2242);
#1829=LINE('',#4442,#2243);
#1830=LINE('',#4444,#2244);
#1831=LINE('',#4446,#2245);
#1832=LINE('',#4448,#2246);
#1833=LINE('',#4450,#2247);
#1834=LINE('',#4452,#2248);
#1835=LINE('',#4455,#2249);
#1836=LINE('',#4457,#2250);
#1837=LINE('',#4459,#2251);
#1838=LINE('',#4461,#2252);
#1839=LINE('',#4463,#2253);
#1840=LINE('',#4465,#2254);
#1841=LINE('',#4467,#2255);
#1842=LINE('',#4469,#2256);
#1843=LINE('',#4471,#2257);
#1844=LINE('',#4473,#2258);
#1845=LINE('',#4475,#2259);
#1846=LINE('',#4477,#2260);
#1847=LINE('',#4479,#2261);
#1848=LINE('',#4481,#2262);
#1849=LINE('',#4483,#2263);
#1850=LINE('',#4485,#2264);
#1851=LINE('',#4487,#2265);
#1852=LINE('',#4489,#2266);
#1853=LINE('',#4491,#2267);
#1854=LINE('',#4493,#2268);
#1855=LINE('',#4495,#2269);
#1856=LINE('',#4497,#2270);
#1857=LINE('',#4499,#2271);
#1858=LINE('',#4501,#2272);
#1859=LINE('',#4503,#2273);
#1860=LINE('',#4505,#2274);
#1861=LINE('',#4507,#2275);
#1862=LINE('',#4509,#2276);
#1863=LINE('',#4511,#2277);
#1864=LINE('',#4513,#2278);
#1865=LINE('',#4515,#2279);
#1866=LINE('',#4517,#2280);
#1867=LINE('',#4519,#2281);
#1868=LINE('',#4521,#2282);
#1869=LINE('',#4523,#2283);
#1870=LINE('',#4525,#2284);
#1871=LINE('',#4527,#2285);
#1872=LINE('',#4529,#2286);
#1873=LINE('',#4531,#2287);
#1874=LINE('',#4533,#2288);
#1875=LINE('',#4535,#2289);
#1876=LINE('',#4537,#2290);
#1877=LINE('',#4539,#2291);
#1878=LINE('',#4541,#2292);
#1879=LINE('',#4543,#2293);
#1880=LINE('',#4545,#2294);
#1881=LINE('',#4547,#2295);
#1882=LINE('',#4549,#2296);
#1883=LINE('',#4551,#2297);
#1884=LINE('',#4553,#2298);
#1885=LINE('',#4555,#2299);
#1886=LINE('',#4557,#2300);
#1887=LINE('',#4559,#2301);
#1888=LINE('',#4561,#2302);
#1889=LINE('',#4563,#2303);
#1890=LINE('',#4565,#2304);
#1891=LINE('',#4567,#2305);
#1892=LINE('',#4569,#2306);
#1893=LINE('',#4571,#2307);
#1894=LINE('',#4573,#2308);
#1895=LINE('',#4575,#2309);
#1896=LINE('',#4577,#2310);
#1897=LINE('',#4579,#2311);
#1898=LINE('',#4581,#2312);
#1899=LINE('',#4583,#2313);
#1900=LINE('',#4585,#2314);
#1901=LINE('',#4587,#2315);
#1902=LINE('',#4589,#2316);
#1903=LINE('',#4591,#2317);
#1904=LINE('',#4593,#2318);
#1905=LINE('',#4596,#2319);
#1906=LINE('',#4598,#2320);
#1907=LINE('',#4600,#2321);
#1908=LINE('',#4602,#2322);
#1909=LINE('',#4604,#2323);
#1910=LINE('',#4606,#2324);
#1911=LINE('',#4608,#2325);
#1912=LINE('',#4610,#2326);
#1913=LINE('',#4612,#2327);
#1914=LINE('',#4614,#2328);
#1915=LINE('',#4617,#2329);
#1916=LINE('',#4619,#2330);
#1917=LINE('',#4621,#2331);
#1918=LINE('',#4623,#2332);
#1919=LINE('',#4626,#2333);
#1920=LINE('',#4628,#2334);
#1921=LINE('',#4630,#2335);
#1922=LINE('',#4632,#2336);
#1923=LINE('',#4635,#2337);
#1924=LINE('',#4637,#2338);
#1925=LINE('',#4639,#2339);
#1926=LINE('',#4641,#2340);
#1927=LINE('',#4642,#2341);
#1928=LINE('',#4644,#2342);
#1929=LINE('',#4645,#2343);
#1930=LINE('',#4647,#2344);
#1931=LINE('',#4648,#2345);
#1932=LINE('',#4650,#2346);
#1933=LINE('',#4653,#2347);
#1934=LINE('',#4655,#2348);
#1935=LINE('',#4657,#2349);
#1936=LINE('',#4659,#2350);
#1937=LINE('',#4660,#2351);
#1938=LINE('',#4662,#2352);
#1939=LINE('',#4663,#2353);
#1940=LINE('',#4664,#2354);
#1941=LINE('',#4665,#2355);
#1942=LINE('',#4667,#2356);
#1943=LINE('',#4668,#2357);
#1944=LINE('',#4669,#2358);
#1945=LINE('',#4670,#2359);
#1946=VECTOR('',#3143,1.);
#1947=VECTOR('',#3144,1.);
#1948=VECTOR('',#3145,1.);
#1949=VECTOR('',#3146,1.);
#1950=VECTOR('',#3149,1.);
#1951=VECTOR('',#3150,1.);
#1952=VECTOR('',#3151,1.);
#1953=VECTOR('',#3152,1.);
#1954=VECTOR('',#3155,1.);
#1955=VECTOR('',#3156,1.);
#1956=VECTOR('',#3157,1.);
#1957=VECTOR('',#3158,1.);
#1958=VECTOR('',#3161,1.);
#1959=VECTOR('',#3162,1.);
#1960=VECTOR('',#3163,1.);
#1961=VECTOR('',#3164,1.);
#1962=VECTOR('',#3167,1.);
#1963=VECTOR('',#3168,1.);
#1964=VECTOR('',#3169,1.);
#1965=VECTOR('',#3172,1.);
#1966=VECTOR('',#3173,1.);
#1967=VECTOR('',#3174,1.);
#1968=VECTOR('',#3177,1.);
#1969=VECTOR('',#3178,1.);
#1970=VECTOR('',#3179,1.);
#1971=VECTOR('',#3180,1.);
#1972=VECTOR('',#3183,1.);
#1973=VECTOR('',#3184,1.);
#1974=VECTOR('',#3185,1.);
#1975=VECTOR('',#3188,1.);
#1976=VECTOR('',#3189,1.);
#1977=VECTOR('',#3190,1.);
#1978=VECTOR('',#3193,1.);
#1979=VECTOR('',#3194,1.);
#1980=VECTOR('',#3195,1.);
#1981=VECTOR('',#3198,1.);
#1982=VECTOR('',#3199,1.);
#1983=VECTOR('',#3200,1.);
#1984=VECTOR('',#3203,1.);
#1985=VECTOR('',#3204,1.);
#1986=VECTOR('',#3205,1.);
#1987=VECTOR('',#3206,1.);
#1988=VECTOR('',#3209,1.);
#1989=VECTOR('',#3210,1.);
#1990=VECTOR('',#3211,1.);
#1991=VECTOR('',#3214,1.);
#1992=VECTOR('',#3215,1.);
#1993=VECTOR('',#3216,1.);
#1994=VECTOR('',#3219,1.);
#1995=VECTOR('',#3220,1.);
#1996=VECTOR('',#3221,1.);
#1997=VECTOR('',#3222,1.);
#1998=VECTOR('',#3225,1.);
#1999=VECTOR('',#3226,1.);
#2000=VECTOR('',#3227,1.);
#2001=VECTOR('',#3230,1.);
#2002=VECTOR('',#3231,1.);
#2003=VECTOR('',#3232,1.);
#2004=VECTOR('',#3235,1.);
#2005=VECTOR('',#3236,1.);
#2006=VECTOR('',#3237,1.);
#2007=VECTOR('',#3238,1.);
#2008=VECTOR('',#3241,1.);
#2009=VECTOR('',#3242,1.);
#2010=VECTOR('',#3243,1.);
#2011=VECTOR('',#3246,1.);
#2012=VECTOR('',#3247,1.);
#2013=VECTOR('',#3248,1.);
#2014=VECTOR('',#3251,1.);
#2015=VECTOR('',#3252,1.);
#2016=VECTOR('',#3253,1.);
#2017=VECTOR('',#3256,1.);
#2018=VECTOR('',#3257,1.);
#2019=VECTOR('',#3258,1.);
#2020=VECTOR('',#3261,1.);
#2021=VECTOR('',#3262,1.);
#2022=VECTOR('',#3263,1.);
#2023=VECTOR('',#3266,1.);
#2024=VECTOR('',#3267,1.);
#2025=VECTOR('',#3268,1.);
#2026=VECTOR('',#3271,1.);
#2027=VECTOR('',#3272,1.);
#2028=VECTOR('',#3273,1.);
#2029=VECTOR('',#3276,1.);
#2030=VECTOR('',#3277,1.);
#2031=VECTOR('',#3278,1.);
#2032=VECTOR('',#3281,1.);
#2033=VECTOR('',#3282,1.);
#2034=VECTOR('',#3283,1.);
#2035=VECTOR('',#3286,1.);
#2036=VECTOR('',#3287,1.);
#2037=VECTOR('',#3288,1.);
#2038=VECTOR('',#3291,1.);
#2039=VECTOR('',#3292,1.);
#2040=VECTOR('',#3293,1.);
#2041=VECTOR('',#3296,1.);
#2042=VECTOR('',#3297,1.);
#2043=VECTOR('',#3298,1.);
#2044=VECTOR('',#3301,1.);
#2045=VECTOR('',#3302,1.);
#2046=VECTOR('',#3303,1.);
#2047=VECTOR('',#3306,1.);
#2048=VECTOR('',#3307,1.);
#2049=VECTOR('',#3308,1.);
#2050=VECTOR('',#3311,1.);
#2051=VECTOR('',#3312,1.);
#2052=VECTOR('',#3313,1.);
#2053=VECTOR('',#3316,1.);
#2054=VECTOR('',#3317,1.);
#2055=VECTOR('',#3318,1.);
#2056=VECTOR('',#3321,1.);
#2057=VECTOR('',#3322,1.);
#2058=VECTOR('',#3323,1.);
#2059=VECTOR('',#3326,1.);
#2060=VECTOR('',#3327,1.);
#2061=VECTOR('',#3328,1.);
#2062=VECTOR('',#3331,1.);
#2063=VECTOR('',#3332,1.);
#2064=VECTOR('',#3333,1.);
#2065=VECTOR('',#3336,1.);
#2066=VECTOR('',#3337,1.);
#2067=VECTOR('',#3338,1.);
#2068=VECTOR('',#3341,1.);
#2069=VECTOR('',#3342,1.);
#2070=VECTOR('',#3343,1.);
#2071=VECTOR('',#3346,1.);
#2072=VECTOR('',#3347,1.);
#2073=VECTOR('',#3348,1.);
#2074=VECTOR('',#3351,1.);
#2075=VECTOR('',#3352,1.);
#2076=VECTOR('',#3353,1.);
#2077=VECTOR('',#3354,1.);
#2078=VECTOR('',#3357,1.);
#2079=VECTOR('',#3358,1.);
#2080=VECTOR('',#3359,1.);
#2081=VECTOR('',#3362,1.);
#2082=VECTOR('',#3363,1.);
#2083=VECTOR('',#3364,1.);
#2084=VECTOR('',#3367,1.);
#2085=VECTOR('',#3368,1.);
#2086=VECTOR('',#3369,1.);
#2087=VECTOR('',#3372,1.);
#2088=VECTOR('',#3373,1.);
#2089=VECTOR('',#3374,1.);
#2090=VECTOR('',#3377,1.);
#2091=VECTOR('',#3378,1.);
#2092=VECTOR('',#3379,1.);
#2093=VECTOR('',#3382,1.);
#2094=VECTOR('',#3383,1.);
#2095=VECTOR('',#3384,1.);
#2096=VECTOR('',#3387,1.);
#2097=VECTOR('',#3388,1.);
#2098=VECTOR('',#3389,1.);
#2099=VECTOR('',#3392,1.);
#2100=VECTOR('',#3393,1.);
#2101=VECTOR('',#3394,1.);
#2102=VECTOR('',#3397,1.);
#2103=VECTOR('',#3398,1.);
#2104=VECTOR('',#3399,1.);
#2105=VECTOR('',#3402,1.);
#2106=VECTOR('',#3403,1.);
#2107=VECTOR('',#3404,1.);
#2108=VECTOR('',#3407,1.);
#2109=VECTOR('',#3408,1.);
#2110=VECTOR('',#3409,1.);
#2111=VECTOR('',#3412,1.);
#2112=VECTOR('',#3413,1.);
#2113=VECTOR('',#3414,1.);
#2114=VECTOR('',#3417,1.);
#2115=VECTOR('',#3418,1.);
#2116=VECTOR('',#3419,1.);
#2117=VECTOR('',#3422,1.);
#2118=VECTOR('',#3423,1.);
#2119=VECTOR('',#3424,1.);
#2120=VECTOR('',#3427,1.);
#2121=VECTOR('',#3428,1.);
#2122=VECTOR('',#3429,1.);
#2123=VECTOR('',#3432,1.);
#2124=VECTOR('',#3433,1.);
#2125=VECTOR('',#3434,1.);
#2126=VECTOR('',#3437,1.);
#2127=VECTOR('',#3438,1.);
#2128=VECTOR('',#3439,1.);
#2129=VECTOR('',#3442,1.);
#2130=VECTOR('',#3443,1.);
#2131=VECTOR('',#3444,1.);
#2132=VECTOR('',#3447,1.);
#2133=VECTOR('',#3448,1.);
#2134=VECTOR('',#3449,1.);
#2135=VECTOR('',#3452,1.);
#2136=VECTOR('',#3453,1.);
#2137=VECTOR('',#3454,1.);
#2138=VECTOR('',#3457,1.);
#2139=VECTOR('',#3458,1.);
#2140=VECTOR('',#3459,1.);
#2141=VECTOR('',#3462,1.);
#2142=VECTOR('',#3463,1.);
#2143=VECTOR('',#3464,1.);
#2144=VECTOR('',#3467,1.);
#2145=VECTOR('',#3468,1.);
#2146=VECTOR('',#3469,1.);
#2147=VECTOR('',#3470,1.);
#2148=VECTOR('',#3473,1.);
#2149=VECTOR('',#3474,1.);
#2150=VECTOR('',#3475,1.);
#2151=VECTOR('',#3478,1.);
#2152=VECTOR('',#3479,1.);
#2153=VECTOR('',#3480,1.);
#2154=VECTOR('',#3483,1.);
#2155=VECTOR('',#3484,1.);
#2156=VECTOR('',#3485,1.);
#2157=VECTOR('',#3488,1.);
#2158=VECTOR('',#3489,1.);
#2159=VECTOR('',#3490,1.);
#2160=VECTOR('',#3493,1.);
#2161=VECTOR('',#3494,1.);
#2162=VECTOR('',#3495,1.);
#2163=VECTOR('',#3498,1.);
#2164=VECTOR('',#3499,1.);
#2165=VECTOR('',#3500,1.);
#2166=VECTOR('',#3503,1.);
#2167=VECTOR('',#3504,1.);
#2168=VECTOR('',#3505,1.);
#2169=VECTOR('',#3508,1.);
#2170=VECTOR('',#3509,1.);
#2171=VECTOR('',#3510,1.);
#2172=VECTOR('',#3513,1.);
#2173=VECTOR('',#3514,1.);
#2174=VECTOR('',#3515,1.);
#2175=VECTOR('',#3518,1.);
#2176=VECTOR('',#3519,1.);
#2177=VECTOR('',#3520,1.);
#2178=VECTOR('',#3523,1.);
#2179=VECTOR('',#3524,1.);
#2180=VECTOR('',#3527,1.);
#2181=VECTOR('',#3528,1.);
#2182=VECTOR('',#3531,1.);
#2183=VECTOR('',#3532,1.);
#2184=VECTOR('',#3535,1.);
#2185=VECTOR('',#3536,1.);
#2186=VECTOR('',#3539,1.);
#2187=VECTOR('',#3540,1.);
#2188=VECTOR('',#3543,1.);
#2189=VECTOR('',#3544,1.);
#2190=VECTOR('',#3547,1.);
#2191=VECTOR('',#3548,1.);
#2192=VECTOR('',#3551,1.);
#2193=VECTOR('',#3552,1.);
#2194=VECTOR('',#3553,1.);
#2195=VECTOR('',#3554,1.);
#2196=VECTOR('',#3557,1.);
#2197=VECTOR('',#3558,1.);
#2198=VECTOR('',#3559,1.);
#2199=VECTOR('',#3560,1.);
#2200=VECTOR('',#3563,1.);
#2201=VECTOR('',#3564,1.);
#2202=VECTOR('',#3565,1.);
#2203=VECTOR('',#3566,1.);
#2204=VECTOR('',#3579,1.);
#2205=VECTOR('',#3580,1.);
#2206=VECTOR('',#3581,1.);
#2207=VECTOR('',#3582,1.);
#2208=VECTOR('',#3585,1.);
#2209=VECTOR('',#3586,1.);
#2210=VECTOR('',#3587,1.);
#2211=VECTOR('',#3590,1.);
#2212=VECTOR('',#3591,1.);
#2213=VECTOR('',#3592,1.);
#2214=VECTOR('',#3595,1.);
#2215=VECTOR('',#3596,1.);
#2216=VECTOR('',#3597,1.);
#2217=VECTOR('',#3600,1.);
#2218=VECTOR('',#3601,1.);
#2219=VECTOR('',#3602,1.);
#2220=VECTOR('',#3605,1.);
#2221=VECTOR('',#3606,1.);
#2222=VECTOR('',#3607,1.);
#2223=VECTOR('',#3610,1.);
#2224=VECTOR('',#3611,1.);
#2225=VECTOR('',#3612,1.);
#2226=VECTOR('',#3615,1.);
#2227=VECTOR('',#3616,1.);
#2228=VECTOR('',#3617,1.);
#2229=VECTOR('',#3620,1.);
#2230=VECTOR('',#3621,1.);
#2231=VECTOR('',#3622,1.);
#2232=VECTOR('',#3625,1.);
#2233=VECTOR('',#3626,1.);
#2234=VECTOR('',#3627,1.);
#2235=VECTOR('',#3630,1.);
#2236=VECTOR('',#3631,1.);
#2237=VECTOR('',#3632,1.);
#2238=VECTOR('',#3635,1.);
#2239=VECTOR('',#3636,1.);
#2240=VECTOR('',#3637,1.);
#2241=VECTOR('',#3638,1.);
#2242=VECTOR('',#3641,1.);
#2243=VECTOR('',#3642,1.);
#2244=VECTOR('',#3643,1.);
#2245=VECTOR('',#3646,1.);
#2246=VECTOR('',#3647,1.);
#2247=VECTOR('',#3648,1.);
#2248=VECTOR('',#3651,1.);
#2249=VECTOR('',#3652,1.);
#2250=VECTOR('',#3653,1.);
#2251=VECTOR('',#3654,1.);
#2252=VECTOR('',#3657,1.);
#2253=VECTOR('',#3658,1.);
#2254=VECTOR('',#3659,1.);
#2255=VECTOR('',#3662,1.);
#2256=VECTOR('',#3663,1.);
#2257=VECTOR('',#3664,1.);
#2258=VECTOR('',#3667,1.);
#2259=VECTOR('',#3668,1.);
#2260=VECTOR('',#3669,1.);
#2261=VECTOR('',#3672,1.);
#2262=VECTOR('',#3673,1.);
#2263=VECTOR('',#3674,1.);
#2264=VECTOR('',#3677,1.);
#2265=VECTOR('',#3678,1.);
#2266=VECTOR('',#3679,1.);
#2267=VECTOR('',#3682,1.);
#2268=VECTOR('',#3683,1.);
#2269=VECTOR('',#3684,1.);
#2270=VECTOR('',#3687,1.);
#2271=VECTOR('',#3688,1.);
#2272=VECTOR('',#3689,1.);
#2273=VECTOR('',#3692,1.);
#2274=VECTOR('',#3693,1.);
#2275=VECTOR('',#3694,1.);
#2276=VECTOR('',#3697,1.);
#2277=VECTOR('',#3698,1.);
#2278=VECTOR('',#3699,1.);
#2279=VECTOR('',#3702,1.);
#2280=VECTOR('',#3703,1.);
#2281=VECTOR('',#3704,1.);
#2282=VECTOR('',#3707,1.);
#2283=VECTOR('',#3708,1.);
#2284=VECTOR('',#3709,1.);
#2285=VECTOR('',#3712,1.);
#2286=VECTOR('',#3713,1.);
#2287=VECTOR('',#3714,1.);
#2288=VECTOR('',#3717,1.);
#2289=VECTOR('',#3718,1.);
#2290=VECTOR('',#3719,1.);
#2291=VECTOR('',#3722,1.);
#2292=VECTOR('',#3723,1.);
#2293=VECTOR('',#3724,1.);
#2294=VECTOR('',#3727,1.);
#2295=VECTOR('',#3728,1.);
#2296=VECTOR('',#3729,1.);
#2297=VECTOR('',#3732,1.);
#2298=VECTOR('',#3733,1.);
#2299=VECTOR('',#3734,1.);
#2300=VECTOR('',#3737,1.);
#2301=VECTOR('',#3738,1.);
#2302=VECTOR('',#3739,1.);
#2303=VECTOR('',#3742,1.);
#2304=VECTOR('',#3743,1.);
#2305=VECTOR('',#3744,1.);
#2306=VECTOR('',#3747,1.);
#2307=VECTOR('',#3748,1.);
#2308=VECTOR('',#3749,1.);
#2309=VECTOR('',#3752,1.);
#2310=VECTOR('',#3753,1.);
#2311=VECTOR('',#3754,1.);
#2312=VECTOR('',#3757,1.);
#2313=VECTOR('',#3758,1.);
#2314=VECTOR('',#3759,1.);
#2315=VECTOR('',#3762,1.);
#2316=VECTOR('',#3763,1.);
#2317=VECTOR('',#3764,1.);
#2318=VECTOR('',#3767,1.);
#2319=VECTOR('',#3768,1.);
#2320=VECTOR('',#3769,1.);
#2321=VECTOR('',#3770,1.);
#2322=VECTOR('',#3773,1.);
#2323=VECTOR('',#3774,1.);
#2324=VECTOR('',#3775,1.);
#2325=VECTOR('',#3778,1.);
#2326=VECTOR('',#3779,1.);
#2327=VECTOR('',#3780,1.);
#2328=VECTOR('',#3783,1.);
#2329=VECTOR('',#3784,1.);
#2330=VECTOR('',#3785,1.);
#2331=VECTOR('',#3786,1.);
#2332=VECTOR('',#3789,1.);
#2333=VECTOR('',#3790,1.);
#2334=VECTOR('',#3791,1.);
#2335=VECTOR('',#3792,1.);
#2336=VECTOR('',#3795,1.);
#2337=VECTOR('',#3796,1.);
#2338=VECTOR('',#3797,1.);
#2339=VECTOR('',#3798,1.);
#2340=VECTOR('',#3801,1.);
#2341=VECTOR('',#3802,1.);
#2342=VECTOR('',#3805,1.);
#2343=VECTOR('',#3806,1.);
#2344=VECTOR('',#3809,1.);
#2345=VECTOR('',#3810,1.);
#2346=VECTOR('',#3813,1.);
#2347=VECTOR('',#3814,1.);
#2348=VECTOR('',#3815,1.);
#2349=VECTOR('',#3816,1.);
#2350=VECTOR('',#3819,1.);
#2351=VECTOR('',#3820,1.);
#2352=VECTOR('',#3823,1.);
#2353=VECTOR('',#3824,1.);
#2354=VECTOR('',#3825,1.);
#2355=VECTOR('',#3826,1.);
#2356=VECTOR('',#3829,1.);
#2357=VECTOR('',#3830,1.);
#2358=VECTOR('',#3831,1.);
#2359=VECTOR('',#3832,1.);
#2360=EDGE_LOOP('',(#14,#15,#16,#17));
#2361=EDGE_LOOP('',(#18,#19,#20,#21));
#2362=EDGE_LOOP('',(#22,#23,#24,#25));
#2363=EDGE_LOOP('',(#26,#27,#28,#29));
#2364=EDGE_LOOP('',(#30,#31,#32,#33));
#2365=EDGE_LOOP('',(#34,#35,#36,#37));
#2366=EDGE_LOOP('',(#38,#39,#40,#41));
#2367=EDGE_LOOP('',(#42,#43,#44,#45));
#2368=EDGE_LOOP('',(#46,#47,#48,#49));
#2369=EDGE_LOOP('',(#50,#51,#52,#53));
#2370=EDGE_LOOP('',(#54,#55,#56,#57));
#2371=EDGE_LOOP('',(#58,#59,#60,#61));
#2372=EDGE_LOOP('',(#62,#63,#64,#65));
#2373=EDGE_LOOP('',(#66,#67,#68,#69));
#2374=EDGE_LOOP('',(#70,#71,#72,#73));
#2375=EDGE_LOOP('',(#74,#75,#76,#77));
#2376=EDGE_LOOP('',(#78,#79,#80,#81));
#2377=EDGE_LOOP('',(#82,#83,#84,#85));
#2378=EDGE_LOOP('',(#86,#87,#88,#89));
#2379=EDGE_LOOP('',(#90,#91,#92,#93));
#2380=EDGE_LOOP('',(#94,#95,#96,#97));
#2381=EDGE_LOOP('',(#98,#99,#100,#101));
#2382=EDGE_LOOP('',(#102,#103,#104,#105));
#2383=EDGE_LOOP('',(#106,#107,#108,#109));
#2384=EDGE_LOOP('',(#110,#111,#112,#113));
#2385=EDGE_LOOP('',(#114,#115,#116,#117));
#2386=EDGE_LOOP('',(#118,#119,#120,#121));
#2387=EDGE_LOOP('',(#122,#123,#124,#125));
#2388=EDGE_LOOP('',(#126,#127,#128,#129));
#2389=EDGE_LOOP('',(#130,#131,#132,#133));
#2390=EDGE_LOOP('',(#134,#135,#136,#137));
#2391=EDGE_LOOP('',(#138,#139,#140,#141));
#2392=EDGE_LOOP('',(#142,#143,#144,#145));
#2393=EDGE_LOOP('',(#146,#147,#148,#149));
#2394=EDGE_LOOP('',(#150,#151,#152,#153));
#2395=EDGE_LOOP('',(#154,#155,#156,#157));
#2396=EDGE_LOOP('',(#158,#159,#160,#161));
#2397=EDGE_LOOP('',(#162,#163,#164,#165));
#2398=EDGE_LOOP('',(#166,#167,#168,#169));
#2399=EDGE_LOOP('',(#170,#171,#172,#173));
#2400=EDGE_LOOP('',(#174,#175,#176,#177));
#2401=EDGE_LOOP('',(#178,#179,#180,#181));
#2402=EDGE_LOOP('',(#182,#183,#184,#185));
#2403=EDGE_LOOP('',(#186,#187,#188,#189));
#2404=EDGE_LOOP('',(#190,#191,#192,#193));
#2405=EDGE_LOOP('',(#194,#195,#196,#197));
#2406=EDGE_LOOP('',(#198,#199,#200,#201));
#2407=EDGE_LOOP('',(#202,#203,#204,#205));
#2408=EDGE_LOOP('',(#206,#207,#208,#209));
#2409=EDGE_LOOP('',(#210,#211,#212,#213));
#2410=EDGE_LOOP('',(#214,#215,#216,#217));
#2411=EDGE_LOOP('',(#218,#219,#220,#221));
#2412=EDGE_LOOP('',(#222,#223,#224,#225));
#2413=EDGE_LOOP('',(#226,#227,#228,#229));
#2414=EDGE_LOOP('',(#230,#231,#232,#233));
#2415=EDGE_LOOP('',(#234,#235,#236,#237));
#2416=EDGE_LOOP('',(#238,#239,#240,#241));
#2417=EDGE_LOOP('',(#242,#243,#244,#245));
#2418=EDGE_LOOP('',(#246,#247,#248,#249));
#2419=EDGE_LOOP('',(#250,#251,#252,#253));
#2420=EDGE_LOOP('',(#254,#255,#256,#257));
#2421=EDGE_LOOP('',(#258,#259,#260,#261));
#2422=EDGE_LOOP('',(#262,#263,#264,#265));
#2423=EDGE_LOOP('',(#266,#267,#268,#269));
#2424=EDGE_LOOP('',(#270,#271,#272,#273));
#2425=EDGE_LOOP('',(#274,#275,#276,#277));
#2426=EDGE_LOOP('',(#278,#279,#280,#281));
#2427=EDGE_LOOP('',(#282,#283,#284,#285));
#2428=EDGE_LOOP('',(#286,#287,#288,#289));
#2429=EDGE_LOOP('',(#290,#291,#292,#293));
#2430=EDGE_LOOP('',(#294,#295,#296,#297));
#2431=EDGE_LOOP('',(#298,#299,#300,#301));
#2432=EDGE_LOOP('',(#302,#303,#304,#305));
#2433=EDGE_LOOP('',(#306,#307,#308,#309));
#2434=EDGE_LOOP('',(#310,#311,#312,#313));
#2435=EDGE_LOOP('',(#314,#315,#316,#317));
#2436=EDGE_LOOP('',(#318,#319,#320,#321));
#2437=EDGE_LOOP('',(#322,#323,#324,#325));
#2438=EDGE_LOOP('',(#326,#327,#328,#329));
#2439=EDGE_LOOP('',(#330,#331,#332,#333));
#2440=EDGE_LOOP('',(#334,#335,#336,#337));
#2441=EDGE_LOOP('',(#338,#339,#340,#341));
#2442=EDGE_LOOP('',(#342,#343,#344,#345,#346,#347,#348,#349,#350,#351,#352,
#353));
#2443=EDGE_LOOP('',(#354,#355,#356,#357,#358,#359,#360,#361,#362,#363,#364,
#365,#366,#367,#368,#369,#370,#371,#372,#373,#374,#375,#376,#377));
#2444=EDGE_LOOP('',(#378,#379,#380,#381,#382,#383,#384,#385,#386,#387,#388,
#389,#390,#391,#392,#393,#394,#395,#396,#397,#398,#399,#400,#401));
#2445=EDGE_LOOP('',(#402,#403,#404,#405));
#2446=EDGE_LOOP('',(#406,#407,#408,#409));
#2447=EDGE_LOOP('',(#410,#411,#412,#413,#414,#415));
#2448=EDGE_LOOP('',(#416,#417,#418,#419));
#2449=EDGE_LOOP('',(#420,#421,#422,#423,#424,#425,#426,#427));
#2450=EDGE_LOOP('',(#428,#429,#430,#431,#432,#433,#434,#435,#436,#437,#438,
#439));
#2451=EDGE_LOOP('',(#440,#441,#442,#443,#444,#445,#446,#447,#448,#449,#450,
#451,#452,#453,#454,#455,#456,#457,#458,#459,#460,#461,#462,#463));
#2452=EDGE_LOOP('',(#464,#465,#466,#467,#468,#469,#470,#471,#472,#473,#474,
#475,#476,#477,#478,#479,#480,#481,#482,#483,#484,#485,#486,#487));
#2453=EDGE_LOOP('',(#488,#489,#490,#491));
#2454=EDGE_LOOP('',(#492,#493,#494,#495));
#2455=EDGE_LOOP('',(#496,#497,#498,#499,#500,#501));
#2456=EDGE_LOOP('',(#502,#503,#504,#505));
#2457=EDGE_LOOP('',(#506,#507,#508,#509,#510,#511,#512,#513));
#2458=EDGE_LOOP('',(#514,#515,#516,#517));
#2459=EDGE_LOOP('',(#518,#519,#520,#521));
#2460=EDGE_LOOP('',(#522,#523,#524,#525));
#2461=EDGE_LOOP('',(#526,#527,#528,#529));
#2462=EDGE_LOOP('',(#530,#531,#532,#533));
#2463=EDGE_LOOP('',(#534,#535,#536,#537));
#2464=EDGE_LOOP('',(#538,#539,#540,#541));
#2465=EDGE_LOOP('',(#542,#543,#544,#545));
#2466=EDGE_LOOP('',(#546,#547,#548,#549));
#2467=EDGE_LOOP('',(#550,#551,#552,#553));
#2468=EDGE_LOOP('',(#554,#555,#556,#557));
#2469=EDGE_LOOP('',(#558,#559,#560,#561));
#2470=EDGE_LOOP('',(#562,#563,#564,#565));
#2471=EDGE_LOOP('',(#566,#567,#568,#569));
#2472=EDGE_LOOP('',(#570,#571,#572,#573));
#2473=EDGE_LOOP('',(#574,#575,#576,#577));
#2474=EDGE_LOOP('',(#578,#579,#580,#581));
#2475=EDGE_LOOP('',(#582,#583,#584,#585));
#2476=EDGE_LOOP('',(#586,#587,#588,#589));
#2477=EDGE_LOOP('',(#590,#591,#592,#593));
#2478=EDGE_LOOP('',(#594,#595,#596,#597));
#2479=EDGE_LOOP('',(#598,#599,#600,#601));
#2480=EDGE_LOOP('',(#602,#603,#604,#605));
#2481=EDGE_LOOP('',(#606,#607,#608,#609));
#2482=EDGE_LOOP('',(#610,#611,#612,#613));
#2483=EDGE_LOOP('',(#614,#615,#616,#617));
#2484=EDGE_LOOP('',(#618,#619,#620,#621));
#2485=EDGE_LOOP('',(#622,#623,#624,#625));
#2486=EDGE_LOOP('',(#626,#627,#628,#629));
#2487=EDGE_LOOP('',(#630,#631,#632,#633));
#2488=EDGE_LOOP('',(#634,#635,#636,#637));
#2489=EDGE_LOOP('',(#638,#639,#640,#641));
#2490=EDGE_LOOP('',(#642,#643,#644,#645));
#2491=EDGE_LOOP('',(#646,#647,#648,#649));
#2492=EDGE_LOOP('',(#650,#651,#652,#653));
#2493=EDGE_LOOP('',(#654,#655,#656,#657));
#2494=EDGE_LOOP('',(#658,#659,#660,#661));
#2495=EDGE_LOOP('',(#662,#663,#664,#665));
#2496=EDGE_LOOP('',(#666,#667,#668,#669));
#2497=EDGE_LOOP('',(#670,#671,#672,#673));
#2498=EDGE_LOOP('',(#674,#675,#676,#677));
#2499=EDGE_LOOP('',(#678,#679,#680,#681));
#2500=EDGE_LOOP('',(#682,#683,#684,#685));
#2501=EDGE_LOOP('',(#686,#687,#688,#689));
#2502=EDGE_LOOP('',(#690,#691,#692,#693));
#2503=EDGE_LOOP('',(#694,#695,#696,#697));
#2504=EDGE_LOOP('',(#698,#699,#700,#701));
#2505=EDGE_LOOP('',(#702,#703,#704,#705));
#2506=EDGE_LOOP('',(#706,#707,#708,#709));
#2507=EDGE_LOOP('',(#710,#711,#712,#713));
#2508=EDGE_LOOP('',(#714,#715,#716,#717));
#2509=EDGE_LOOP('',(#718,#719,#720,#721));
#2510=EDGE_LOOP('',(#722,#723,#724,#725,#726,#727,#728,#729));
#2511=EDGE_LOOP('',(#730,#731,#732,#733));
#2512=EDGE_LOOP('',(#734,#735,#736,#737,#738,#739,#740,#741,#742,#743,#744,
#745,#746,#747,#748,#749,#750,#751,#752,#753,#754,#755,#756,#757));
#2513=EDGE_LOOP('',(#758,#759,#760,#761));
#2514=EDGE_LOOP('',(#762,#763,#764,#765,#766,#767,#768,#769,#770,#771,#772,
#773));
#2515=EDGE_LOOP('',(#774,#775,#776,#777,#778,#779,#780,#781));
#2516=EDGE_LOOP('',(#782,#783,#784,#785));
#2517=EDGE_LOOP('',(#786,#787,#788,#789,#790,#791,#792,#793,#794,#795,#796,
#797,#798,#799,#800,#801,#802,#803,#804,#805,#806,#807,#808,#809));
#2518=EDGE_LOOP('',(#810,#811,#812,#813));
#2519=EDGE_LOOP('',(#814,#815,#816,#817,#818,#819,#820,#821,#822,#823,#824,
#825));
#2520=EDGE_LOOP('',(#826,#827,#828,#829));
#2521=EDGE_LOOP('',(#830,#831,#832,#833));
#2522=EDGE_LOOP('',(#834,#835,#836,#837));
#2523=EDGE_LOOP('',(#838,#839,#840,#841));
#2524=FACE_BOUND('',#2360,.T.);
#2525=FACE_BOUND('',#2361,.T.);
#2526=FACE_BOUND('',#2362,.T.);
#2527=FACE_BOUND('',#2363,.T.);
#2528=FACE_BOUND('',#2364,.T.);
#2529=FACE_BOUND('',#2365,.T.);
#2530=FACE_BOUND('',#2366,.T.);
#2531=FACE_BOUND('',#2367,.T.);
#2532=FACE_BOUND('',#2368,.T.);
#2533=FACE_BOUND('',#2369,.T.);
#2534=FACE_BOUND('',#2370,.T.);
#2535=FACE_BOUND('',#2371,.T.);
#2536=FACE_BOUND('',#2372,.T.);
#2537=FACE_BOUND('',#2373,.T.);
#2538=FACE_BOUND('',#2374,.T.);
#2539=FACE_BOUND('',#2375,.T.);
#2540=FACE_BOUND('',#2376,.T.);
#2541=FACE_BOUND('',#2377,.T.);
#2542=FACE_BOUND('',#2378,.T.);
#2543=FACE_BOUND('',#2379,.T.);
#2544=FACE_BOUND('',#2380,.T.);
#2545=FACE_BOUND('',#2381,.T.);
#2546=FACE_BOUND('',#2382,.T.);
#2547=FACE_BOUND('',#2383,.T.);
#2548=FACE_BOUND('',#2384,.T.);
#2549=FACE_BOUND('',#2385,.T.);
#2550=FACE_BOUND('',#2386,.T.);
#2551=FACE_BOUND('',#2387,.T.);
#2552=FACE_BOUND('',#2388,.T.);
#2553=FACE_BOUND('',#2389,.T.);
#2554=FACE_BOUND('',#2390,.T.);
#2555=FACE_BOUND('',#2391,.T.);
#2556=FACE_BOUND('',#2392,.T.);
#2557=FACE_BOUND('',#2393,.T.);
#2558=FACE_BOUND('',#2394,.T.);
#2559=FACE_BOUND('',#2395,.T.);
#2560=FACE_BOUND('',#2396,.T.);
#2561=FACE_BOUND('',#2397,.T.);
#2562=FACE_BOUND('',#2398,.T.);
#2563=FACE_BOUND('',#2399,.T.);
#2564=FACE_BOUND('',#2400,.T.);
#2565=FACE_BOUND('',#2401,.T.);
#2566=FACE_BOUND('',#2402,.T.);
#2567=FACE_BOUND('',#2403,.T.);
#2568=FACE_BOUND('',#2404,.T.);
#2569=FACE_BOUND('',#2405,.T.);
#2570=FACE_BOUND('',#2406,.T.);
#2571=FACE_BOUND('',#2407,.T.);
#2572=FACE_BOUND('',#2408,.T.);
#2573=FACE_BOUND('',#2409,.T.);
#2574=FACE_BOUND('',#2410,.T.);
#2575=FACE_BOUND('',#2411,.T.);
#2576=FACE_BOUND('',#2412,.T.);
#2577=FACE_BOUND('',#2413,.T.);
#2578=FACE_BOUND('',#2414,.T.);
#2579=FACE_BOUND('',#2415,.T.);
#2580=FACE_BOUND('',#2416,.T.);
#2581=FACE_BOUND('',#2417,.T.);
#2582=FACE_BOUND('',#2418,.T.);
#2583=FACE_BOUND('',#2419,.T.);
#2584=FACE_BOUND('',#2420,.T.);
#2585=FACE_BOUND('',#2421,.T.);
#2586=FACE_BOUND('',#2422,.T.);
#2587=FACE_BOUND('',#2423,.T.);
#2588=FACE_BOUND('',#2424,.T.);
#2589=FACE_BOUND('',#2425,.T.);
#2590=FACE_BOUND('',#2426,.T.);
#2591=FACE_BOUND('',#2427,.T.);
#2592=FACE_BOUND('',#2428,.T.);
#2593=FACE_BOUND('',#2429,.T.);
#2594=FACE_BOUND('',#2430,.T.);
#2595=FACE_BOUND('',#2431,.T.);
#2596=FACE_BOUND('',#2432,.T.);
#2597=FACE_BOUND('',#2433,.T.);
#2598=FACE_BOUND('',#2434,.T.);
#2599=FACE_BOUND('',#2435,.T.);
#2600=FACE_BOUND('',#2436,.T.);
#2601=FACE_BOUND('',#2437,.T.);
#2602=FACE_BOUND('',#2438,.T.);
#2603=FACE_BOUND('',#2439,.T.);
#2604=FACE_BOUND('',#2440,.T.);
#2605=FACE_BOUND('',#2441,.T.);
#2606=FACE_BOUND('',#2442,.T.);
#2607=FACE_BOUND('',#2443,.T.);
#2608=FACE_BOUND('',#2444,.T.);
#2609=FACE_BOUND('',#2445,.T.);
#2610=FACE_BOUND('',#2446,.T.);
#2611=FACE_BOUND('',#2447,.T.);
#2612=FACE_BOUND('',#2448,.T.);
#2613=FACE_BOUND('',#2449,.T.);
#2614=FACE_BOUND('',#2450,.T.);
#2615=FACE_BOUND('',#2451,.T.);
#2616=FACE_BOUND('',#2452,.T.);
#2617=FACE_BOUND('',#2453,.T.);
#2618=FACE_BOUND('',#2454,.T.);
#2619=FACE_BOUND('',#2455,.T.);
#2620=FACE_BOUND('',#2456,.T.);
#2621=FACE_BOUND('',#2457,.T.);
#2622=FACE_BOUND('',#2458,.T.);
#2623=FACE_BOUND('',#2459,.T.);
#2624=FACE_BOUND('',#2460,.T.);
#2625=FACE_BOUND('',#2461,.T.);
#2626=FACE_BOUND('',#2462,.T.);
#2627=FACE_BOUND('',#2463,.T.);
#2628=FACE_BOUND('',#2464,.T.);
#2629=FACE_BOUND('',#2465,.T.);
#2630=FACE_BOUND('',#2466,.T.);
#2631=FACE_BOUND('',#2467,.T.);
#2632=FACE_BOUND('',#2468,.T.);
#2633=FACE_BOUND('',#2469,.T.);
#2634=FACE_BOUND('',#2470,.T.);
#2635=FACE_BOUND('',#2471,.T.);
#2636=FACE_BOUND('',#2472,.T.);
#2637=FACE_BOUND('',#2473,.T.);
#2638=FACE_BOUND('',#2474,.T.);
#2639=FACE_BOUND('',#2475,.T.);
#2640=FACE_BOUND('',#2476,.T.);
#2641=FACE_BOUND('',#2477,.T.);
#2642=FACE_BOUND('',#2478,.T.);
#2643=FACE_BOUND('',#2479,.T.);
#2644=FACE_BOUND('',#2480,.T.);
#2645=FACE_BOUND('',#2481,.T.);
#2646=FACE_BOUND('',#2482,.T.);
#2647=FACE_BOUND('',#2483,.T.);
#2648=FACE_BOUND('',#2484,.T.);
#2649=FACE_BOUND('',#2485,.T.);
#2650=FACE_BOUND('',#2486,.T.);
#2651=FACE_BOUND('',#2487,.T.);
#2652=FACE_BOUND('',#2488,.T.);
#2653=FACE_BOUND('',#2489,.T.);
#2654=FACE_BOUND('',#2490,.T.);
#2655=FACE_BOUND('',#2491,.T.);
#2656=FACE_BOUND('',#2492,.T.);
#2657=FACE_BOUND('',#2493,.T.);
#2658=FACE_BOUND('',#2494,.T.);
#2659=FACE_BOUND('',#2495,.T.);
#2660=FACE_BOUND('',#2496,.T.);
#2661=FACE_BOUND('',#2497,.T.);
#2662=FACE_BOUND('',#2498,.T.);
#2663=FACE_BOUND('',#2499,.T.);
#2664=FACE_BOUND('',#2500,.T.);
#2665=FACE_BOUND('',#2501,.T.);
#2666=FACE_BOUND('',#2502,.T.);
#2667=FACE_BOUND('',#2503,.T.);
#2668=FACE_BOUND('',#2504,.T.);
#2669=FACE_BOUND('',#2505,.T.);
#2670=FACE_BOUND('',#2506,.T.);
#2671=FACE_BOUND('',#2507,.T.);
#2672=FACE_BOUND('',#2508,.T.);
#2673=FACE_BOUND('',#2509,.T.);
#2674=FACE_BOUND('',#2510,.T.);
#2675=FACE_BOUND('',#2511,.T.);
#2676=FACE_BOUND('',#2512,.T.);
#2677=FACE_BOUND('',#2513,.T.);
#2678=FACE_BOUND('',#2514,.T.);
#2679=FACE_BOUND('',#2515,.T.);
#2680=FACE_BOUND('',#2516,.T.);
#2681=FACE_BOUND('',#2517,.T.);
#2682=FACE_BOUND('',#2518,.T.);
#2683=FACE_BOUND('',#2519,.T.);
#2684=FACE_BOUND('',#2520,.T.);
#2685=FACE_BOUND('',#2521,.T.);
#2686=FACE_BOUND('',#2522,.T.);
#2687=FACE_BOUND('',#2523,.T.);
#2688=PLANE('',#2996);
#2689=PLANE('',#2997);
#2690=PLANE('',#2998);
#2691=PLANE('',#2999);
#2692=PLANE('',#3000);
#2693=PLANE('',#3001);
#2694=PLANE('',#3002);
#2695=PLANE('',#3003);
#2696=PLANE('',#3004);
#2697=PLANE('',#3005);
#2698=PLANE('',#3006);
#2699=PLANE('',#3007);
#2700=PLANE('',#3008);
#2701=PLANE('',#3009);
#2702=PLANE('',#3010);
#2703=PLANE('',#3011);
#2704=PLANE('',#3012);
#2705=PLANE('',#3013);
#2706=PLANE('',#3014);
#2707=PLANE('',#3015);
#2708=PLANE('',#3016);
#2709=PLANE('',#3017);
#2710=PLANE('',#3018);
#2711=PLANE('',#3019);
#2712=PLANE('',#3020);
#2713=PLANE('',#3021);
#2714=PLANE('',#3022);
#2715=PLANE('',#3023);
#2716=PLANE('',#3024);
#2717=PLANE('',#3025);
#2718=PLANE('',#3026);
#2719=PLANE('',#3027);
#2720=PLANE('',#3028);
#2721=PLANE('',#3029);
#2722=PLANE('',#3030);
#2723=PLANE('',#3031);
#2724=PLANE('',#3032);
#2725=PLANE('',#3033);
#2726=PLANE('',#3034);
#2727=PLANE('',#3035);
#2728=PLANE('',#3036);
#2729=PLANE('',#3037);
#2730=PLANE('',#3038);
#2731=PLANE('',#3039);
#2732=PLANE('',#3040);
#2733=PLANE('',#3041);
#2734=PLANE('',#3042);
#2735=PLANE('',#3043);
#2736=PLANE('',#3044);
#2737=PLANE('',#3045);
#2738=PLANE('',#3046);
#2739=PLANE('',#3047);
#2740=PLANE('',#3048);
#2741=PLANE('',#3049);
#2742=PLANE('',#3050);
#2743=PLANE('',#3051);
#2744=PLANE('',#3052);
#2745=PLANE('',#3053);
#2746=PLANE('',#3054);
#2747=PLANE('',#3055);
#2748=PLANE('',#3056);
#2749=PLANE('',#3057);
#2750=PLANE('',#3058);
#2751=PLANE('',#3059);
#2752=PLANE('',#3060);
#2753=PLANE('',#3061);
#2754=PLANE('',#3062);
#2755=PLANE('',#3063);
#2756=PLANE('',#3064);
#2757=PLANE('',#3065);
#2758=PLANE('',#3066);
#2759=PLANE('',#3067);
#2760=PLANE('',#3068);
#2761=PLANE('',#3069);
#2762=PLANE('',#3070);
#2763=PLANE('',#3071);
#2764=PLANE('',#3072);
#2765=PLANE('',#3073);
#2766=PLANE('',#3074);
#2767=PLANE('',#3075);
#2768=PLANE('',#3076);
#2769=PLANE('',#3077);
#2770=PLANE('',#3078);
#2771=PLANE('',#3079);
#2772=PLANE('',#3080);
#2773=PLANE('',#3081);
#2774=PLANE('',#3082);
#2775=PLANE('',#3083);
#2776=PLANE('',#3085);
#2777=PLANE('',#3086);
#2778=PLANE('',#3087);
#2779=PLANE('',#3088);
#2780=PLANE('',#3089);
#2781=PLANE('',#3090);
#2782=PLANE('',#3091);
#2783=PLANE('',#3092);
#2784=PLANE('',#3093);
#2785=PLANE('',#3094);
#2786=PLANE('',#3095);
#2787=PLANE('',#3096);
#2788=PLANE('',#3097);
#2789=PLANE('',#3098);
#2790=PLANE('',#3099);
#2791=PLANE('',#3100);
#2792=PLANE('',#3101);
#2793=PLANE('',#3102);
#2794=PLANE('',#3103);
#2795=PLANE('',#3104);
#2796=PLANE('',#3105);
#2797=PLANE('',#3106);
#2798=PLANE('',#3107);
#2799=PLANE('',#3108);
#2800=PLANE('',#3109);
#2801=PLANE('',#3110);
#2802=PLANE('',#3111);
#2803=PLANE('',#3112);
#2804=PLANE('',#3113);
#2805=PLANE('',#3114);
#2806=PLANE('',#3115);
#2807=PLANE('',#3116);
#2808=PLANE('',#3117);
#2809=PLANE('',#3118);
#2810=PLANE('',#3119);
#2811=PLANE('',#3120);
#2812=PLANE('',#3121);
#2813=PLANE('',#3122);
#2814=PLANE('',#3123);
#2815=PLANE('',#3124);
#2816=PLANE('',#3125);
#2817=PLANE('',#3126);
#2818=PLANE('',#3127);
#2819=PLANE('',#3128);
#2820=PLANE('',#3129);
#2821=PLANE('',#3130);
#2822=PLANE('',#3131);
#2823=PLANE('',#3132);
#2824=PLANE('',#3133);
#2825=PLANE('',#3134);
#2826=PLANE('',#3135);
#2827=PLANE('',#3136);
#2828=PLANE('',#3137);
#2829=PLANE('',#3138);
#2830=ADVANCED_FACE('',(#2524),#2688,.T.);
#2831=ADVANCED_FACE('',(#2525),#2689,.F.);
#2832=ADVANCED_FACE('',(#2526),#2690,.F.);
#2833=ADVANCED_FACE('',(#2527),#2691,.T.);
#2834=ADVANCED_FACE('',(#2528),#2692,.F.);
#2835=ADVANCED_FACE('',(#2529),#2693,.F.);
#2836=ADVANCED_FACE('',(#2530),#2694,.T.);
#2837=ADVANCED_FACE('',(#2531),#2695,.F.);
#2838=ADVANCED_FACE('',(#2532),#2696,.F.);
#2839=ADVANCED_FACE('',(#2533),#2697,.F.);
#2840=ADVANCED_FACE('',(#2534),#2698,.T.);
#2841=ADVANCED_FACE('',(#2535),#2699,.T.);
#2842=ADVANCED_FACE('',(#2536),#2700,.F.);
#2843=ADVANCED_FACE('',(#2537),#2701,.F.);
#2844=ADVANCED_FACE('',(#2538),#2702,.T.);
#2845=ADVANCED_FACE('',(#2539),#2703,.F.);
#2846=ADVANCED_FACE('',(#2540),#2704,.F.);
#2847=ADVANCED_FACE('',(#2541),#2705,.F.);
#2848=ADVANCED_FACE('',(#2542),#2706,.F.);
#2849=ADVANCED_FACE('',(#2543),#2707,.F.);
#2850=ADVANCED_FACE('',(#2544),#2708,.F.);
#2851=ADVANCED_FACE('',(#2545),#2709,.F.);
#2852=ADVANCED_FACE('',(#2546),#2710,.F.);
#2853=ADVANCED_FACE('',(#2547),#2711,.F.);
#2854=ADVANCED_FACE('',(#2548),#2712,.T.);
#2855=ADVANCED_FACE('',(#2549),#2713,.T.);
#2856=ADVANCED_FACE('',(#2550),#2714,.T.);
#2857=ADVANCED_FACE('',(#2551),#2715,.T.);
#2858=ADVANCED_FACE('',(#2552),#2716,.T.);
#2859=ADVANCED_FACE('',(#2553),#2717,.T.);
#2860=ADVANCED_FACE('',(#2554),#2718,.T.);
#2861=ADVANCED_FACE('',(#2555),#2719,.T.);
#2862=ADVANCED_FACE('',(#2556),#2720,.T.);
#2863=ADVANCED_FACE('',(#2557),#2721,.T.);
#2864=ADVANCED_FACE('',(#2558),#2722,.T.);
#2865=ADVANCED_FACE('',(#2559),#2723,.T.);
#2866=ADVANCED_FACE('',(#2560),#2724,.F.);
#2867=ADVANCED_FACE('',(#2561),#2725,.F.);
#2868=ADVANCED_FACE('',(#2562),#2726,.F.);
#2869=ADVANCED_FACE('',(#2563),#2727,.F.);
#2870=ADVANCED_FACE('',(#2564),#2728,.F.);
#2871=ADVANCED_FACE('',(#2565),#2729,.F.);
#2872=ADVANCED_FACE('',(#2566),#2730,.F.);
#2873=ADVANCED_FACE('',(#2567),#2731,.F.);
#2874=ADVANCED_FACE('',(#2568),#2732,.F.);
#2875=ADVANCED_FACE('',(#2569),#2733,.F.);
#2876=ADVANCED_FACE('',(#2570),#2734,.F.);
#2877=ADVANCED_FACE('',(#2571),#2735,.T.);
#2878=ADVANCED_FACE('',(#2572),#2736,.T.);
#2879=ADVANCED_FACE('',(#2573),#2737,.T.);
#2880=ADVANCED_FACE('',(#2574),#2738,.T.);
#2881=ADVANCED_FACE('',(#2575),#2739,.T.);
#2882=ADVANCED_FACE('',(#2576),#2740,.T.);
#2883=ADVANCED_FACE('',(#2577),#2741,.T.);
#2884=ADVANCED_FACE('',(#2578),#2742,.T.);
#2885=ADVANCED_FACE('',(#2579),#2743,.T.);
#2886=ADVANCED_FACE('',(#2580),#2744,.T.);
#2887=ADVANCED_FACE('',(#2581),#2745,.T.);
#2888=ADVANCED_FACE('',(#2582),#2746,.T.);
#2889=ADVANCED_FACE('',(#2583),#2747,.F.);
#2890=ADVANCED_FACE('',(#2584),#2748,.F.);
#2891=ADVANCED_FACE('',(#2585),#2749,.F.);
#2892=ADVANCED_FACE('',(#2586),#2750,.F.);
#2893=ADVANCED_FACE('',(#2587),#2751,.F.);
#2894=ADVANCED_FACE('',(#2588),#2752,.F.);
#2895=ADVANCED_FACE('',(#2589),#2753,.F.);
#2896=ADVANCED_FACE('',(#2590),#2754,.F.);
#2897=ADVANCED_FACE('',(#2591),#2755,.T.);
#2898=ADVANCED_FACE('',(#2592),#2756,.T.);
#2899=ADVANCED_FACE('',(#2593),#2757,.T.);
#2900=ADVANCED_FACE('',(#2594),#2758,.T.);
#2901=ADVANCED_FACE('',(#2595),#2759,.T.);
#2902=ADVANCED_FACE('',(#2596),#2760,.T.);
#2903=ADVANCED_FACE('',(#2597),#2761,.F.);
#2904=ADVANCED_FACE('',(#2598),#2762,.T.);
#2905=ADVANCED_FACE('',(#2599),#2763,.T.);
#2906=ADVANCED_FACE('',(#2600),#2764,.T.);
#2907=ADVANCED_FACE('',(#2601),#2765,.T.);
#2908=ADVANCED_FACE('',(#2602),#2766,.F.);
#2909=ADVANCED_FACE('',(#2603),#2767,.F.);
#2910=ADVANCED_FACE('',(#2604),#2768,.F.);
#2911=ADVANCED_FACE('',(#2605),#2769,.T.);
#2912=ADVANCED_FACE('',(#2606,#2607,#2608,#2609,#2610,#2611,#2612,#2613),
#2770,.T.);
#2913=ADVANCED_FACE('',(#2614,#2615,#2616,#2617,#2618,#2619,#2620,#2621),
#2771,.F.);
#2914=ADVANCED_FACE('',(#2622),#2772,.T.);
#2915=ADVANCED_FACE('',(#2623),#2773,.F.);
#2916=ADVANCED_FACE('',(#2624),#2774,.F.);
#2917=ADVANCED_FACE('',(#2625),#2775,.T.);
#2918=ADVANCED_FACE('',(#2626),#2776,.T.);
#2919=ADVANCED_FACE('',(#2627),#2777,.F.);
#2920=ADVANCED_FACE('',(#2628),#2778,.F.);
#2921=ADVANCED_FACE('',(#2629),#2779,.F.);
#2922=ADVANCED_FACE('',(#2630),#2780,.F.);
#2923=ADVANCED_FACE('',(#2631),#2781,.F.);
#2924=ADVANCED_FACE('',(#2632),#2782,.F.);
#2925=ADVANCED_FACE('',(#2633),#2783,.T.);
#2926=ADVANCED_FACE('',(#2634),#2784,.T.);
#2927=ADVANCED_FACE('',(#2635),#2785,.T.);
#2928=ADVANCED_FACE('',(#2636),#2786,.T.);
#2929=ADVANCED_FACE('',(#2637),#2787,.T.);
#2930=ADVANCED_FACE('',(#2638),#2788,.F.);
#2931=ADVANCED_FACE('',(#2639),#2789,.F.);
#2932=ADVANCED_FACE('',(#2640),#2790,.T.);
#2933=ADVANCED_FACE('',(#2641),#2791,.T.);
#2934=ADVANCED_FACE('',(#2642),#2792,.T.);
#2935=ADVANCED_FACE('',(#2643),#2793,.T.);
#2936=ADVANCED_FACE('',(#2644),#2794,.T.);
#2937=ADVANCED_FACE('',(#2645),#2795,.T.);
#2938=ADVANCED_FACE('',(#2646),#2796,.T.);
#2939=ADVANCED_FACE('',(#2647),#2797,.T.);
#2940=ADVANCED_FACE('',(#2648),#2798,.T.);
#2941=ADVANCED_FACE('',(#2649),#2799,.T.);
#2942=ADVANCED_FACE('',(#2650),#2800,.T.);
#2943=ADVANCED_FACE('',(#2651),#2801,.T.);
#2944=ADVANCED_FACE('',(#2652),#2802,.F.);
#2945=ADVANCED_FACE('',(#2653),#2803,.F.);
#2946=ADVANCED_FACE('',(#2654),#2804,.F.);
#2947=ADVANCED_FACE('',(#2655),#2805,.F.);
#2948=ADVANCED_FACE('',(#2656),#2806,.F.);
#2949=ADVANCED_FACE('',(#2657),#2807,.F.);
#2950=ADVANCED_FACE('',(#2658),#2808,.F.);
#2951=ADVANCED_FACE('',(#2659),#2809,.F.);
#2952=ADVANCED_FACE('',(#2660),#2810,.F.);
#2953=ADVANCED_FACE('',(#2661),#2811,.F.);
#2954=ADVANCED_FACE('',(#2662),#2812,.F.);
#2955=ADVANCED_FACE('',(#2663),#2813,.T.);
#2956=ADVANCED_FACE('',(#2664),#2814,.F.);
#2957=ADVANCED_FACE('',(#2665),#2815,.F.);
#2958=ADVANCED_FACE('',(#2666),#2816,.T.);
#2959=ADVANCED_FACE('',(#2667),#2817,.F.);
#2960=ADVANCED_FACE('',(#2668),#2818,.F.);
#2961=ADVANCED_FACE('',(#2669),#2819,.T.);
#2962=ADVANCED_FACE('',(#2670),#2820,.F.);
#2963=ADVANCED_FACE('',(#2671),#2821,.T.);
#2964=ADVANCED_FACE('',(#2672),#2822,.T.);
#2965=ADVANCED_FACE('',(#2673),#2823,.T.);
#2966=ADVANCED_FACE('',(#2674,#2675,#2676,#2677,#2678),#2824,.T.);
#2967=ADVANCED_FACE('',(#2679,#2680,#2681,#2682,#2683),#2825,.F.);
#2968=ADVANCED_FACE('',(#2684),#2826,.T.);
#2969=ADVANCED_FACE('',(#2685),#2827,.F.);
#2970=ADVANCED_FACE('',(#2686),#2828,.F.);
#2971=ADVANCED_FACE('',(#2687),#2829,.T.);
#2972=CLOSED_SHELL('',(#2830,#2831,#2832,#2833,#2834,#2835,#2836,#2837,
#2838,#2839,#2840,#2841,#2842,#2843,#2844,#2845,#2846,#2847,#2848,#2849,
#2850,#2851,#2852,#2853,#2854,#2855,#2856,#2857,#2858,#2859,#2860,#2861,
#2862,#2863,#2864,#2865,#2866,#2867,#2868,#2869,#2870,#2871,#2872,#2873,
#2874,#2875,#2876,#2877,#2878,#2879,#2880,#2881,#2882,#2883,#2884,#2885,
#2886,#2887,#2888,#2889,#2890,#2891,#2892,#2893,#2894,#2895,#2896,#2897,
#2898,#2899,#2900,#2901,#2902,#2903,#2904,#2905,#2906,#2907,#2908,#2909,
#2910,#2911,#2912,#2913,#2914,#2915,#2916,#2917));
#2973=CLOSED_SHELL('',(#2918,#2919,#2920,#2921,#2922,#2923,#2924,#2925,
#2926,#2927,#2928,#2929,#2930,#2931,#2932,#2933,#2934,#2935,#2936,#2937,
#2938,#2939,#2940,#2941,#2942,#2943,#2944,#2945,#2946,#2947,#2948,#2949,
#2950,#2951,#2952,#2953,#2954,#2955,#2956,#2957,#2958,#2959,#2960,#2961,
#2962,#2963,#2964,#2965,#2966,#2967,#2968,#2969,#2970,#2971));
#2974=STYLED_ITEM('',(#2976),#2989);
#2975=STYLED_ITEM('',(#2977),#2990);
#2976=PRESENTATION_STYLE_ASSIGNMENT((#2978));
#2977=PRESENTATION_STYLE_ASSIGNMENT((#2979));
#2978=SURFACE_STYLE_USAGE(.BOTH.,#2980);
#2979=SURFACE_STYLE_USAGE(.BOTH.,#2981);
#2980=SURFACE_SIDE_STYLE('',(#2982));
#2981=SURFACE_SIDE_STYLE('',(#2983));
#2982=SURFACE_STYLE_FILL_AREA(#2984);
#2983=SURFACE_STYLE_FILL_AREA(#2985);
#2984=FILL_AREA_STYLE('',(#2986));
#2985=FILL_AREA_STYLE('',(#2987));
#2986=FILL_AREA_STYLE_COLOUR('',#2988);
#2987=FILL_AREA_STYLE_COLOUR('',#2988);
#2988=COLOUR_RGB('',0.301960784313725,0.301960784313725,0.301960784313725);
#2989=MANIFOLD_SOLID_BREP('JetsonPortPlate',#2972);
#2990=MANIFOLD_SOLID_BREP('RaspberryPiPlate',#2973);
#2991=SHAPE_DEFINITION_REPRESENTATION(#4687,#2993);
#2992=SHAPE_DEFINITION_REPRESENTATION(#4688,#2994);
#2993=SHAPE_REPRESENTATION('JetsonPortPlate',(#2995),#4677);
#2994=SHAPE_REPRESENTATION('RaspberryPiPlate',(#3084),#4678);
#2995=AXIS2_PLACEMENT_3D('',#3841,#3139,#3140);
#2996=AXIS2_PLACEMENT_3D('',#3842,#3141,#3142);
#2997=AXIS2_PLACEMENT_3D('',#3851,#3147,#3148);
#2998=AXIS2_PLACEMENT_3D('',#3860,#3153,#3154);
#2999=AXIS2_PLACEMENT_3D('',#3869,#3159,#3160);
#3000=AXIS2_PLACEMENT_3D('',#3878,#3165,#3166);
#3001=AXIS2_PLACEMENT_3D('',#3884,#3170,#3171);
#3002=AXIS2_PLACEMENT_3D('',#3890,#3175,#3176);
#3003=AXIS2_PLACEMENT_3D('',#3899,#3181,#3182);
#3004=AXIS2_PLACEMENT_3D('',#3905,#3186,#3187);
#3005=AXIS2_PLACEMENT_3D('',#3911,#3191,#3192);
#3006=AXIS2_PLACEMENT_3D('',#3917,#3196,#3197);
#3007=AXIS2_PLACEMENT_3D('',#3923,#3201,#3202);
#3008=AXIS2_PLACEMENT_3D('',#3932,#3207,#3208);
#3009=AXIS2_PLACEMENT_3D('',#3938,#3212,#3213);
#3010=AXIS2_PLACEMENT_3D('',#3944,#3217,#3218);
#3011=AXIS2_PLACEMENT_3D('',#3953,#3223,#3224);
#3012=AXIS2_PLACEMENT_3D('',#3959,#3228,#3229);
#3013=AXIS2_PLACEMENT_3D('',#3965,#3233,#3234);
#3014=AXIS2_PLACEMENT_3D('',#3974,#3239,#3240);
#3015=AXIS2_PLACEMENT_3D('',#3980,#3244,#3245);
#3016=AXIS2_PLACEMENT_3D('',#3986,#3249,#3250);
#3017=AXIS2_PLACEMENT_3D('',#3992,#3254,#3255);
#3018=AXIS2_PLACEMENT_3D('',#3998,#3259,#3260);
#3019=AXIS2_PLACEMENT_3D('',#4004,#3264,#3265);
#3020=AXIS2_PLACEMENT_3D('',#4010,#3269,#3270);
#3021=AXIS2_PLACEMENT_3D('',#4016,#3274,#3275);
#3022=AXIS2_PLACEMENT_3D('',#4022,#3279,#3280);
#3023=AXIS2_PLACEMENT_3D('',#4028,#3284,#3285);
#3024=AXIS2_PLACEMENT_3D('',#4034,#3289,#3290);
#3025=AXIS2_PLACEMENT_3D('',#4040,#3294,#3295);
#3026=AXIS2_PLACEMENT_3D('',#4046,#3299,#3300);
#3027=AXIS2_PLACEMENT_3D('',#4052,#3304,#3305);
#3028=AXIS2_PLACEMENT_3D('',#4058,#3309,#3310);
#3029=AXIS2_PLACEMENT_3D('',#4064,#3314,#3315);
#3030=AXIS2_PLACEMENT_3D('',#4070,#3319,#3320);
#3031=AXIS2_PLACEMENT_3D('',#4076,#3324,#3325);
#3032=AXIS2_PLACEMENT_3D('',#4082,#3329,#3330);
#3033=AXIS2_PLACEMENT_3D('',#4088,#3334,#3335);
#3034=AXIS2_PLACEMENT_3D('',#4094,#3339,#3340);
#3035=AXIS2_PLACEMENT_3D('',#4100,#3344,#3345);
#3036=AXIS2_PLACEMENT_3D('',#4106,#3349,#3350);
#3037=AXIS2_PLACEMENT_3D('',#4115,#3355,#3356);
#3038=AXIS2_PLACEMENT_3D('',#4121,#3360,#3361);
#3039=AXIS2_PLACEMENT_3D('',#4127,#3365,#3366);
#3040=AXIS2_PLACEMENT_3D('',#4133,#3370,#3371);
#3041=AXIS2_PLACEMENT_3D('',#4139,#3375,#3376);
#3042=AXIS2_PLACEMENT_3D('',#4145,#3380,#3381);
#3043=AXIS2_PLACEMENT_3D('',#4151,#3385,#3386);
#3044=AXIS2_PLACEMENT_3D('',#4157,#3390,#3391);
#3045=AXIS2_PLACEMENT_3D('',#4163,#3395,#3396);
#3046=AXIS2_PLACEMENT_3D('',#4169,#3400,#3401);
#3047=AXIS2_PLACEMENT_3D('',#4175,#3405,#3406);
#3048=AXIS2_PLACEMENT_3D('',#4181,#3410,#3411);
#3049=AXIS2_PLACEMENT_3D('',#4187,#3415,#3416);
#3050=AXIS2_PLACEMENT_3D('',#4193,#3420,#3421);
#3051=AXIS2_PLACEMENT_3D('',#4199,#3425,#3426);
#3052=AXIS2_PLACEMENT_3D('',#4205,#3430,#3431);
#3053=AXIS2_PLACEMENT_3D('',#4211,#3435,#3436);
#3054=AXIS2_PLACEMENT_3D('',#4217,#3440,#3441);
#3055=AXIS2_PLACEMENT_3D('',#4223,#3445,#3446);
#3056=AXIS2_PLACEMENT_3D('',#4229,#3450,#3451);
#3057=AXIS2_PLACEMENT_3D('',#4235,#3455,#3456);
#3058=AXIS2_PLACEMENT_3D('',#4241,#3460,#3461);
#3059=AXIS2_PLACEMENT_3D('',#4247,#3465,#3466);
#3060=AXIS2_PLACEMENT_3D('',#4256,#3471,#3472);
#3061=AXIS2_PLACEMENT_3D('',#4262,#3476,#3477);
#3062=AXIS2_PLACEMENT_3D('',#4268,#3481,#3482);
#3063=AXIS2_PLACEMENT_3D('',#4274,#3486,#3487);
#3064=AXIS2_PLACEMENT_3D('',#4280,#3491,#3492);
#3065=AXIS2_PLACEMENT_3D('',#4286,#3496,#3497);
#3066=AXIS2_PLACEMENT_3D('',#4292,#3501,#3502);
#3067=AXIS2_PLACEMENT_3D('',#4298,#3506,#3507);
#3068=AXIS2_PLACEMENT_3D('',#4304,#3511,#3512);
#3069=AXIS2_PLACEMENT_3D('',#4310,#3516,#3517);
#3070=AXIS2_PLACEMENT_3D('',#4316,#3521,#3522);
#3071=AXIS2_PLACEMENT_3D('',#4319,#3525,#3526);
#3072=AXIS2_PLACEMENT_3D('',#4322,#3529,#3530);
#3073=AXIS2_PLACEMENT_3D('',#4325,#3533,#3534);
#3074=AXIS2_PLACEMENT_3D('',#4328,#3537,#3538);
#3075=AXIS2_PLACEMENT_3D('',#4331,#3541,#3542);
#3076=AXIS2_PLACEMENT_3D('',#4334,#3545,#3546);
#3077=AXIS2_PLACEMENT_3D('',#4337,#3549,#3550);
#3078=AXIS2_PLACEMENT_3D('',#4346,#3555,#3556);
#3079=AXIS2_PLACEMENT_3D('',#4351,#3561,#3562);
#3080=AXIS2_PLACEMENT_3D('',#4356,#3567,#3568);
#3081=AXIS2_PLACEMENT_3D('',#4357,#3569,#3570);
#3082=AXIS2_PLACEMENT_3D('',#4358,#3571,#3572);
#3083=AXIS2_PLACEMENT_3D('',#4359,#3573,#3574);
#3084=AXIS2_PLACEMENT_3D('',#4360,#3575,#3576);
#3085=AXIS2_PLACEMENT_3D('',#4361,#3577,#3578);
#3086=AXIS2_PLACEMENT_3D('',#4370,#3583,#3584);
#3087=AXIS2_PLACEMENT_3D('',#4376,#3588,#3589);
#3088=AXIS2_PLACEMENT_3D('',#4382,#3593,#3594);
#3089=AXIS2_PLACEMENT_3D('',#4388,#3598,#3599);
#3090=AXIS2_PLACEMENT_3D('',#4394,#3603,#3604);
#3091=AXIS2_PLACEMENT_3D('',#4400,#3608,#3609);
#3092=AXIS2_PLACEMENT_3D('',#4406,#3613,#3614);
#3093=AXIS2_PLACEMENT_3D('',#4412,#3618,#3619);
#3094=AXIS2_PLACEMENT_3D('',#4418,#3623,#3624);
#3095=AXIS2_PLACEMENT_3D('',#4424,#3628,#3629);
#3096=AXIS2_PLACEMENT_3D('',#4430,#3633,#3634);
#3097=AXIS2_PLACEMENT_3D('',#4439,#3639,#3640);
#3098=AXIS2_PLACEMENT_3D('',#4445,#3644,#3645);
#3099=AXIS2_PLACEMENT_3D('',#4451,#3649,#3650);
#3100=AXIS2_PLACEMENT_3D('',#4460,#3655,#3656);
#3101=AXIS2_PLACEMENT_3D('',#4466,#3660,#3661);
#3102=AXIS2_PLACEMENT_3D('',#4472,#3665,#3666);
#3103=AXIS2_PLACEMENT_3D('',#4478,#3670,#3671);
#3104=AXIS2_PLACEMENT_3D('',#4484,#3675,#3676);
#3105=AXIS2_PLACEMENT_3D('',#4490,#3680,#3681);
#3106=AXIS2_PLACEMENT_3D('',#4496,#3685,#3686);
#3107=AXIS2_PLACEMENT_3D('',#4502,#3690,#3691);
#3108=AXIS2_PLACEMENT_3D('',#4508,#3695,#3696);
#3109=AXIS2_PLACEMENT_3D('',#4514,#3700,#3701);
#3110=AXIS2_PLACEMENT_3D('',#4520,#3705,#3706);
#3111=AXIS2_PLACEMENT_3D('',#4526,#3710,#3711);
#3112=AXIS2_PLACEMENT_3D('',#4532,#3715,#3716);
#3113=AXIS2_PLACEMENT_3D('',#4538,#3720,#3721);
#3114=AXIS2_PLACEMENT_3D('',#4544,#3725,#3726);
#3115=AXIS2_PLACEMENT_3D('',#4550,#3730,#3731);
#3116=AXIS2_PLACEMENT_3D('',#4556,#3735,#3736);
#3117=AXIS2_PLACEMENT_3D('',#4562,#3740,#3741);
#3118=AXIS2_PLACEMENT_3D('',#4568,#3745,#3746);
#3119=AXIS2_PLACEMENT_3D('',#4574,#3750,#3751);
#3120=AXIS2_PLACEMENT_3D('',#4580,#3755,#3756);
#3121=AXIS2_PLACEMENT_3D('',#4586,#3760,#3761);
#3122=AXIS2_PLACEMENT_3D('',#4592,#3765,#3766);
#3123=AXIS2_PLACEMENT_3D('',#4601,#3771,#3772);
#3124=AXIS2_PLACEMENT_3D('',#4607,#3776,#3777);
#3125=AXIS2_PLACEMENT_3D('',#4613,#3781,#3782);
#3126=AXIS2_PLACEMENT_3D('',#4622,#3787,#3788);
#3127=AXIS2_PLACEMENT_3D('',#4631,#3793,#3794);
#3128=AXIS2_PLACEMENT_3D('',#4640,#3799,#3800);
#3129=AXIS2_PLACEMENT_3D('',#4643,#3803,#3804);
#3130=AXIS2_PLACEMENT_3D('',#4646,#3807,#3808);
#3131=AXIS2_PLACEMENT_3D('',#4649,#3811,#3812);
#3132=AXIS2_PLACEMENT_3D('',#4658,#3817,#3818);
#3133=AXIS2_PLACEMENT_3D('',#4661,#3821,#3822);
#3134=AXIS2_PLACEMENT_3D('',#4666,#3827,#3828);
#3135=AXIS2_PLACEMENT_3D('',#4671,#3833,#3834);
#3136=AXIS2_PLACEMENT_3D('',#4672,#3835,#3836);
#3137=AXIS2_PLACEMENT_3D('',#4673,#3837,#3838);
#3138=AXIS2_PLACEMENT_3D('',#4674,#3839,#3840);
#3139=DIRECTION('',(0.,0.,1.));
#3140=DIRECTION('',(1.,0.,0.));
#3141=DIRECTION('',(0.,0.,1.));
#3142=DIRECTION('',(1.,0.,0.));
#3143=DIRECTION('',(1.,0.,0.));
#3144=DIRECTION('',(0.,1.,0.));
#3145=DIRECTION('',(1.,0.,0.));
#3146=DIRECTION('',(0.,-1.,0.));
#3147=DIRECTION('',(1.,0.,0.));
#3148=DIRECTION('',(0.,0.,-1.));
#3149=DIRECTION('',(0.,0.,-1.));
#3150=DIRECTION('',(0.,-1.,0.));
#3151=DIRECTION('',(0.,0.,-1.));
#3152=DIRECTION('',(0.,1.,0.));
#3153=DIRECTION('',(0.,0.,1.));
#3154=DIRECTION('',(1.,0.,0.));
#3155=DIRECTION('',(1.,0.,0.));
#3156=DIRECTION('',(0.,-1.,0.));
#3157=DIRECTION('',(1.,0.,0.));
#3158=DIRECTION('',(0.,1.,0.));
#3159=DIRECTION('',(1.,0.,0.));
#3160=DIRECTION('',(0.,0.,-1.));
#3161=DIRECTION('',(0.,0.,-1.));
#3162=DIRECTION('',(0.,1.,0.));
#3163=DIRECTION('',(0.,0.,-1.));
#3164=DIRECTION('',(0.,1.,0.));
#3165=DIRECTION('',(0.,0.,1.));
#3166=DIRECTION('',(1.,0.,0.));
#3167=DIRECTION('',(1.,0.,0.));
#3168=DIRECTION('',(0.,1.,0.));
#3169=DIRECTION('',(1.,0.,0.));
#3170=DIRECTION('',(1.,0.,0.));
#3171=DIRECTION('',(0.,0.,-1.));
#3172=DIRECTION('',(0.,0.,-1.));
#3173=DIRECTION('',(0.,1.,0.));
#3174=DIRECTION('',(0.,0.,-1.));
#3175=DIRECTION('',(0.,0.,1.));
#3176=DIRECTION('',(1.,0.,0.));
#3177=DIRECTION('',(1.,0.,0.));
#3178=DIRECTION('',(0.,1.,0.));
#3179=DIRECTION('',(1.,0.,0.));
#3180=DIRECTION('',(0.,1.,0.));
#3181=DIRECTION('',(-0.711326694185171,0.,-0.702861532693031));
#3182=DIRECTION('',(-0.702861532693031,0.,0.711326694185171));
#3183=DIRECTION('',(-0.702861532693031,0.,0.711326694185171));
#3184=DIRECTION('',(0.,1.,0.));
#3185=DIRECTION('',(-0.702861532693031,0.,0.711326694185171));
#3186=DIRECTION('',(-1.,0.,0.));
#3187=DIRECTION('',(0.,0.,1.));
#3188=DIRECTION('',(0.,0.,1.));
#3189=DIRECTION('',(0.,1.,0.));
#3190=DIRECTION('',(0.,0.,1.));
#3191=DIRECTION('',(0.,0.,1.));
#3192=DIRECTION('',(1.,0.,0.));
#3193=DIRECTION('',(1.,0.,0.));
#3194=DIRECTION('',(0.,1.,0.));
#3195=DIRECTION('',(1.,0.,0.));
#3196=DIRECTION('',(-1.,0.,0.));
#3197=DIRECTION('',(0.,0.,1.));
#3198=DIRECTION('',(0.,0.,1.));
#3199=DIRECTION('',(0.,1.,0.));
#3200=DIRECTION('',(0.,0.,1.));
#3201=DIRECTION('',(1.,0.,0.));
#3202=DIRECTION('',(0.,0.,-1.));
#3203=DIRECTION('',(0.,0.,-1.));
#3204=DIRECTION('',(0.,1.,0.));
#3205=DIRECTION('',(0.,0.,-1.));
#3206=DIRECTION('',(0.,1.,0.));
#3207=DIRECTION('',(0.,0.,1.));
#3208=DIRECTION('',(1.,0.,0.));
#3209=DIRECTION('',(1.,0.,0.));
#3210=DIRECTION('',(0.,1.,0.));
#3211=DIRECTION('',(1.,0.,0.));
#3212=DIRECTION('',(1.,0.,0.));
#3213=DIRECTION('',(0.,0.,-1.));
#3214=DIRECTION('',(0.,0.,-1.));
#3215=DIRECTION('',(0.,1.,0.));
#3216=DIRECTION('',(0.,0.,-1.));
#3217=DIRECTION('',(0.,0.,1.));
#3218=DIRECTION('',(1.,0.,0.));
#3219=DIRECTION('',(1.,0.,0.));
#3220=DIRECTION('',(0.,1.,0.));
#3221=DIRECTION('',(1.,0.,0.));
#3222=DIRECTION('',(0.,1.,0.));
#3223=DIRECTION('',(-1.,0.,0.));
#3224=DIRECTION('',(0.,0.,1.));
#3225=DIRECTION('',(0.,0.,1.));
#3226=DIRECTION('',(0.,1.,0.));
#3227=DIRECTION('',(0.,0.,1.));
#3228=DIRECTION('',(0.,0.,1.));
#3229=DIRECTION('',(1.,0.,0.));
#3230=DIRECTION('',(1.,0.,0.));
#3231=DIRECTION('',(0.,1.,0.));
#3232=DIRECTION('',(1.,0.,0.));
#3233=DIRECTION('',(0.,0.,-1.));
#3234=DIRECTION('',(-1.,0.,0.));
#3235=DIRECTION('',(-1.,0.,0.));
#3236=DIRECTION('',(0.,1.,0.));
#3237=DIRECTION('',(-1.,0.,0.));
#3238=DIRECTION('',(0.,1.,0.));
#3239=DIRECTION('',(-1.,0.,0.));
#3240=DIRECTION('',(0.,0.,1.));
#3241=DIRECTION('',(0.,0.,1.));
#3242=DIRECTION('',(0.,1.,0.));
#3243=DIRECTION('',(0.,0.,1.));
#3244=DIRECTION('',(0.,0.,1.));
#3245=DIRECTION('',(1.,0.,0.));
#3246=DIRECTION('',(1.,0.,0.));
#3247=DIRECTION('',(0.,1.,0.));
#3248=DIRECTION('',(1.,0.,0.));
#3249=DIRECTION('',(-1.,0.,0.));
#3250=DIRECTION('',(0.,0.,1.));
#3251=DIRECTION('',(0.,0.,1.));
#3252=DIRECTION('',(0.,1.,0.));
#3253=DIRECTION('',(0.,0.,1.));
#3254=DIRECTION('',(0.,0.,1.));
#3255=DIRECTION('',(1.,0.,0.));
#3256=DIRECTION('',(1.,0.,0.));
#3257=DIRECTION('',(0.,1.,0.));
#3258=DIRECTION('',(1.,0.,0.));
#3259=DIRECTION('',(-1.,0.,0.));
#3260=DIRECTION('',(0.,0.,1.));
#3261=DIRECTION('',(0.,0.,1.));
#3262=DIRECTION('',(0.,1.,0.));
#3263=DIRECTION('',(0.,0.,1.));
#3264=DIRECTION('',(0.,0.,1.));
#3265=DIRECTION('',(1.,0.,0.));
#3266=DIRECTION('',(1.,0.,0.));
#3267=DIRECTION('',(0.,1.,0.));
#3268=DIRECTION('',(1.,0.,0.));
#3269=DIRECTION('',(-1.,0.,0.));
#3270=DIRECTION('',(0.,0.,1.));
#3271=DIRECTION('',(0.,0.,1.));
#3272=DIRECTION('',(0.,1.,0.));
#3273=DIRECTION('',(0.,0.,1.));
#3274=DIRECTION('',(0.,0.,-1.));
#3275=DIRECTION('',(-1.,0.,0.));
#3276=DIRECTION('',(-1.,0.,0.));
#3277=DIRECTION('',(0.,1.,0.));
#3278=DIRECTION('',(-1.,0.,0.));
#3279=DIRECTION('',(-1.,0.,0.));
#3280=DIRECTION('',(0.,0.,1.));
#3281=DIRECTION('',(0.,0.,1.));
#3282=DIRECTION('',(0.,1.,0.));
#3283=DIRECTION('',(0.,0.,1.));
#3284=DIRECTION('',(0.,0.,-1.));
#3285=DIRECTION('',(-1.,0.,0.));
#3286=DIRECTION('',(-1.,0.,0.));
#3287=DIRECTION('',(0.,1.,0.));
#3288=DIRECTION('',(-1.,0.,0.));
#3289=DIRECTION('',(-1.,0.,0.));
#3290=DIRECTION('',(0.,0.,1.));
#3291=DIRECTION('',(0.,0.,1.));
#3292=DIRECTION('',(0.,1.,0.));
#3293=DIRECTION('',(0.,0.,1.));
#3294=DIRECTION('',(0.,0.,1.));
#3295=DIRECTION('',(1.,0.,0.));
#3296=DIRECTION('',(1.,0.,0.));
#3297=DIRECTION('',(0.,1.,0.));
#3298=DIRECTION('',(1.,0.,0.));
#3299=DIRECTION('',(-1.,0.,0.));
#3300=DIRECTION('',(0.,0.,1.));
#3301=DIRECTION('',(0.,0.,1.));
#3302=DIRECTION('',(0.,1.,0.));
#3303=DIRECTION('',(0.,0.,1.));
#3304=DIRECTION('',(0.,0.,-1.));
#3305=DIRECTION('',(-1.,0.,0.));
#3306=DIRECTION('',(-1.,0.,0.));
#3307=DIRECTION('',(0.,1.,0.));
#3308=DIRECTION('',(-1.,0.,0.));
#3309=DIRECTION('',(-1.,0.,0.));
#3310=DIRECTION('',(0.,0.,1.));
#3311=DIRECTION('',(0.,0.,1.));
#3312=DIRECTION('',(0.,1.,0.));
#3313=DIRECTION('',(0.,0.,1.));
#3314=DIRECTION('',(0.,0.,1.));
#3315=DIRECTION('',(1.,0.,0.));
#3316=DIRECTION('',(1.,0.,0.));
#3317=DIRECTION('',(0.,1.,0.));
#3318=DIRECTION('',(1.,0.,0.));
#3319=DIRECTION('',(-1.,0.,0.));
#3320=DIRECTION('',(0.,0.,1.));
#3321=DIRECTION('',(0.,0.,1.));
#3322=DIRECTION('',(0.,1.,0.));
#3323=DIRECTION('',(0.,0.,1.));
#3324=DIRECTION('',(-5.26477205965879E-16,0.,1.));
#3325=DIRECTION('',(1.,0.,5.26477205965879E-16));
#3326=DIRECTION('',(1.,0.,5.26477205965879E-16));
#3327=DIRECTION('',(0.,1.,0.));
#3328=DIRECTION('',(1.,0.,5.26477205965879E-16));
#3329=DIRECTION('',(-1.,0.,0.));
#3330=DIRECTION('',(0.,0.,1.));
#3331=DIRECTION('',(0.,0.,1.));
#3332=DIRECTION('',(0.,1.,0.));
#3333=DIRECTION('',(0.,0.,1.));
#3334=DIRECTION('',(0.,0.,-1.));
#3335=DIRECTION('',(-1.,0.,0.));
#3336=DIRECTION('',(-1.,0.,0.));
#3337=DIRECTION('',(0.,1.,0.));
#3338=DIRECTION('',(-1.,0.,0.));
#3339=DIRECTION('',(-1.,0.,0.));
#3340=DIRECTION('',(0.,0.,1.));
#3341=DIRECTION('',(0.,0.,1.));
#3342=DIRECTION('',(0.,1.,0.));
#3343=DIRECTION('',(0.,0.,1.));
#3344=DIRECTION('',(0.,0.,1.));
#3345=DIRECTION('',(1.,0.,0.));
#3346=DIRECTION('',(1.,0.,0.));
#3347=DIRECTION('',(0.,1.,0.));
#3348=DIRECTION('',(1.,0.,0.));
#3349=DIRECTION('',(0.,0.,-1.));
#3350=DIRECTION('',(-1.,0.,0.));
#3351=DIRECTION('',(-1.,0.,0.));
#3352=DIRECTION('',(0.,1.,0.));
#3353=DIRECTION('',(-1.,0.,0.));
#3354=DIRECTION('',(0.,1.,0.));
#3355=DIRECTION('',(-1.,0.,0.));
#3356=DIRECTION('',(0.,0.,1.));
#3357=DIRECTION('',(0.,0.,1.));
#3358=DIRECTION('',(0.,1.,0.));
#3359=DIRECTION('',(0.,0.,1.));
#3360=DIRECTION('',(0.,0.,1.));
#3361=DIRECTION('',(1.,0.,0.));
#3362=DIRECTION('',(1.,0.,0.));
#3363=DIRECTION('',(0.,1.,0.));
#3364=DIRECTION('',(1.,0.,0.));
#3365=DIRECTION('',(-1.,0.,0.));
#3366=DIRECTION('',(0.,0.,1.));
#3367=DIRECTION('',(0.,0.,1.));
#3368=DIRECTION('',(0.,1.,0.));
#3369=DIRECTION('',(0.,0.,1.));
#3370=DIRECTION('',(0.,0.,1.));
#3371=DIRECTION('',(1.,0.,0.));
#3372=DIRECTION('',(1.,0.,0.));
#3373=DIRECTION('',(0.,1.,0.));
#3374=DIRECTION('',(1.,0.,0.));
#3375=DIRECTION('',(-1.,0.,0.));
#3376=DIRECTION('',(0.,0.,1.));
#3377=DIRECTION('',(0.,0.,1.));
#3378=DIRECTION('',(0.,1.,0.));
#3379=DIRECTION('',(0.,0.,1.));
#3380=DIRECTION('',(0.,0.,1.));
#3381=DIRECTION('',(1.,0.,0.));
#3382=DIRECTION('',(1.,0.,0.));
#3383=DIRECTION('',(0.,1.,0.));
#3384=DIRECTION('',(1.,0.,0.));
#3385=DIRECTION('',(-1.,0.,0.));
#3386=DIRECTION('',(0.,0.,1.));
#3387=DIRECTION('',(0.,0.,1.));
#3388=DIRECTION('',(0.,1.,0.));
#3389=DIRECTION('',(0.,0.,1.));
#3390=DIRECTION('',(0.,0.,-1.));
#3391=DIRECTION('',(-1.,0.,0.));
#3392=DIRECTION('',(-1.,0.,0.));
#3393=DIRECTION('',(0.,1.,0.));
#3394=DIRECTION('',(-1.,0.,0.));
#3395=DIRECTION('',(-1.,0.,0.));
#3396=DIRECTION('',(0.,0.,1.));
#3397=DIRECTION('',(0.,0.,1.));
#3398=DIRECTION('',(0.,1.,0.));
#3399=DIRECTION('',(0.,0.,1.));
#3400=DIRECTION('',(0.,0.,-1.));
#3401=DIRECTION('',(-1.,0.,0.));
#3402=DIRECTION('',(-1.,0.,0.));
#3403=DIRECTION('',(0.,1.,0.));
#3404=DIRECTION('',(-1.,0.,0.));
#3405=DIRECTION('',(-1.,0.,-2.44157830768043E-16));
#3406=DIRECTION('',(-2.44157830768043E-16,0.,1.));
#3407=DIRECTION('',(-2.44157830768043E-16,0.,1.));
#3408=DIRECTION('',(0.,1.,0.));
#3409=DIRECTION('',(-2.44157830768043E-16,0.,1.));
#3410=DIRECTION('',(0.,0.,1.));
#3411=DIRECTION('',(1.,0.,0.));
#3412=DIRECTION('',(1.,0.,0.));
#3413=DIRECTION('',(0.,1.,0.));
#3414=DIRECTION('',(1.,0.,0.));
#3415=DIRECTION('',(-1.,0.,-4.82262472825726E-17));
#3416=DIRECTION('',(-4.82262472825726E-17,0.,1.));
#3417=DIRECTION('',(-4.82262472825726E-17,0.,1.));
#3418=DIRECTION('',(0.,1.,0.));
#3419=DIRECTION('',(-4.82262472825726E-17,0.,1.));
#3420=DIRECTION('',(0.,0.,-1.));
#3421=DIRECTION('',(-1.,0.,0.));
#3422=DIRECTION('',(-1.,0.,0.));
#3423=DIRECTION('',(0.,1.,0.));
#3424=DIRECTION('',(-1.,0.,0.));
#3425=DIRECTION('',(-1.,0.,-2.46121989886636E-16));
#3426=DIRECTION('',(-2.46121989886636E-16,0.,1.));
#3427=DIRECTION('',(-2.46121989886636E-16,0.,1.));
#3428=DIRECTION('',(0.,1.,0.));
#3429=DIRECTION('',(-2.46121989886636E-16,0.,1.));
#3430=DIRECTION('',(0.,0.,1.));
#3431=DIRECTION('',(1.,0.,0.));
#3432=DIRECTION('',(1.,0.,0.));
#3433=DIRECTION('',(0.,1.,0.));
#3434=DIRECTION('',(1.,0.,0.));
#3435=DIRECTION('',(-1.,0.,-2.1520234367198E-16));
#3436=DIRECTION('',(-2.1520234367198E-16,0.,1.));
#3437=DIRECTION('',(-2.1520234367198E-16,0.,1.));
#3438=DIRECTION('',(0.,1.,0.));
#3439=DIRECTION('',(-2.1520234367198E-16,0.,1.));
#3440=DIRECTION('',(-5.26578759892509E-16,0.,1.));
#3441=DIRECTION('',(1.,0.,5.26578759892509E-16));
#3442=DIRECTION('',(1.,0.,5.26578759892509E-16));
#3443=DIRECTION('',(0.,1.,0.));
#3444=DIRECTION('',(1.,0.,5.26578759892509E-16));
#3445=DIRECTION('',(-1.,0.,0.));
#3446=DIRECTION('',(0.,0.,1.));
#3447=DIRECTION('',(0.,0.,1.));
#3448=DIRECTION('',(0.,1.,0.));
#3449=DIRECTION('',(0.,0.,1.));
#3450=DIRECTION('',(0.,0.,-1.));
#3451=DIRECTION('',(-1.,0.,0.));
#3452=DIRECTION('',(-1.,0.,0.));
#3453=DIRECTION('',(0.,1.,0.));
#3454=DIRECTION('',(-1.,0.,0.));
#3455=DIRECTION('',(-1.,0.,0.));
#3456=DIRECTION('',(0.,0.,1.));
#3457=DIRECTION('',(0.,0.,1.));
#3458=DIRECTION('',(0.,1.,0.));
#3459=DIRECTION('',(0.,0.,1.));
#3460=DIRECTION('',(0.,0.,1.));
#3461=DIRECTION('',(1.,0.,0.));
#3462=DIRECTION('',(1.,0.,0.));
#3463=DIRECTION('',(0.,1.,0.));
#3464=DIRECTION('',(1.,0.,0.));
#3465=DIRECTION('',(0.,0.,1.));
#3466=DIRECTION('',(1.,0.,0.));
#3467=DIRECTION('',(1.,0.,0.));
#3468=DIRECTION('',(0.,1.,0.));
#3469=DIRECTION('',(1.,0.,0.));
#3470=DIRECTION('',(0.,1.,0.));
#3471=DIRECTION('',(1.,0.,0.));
#3472=DIRECTION('',(0.,0.,-1.));
#3473=DIRECTION('',(0.,0.,-1.));
#3474=DIRECTION('',(0.,1.,0.));
#3475=DIRECTION('',(0.,0.,-1.));
#3476=DIRECTION('',(0.,0.,1.));
#3477=DIRECTION('',(1.,0.,0.));
#3478=DIRECTION('',(1.,0.,0.));
#3479=DIRECTION('',(0.,1.,0.));
#3480=DIRECTION('',(1.,0.,0.));
#3481=DIRECTION('',(1.,0.,-4.02250515970197E-16));
#3482=DIRECTION('',(-4.02250515970197E-16,0.,-1.));
#3483=DIRECTION('',(-4.02250515970197E-16,0.,-1.));
#3484=DIRECTION('',(0.,1.,0.));
#3485=DIRECTION('',(-4.02250515970197E-16,0.,-1.));
#3486=DIRECTION('',(0.,0.,1.));
#3487=DIRECTION('',(1.,0.,0.));
#3488=DIRECTION('',(1.,0.,0.));
#3489=DIRECTION('',(0.,1.,0.));
#3490=DIRECTION('',(1.,0.,0.));
#3491=DIRECTION('',(1.,0.,0.));
#3492=DIRECTION('',(0.,0.,-1.));
#3493=DIRECTION('',(0.,0.,-1.));
#3494=DIRECTION('',(0.,1.,0.));
#3495=DIRECTION('',(0.,0.,-1.));
#3496=DIRECTION('',(0.,0.,-1.));
#3497=DIRECTION('',(-1.,0.,0.));
#3498=DIRECTION('',(-1.,0.,0.));
#3499=DIRECTION('',(0.,1.,0.));
#3500=DIRECTION('',(-1.,0.,0.));
#3501=DIRECTION('',(1.,0.,0.));
#3502=DIRECTION('',(0.,0.,-1.));
#3503=DIRECTION('',(0.,0.,-1.));
#3504=DIRECTION('',(0.,1.,0.));
#3505=DIRECTION('',(0.,0.,-1.));
#3506=DIRECTION('',(0.,0.,-1.));
#3507=DIRECTION('',(-1.,0.,0.));
#3508=DIRECTION('',(-1.,0.,0.));
#3509=DIRECTION('',(0.,1.,0.));
#3510=DIRECTION('',(-1.,0.,0.));
#3511=DIRECTION('',(1.,0.,0.));
#3512=DIRECTION('',(0.,0.,-1.));
#3513=DIRECTION('',(0.,0.,-1.));
#3514=DIRECTION('',(0.,1.,0.));
#3515=DIRECTION('',(0.,0.,-1.));
#3516=DIRECTION('',(0.,0.,1.));
#3517=DIRECTION('',(1.,0.,0.));
#3518=DIRECTION('',(1.,0.,0.));
#3519=DIRECTION('',(0.,1.,0.));
#3520=DIRECTION('',(1.,0.,0.));
#3521=DIRECTION('',(0.,0.,1.));
#3522=DIRECTION('',(1.,0.,0.));
#3523=DIRECTION('',(1.,0.,0.));
#3524=DIRECTION('',(1.,0.,0.));
#3525=DIRECTION('',(-0.711326694185171,0.,0.702861532693031));
#3526=DIRECTION('',(0.702861532693031,0.,0.711326694185171));
#3527=DIRECTION('',(0.702861532693031,0.,0.711326694185171));
#3528=DIRECTION('',(0.702861532693031,0.,0.711326694185171));
#3529=DIRECTION('',(0.,0.,1.));
#3530=DIRECTION('',(1.,0.,0.));
#3531=DIRECTION('',(1.,0.,0.));
#3532=DIRECTION('',(1.,0.,0.));
#3533=DIRECTION('',(-1.,0.,0.));
#3534=DIRECTION('',(0.,0.,1.));
#3535=DIRECTION('',(0.,0.,1.));
#3536=DIRECTION('',(0.,0.,1.));
#3537=DIRECTION('',(-1.,0.,-1.9290498913029E-16));
#3538=DIRECTION('',(-1.9290498913029E-16,0.,1.));
#3539=DIRECTION('',(-1.9290498913029E-16,0.,1.));
#3540=DIRECTION('',(-1.9290498913029E-16,0.,1.));
#3541=DIRECTION('',(-1.,0.,0.));
#3542=DIRECTION('',(0.,0.,1.));
#3543=DIRECTION('',(0.,0.,1.));
#3544=DIRECTION('',(0.,0.,1.));
#3545=DIRECTION('',(1.,0.,0.));
#3546=DIRECTION('',(0.,0.,-1.));
#3547=DIRECTION('',(0.,0.,-1.));
#3548=DIRECTION('',(0.,0.,-1.));
#3549=DIRECTION('',(1.,0.,0.));
#3550=DIRECTION('',(0.,0.,-1.));
#3551=DIRECTION('',(0.,0.,-1.));
#3552=DIRECTION('',(0.,1.,0.));
#3553=DIRECTION('',(0.,0.,-1.));
#3554=DIRECTION('',(0.,-1.,0.));
#3555=DIRECTION('',(0.,-1.,0.));
#3556=DIRECTION('',(1.,0.,0.));
#3557=DIRECTION('',(0.707106781186548,0.,0.707106781186548));
#3558=DIRECTION('',(0.707106781186548,0.,-0.707106781186548));
#3559=DIRECTION('',(-0.70710678118655,0.,-0.707106781186545));
#3560=DIRECTION('',(-0.707106781186548,0.,0.707106781186548));
#3561=DIRECTION('',(0.,-1.,0.));
#3562=DIRECTION('',(1.,0.,0.));
#3563=DIRECTION('',(-0.707106781186548,0.,-0.707106781186548));
#3564=DIRECTION('',(0.707106781186548,0.,-0.707106781186548));
#3565=DIRECTION('',(0.70710678118655,0.,0.707106781186545));
#3566=DIRECTION('',(-0.707106781186548,0.,0.707106781186548));
#3567=DIRECTION('',(0.707106781186548,0.,-0.707106781186548));
#3568=DIRECTION('',(0.,-1.,0.));
#3569=DIRECTION('',(0.707106781186548,0.,0.707106781186548));
#3570=DIRECTION('',(0.,1.,0.));
#3571=DIRECTION('',(-0.707106781186548,0.,-0.707106781186548));
#3572=DIRECTION('',(0.,1.,0.));
#3573=DIRECTION('',(-0.707106781186545,0.,0.70710678118655));
#3574=DIRECTION('',(0.,-1.,0.));
#3575=DIRECTION('',(0.,0.,1.));
#3576=DIRECTION('',(1.,0.,0.));
#3577=DIRECTION('',(0.,0.,-1.));
#3578=DIRECTION('',(-1.,0.,0.));
#3579=DIRECTION('',(-1.,0.,0.));
#3580=DIRECTION('',(0.,1.,0.));
#3581=DIRECTION('',(-1.,0.,0.));
#3582=DIRECTION('',(0.,1.,0.));
#3583=DIRECTION('',(1.,0.,0.));
#3584=DIRECTION('',(0.,0.,-1.));
#3585=DIRECTION('',(0.,0.,-1.));
#3586=DIRECTION('',(0.,1.,0.));
#3587=DIRECTION('',(0.,0.,-1.));
#3588=DIRECTION('',(0.,0.,1.));
#3589=DIRECTION('',(1.,0.,0.));
#3590=DIRECTION('',(1.,0.,0.));
#3591=DIRECTION('',(0.,1.,0.));
#3592=DIRECTION('',(1.,0.,0.));
#3593=DIRECTION('',(1.,0.,0.));
#3594=DIRECTION('',(0.,0.,-1.));
#3595=DIRECTION('',(0.,0.,-1.));
#3596=DIRECTION('',(0.,1.,0.));
#3597=DIRECTION('',(0.,0.,-1.));
#3598=DIRECTION('',(0.,0.,-1.));
#3599=DIRECTION('',(-1.,0.,0.));
#3600=DIRECTION('',(-1.,0.,0.));
#3601=DIRECTION('',(0.,1.,0.));
#3602=DIRECTION('',(-1.,0.,0.));
#3603=DIRECTION('',(1.,0.,0.));
#3604=DIRECTION('',(0.,0.,-1.));
#3605=DIRECTION('',(0.,0.,-1.));
#3606=DIRECTION('',(0.,1.,0.));
#3607=DIRECTION('',(0.,0.,-1.));
#3608=DIRECTION('',(0.,0.,-1.));
#3609=DIRECTION('',(-1.,0.,0.));
#3610=DIRECTION('',(-1.,0.,0.));
#3611=DIRECTION('',(0.,1.,0.));
#3612=DIRECTION('',(-1.,0.,0.));
#3613=DIRECTION('',(1.,0.,0.));
#3614=DIRECTION('',(0.,0.,-1.));
#3615=DIRECTION('',(0.,0.,-1.));
#3616=DIRECTION('',(0.,1.,0.));
#3617=DIRECTION('',(0.,0.,-1.));
#3618=DIRECTION('',(0.,0.,1.));
#3619=DIRECTION('',(1.,0.,0.));
#3620=DIRECTION('',(1.,0.,0.));
#3621=DIRECTION('',(0.,1.,0.));
#3622=DIRECTION('',(1.,0.,0.));
#3623=DIRECTION('',(1.,0.,-5.53124680543337E-16));
#3624=DIRECTION('',(-5.53124680543337E-16,0.,-1.));
#3625=DIRECTION('',(-5.53124680543337E-16,0.,-1.));
#3626=DIRECTION('',(0.,1.,0.));
#3627=DIRECTION('',(-5.53124680543337E-16,0.,-1.));
#3628=DIRECTION('',(0.,0.,-1.));
#3629=DIRECTION('',(-1.,0.,0.));
#3630=DIRECTION('',(-1.,0.,0.));
#3631=DIRECTION('',(0.,1.,0.));
#3632=DIRECTION('',(-1.,0.,0.));
#3633=DIRECTION('',(0.,0.,-1.));
#3634=DIRECTION('',(-1.,0.,0.));
#3635=DIRECTION('',(-1.,0.,0.));
#3636=DIRECTION('',(0.,1.,0.));
#3637=DIRECTION('',(-1.,0.,0.));
#3638=DIRECTION('',(0.,1.,0.));
#3639=DIRECTION('',(1.,0.,2.520702863662E-16));
#3640=DIRECTION('',(2.520702863662E-16,0.,-1.));
#3641=DIRECTION('',(2.520702863662E-16,0.,-1.));
#3642=DIRECTION('',(0.,1.,0.));
#3643=DIRECTION('',(2.520702863662E-16,0.,-1.));
#3644=DIRECTION('',(0.,0.,-1.));
#3645=DIRECTION('',(-1.,0.,0.));
#3646=DIRECTION('',(-1.,0.,0.));
#3647=DIRECTION('',(0.,1.,0.));
#3648=DIRECTION('',(-1.,0.,0.));
#3649=DIRECTION('',(0.,0.,1.));
#3650=DIRECTION('',(1.,0.,0.));
#3651=DIRECTION('',(1.,0.,0.));
#3652=DIRECTION('',(0.,1.,0.));
#3653=DIRECTION('',(1.,0.,0.));
#3654=DIRECTION('',(0.,1.,0.));
#3655=DIRECTION('',(1.,0.,0.));
#3656=DIRECTION('',(0.,0.,-1.));
#3657=DIRECTION('',(0.,0.,-1.));
#3658=DIRECTION('',(0.,1.,0.));
#3659=DIRECTION('',(0.,0.,-1.));
#3660=DIRECTION('',(0.,0.,1.));
#3661=DIRECTION('',(1.,0.,0.));
#3662=DIRECTION('',(1.,0.,0.));
#3663=DIRECTION('',(0.,1.,0.));
#3664=DIRECTION('',(1.,0.,0.));
#3665=DIRECTION('',(1.,0.,0.));
#3666=DIRECTION('',(0.,0.,-1.));
#3667=DIRECTION('',(0.,0.,-1.));
#3668=DIRECTION('',(0.,1.,0.));
#3669=DIRECTION('',(0.,0.,-1.));
#3670=DIRECTION('',(0.,0.,-1.));
#3671=DIRECTION('',(-1.,0.,0.));
#3672=DIRECTION('',(-1.,0.,0.));
#3673=DIRECTION('',(0.,1.,0.));
#3674=DIRECTION('',(-1.,0.,0.));
#3675=DIRECTION('',(1.,0.,0.));
#3676=DIRECTION('',(0.,0.,-1.));
#3677=DIRECTION('',(0.,0.,-1.));
#3678=DIRECTION('',(0.,1.,0.));
#3679=DIRECTION('',(0.,0.,-1.));
#3680=DIRECTION('',(0.,0.,1.));
#3681=DIRECTION('',(1.,0.,0.));
#3682=DIRECTION('',(1.,0.,0.));
#3683=DIRECTION('',(0.,1.,0.));
#3684=DIRECTION('',(1.,0.,0.));
#3685=DIRECTION('',(1.,0.,0.));
#3686=DIRECTION('',(0.,0.,-1.));
#3687=DIRECTION('',(0.,0.,-1.));
#3688=DIRECTION('',(0.,1.,0.));
#3689=DIRECTION('',(0.,0.,-1.));
#3690=DIRECTION('',(0.,0.,-1.));
#3691=DIRECTION('',(-1.,0.,0.));
#3692=DIRECTION('',(-1.,0.,0.));
#3693=DIRECTION('',(0.,1.,0.));
#3694=DIRECTION('',(-1.,0.,0.));
#3695=DIRECTION('',(1.,0.,5.17613437588701E-14));
#3696=DIRECTION('',(5.17613437588701E-14,0.,-1.));
#3697=DIRECTION('',(5.17613437588701E-14,0.,-1.));
#3698=DIRECTION('',(0.,1.,0.));
#3699=DIRECTION('',(5.17613437588701E-14,0.,-1.));
#3700=DIRECTION('',(0.,0.,-1.));
#3701=DIRECTION('',(-1.,0.,0.));
#3702=DIRECTION('',(-1.,0.,0.));
#3703=DIRECTION('',(0.,1.,0.));
#3704=DIRECTION('',(-1.,0.,0.));
#3705=DIRECTION('',(1.,0.,0.));
#3706=DIRECTION('',(0.,0.,-1.));
#3707=DIRECTION('',(0.,0.,-1.));
#3708=DIRECTION('',(0.,1.,0.));
#3709=DIRECTION('',(0.,0.,-1.));
#3710=DIRECTION('',(0.,0.,1.));
#3711=DIRECTION('',(1.,0.,0.));
#3712=DIRECTION('',(1.,0.,0.));
#3713=DIRECTION('',(0.,1.,0.));
#3714=DIRECTION('',(1.,0.,0.));
#3715=DIRECTION('',(1.,0.,0.));
#3716=DIRECTION('',(0.,0.,-1.));
#3717=DIRECTION('',(0.,0.,-1.));
#3718=DIRECTION('',(0.,1.,0.));
#3719=DIRECTION('',(0.,0.,-1.));
#3720=DIRECTION('',(0.,0.,1.));
#3721=DIRECTION('',(1.,0.,0.));
#3722=DIRECTION('',(1.,0.,0.));
#3723=DIRECTION('',(0.,1.,0.));
#3724=DIRECTION('',(1.,0.,0.));
#3725=DIRECTION('',(1.,0.,0.));
#3726=DIRECTION('',(0.,0.,-1.));
#3727=DIRECTION('',(0.,0.,-1.));
#3728=DIRECTION('',(0.,1.,0.));
#3729=DIRECTION('',(0.,0.,-1.));
#3730=DIRECTION('',(0.,0.,1.));
#3731=DIRECTION('',(1.,0.,0.));
#3732=DIRECTION('',(1.,0.,0.));
#3733=DIRECTION('',(0.,1.,0.));
#3734=DIRECTION('',(1.,0.,0.));
#3735=DIRECTION('',(1.,0.,0.));
#3736=DIRECTION('',(0.,0.,-1.));
#3737=DIRECTION('',(0.,0.,-1.));
#3738=DIRECTION('',(0.,1.,0.));
#3739=DIRECTION('',(0.,0.,-1.));
#3740=DIRECTION('',(0.,0.,-1.));
#3741=DIRECTION('',(-1.,0.,0.));
#3742=DIRECTION('',(-1.,0.,0.));
#3743=DIRECTION('',(0.,1.,0.));
#3744=DIRECTION('',(-1.,0.,0.));
#3745=DIRECTION('',(1.,0.,0.));
#3746=DIRECTION('',(0.,0.,-1.));
#3747=DIRECTION('',(0.,0.,-1.));
#3748=DIRECTION('',(0.,1.,0.));
#3749=DIRECTION('',(0.,0.,-1.));
#3750=DIRECTION('',(0.,0.,1.));
#3751=DIRECTION('',(1.,0.,0.));
#3752=DIRECTION('',(1.,0.,0.));
#3753=DIRECTION('',(0.,1.,0.));
#3754=DIRECTION('',(1.,0.,0.));
#3755=DIRECTION('',(1.,0.,0.));
#3756=DIRECTION('',(0.,0.,-1.));
#3757=DIRECTION('',(0.,0.,-1.));
#3758=DIRECTION('',(0.,1.,0.));
#3759=DIRECTION('',(0.,0.,-1.));
#3760=DIRECTION('',(0.,0.,-1.));
#3761=DIRECTION('',(-1.,0.,0.));
#3762=DIRECTION('',(-1.,0.,0.));
#3763=DIRECTION('',(0.,1.,0.));
#3764=DIRECTION('',(-1.,0.,0.));
#3765=DIRECTION('',(1.,0.,0.));
#3766=DIRECTION('',(0.,0.,-1.));
#3767=DIRECTION('',(0.,0.,-1.));
#3768=DIRECTION('',(0.,1.,0.));
#3769=DIRECTION('',(0.,0.,-1.));
#3770=DIRECTION('',(0.,1.,0.));
#3771=DIRECTION('',(0.,0.,1.));
#3772=DIRECTION('',(1.,0.,0.));
#3773=DIRECTION('',(1.,0.,0.));
#3774=DIRECTION('',(0.,1.,0.));
#3775=DIRECTION('',(1.,0.,0.));
#3776=DIRECTION('',(1.,0.,0.));
#3777=DIRECTION('',(0.,0.,-1.));
#3778=DIRECTION('',(0.,0.,-1.));
#3779=DIRECTION('',(0.,1.,0.));
#3780=DIRECTION('',(0.,0.,-1.));
#3781=DIRECTION('',(1.,0.,0.));
#3782=DIRECTION('',(0.,0.,-1.));
#3783=DIRECTION('',(0.,0.,-1.));
#3784=DIRECTION('',(0.,1.,0.));
#3785=DIRECTION('',(0.,0.,-1.));
#3786=DIRECTION('',(0.,-1.,0.));
#3787=DIRECTION('',(0.,0.,-1.));
#3788=DIRECTION('',(-1.,0.,0.));
#3789=DIRECTION('',(-1.,0.,0.));
#3790=DIRECTION('',(0.,-1.,0.));
#3791=DIRECTION('',(-1.,0.,0.));
#3792=DIRECTION('',(0.,1.,0.));
#3793=DIRECTION('',(1.,0.,3.09082133804331E-16));
#3794=DIRECTION('',(3.09082133804331E-16,0.,-1.));
#3795=DIRECTION('',(3.09082133804331E-16,0.,-1.));
#3796=DIRECTION('',(0.,-1.,0.));
#3797=DIRECTION('',(3.09082133804331E-16,0.,-1.));
#3798=DIRECTION('',(0.,1.,0.));
#3799=DIRECTION('',(1.,0.,5.041405727324E-16));
#3800=DIRECTION('',(5.041405727324E-16,0.,-1.));
#3801=DIRECTION('',(5.041405727324E-16,0.,-1.));
#3802=DIRECTION('',(5.041405727324E-16,0.,-1.));
#3803=DIRECTION('',(1.,0.,0.));
#3804=DIRECTION('',(0.,0.,-1.));
#3805=DIRECTION('',(0.,0.,-1.));
#3806=DIRECTION('',(0.,0.,-1.));
#3807=DIRECTION('',(-6.33688940996094E-16,0.,1.));
#3808=DIRECTION('',(1.,0.,6.33688940996094E-16));
#3809=DIRECTION('',(1.,0.,6.33688940996094E-16));
#3810=DIRECTION('',(1.,0.,6.33688940996094E-16));
#3811=DIRECTION('',(1.28736436065069E-16,0.,-1.));
#3812=DIRECTION('',(-1.,0.,-1.28736436065069E-16));
#3813=DIRECTION('',(-1.,0.,-1.28736436065069E-16));
#3814=DIRECTION('',(0.,1.,0.));
#3815=DIRECTION('',(-1.,0.,-1.28736436065069E-16));
#3816=DIRECTION('',(0.,-1.,0.));
#3817=DIRECTION('',(1.,0.,0.));
#3818=DIRECTION('',(0.,0.,-1.));
#3819=DIRECTION('',(0.,0.,-1.));
#3820=DIRECTION('',(0.,0.,-1.));
#3821=DIRECTION('',(0.,-1.,0.));
#3822=DIRECTION('',(1.,0.,0.));
#3823=DIRECTION('',(0.707106781186548,0.,-0.707106781186548));
#3824=DIRECTION('',(-0.707106781186553,0.,-0.707106781186543));
#3825=DIRECTION('',(-0.707106781186548,0.,0.707106781186548));
#3826=DIRECTION('',(0.707106781186538,0.,0.707106781186557));
#3827=DIRECTION('',(0.,-1.,0.));
#3828=DIRECTION('',(1.,0.,0.));
#3829=DIRECTION('',(-0.707106781186548,0.,0.707106781186548));
#3830=DIRECTION('',(-0.707106781186538,0.,-0.707106781186557));
#3831=DIRECTION('',(0.707106781186548,0.,-0.707106781186548));
#3832=DIRECTION('',(0.707106781186553,0.,0.707106781186543));
#3833=DIRECTION('',(-0.707106781186548,0.,-0.707106781186548));
#3834=DIRECTION('',(0.,-1.,0.));
#3835=DIRECTION('',(-0.707106781186543,0.,0.707106781186552));
#3836=DIRECTION('',(0.,1.,0.));
#3837=DIRECTION('',(0.707106781186557,0.,-0.707106781186538));
#3838=DIRECTION('',(0.,1.,0.));
#3839=DIRECTION('',(0.707106781186548,0.,0.707106781186548));
#3840=DIRECTION('',(0.,-1.,0.));
#3841=CARTESIAN_POINT('',(0.,0.,0.));
#3842=CARTESIAN_POINT('',(6.93889390390723E-18,-0.003,0.0928));
#3843=CARTESIAN_POINT('',(6.93889390390723E-18,-0.003,0.0928));
#3844=CARTESIAN_POINT('',(-0.053,-0.003,0.0928));
#3845=CARTESIAN_POINT('',(0.053,-0.003,0.0928));
#3846=CARTESIAN_POINT('',(0.053,-0.003,0.0928));
#3847=CARTESIAN_POINT('',(0.053,0.,0.0928));
#3848=CARTESIAN_POINT('',(6.93889390390723E-18,0.,0.0928));
#3849=CARTESIAN_POINT('',(-0.053,0.,0.0928));
#3850=CARTESIAN_POINT('',(-0.053,-0.003,0.0928));
#3851=CARTESIAN_POINT('',(-0.054,-0.003,0.0479));
#3852=CARTESIAN_POINT('',(-0.054,0.,0.0479));
#3853=CARTESIAN_POINT('',(-0.054,0.,0.0918));
#3854=CARTESIAN_POINT('',(-0.054,0.,0.004));
#3855=CARTESIAN_POINT('',(-0.054,-0.003,0.004));
#3856=CARTESIAN_POINT('',(-0.054,-0.003,0.004));
#3857=CARTESIAN_POINT('',(-0.054,-0.003,0.0479));
#3858=CARTESIAN_POINT('',(-0.054,-0.003,0.0918));
#3859=CARTESIAN_POINT('',(-0.054,0.,0.0918));
#3860=CARTESIAN_POINT('',(0.,-0.003,0.003));
#3861=CARTESIAN_POINT('',(0.,0.,0.003));
#3862=CARTESIAN_POINT('',(-0.053,0.,0.003));
#3863=CARTESIAN_POINT('',(0.053,0.,0.003));
#3864=CARTESIAN_POINT('',(0.053,-0.003,0.003));
#3865=CARTESIAN_POINT('',(0.053,-0.003,0.003));
#3866=CARTESIAN_POINT('',(0.,-0.003,0.003));
#3867=CARTESIAN_POINT('',(-0.053,-0.003,0.003));
#3868=CARTESIAN_POINT('',(-0.053,-0.003,0.003));
#3869=CARTESIAN_POINT('',(-0.0485330112278462,-0.003,0.0221172701567411));
#3870=CARTESIAN_POINT('',(-0.0485330112278462,0.,0.0221172701567411));
#3871=CARTESIAN_POINT('',(-0.0485330112278462,0.,0.0276255551725626));
#3872=CARTESIAN_POINT('',(-0.0485330112278462,0.,0.0166089851409197));
#3873=CARTESIAN_POINT('',(-0.0485330112278462,-0.003,0.0276255551725626));
#3874=CARTESIAN_POINT('',(-0.0485330112278462,-0.003,0.0276255551725626));
#3875=CARTESIAN_POINT('',(-0.0485330112278462,-0.003,0.0221172701567411));
#3876=CARTESIAN_POINT('',(-0.0485330112278462,-0.003,0.0166089851409197));
#3877=CARTESIAN_POINT('',(-0.0485330112278462,-0.003,0.0166089851409197));
#3878=CARTESIAN_POINT('',(-0.0440104896199894,-0.003,0.0276255551725626));
#3879=CARTESIAN_POINT('',(-0.0440104896199894,0.,0.0276255551725626));
#3880=CARTESIAN_POINT('',(-0.0394879680121327,0.,0.0276255551725626));
#3881=CARTESIAN_POINT('',(-0.0394879680121327,-0.003,0.0276255551725626));
#3882=CARTESIAN_POINT('',(-0.0394879680121327,-0.003,0.0276255551725626));
#3883=CARTESIAN_POINT('',(-0.0440104896199894,-0.003,0.0276255551725626));
#3884=CARTESIAN_POINT('',(-0.0394879680121327,-0.003,0.0221172701567411));
#3885=CARTESIAN_POINT('',(-0.0394879680121327,0.,0.0221172701567411));
#3886=CARTESIAN_POINT('',(-0.0394879680121327,0.,0.0166089851409197));
#3887=CARTESIAN_POINT('',(-0.0394879680121327,-0.003,0.0166089851409197));
#3888=CARTESIAN_POINT('',(-0.0394879680121327,-0.003,0.0166089851409197));
#3889=CARTESIAN_POINT('',(-0.0394879680121327,-0.003,0.0221172701567411));
#3890=CARTESIAN_POINT('',(0.0433898530900479,-0.003,0.0166089851409197));
#3891=CARTESIAN_POINT('',(0.0433898530900479,0.,0.0166089851409197));
#3892=CARTESIAN_POINT('',(0.0392075628042221,0.,0.0166089851409197));
#3893=CARTESIAN_POINT('',(0.0447839498519898,0.,0.0166089851409197));
#3894=CARTESIAN_POINT('',(0.0392075628042221,-0.003,0.0166089851409197));
#3895=CARTESIAN_POINT('',(0.0392075628042221,-0.003,0.0166089851409197));
#3896=CARTESIAN_POINT('',(0.0433898530900479,-0.003,0.0166089851409197));
#3897=CARTESIAN_POINT('',(0.0447839498519898,-0.003,0.0166089851409197));
#3898=CARTESIAN_POINT('',(0.0447839498519898,-0.003,0.0166089851409197));
#3899=CARTESIAN_POINT('',(0.038716223090887,-0.003,0.0171062424778939));
#3900=CARTESIAN_POINT('',(0.038716223090887,0.,0.0171062424778939));
#3901=CARTESIAN_POINT('',(0.038224883377552,0.,0.0176034998148679));
#3902=CARTESIAN_POINT('',(0.038224883377552,-0.003,0.0176034998148679));
#3903=CARTESIAN_POINT('',(0.038224883377552,-0.003,0.0176034998148679));
#3904=CARTESIAN_POINT('',(0.038716223090887,-0.003,0.0171062424778939));
#3905=CARTESIAN_POINT('',(0.038224883377552,-0.003,0.0183493867516518));
#3906=CARTESIAN_POINT('',(0.038224883377552,0.,0.0183493867516518));
#3907=CARTESIAN_POINT('',(0.038224883377552,0.,0.0190952736884356));
#3908=CARTESIAN_POINT('',(0.038224883377552,-0.003,0.0190952736884356));
#3909=CARTESIAN_POINT('',(0.038224883377552,-0.003,0.0190952736884356));
#3910=CARTESIAN_POINT('',(0.038224883377552,-0.003,0.0183493867516518));
#3911=CARTESIAN_POINT('',(0.040110319852829,-0.003,0.0190952736884356));
#3912=CARTESIAN_POINT('',(0.040110319852829,0.,0.0190952736884356));
#3913=CARTESIAN_POINT('',(0.0457666292786598,0.,0.0190952736884356));
#3914=CARTESIAN_POINT('',(0.0457666292786598,-0.003,0.0190952736884356));
#3915=CARTESIAN_POINT('',(0.0457666292786598,-0.003,0.0190952736884356));
#3916=CARTESIAN_POINT('',(0.040110319852829,-0.003,0.0190952736884356));
#3917=CARTESIAN_POINT('',(0.0457666292786598,-0.003,0.0183493867516518));
#3918=CARTESIAN_POINT('',(0.0457666292786598,0.,0.0183493867516518));
#3919=CARTESIAN_POINT('',(0.0457666292786598,0.,0.0176034998148679));
#3920=CARTESIAN_POINT('',(0.0457666292786598,-0.003,0.0176034998148679));
#3921=CARTESIAN_POINT('',(0.0457666292786598,-0.003,0.0176034998148679));
#3922=CARTESIAN_POINT('',(0.0457666292786598,-0.003,0.0183493867516518));
#3923=CARTESIAN_POINT('',(-0.044,-0.003,0.0678));
#3924=CARTESIAN_POINT('',(-0.044,0.,0.0678));
#3925=CARTESIAN_POINT('',(-0.044,0.,0.0778));
#3926=CARTESIAN_POINT('',(-0.044,0.,0.0578));
#3927=CARTESIAN_POINT('',(-0.044,-0.003,0.0778));
#3928=CARTESIAN_POINT('',(-0.044,-0.003,0.0778));
#3929=CARTESIAN_POINT('',(-0.044,-0.003,0.0678));
#3930=CARTESIAN_POINT('',(-0.044,-0.003,0.0578));
#3931=CARTESIAN_POINT('',(-0.044,-0.003,0.0578));
#3932=CARTESIAN_POINT('',(0.,-0.003,0.0778));
#3933=CARTESIAN_POINT('',(0.,0.,0.0778));
#3934=CARTESIAN_POINT('',(0.044,0.,0.0778));
#3935=CARTESIAN_POINT('',(0.044,-0.003,0.0778));
#3936=CARTESIAN_POINT('',(0.044,-0.003,0.0778));
#3937=CARTESIAN_POINT('',(0.,-0.003,0.0778));
#3938=CARTESIAN_POINT('',(0.044,-0.003,0.0678));
#3939=CARTESIAN_POINT('',(0.044,0.,0.0678));
#3940=CARTESIAN_POINT('',(0.044,0.,0.0578));
#3941=CARTESIAN_POINT('',(0.044,-0.003,0.0578));
#3942=CARTESIAN_POINT('',(0.044,-0.003,0.0578));
#3943=CARTESIAN_POINT('',(0.044,-0.003,0.0678));
#3944=CARTESIAN_POINT('',(0.0269374754279852,-0.003,0.0166089851409197));
#3945=CARTESIAN_POINT('',(0.0269374754279852,0.,0.0166089851409197));
#3946=CARTESIAN_POINT('',(0.0189144238829612,0.,0.0166089851409197));
#3947=CARTESIAN_POINT('',(0.0349605269730091,0.,0.0166089851409197));
#3948=CARTESIAN_POINT('',(0.0189144238829612,-0.003,0.0166089851409197));
#3949=CARTESIAN_POINT('',(0.0189144238829612,-0.003,0.0166089851409197));
#3950=CARTESIAN_POINT('',(0.0269374754279852,-0.003,0.0166089851409197));
#3951=CARTESIAN_POINT('',(0.0349605269730091,-0.003,0.0166089851409197));
#3952=CARTESIAN_POINT('',(0.0349605269730091,-0.003,0.0166089851409197));
#3953=CARTESIAN_POINT('',(0.0189144238829612,-0.003,0.0234372420236468));
#3954=CARTESIAN_POINT('',(0.0189144238829612,0.,0.0234372420236468));
#3955=CARTESIAN_POINT('',(0.0189144238829612,0.,0.030265498906374));
#3956=CARTESIAN_POINT('',(0.0189144238829612,-0.003,0.030265498906374));
#3957=CARTESIAN_POINT('',(0.0189144238829612,-0.003,0.030265498906374));
#3958=CARTESIAN_POINT('',(0.0189144238829612,-0.003,0.0234372420236468));
#3959=CARTESIAN_POINT('',(0.0269374754279852,-0.003,0.030265498906374));
#3960=CARTESIAN_POINT('',(0.0269374754279852,0.,0.030265498906374));
#3961=CARTESIAN_POINT('',(0.0349605269730091,0.,0.030265498906374));
#3962=CARTESIAN_POINT('',(0.0349605269730091,-0.003,0.030265498906374));
#3963=CARTESIAN_POINT('',(0.0349605269730091,-0.003,0.030265498906374));
#3964=CARTESIAN_POINT('',(0.0269374754279852,-0.003,0.030265498906374));
#3965=CARTESIAN_POINT('',(0.00254090141896481,-0.003,0.0271952822804451));
#3966=CARTESIAN_POINT('',(0.00254090141896481,0.,0.0271952822804451));
#3967=CARTESIAN_POINT('',(0.00302021487658235,0.,0.0271952822804451));
#3968=CARTESIAN_POINT('',(0.00206158796134728,0.,0.0271952822804451));
#3969=CARTESIAN_POINT('',(0.00206158796134728,-0.003,0.0271952822804451));
#3970=CARTESIAN_POINT('',(0.00206158796134728,-0.003,0.0271952822804451));
#3971=CARTESIAN_POINT('',(0.00254090141896481,-0.003,0.0271952822804451));
#3972=CARTESIAN_POINT('',(0.00302021487658235,-0.003,0.0271952822804451));
#3973=CARTESIAN_POINT('',(0.00302021487658235,-0.003,0.0271952822804451));
#3974=CARTESIAN_POINT('',(0.00206158796134727,-0.003,0.0291935428977012));
#3975=CARTESIAN_POINT('',(0.00206158796134727,0.,0.0291935428977012));
#3976=CARTESIAN_POINT('',(0.00206158796134727,0.,0.0311918035149574));
#3977=CARTESIAN_POINT('',(0.00206158796134727,-0.003,0.0311918035149574));
#3978=CARTESIAN_POINT('',(0.00206158796134727,-0.003,0.0311918035149574));
#3979=CARTESIAN_POINT('',(0.00206158796134727,-0.003,0.0291935428977012));
#3980=CARTESIAN_POINT('',(0.00254090141896481,-0.003,0.0311918035149574));
#3981=CARTESIAN_POINT('',(0.00254090141896481,0.,0.0311918035149574));
#3982=CARTESIAN_POINT('',(0.00302021487658235,0.,0.0311918035149574));
#3983=CARTESIAN_POINT('',(0.00302021487658235,-0.003,0.0311918035149574));
#3984=CARTESIAN_POINT('',(0.00302021487658235,-0.003,0.0311918035149574));
#3985=CARTESIAN_POINT('',(0.00254090141896481,-0.003,0.0311918035149574));
#3986=CARTESIAN_POINT('',(0.00302021487658235,-0.003,0.0316381389275193));
#3987=CARTESIAN_POINT('',(0.00302021487658235,0.,0.0316381389275193));
#3988=CARTESIAN_POINT('',(0.00302021487658235,0.,0.0320844743400812));
#3989=CARTESIAN_POINT('',(0.00302021487658235,-0.003,0.0320844743400812));
#3990=CARTESIAN_POINT('',(0.00302021487658235,-0.003,0.0320844743400812));
#3991=CARTESIAN_POINT('',(0.00302021487658235,-0.003,0.0316381389275193));
#3992=CARTESIAN_POINT('',(0.00349733236288041,-0.003,0.0320844743400812));
#3993=CARTESIAN_POINT('',(0.00349733236288041,0.,0.0320844743400812));
#3994=CARTESIAN_POINT('',(0.00397444984917846,0.,0.0320844743400812));
#3995=CARTESIAN_POINT('',(0.00397444984917846,-0.003,0.0320844743400812));
#3996=CARTESIAN_POINT('',(0.00397444984917846,-0.003,0.0320844743400812));
#3997=CARTESIAN_POINT('',(0.00349733236288041,-0.003,0.0320844743400812));
#3998=CARTESIAN_POINT('',(0.00397444984917846,-0.003,0.0325386504712084));
#3999=CARTESIAN_POINT('',(0.00397444984917846,0.,0.0325386504712084));
#4000=CARTESIAN_POINT('',(0.00397444984917846,0.,0.0329928266023355));
#4001=CARTESIAN_POINT('',(0.00397444984917846,-0.003,0.0329928266023355));
#4002=CARTESIAN_POINT('',(0.00397444984917846,-0.003,0.0329928266023355));
#4003=CARTESIAN_POINT('',(0.00397444984917846,-0.003,0.0325386504712084));
#4004=CARTESIAN_POINT('',(0.00961014301143587,-0.003,0.0329928266023355));
#4005=CARTESIAN_POINT('',(0.00961014301143587,0.,0.0329928266023355));
#4006=CARTESIAN_POINT('',(0.0152458361736933,0.,0.0329928266023355));
#4007=CARTESIAN_POINT('',(0.0152458361736933,-0.003,0.0329928266023355));
#4008=CARTESIAN_POINT('',(0.0152458361736933,-0.003,0.0329928266023355));
#4009=CARTESIAN_POINT('',(0.00961014301143587,-0.003,0.0329928266023355));
#4010=CARTESIAN_POINT('',(0.0152458361736933,-0.003,0.0325386504712084));
#4011=CARTESIAN_POINT('',(0.0152458361736933,0.,0.0325386504712084));
#4012=CARTESIAN_POINT('',(0.0152458361736933,0.,0.0320844743400812));
#4013=CARTESIAN_POINT('',(0.0152458361736933,-0.003,0.0320844743400812));
#4014=CARTESIAN_POINT('',(0.0152458361736933,-0.003,0.0320844743400812));
#4015=CARTESIAN_POINT('',(0.0152458361736933,-0.003,0.0325386504712084));
#4016=CARTESIAN_POINT('',(0.0157229536599914,-0.003,0.0320844743400812));
#4017=CARTESIAN_POINT('',(0.0157229536599914,0.,0.0320844743400812));
#4018=CARTESIAN_POINT('',(0.0162000711462894,0.,0.0320844743400812));
#4019=CARTESIAN_POINT('',(0.0162000711462894,-0.003,0.0320844743400812));
#4020=CARTESIAN_POINT('',(0.0162000711462894,-0.003,0.0320844743400812));
#4021=CARTESIAN_POINT('',(0.0157229536599914,-0.003,0.0320844743400812));
#4022=CARTESIAN_POINT('',(0.0162000711462894,-0.003,0.0316381389275193));
#4023=CARTESIAN_POINT('',(0.0162000711462894,0.,0.0316381389275193));
#4024=CARTESIAN_POINT('',(0.0162000711462894,0.,0.0311918035149574));
#4025=CARTESIAN_POINT('',(0.0162000711462894,-0.003,0.0311918035149574));
#4026=CARTESIAN_POINT('',(0.0162000711462894,-0.003,0.0311918035149574));
#4027=CARTESIAN_POINT('',(0.0162000711462894,-0.003,0.0316381389275193));
#4028=CARTESIAN_POINT('',(0.0166793846039069,-0.003,0.0311918035149574));
#4029=CARTESIAN_POINT('',(0.0166793846039069,0.,0.0311918035149574));
#4030=CARTESIAN_POINT('',(0.0171586980615245,0.,0.0311918035149574));
#4031=CARTESIAN_POINT('',(0.0171586980615245,-0.003,0.0311918035149574));
#4032=CARTESIAN_POINT('',(0.0171586980615245,-0.003,0.0311918035149574));
#4033=CARTESIAN_POINT('',(0.0166793846039069,-0.003,0.0311918035149574));
#4034=CARTESIAN_POINT('',(0.0171586980615245,-0.003,0.0291935428977013));
#4035=CARTESIAN_POINT('',(0.0171586980615245,0.,0.0291935428977013));
#4036=CARTESIAN_POINT('',(0.0171586980615245,0.,0.0271952822804451));
#4037=CARTESIAN_POINT('',(0.0171586980615245,-0.003,0.0271952822804451));
#4038=CARTESIAN_POINT('',(0.0171586980615245,-0.003,0.0271952822804451));
#4039=CARTESIAN_POINT('',(0.0171586980615245,-0.003,0.0291935428977013));
#4040=CARTESIAN_POINT('',(0.016679384603907,-0.003,0.0271952822804451));
#4041=CARTESIAN_POINT('',(0.016679384603907,0.,0.0271952822804451));
#4042=CARTESIAN_POINT('',(0.0162000711462894,0.,0.0271952822804451));
#4043=CARTESIAN_POINT('',(0.0162000711462894,-0.003,0.0271952822804451));
#4044=CARTESIAN_POINT('',(0.0162000711462894,-0.003,0.0271952822804451));
#4045=CARTESIAN_POINT('',(0.016679384603907,-0.003,0.0271952822804451));
#4046=CARTESIAN_POINT('',(0.0162000711462894,-0.003,0.0249471244129402));
#4047=CARTESIAN_POINT('',(0.0162000711462894,0.,0.0249471244129402));
#4048=CARTESIAN_POINT('',(0.0162000711462894,0.,0.0226989665454354));
#4049=CARTESIAN_POINT('',(0.0162000711462894,-0.003,0.0226989665454354));
#4050=CARTESIAN_POINT('',(0.0162000711462894,-0.003,0.0226989665454354));
#4051=CARTESIAN_POINT('',(0.0162000711462894,-0.003,0.0249471244129402));
#4052=CARTESIAN_POINT('',(0.0166793846039069,-0.003,0.0226989665454354));
#4053=CARTESIAN_POINT('',(0.0166793846039069,0.,0.0226989665454354));
#4054=CARTESIAN_POINT('',(0.0171586980615245,0.,0.0226989665454354));
#4055=CARTESIAN_POINT('',(0.0171586980615245,-0.003,0.0226989665454354));
#4056=CARTESIAN_POINT('',(0.0171586980615245,-0.003,0.0226989665454354));
#4057=CARTESIAN_POINT('',(0.0166793846039069,-0.003,0.0226989665454354));
#4058=CARTESIAN_POINT('',(0.0171586980615245,-0.003,0.0206615886378152));
#4059=CARTESIAN_POINT('',(0.0171586980615245,0.,0.0206615886378152));
#4060=CARTESIAN_POINT('',(0.0171586980615245,0.,0.018624210730195));
#4061=CARTESIAN_POINT('',(0.0171586980615245,-0.003,0.018624210730195));
#4062=CARTESIAN_POINT('',(0.0171586980615245,-0.003,0.018624210730195));
#4063=CARTESIAN_POINT('',(0.0171586980615245,-0.003,0.0206615886378152));
#4064=CARTESIAN_POINT('',(0.016679384603907,-0.003,0.018624210730195));
#4065=CARTESIAN_POINT('',(0.016679384603907,0.,0.018624210730195));
#4066=CARTESIAN_POINT('',(0.0162000711462894,0.,0.018624210730195));
#4067=CARTESIAN_POINT('',(0.0162000711462894,-0.003,0.018624210730195));
#4068=CARTESIAN_POINT('',(0.0162000711462894,-0.003,0.018624210730195));
#4069=CARTESIAN_POINT('',(0.016679384603907,-0.003,0.018624210730195));
#4070=CARTESIAN_POINT('',(0.0162000711462894,-0.003,0.0176165979355573));
#4071=CARTESIAN_POINT('',(0.0162000711462894,0.,0.0176165979355573));
#4072=CARTESIAN_POINT('',(0.0162000711462894,0.,0.0166089851409197));
#4073=CARTESIAN_POINT('',(0.0162000711462894,-0.003,0.0166089851409197));
#4074=CARTESIAN_POINT('',(0.0162000711462894,-0.003,0.0166089851409197));
#4075=CARTESIAN_POINT('',(0.0162000711462894,-0.003,0.0176165979355573));
#4076=CARTESIAN_POINT('',(0.00961014301143587,-0.003,0.0166089851409197));
#4077=CARTESIAN_POINT('',(0.00961014301143587,0.,0.0166089851409197));
#4078=CARTESIAN_POINT('',(0.00302021487658235,0.,0.0166089851409197));
#4079=CARTESIAN_POINT('',(0.00302021487658235,-0.003,0.0166089851409197));
#4080=CARTESIAN_POINT('',(0.00302021487658235,-0.003,0.0166089851409197));
#4081=CARTESIAN_POINT('',(0.00961014301143587,-0.003,0.0166089851409197));
#4082=CARTESIAN_POINT('',(0.00302021487658235,-0.003,0.0176165979355573));
#4083=CARTESIAN_POINT('',(0.00302021487658235,0.,0.0176165979355573));
#4084=CARTESIAN_POINT('',(0.00302021487658235,0.,0.018624210730195));
#4085=CARTESIAN_POINT('',(0.00302021487658235,-0.003,0.018624210730195));
#4086=CARTESIAN_POINT('',(0.00302021487658235,-0.003,0.018624210730195));
#4087=CARTESIAN_POINT('',(0.00302021487658235,-0.003,0.0176165979355573));
#4088=CARTESIAN_POINT('',(0.00254090141896482,-0.003,0.018624210730195));
#4089=CARTESIAN_POINT('',(0.00254090141896482,0.,0.018624210730195));
#4090=CARTESIAN_POINT('',(0.00206158796134728,0.,0.018624210730195));
#4091=CARTESIAN_POINT('',(0.00206158796134728,-0.003,0.018624210730195));
#4092=CARTESIAN_POINT('',(0.00206158796134728,-0.003,0.018624210730195));
#4093=CARTESIAN_POINT('',(0.00254090141896482,-0.003,0.018624210730195));
#4094=CARTESIAN_POINT('',(0.00206158796134728,-0.003,0.0206615886378152));
#4095=CARTESIAN_POINT('',(0.00206158796134728,0.,0.0206615886378152));
#4096=CARTESIAN_POINT('',(0.00206158796134728,0.,0.0226989665454354));
#4097=CARTESIAN_POINT('',(0.00206158796134728,-0.003,0.0226989665454354));
#4098=CARTESIAN_POINT('',(0.00206158796134728,-0.003,0.0226989665454354));
#4099=CARTESIAN_POINT('',(0.00206158796134728,-0.003,0.0206615886378152));
#4100=CARTESIAN_POINT('',(0.00254090141896482,-0.003,0.0226989665454354));
#4101=CARTESIAN_POINT('',(0.00254090141896482,0.,0.0226989665454354));
#4102=CARTESIAN_POINT('',(0.00302021487658235,0.,0.0226989665454354));
#4103=CARTESIAN_POINT('',(0.00302021487658235,-0.003,0.0226989665454354));
#4104=CARTESIAN_POINT('',(0.00302021487658235,-0.003,0.0226989665454354));
#4105=CARTESIAN_POINT('',(0.00254090141896482,-0.003,0.0226989665454354));
#4106=CARTESIAN_POINT('',(-0.01447880150274,-0.003,0.0271952804177999));
#4107=CARTESIAN_POINT('',(-0.01447880150274,0.,0.0271952804177999));
#4108=CARTESIAN_POINT('',(-0.0139994880451226,0.,0.0271952804177999));
#4109=CARTESIAN_POINT('',(-0.0149581149603575,0.,0.0271952804177999));
#4110=CARTESIAN_POINT('',(-0.0149581149603575,-0.003,0.0271952804177999));
#4111=CARTESIAN_POINT('',(-0.0149581149603575,-0.003,0.0271952804177999));
#4112=CARTESIAN_POINT('',(-0.01447880150274,-0.003,0.0271952804177999));
#4113=CARTESIAN_POINT('',(-0.0139994880451226,-0.003,0.0271952804177999));
#4114=CARTESIAN_POINT('',(-0.0139994880451226,-0.003,0.0271952804177999));
#4115=CARTESIAN_POINT('',(-0.0149581149603575,-0.003,0.0291935410350561));
#4116=CARTESIAN_POINT('',(-0.0149581149603575,0.,0.0291935410350561));
#4117=CARTESIAN_POINT('',(-0.0149581149603575,0.,0.0311918016523123));
#4118=CARTESIAN_POINT('',(-0.0149581149603575,-0.003,0.0311918016523123));
#4119=CARTESIAN_POINT('',(-0.0149581149603575,-0.003,0.0311918016523123));
#4120=CARTESIAN_POINT('',(-0.0149581149603575,-0.003,0.0291935410350561));
#4121=CARTESIAN_POINT('',(-0.01447880150274,-0.003,0.0311918016523123));
#4122=CARTESIAN_POINT('',(-0.01447880150274,0.,0.0311918016523123));
#4123=CARTESIAN_POINT('',(-0.0139994880451226,0.,0.0311918016523123));
#4124=CARTESIAN_POINT('',(-0.0139994880451226,-0.003,0.0311918016523123));
#4125=CARTESIAN_POINT('',(-0.0139994880451226,-0.003,0.0311918016523123));
#4126=CARTESIAN_POINT('',(-0.01447880150274,-0.003,0.0311918016523123));
#4127=CARTESIAN_POINT('',(-0.0139994880451226,-0.003,0.0316381370648741));
#4128=CARTESIAN_POINT('',(-0.0139994880451226,0.,0.0316381370648741));
#4129=CARTESIAN_POINT('',(-0.0139994880451226,0.,0.0320844724774361));
#4130=CARTESIAN_POINT('',(-0.0139994880451226,-0.003,0.0320844724774361));
#4131=CARTESIAN_POINT('',(-0.0139994880451226,-0.003,0.0320844724774361));
#4132=CARTESIAN_POINT('',(-0.0139994880451226,-0.003,0.0316381370648741));
#4133=CARTESIAN_POINT('',(-0.0135223705588245,-0.003,0.0320844724774361));
#4134=CARTESIAN_POINT('',(-0.0135223705588245,0.,0.0320844724774361));
#4135=CARTESIAN_POINT('',(-0.0130452530725265,0.,0.0320844724774361));
#4136=CARTESIAN_POINT('',(-0.0130452530725265,-0.003,0.0320844724774361));
#4137=CARTESIAN_POINT('',(-0.0130452530725265,-0.003,0.0320844724774361));
#4138=CARTESIAN_POINT('',(-0.0135223705588245,-0.003,0.0320844724774361));
#4139=CARTESIAN_POINT('',(-0.0130452530725265,-0.003,0.0325386486085632));
#4140=CARTESIAN_POINT('',(-0.0130452530725265,0.,0.0325386486085632));
#4141=CARTESIAN_POINT('',(-0.0130452530725265,0.,0.0329928247396904));
#4142=CARTESIAN_POINT('',(-0.0130452530725265,-0.003,0.0329928247396904));
#4143=CARTESIAN_POINT('',(-0.0130452530725265,-0.003,0.0329928247396904));
#4144=CARTESIAN_POINT('',(-0.0130452530725265,-0.003,0.0325386486085632));
#4145=CARTESIAN_POINT('',(-0.00741083081811667,-0.003,0.0329928247396904));
#4146=CARTESIAN_POINT('',(-0.00741083081811667,0.,0.0329928247396904));
#4147=CARTESIAN_POINT('',(-0.00177640856370688,0.,0.0329928247396904));
#4148=CARTESIAN_POINT('',(-0.00177640856370688,-0.003,0.0329928247396904));
#4149=CARTESIAN_POINT('',(-0.00177640856370688,-0.003,0.0329928247396904));
#4150=CARTESIAN_POINT('',(-0.00741083081811667,-0.003,0.0329928247396904));
#4151=CARTESIAN_POINT('',(-0.00177640856370688,-0.003,0.0325386486085632));
#4152=CARTESIAN_POINT('',(-0.00177640856370688,0.,0.0325386486085632));
#4153=CARTESIAN_POINT('',(-0.00177640856370688,0.,0.0320844724774361));
#4154=CARTESIAN_POINT('',(-0.00177640856370688,-0.003,0.0320844724774361));
#4155=CARTESIAN_POINT('',(-0.00177640856370688,-0.003,0.0320844724774361));
#4156=CARTESIAN_POINT('',(-0.00177640856370688,-0.003,0.0325386486085632));
#4157=CARTESIAN_POINT('',(-0.00129929107740879,-0.003,0.0320844724774361));
#4158=CARTESIAN_POINT('',(-0.00129929107740879,0.,0.0320844724774361));
#4159=CARTESIAN_POINT('',(-0.00082217359111071,0.,0.0320844724774361));
#4160=CARTESIAN_POINT('',(-0.00082217359111071,-0.003,0.0320844724774361));
#4161=CARTESIAN_POINT('',(-0.00082217359111071,-0.003,0.0320844724774361));
#4162=CARTESIAN_POINT('',(-0.00129929107740879,-0.003,0.0320844724774361));
#4163=CARTESIAN_POINT('',(-0.00082217359111071,-0.003,0.0316381370648741));
#4164=CARTESIAN_POINT('',(-0.00082217359111071,0.,0.0316381370648741));
#4165=CARTESIAN_POINT('',(-0.00082217359111071,0.,0.0311918016523123));
#4166=CARTESIAN_POINT('',(-0.00082217359111071,-0.003,0.0311918016523123));
#4167=CARTESIAN_POINT('',(-0.00082217359111071,-0.003,0.0311918016523123));
#4168=CARTESIAN_POINT('',(-0.00082217359111071,-0.003,0.0316381370648741));
#4169=CARTESIAN_POINT('',(-0.000342860133493294,-0.003,0.0311918016523123));
#4170=CARTESIAN_POINT('',(-0.000342860133493294,0.,0.0311918016523123));
#4171=CARTESIAN_POINT('',(0.000136453324124121,0.,0.0311918016523123));
#4172=CARTESIAN_POINT('',(0.000136453324124121,-0.003,0.0311918016523123));
#4173=CARTESIAN_POINT('',(0.000136453324124121,-0.003,0.0311918016523123));
#4174=CARTESIAN_POINT('',(-0.000342860133493294,-0.003,0.0311918016523123));
#4175=CARTESIAN_POINT('',(0.000136453324124122,-0.003,0.0291935410350561));
#4176=CARTESIAN_POINT('',(0.000136453324124122,0.,0.0291935410350561));
#4177=CARTESIAN_POINT('',(0.000136453324124123,0.,0.0271952804177999));
#4178=CARTESIAN_POINT('',(0.000136453324124123,-0.003,0.0271952804177999));
#4179=CARTESIAN_POINT('',(0.000136453324124123,-0.003,0.0271952804177999));
#4180=CARTESIAN_POINT('',(0.000136453324124122,-0.003,0.0291935410350561));
#4181=CARTESIAN_POINT('',(-0.000342860133493293,-0.003,0.0271952804177999));
#4182=CARTESIAN_POINT('',(-0.000342860133493293,0.,0.0271952804177999));
#4183=CARTESIAN_POINT('',(-0.00082217359111071,0.,0.0271952804177999));
#4184=CARTESIAN_POINT('',(-0.00082217359111071,-0.003,0.0271952804177999));
#4185=CARTESIAN_POINT('',(-0.00082217359111071,-0.003,0.0271952804177999));
#4186=CARTESIAN_POINT('',(-0.000342860133493293,-0.003,0.0271952804177999));
#4187=CARTESIAN_POINT('',(-0.00082217359111071,-0.003,0.0249471225502951));
#4188=CARTESIAN_POINT('',(-0.00082217359111071,0.,0.0249471225502951));
#4189=CARTESIAN_POINT('',(-0.00082217359111071,0.,0.0226989646827902));
#4190=CARTESIAN_POINT('',(-0.00082217359111071,-0.003,0.0226989646827902));
#4191=CARTESIAN_POINT('',(-0.00082217359111071,-0.003,0.0226989646827902));
#4192=CARTESIAN_POINT('',(-0.00082217359111071,-0.003,0.0249471225502951));
#4193=CARTESIAN_POINT('',(-0.000342860133493293,-0.003,0.0226989646827902));
#4194=CARTESIAN_POINT('',(-0.000342860133493293,0.,0.0226989646827902));
#4195=CARTESIAN_POINT('',(0.000136453324124125,0.,0.0226989646827902));
#4196=CARTESIAN_POINT('',(0.000136453324124125,-0.003,0.0226989646827902));
#4197=CARTESIAN_POINT('',(0.000136453324124125,-0.003,0.0226989646827902));
#4198=CARTESIAN_POINT('',(-0.000342860133493293,-0.003,0.0226989646827902));
#4199=CARTESIAN_POINT('',(0.000136453324124125,-0.003,0.02066158677517));
#4200=CARTESIAN_POINT('',(0.000136453324124125,0.,0.02066158677517));
#4201=CARTESIAN_POINT('',(0.000136453324124125,0.,0.0186242088675499));
#4202=CARTESIAN_POINT('',(0.000136453324124125,-0.003,0.0186242088675499));
#4203=CARTESIAN_POINT('',(0.000136453324124125,-0.003,0.0186242088675499));
#4204=CARTESIAN_POINT('',(0.000136453324124125,-0.003,0.02066158677517));
#4205=CARTESIAN_POINT('',(-0.000342860133493292,-0.003,0.0186242088675499));
#4206=CARTESIAN_POINT('',(-0.000342860133493292,0.,0.0186242088675499));
#4207=CARTESIAN_POINT('',(-0.000822173591110708,0.,0.0186242088675499));
#4208=CARTESIAN_POINT('',(-0.000822173591110708,-0.003,0.0186242088675499));
#4209=CARTESIAN_POINT('',(-0.000822173591110708,-0.003,0.0186242088675499));
#4210=CARTESIAN_POINT('',(-0.000342860133493292,-0.003,0.0186242088675499));
#4211=CARTESIAN_POINT('',(-0.000822173591110708,-0.003,0.0176165970042348));
#4212=CARTESIAN_POINT('',(-0.000822173591110708,0.,0.0176165970042348));
#4213=CARTESIAN_POINT('',(-0.000822173591110708,0.,0.0166089851409197));
#4214=CARTESIAN_POINT('',(-0.000822173591110708,-0.003,0.0166089851409197));
#4215=CARTESIAN_POINT('',(-0.000822173591110708,-0.003,0.0166089851409197));
#4216=CARTESIAN_POINT('',(-0.000822173591110708,-0.003,0.0176165970042348));
#4217=CARTESIAN_POINT('',(-0.00741083081811667,-0.003,0.0166089851409197));
#4218=CARTESIAN_POINT('',(-0.00741083081811667,0.,0.0166089851409197));
#4219=CARTESIAN_POINT('',(-0.0139994880451226,0.,0.0166089851409197));
#4220=CARTESIAN_POINT('',(-0.0139994880451226,-0.003,0.0166089851409197));
#4221=CARTESIAN_POINT('',(-0.0139994880451226,-0.003,0.0166089851409197));
#4222=CARTESIAN_POINT('',(-0.00741083081811667,-0.003,0.0166089851409197));
#4223=CARTESIAN_POINT('',(-0.0139994880451226,-0.003,0.0176165970042348));
#4224=CARTESIAN_POINT('',(-0.0139994880451226,0.,0.0176165970042348));
#4225=CARTESIAN_POINT('',(-0.0139994880451226,0.,0.0186242088675499));
#4226=CARTESIAN_POINT('',(-0.0139994880451226,-0.003,0.0186242088675499));
#4227=CARTESIAN_POINT('',(-0.0139994880451226,-0.003,0.0186242088675499));
#4228=CARTESIAN_POINT('',(-0.0139994880451226,-0.003,0.0176165970042348));
#4229=CARTESIAN_POINT('',(-0.01447880150274,-0.003,0.0186242088675499));
#4230=CARTESIAN_POINT('',(-0.01447880150274,0.,0.0186242088675499));
#4231=CARTESIAN_POINT('',(-0.0149581149603575,0.,0.0186242088675499));
#4232=CARTESIAN_POINT('',(-0.0149581149603575,-0.003,0.0186242088675499));
#4233=CARTESIAN_POINT('',(-0.0149581149603575,-0.003,0.0186242088675499));
#4234=CARTESIAN_POINT('',(-0.01447880150274,-0.003,0.0186242088675499));
#4235=CARTESIAN_POINT('',(-0.0149581149603575,-0.003,0.02066158677517));
#4236=CARTESIAN_POINT('',(-0.0149581149603575,0.,0.02066158677517));
#4237=CARTESIAN_POINT('',(-0.0149581149603575,0.,0.0226989646827902));
#4238=CARTESIAN_POINT('',(-0.0149581149603575,-0.003,0.0226989646827902));
#4239=CARTESIAN_POINT('',(-0.0149581149603575,-0.003,0.0226989646827902));
#4240=CARTESIAN_POINT('',(-0.0149581149603575,-0.003,0.02066158677517));
#4241=CARTESIAN_POINT('',(-0.01447880150274,-0.003,0.0226989646827902));
#4242=CARTESIAN_POINT('',(-0.01447880150274,0.,0.0226989646827902));
#4243=CARTESIAN_POINT('',(-0.0139994880451226,0.,0.0226989646827902));
#4244=CARTESIAN_POINT('',(-0.0139994880451226,-0.003,0.0226989646827902));
#4245=CARTESIAN_POINT('',(-0.0139994880451226,-0.003,0.0226989646827902));
#4246=CARTESIAN_POINT('',(-0.01447880150274,-0.003,0.0226989646827902));
#4247=CARTESIAN_POINT('',(-0.0185681257438335,-0.003,0.0347570348531008));
#4248=CARTESIAN_POINT('',(-0.0185681257438335,0.,0.0347570348531008));
#4249=CARTESIAN_POINT('',(-0.0193740876432928,0.,0.0347570348531008));
#4250=CARTESIAN_POINT('',(-0.0177621638443742,0.,0.0347570348531008));
#4251=CARTESIAN_POINT('',(-0.0177621638443742,-0.003,0.0347570348531008));
#4252=CARTESIAN_POINT('',(-0.0177621638443742,-0.003,0.0347570348531008));
#4253=CARTESIAN_POINT('',(-0.0185681257438335,-0.003,0.0347570348531008));
#4254=CARTESIAN_POINT('',(-0.0193740876432928,-0.003,0.0347570348531008));
#4255=CARTESIAN_POINT('',(-0.0193740876432928,-0.003,0.0347570348531008));
#4256=CARTESIAN_POINT('',(-0.0177621638443742,-0.003,0.0343081001192332));
#4257=CARTESIAN_POINT('',(-0.0177621638443742,0.,0.0343081001192332));
#4258=CARTESIAN_POINT('',(-0.0177621638443742,0.,0.0338591653853655));
#4259=CARTESIAN_POINT('',(-0.0177621638443742,-0.003,0.0338591653853655));
#4260=CARTESIAN_POINT('',(-0.0177621638443742,-0.003,0.0338591653853655));
#4261=CARTESIAN_POINT('',(-0.0177621638443742,-0.003,0.0343081001192332));
#4262=CARTESIAN_POINT('',(-0.0174250120338473,-0.003,0.0338591653853655));
#4263=CARTESIAN_POINT('',(-0.0174250120338473,0.,0.0338591653853655));
#4264=CARTESIAN_POINT('',(-0.0170878602233205,0.,0.0338591653853655));
#4265=CARTESIAN_POINT('',(-0.0170878602233205,-0.003,0.0338591653853655));
#4266=CARTESIAN_POINT('',(-0.0170878602233205,-0.003,0.0338591653853655));
#4267=CARTESIAN_POINT('',(-0.0174250120338473,-0.003,0.0338591653853655));
#4268=CARTESIAN_POINT('',(-0.0170878602233205,-0.003,0.0252340752631426));
#4269=CARTESIAN_POINT('',(-0.0170878602233205,0.,0.0252340752631426));
#4270=CARTESIAN_POINT('',(-0.0170878602233205,0.,0.0166089851409197));
#4271=CARTESIAN_POINT('',(-0.0170878602233205,-0.003,0.0166089851409197));
#4272=CARTESIAN_POINT('',(-0.0170878602233205,-0.003,0.0166089851409197));
#4273=CARTESIAN_POINT('',(-0.0170878602233205,-0.003,0.0252340752631426));
#4274=CARTESIAN_POINT('',(-0.0261444534195798,-0.003,0.0166089851409197));
#4275=CARTESIAN_POINT('',(-0.0261444534195798,0.,0.0166089851409197));
#4276=CARTESIAN_POINT('',(-0.0352010466158391,0.,0.0166089851409197));
#4277=CARTESIAN_POINT('',(-0.0352010466158391,-0.003,0.0166089851409197));
#4278=CARTESIAN_POINT('',(-0.0352010466158391,-0.003,0.0166089851409197));
#4279=CARTESIAN_POINT('',(-0.0261444534195798,-0.003,0.0166089851409197));
#4280=CARTESIAN_POINT('',(-0.0352010466158391,-0.003,0.0252340752631426));
#4281=CARTESIAN_POINT('',(-0.0352010466158391,0.,0.0252340752631426));
#4282=CARTESIAN_POINT('',(-0.0352010466158391,0.,0.0338591653853655));
#4283=CARTESIAN_POINT('',(-0.0352010466158391,-0.003,0.0338591653853655));
#4284=CARTESIAN_POINT('',(-0.0352010466158391,-0.003,0.0338591653853655));
#4285=CARTESIAN_POINT('',(-0.0352010466158391,-0.003,0.0252340752631426));
#4286=CARTESIAN_POINT('',(-0.0348638948053123,-0.003,0.0338591653853655));
#4287=CARTESIAN_POINT('',(-0.0348638948053123,0.,0.0338591653853655));
#4288=CARTESIAN_POINT('',(-0.0345267429947854,0.,0.0338591653853655));
#4289=CARTESIAN_POINT('',(-0.0345267429947854,-0.003,0.0338591653853655));
#4290=CARTESIAN_POINT('',(-0.0345267429947854,-0.003,0.0338591653853655));
#4291=CARTESIAN_POINT('',(-0.0348638948053123,-0.003,0.0338591653853655));
#4292=CARTESIAN_POINT('',(-0.0345267429947854,-0.003,0.0343081001192332));
#4293=CARTESIAN_POINT('',(-0.0345267429947854,0.,0.0343081001192332));
#4294=CARTESIAN_POINT('',(-0.0345267429947854,0.,0.0347570348531008));
#4295=CARTESIAN_POINT('',(-0.0345267429947854,-0.003,0.0347570348531008));
#4296=CARTESIAN_POINT('',(-0.0345267429947854,-0.003,0.0347570348531008));
#4297=CARTESIAN_POINT('',(-0.0345267429947854,-0.003,0.0343081001192332));
#4298=CARTESIAN_POINT('',(-0.0337207810953261,-0.003,0.0347570348531008));
#4299=CARTESIAN_POINT('',(-0.0337207810953261,0.,0.0347570348531008));
#4300=CARTESIAN_POINT('',(-0.0329148191958667,0.,0.0347570348531008));
#4301=CARTESIAN_POINT('',(-0.0329148191958667,-0.003,0.0347570348531008));
#4302=CARTESIAN_POINT('',(-0.0329148191958667,-0.003,0.0347570348531008));
#4303=CARTESIAN_POINT('',(-0.0337207810953261,-0.003,0.0347570348531008));
#4304=CARTESIAN_POINT('',(-0.0329148191958667,-0.003,0.0353489480912685));
#4305=CARTESIAN_POINT('',(-0.0329148191958667,0.,0.0353489480912685));
#4306=CARTESIAN_POINT('',(-0.0329148191958667,0.,0.0359408613294363));
#4307=CARTESIAN_POINT('',(-0.0329148191958667,-0.003,0.0359408613294363));
#4308=CARTESIAN_POINT('',(-0.0329148191958667,-0.003,0.0359408613294363));
#4309=CARTESIAN_POINT('',(-0.0329148191958667,-0.003,0.0353489480912685));
#4310=CARTESIAN_POINT('',(-0.0261444534195798,-0.003,0.0359408613294363));
#4311=CARTESIAN_POINT('',(-0.0261444534195798,0.,0.0359408613294363));
#4312=CARTESIAN_POINT('',(-0.0193740876432928,0.,0.0359408613294363));
#4313=CARTESIAN_POINT('',(-0.0193740876432928,-0.003,0.0359408613294363));
#4314=CARTESIAN_POINT('',(-0.0193740876432928,-0.003,0.0359408613294363));
#4315=CARTESIAN_POINT('',(-0.0261444534195798,-0.003,0.0359408613294363));
#4316=CARTESIAN_POINT('',(-0.0440104896199894,-0.003,0.0166089851409197));
#4317=CARTESIAN_POINT('',(-0.0440104896199894,0.,0.0166089851409197));
#4318=CARTESIAN_POINT('',(-0.0440104896199894,-0.003,0.0166089851409197));
#4319=CARTESIAN_POINT('',(0.0452752895653248,-0.003,0.0171062424778939));
#4320=CARTESIAN_POINT('',(0.0452752895653248,0.,0.0171062424778939));
#4321=CARTESIAN_POINT('',(0.0452752895653248,-0.003,0.0171062424778939));
#4322=CARTESIAN_POINT('',(0.,-0.003,0.0578));
#4323=CARTESIAN_POINT('',(0.,0.,0.0578));
#4324=CARTESIAN_POINT('',(0.,-0.003,0.0578));
#4325=CARTESIAN_POINT('',(0.0349605269730091,-0.003,0.0234372420236468));
#4326=CARTESIAN_POINT('',(0.0349605269730091,0.,0.0234372420236468));
#4327=CARTESIAN_POINT('',(0.0349605269730091,-0.003,0.0234372420236468));
#4328=CARTESIAN_POINT('',(0.00302021487658235,-0.003,0.0249471244129402));
#4329=CARTESIAN_POINT('',(0.00302021487658235,0.,0.0249471244129402));
#4330=CARTESIAN_POINT('',(0.00302021487658235,-0.003,0.0249471244129402));
#4331=CARTESIAN_POINT('',(-0.0139994880451226,-0.003,0.0249471225502951));
#4332=CARTESIAN_POINT('',(-0.0139994880451226,0.,0.0249471225502951));
#4333=CARTESIAN_POINT('',(-0.0139994880451226,-0.003,0.0249471225502951));
#4334=CARTESIAN_POINT('',(-0.0193740876432928,-0.003,0.0353489480912685));
#4335=CARTESIAN_POINT('',(-0.0193740876432928,0.,0.0353489480912685));
#4336=CARTESIAN_POINT('',(-0.0193740876432928,-0.003,0.0353489480912685));
#4337=CARTESIAN_POINT('',(0.054,-0.003,0.0479));
#4338=CARTESIAN_POINT('',(0.054,-0.003,0.0479));
#4339=CARTESIAN_POINT('',(0.054,-0.003,0.0918));
#4340=CARTESIAN_POINT('',(0.054,-0.003,0.004));
#4341=CARTESIAN_POINT('',(0.054,0.,0.004));
#4342=CARTESIAN_POINT('',(0.054,0.,0.004));
#4343=CARTESIAN_POINT('',(0.054,0.,0.0479));
#4344=CARTESIAN_POINT('',(0.054,0.,0.0918));
#4345=CARTESIAN_POINT('',(0.054,-0.003,0.0918));
#4346=CARTESIAN_POINT('',(-7.82109401952988E-5,-0.003,0.094722860038448));
#4347=CARTESIAN_POINT('',(0.0723223245491264,-0.003,0.0223223245491263));
#4348=CARTESIAN_POINT('',(0.0254994645106783,-0.003,0.120300535489322));
#4349=CARTESIAN_POINT('',(-0.0255776754508735,-0.003,0.120222324549126));
#4350=CARTESIAN_POINT('',(-0.0724005354893216,-0.003,0.0224005354893217));
#4351=CARTESIAN_POINT('',(-7.82109401952988E-5,0.,0.094722860038448));
#4352=CARTESIAN_POINT('',(0.054,0.,0.004));
#4353=CARTESIAN_POINT('',(-0.053,0.,0.003));
#4354=CARTESIAN_POINT('',(-0.054,0.,0.0918));
#4355=CARTESIAN_POINT('',(0.053,0.,0.0928));
#4356=CARTESIAN_POINT('',(0.054,-0.003,0.004));
#4357=CARTESIAN_POINT('',(-0.053,-0.003,0.003));
#4358=CARTESIAN_POINT('',(0.053,-0.003,0.0928));
#4359=CARTESIAN_POINT('',(-0.054,-0.003,0.0918));
#4360=CARTESIAN_POINT('',(0.,0.,0.));
#4361=CARTESIAN_POINT('',(0.015299459266623,-0.003,0.126025965834397));
#4362=CARTESIAN_POINT('',(0.015299459266623,0.,0.126025965834397));
#4363=CARTESIAN_POINT('',(0.0257094575553908,0.,0.126025965834397));
#4364=CARTESIAN_POINT('',(0.0118294598370337,0.,0.126025965834397));
#4365=CARTESIAN_POINT('',(0.0257094575553908,-0.003,0.126025965834397));
#4366=CARTESIAN_POINT('',(0.0257094575553908,-0.003,0.126025965834397));
#4367=CARTESIAN_POINT('',(0.015299459266623,-0.003,0.126025965834397));
#4368=CARTESIAN_POINT('',(0.0118294598370337,-0.003,0.126025965834397));
#4369=CARTESIAN_POINT('',(0.0118294598370337,-0.003,0.126025965834397));
#4370=CARTESIAN_POINT('',(0.0257094575553908,-0.003,0.123015127677259));
#4371=CARTESIAN_POINT('',(0.0257094575553908,0.,0.123015127677259));
#4372=CARTESIAN_POINT('',(0.0257094575553908,0.,0.120004289520122));
#4373=CARTESIAN_POINT('',(0.0257094575553908,-0.003,0.120004289520122));
#4374=CARTESIAN_POINT('',(0.0257094575553908,-0.003,0.120004289520122));
#4375=CARTESIAN_POINT('',(0.0257094575553908,-0.003,0.123015127677259));
#4376=CARTESIAN_POINT('',(0.0259830801278128,-0.003,0.120004289520122));
#4377=CARTESIAN_POINT('',(0.0259830801278128,0.,0.120004289520122));
#4378=CARTESIAN_POINT('',(0.0262567027002349,0.,0.120004289520122));
#4379=CARTESIAN_POINT('',(0.0262567027002349,-0.003,0.120004289520122));
#4380=CARTESIAN_POINT('',(0.0262567027002349,-0.003,0.120004289520122));
#4381=CARTESIAN_POINT('',(0.0259830801278128,-0.003,0.120004289520122));
#4382=CARTESIAN_POINT('',(0.0262567027002349,-0.003,0.118436176997758));
#4383=CARTESIAN_POINT('',(0.0262567027002349,0.,0.118436176997758));
#4384=CARTESIAN_POINT('',(0.0262567027002349,0.,0.116868064475395));
#4385=CARTESIAN_POINT('',(0.0262567027002349,-0.003,0.116868064475395));
#4386=CARTESIAN_POINT('',(0.0262567027002349,-0.003,0.116868064475395));
#4387=CARTESIAN_POINT('',(0.0262567027002349,-0.003,0.118436176997758));
#4388=CARTESIAN_POINT('',(0.0259830801278128,-0.003,0.116868064475395));
#4389=CARTESIAN_POINT('',(0.0259830801278128,0.,0.116868064475395));
#4390=CARTESIAN_POINT('',(0.0257094575553908,0.,0.116868064475395));
#4391=CARTESIAN_POINT('',(0.0257094575553908,-0.003,0.116868064475395));
#4392=CARTESIAN_POINT('',(0.0257094575553908,-0.003,0.116868064475395));
#4393=CARTESIAN_POINT('',(0.0259830801278128,-0.003,0.116868064475395));
#4394=CARTESIAN_POINT('',(0.0257094575553908,-0.003,0.113450842646099));
#4395=CARTESIAN_POINT('',(0.0257094575553908,0.,0.113450842646099));
#4396=CARTESIAN_POINT('',(0.0257094575553908,0.,0.110033620816804));
#4397=CARTESIAN_POINT('',(0.0257094575553908,-0.003,0.110033620816804));
#4398=CARTESIAN_POINT('',(0.0257094575553908,-0.003,0.110033620816804));
#4399=CARTESIAN_POINT('',(0.0257094575553908,-0.003,0.113450842646099));
#4400=CARTESIAN_POINT('',(0.0222394581258015,-0.003,0.110033620816804));
#4401=CARTESIAN_POINT('',(0.0222394581258015,0.,0.110033620816804));
#4402=CARTESIAN_POINT('',(0.0118294598370337,0.,0.110033620816804));
#4403=CARTESIAN_POINT('',(0.0118294598370337,-0.003,0.110033620816804));
#4404=CARTESIAN_POINT('',(0.0118294598370337,-0.003,0.110033620816804));
#4405=CARTESIAN_POINT('',(0.0222394581258015,-0.003,0.110033620816804));
#4406=CARTESIAN_POINT('',(0.0118294598370337,-0.003,0.113450842646099));
#4407=CARTESIAN_POINT('',(0.0118294598370337,0.,0.113450842646099));
#4408=CARTESIAN_POINT('',(0.0118294598370337,0.,0.116868064475395));
#4409=CARTESIAN_POINT('',(0.0118294598370337,-0.003,0.116868064475395));
#4410=CARTESIAN_POINT('',(0.0118294598370337,-0.003,0.116868064475395));
#4411=CARTESIAN_POINT('',(0.0118294598370337,-0.003,0.113450842646099));
#4412=CARTESIAN_POINT('',(0.0115558372646116,-0.003,0.116868064475395));
#4413=CARTESIAN_POINT('',(0.0115558372646116,0.,0.116868064475395));
#4414=CARTESIAN_POINT('',(0.0112822146921896,0.,0.116868064475395));
#4415=CARTESIAN_POINT('',(0.0112822146921896,-0.003,0.116868064475395));
#4416=CARTESIAN_POINT('',(0.0112822146921896,-0.003,0.116868064475395));
#4417=CARTESIAN_POINT('',(0.0115558372646116,-0.003,0.116868064475395));
#4418=CARTESIAN_POINT('',(0.0112822146921896,-0.003,0.118436176997758));
#4419=CARTESIAN_POINT('',(0.0112822146921896,0.,0.118436176997758));
#4420=CARTESIAN_POINT('',(0.0112822146921896,0.,0.120004289520122));
#4421=CARTESIAN_POINT('',(0.0112822146921896,-0.003,0.120004289520122));
#4422=CARTESIAN_POINT('',(0.0112822146921896,-0.003,0.120004289520122));
#4423=CARTESIAN_POINT('',(0.0112822146921896,-0.003,0.118436176997758));
#4424=CARTESIAN_POINT('',(0.0115558372646117,-0.003,0.120004289520122));
#4425=CARTESIAN_POINT('',(0.0115558372646117,0.,0.120004289520122));
#4426=CARTESIAN_POINT('',(0.0118294598370337,0.,0.120004289520122));
#4427=CARTESIAN_POINT('',(0.0118294598370337,-0.003,0.120004289520122));
#4428=CARTESIAN_POINT('',(0.0118294598370337,-0.003,0.120004289520122));
#4429=CARTESIAN_POINT('',(0.0115558372646117,-0.003,0.120004289520122));
#4430=CARTESIAN_POINT('',(-0.017976366489048,-0.003,0.12379742853079));
#4431=CARTESIAN_POINT('',(-0.017976366489048,0.,0.12379742853079));
#4432=CARTESIAN_POINT('',(-0.00995908883597844,0.,0.12379742853079));
#4433=CARTESIAN_POINT('',(-0.0259936441421176,0.,0.12379742853079));
#4434=CARTESIAN_POINT('',(-0.00995908883597844,-0.003,0.12379742853079));
#4435=CARTESIAN_POINT('',(-0.00995908883597844,-0.003,0.12379742853079));
#4436=CARTESIAN_POINT('',(-0.017976366489048,-0.003,0.12379742853079));
#4437=CARTESIAN_POINT('',(-0.0259936441421176,-0.003,0.12379742853079));
#4438=CARTESIAN_POINT('',(-0.0259936441421176,-0.003,0.12379742853079));
#4439=CARTESIAN_POINT('',(-0.00995908883597844,-0.003,0.116915524673797));
#4440=CARTESIAN_POINT('',(-0.00995908883597844,0.,0.116915524673797));
#4441=CARTESIAN_POINT('',(-0.00995908883597844,0.,0.110033620816804));
#4442=CARTESIAN_POINT('',(-0.00995908883597844,-0.003,0.110033620816804));
#4443=CARTESIAN_POINT('',(-0.00995908883597844,-0.003,0.110033620816804));
#4444=CARTESIAN_POINT('',(-0.00995908883597844,-0.003,0.116915524673797));
#4445=CARTESIAN_POINT('',(-0.017976366489048,-0.003,0.110033620816804));
#4446=CARTESIAN_POINT('',(-0.017976366489048,0.,0.110033620816804));
#4447=CARTESIAN_POINT('',(-0.0259936441421176,0.,0.110033620816804));
#4448=CARTESIAN_POINT('',(-0.0259936441421176,-0.003,0.110033620816804));
#4449=CARTESIAN_POINT('',(-0.0259936441421176,-0.003,0.110033620816804));
#4450=CARTESIAN_POINT('',(-0.017976366489048,-0.003,0.110033620816804));
#4451=CARTESIAN_POINT('',(0.000767037069752202,-0.003,0.110033620816804));
#4452=CARTESIAN_POINT('',(0.000767037069752202,0.,0.110033620816804));
#4453=CARTESIAN_POINT('',(-0.00585065057282223,0.,0.110033620816804));
#4454=CARTESIAN_POINT('',(0.00738472471232663,0.,0.110033620816804));
#4455=CARTESIAN_POINT('',(-0.00585065057282223,-0.003,0.110033620816804));
#4456=CARTESIAN_POINT('',(-0.00585065057282223,-0.003,0.110033620816804));
#4457=CARTESIAN_POINT('',(0.000767037069752202,-0.003,0.110033620816804));
#4458=CARTESIAN_POINT('',(0.00738472471232663,-0.003,0.110033620816804));
#4459=CARTESIAN_POINT('',(0.00738472471232663,-0.003,0.110033620816804));
#4460=CARTESIAN_POINT('',(-0.00585065057282223,-0.003,0.111160487604476));
#4461=CARTESIAN_POINT('',(-0.00585065057282223,0.,0.111160487604476));
#4462=CARTESIAN_POINT('',(-0.00585065057282222,0.,0.112287354392148));
#4463=CARTESIAN_POINT('',(-0.00585065057282222,-0.003,0.112287354392148));
#4464=CARTESIAN_POINT('',(-0.00585065057282222,-0.003,0.112287354392148));
#4465=CARTESIAN_POINT('',(-0.00585065057282223,-0.003,0.111160487604476));
#4466=CARTESIAN_POINT('',(-0.00619504807297924,-0.003,0.112287354392148));
#4467=CARTESIAN_POINT('',(-0.00619504807297924,0.,0.112287354392148));
#4468=CARTESIAN_POINT('',(-0.00653944557313626,0.,0.112287354392148));
#4469=CARTESIAN_POINT('',(-0.00653944557313626,-0.003,0.112287354392148));
#4470=CARTESIAN_POINT('',(-0.00653944557313626,-0.003,0.112287354392148));
#4471=CARTESIAN_POINT('',(-0.00619504807297924,-0.003,0.112287354392148));
#4472=CARTESIAN_POINT('',(-0.00653944557313626,-0.003,0.114359362718798));
#4473=CARTESIAN_POINT('',(-0.00653944557313626,0.,0.114359362718798));
#4474=CARTESIAN_POINT('',(-0.00653944557313625,0.,0.116431371045448));
#4475=CARTESIAN_POINT('',(-0.00653944557313625,-0.003,0.116431371045448));
#4476=CARTESIAN_POINT('',(-0.00653944557313625,-0.003,0.116431371045448));
#4477=CARTESIAN_POINT('',(-0.00653944557313626,-0.003,0.114359362718798));
#4478=CARTESIAN_POINT('',(-0.00619504807297923,-0.003,0.116431371045448));
#4479=CARTESIAN_POINT('',(-0.00619504807297923,0.,0.116431371045448));
#4480=CARTESIAN_POINT('',(-0.00585065057282224,0.,0.116431371045448));
#4481=CARTESIAN_POINT('',(-0.00585065057282224,-0.003,0.116431371045448));
#4482=CARTESIAN_POINT('',(-0.00585065057282224,-0.003,0.116431371045448));
#4483=CARTESIAN_POINT('',(-0.00619504807297923,-0.003,0.116431371045448));
#4484=CARTESIAN_POINT('',(-0.00585065057282224,-0.003,0.118602500075294));
#4485=CARTESIAN_POINT('',(-0.00585065057282224,0.,0.118602500075294));
#4486=CARTESIAN_POINT('',(-0.00585065057282221,0.,0.12077362910514));
#4487=CARTESIAN_POINT('',(-0.00585065057282221,-0.003,0.12077362910514));
#4488=CARTESIAN_POINT('',(-0.00585065057282221,-0.003,0.12077362910514));
#4489=CARTESIAN_POINT('',(-0.00585065057282224,-0.003,0.118602500075294));
#4490=CARTESIAN_POINT('',(-0.00619504807297923,-0.003,0.12077362910514));
#4491=CARTESIAN_POINT('',(-0.00619504807297923,0.,0.12077362910514));
#4492=CARTESIAN_POINT('',(-0.00653944557313626,0.,0.12077362910514));
#4493=CARTESIAN_POINT('',(-0.00653944557313626,-0.003,0.12077362910514));
#4494=CARTESIAN_POINT('',(-0.00653944557313626,-0.003,0.12077362910514));
#4495=CARTESIAN_POINT('',(-0.00619504807297923,-0.003,0.12077362910514));
#4496=CARTESIAN_POINT('',(-0.00653944557313626,-0.003,0.122845637431789));
#4497=CARTESIAN_POINT('',(-0.00653944557313626,0.,0.122845637431789));
#4498=CARTESIAN_POINT('',(-0.00653944557313626,0.,0.124917645758439));
#4499=CARTESIAN_POINT('',(-0.00653944557313626,-0.003,0.124917645758439));
#4500=CARTESIAN_POINT('',(-0.00653944557313626,-0.003,0.124917645758439));
#4501=CARTESIAN_POINT('',(-0.00653944557313626,-0.003,0.122845637431789));
#4502=CARTESIAN_POINT('',(-0.00618796688377266,-0.003,0.124917645758439));
#4503=CARTESIAN_POINT('',(-0.00618796688377266,0.,0.124917645758439));
#4504=CARTESIAN_POINT('',(-0.00583648819440907,0.,0.124917645758439));
#4505=CARTESIAN_POINT('',(-0.00583648819440907,-0.003,0.124917645758439));
#4506=CARTESIAN_POINT('',(-0.00583648819440907,-0.003,0.124917645758439));
#4507=CARTESIAN_POINT('',(-0.00618796688377266,-0.003,0.124917645758439));
#4508=CARTESIAN_POINT('',(-0.0058364881944091,-0.003,0.125344947731544));
#4509=CARTESIAN_POINT('',(-0.0058364881944091,0.,0.125344947731544));
#4510=CARTESIAN_POINT('',(-0.00583648819440912,0.,0.125772249704648));
#4511=CARTESIAN_POINT('',(-0.00583648819440912,-0.003,0.125772249704648));
#4512=CARTESIAN_POINT('',(-0.00583648819440912,-0.003,0.125772249704648));
#4513=CARTESIAN_POINT('',(-0.0058364881944091,-0.003,0.125344947731544));
#4514=CARTESIAN_POINT('',(-0.00533511382400431,-0.003,0.125772249704648));
#4515=CARTESIAN_POINT('',(-0.00533511382400431,0.,0.125772249704648));
#4516=CARTESIAN_POINT('',(-0.0048337394535995,0.,0.125772249704648));
#4517=CARTESIAN_POINT('',(-0.0048337394535995,-0.003,0.125772249704648));
#4518=CARTESIAN_POINT('',(-0.0048337394535995,-0.003,0.125772249704648));
#4519=CARTESIAN_POINT('',(-0.00533511382400431,-0.003,0.125772249704648));
#4520=CARTESIAN_POINT('',(-0.0048337394535995,-0.003,0.1261274971128));
#4521=CARTESIAN_POINT('',(-0.0048337394535995,0.,0.1261274971128));
#4522=CARTESIAN_POINT('',(-0.0048337394535995,0.,0.126482744520951));
#4523=CARTESIAN_POINT('',(-0.0048337394535995,-0.003,0.126482744520951));
#4524=CARTESIAN_POINT('',(-0.0048337394535995,-0.003,0.126482744520951));
#4525=CARTESIAN_POINT('',(-0.0048337394535995,-0.003,0.1261274971128));
#4526=CARTESIAN_POINT('',(0.000767037069752176,-0.003,0.126482744520951));
#4527=CARTESIAN_POINT('',(0.000767037069752176,0.,0.126482744520951));
#4528=CARTESIAN_POINT('',(0.00636781359310385,0.,0.126482744520951));
#4529=CARTESIAN_POINT('',(0.00636781359310385,-0.003,0.126482744520951));
#4530=CARTESIAN_POINT('',(0.00636781359310385,-0.003,0.126482744520951));
#4531=CARTESIAN_POINT('',(0.000767037069752176,-0.003,0.126482744520951));
#4532=CARTESIAN_POINT('',(0.00636781359310386,-0.003,0.1261274971128));
#4533=CARTESIAN_POINT('',(0.00636781359310386,0.,0.1261274971128));
#4534=CARTESIAN_POINT('',(0.00636781359310386,0.,0.125772249704648));
#4535=CARTESIAN_POINT('',(0.00636781359310386,-0.003,0.125772249704648));
#4536=CARTESIAN_POINT('',(0.00636781359310386,-0.003,0.125772249704648));
#4537=CARTESIAN_POINT('',(0.00636781359310386,-0.003,0.1261274971128));
#4538=CARTESIAN_POINT('',(0.00686918796350868,-0.003,0.125772249704648));
#4539=CARTESIAN_POINT('',(0.00686918796350868,0.,0.125772249704648));
#4540=CARTESIAN_POINT('',(0.00737056233391351,0.,0.125772249704648));
#4541=CARTESIAN_POINT('',(0.00737056233391351,-0.003,0.125772249704648));
#4542=CARTESIAN_POINT('',(0.00737056233391351,-0.003,0.125772249704648));
#4543=CARTESIAN_POINT('',(0.00686918796350868,-0.003,0.125772249704648));
#4544=CARTESIAN_POINT('',(0.00737056233391348,-0.003,0.125344947731543));
#4545=CARTESIAN_POINT('',(0.00737056233391348,0.,0.125344947731543));
#4546=CARTESIAN_POINT('',(0.00737056233391348,0.,0.124917645758439));
#4547=CARTESIAN_POINT('',(0.00737056233391348,-0.003,0.124917645758439));
#4548=CARTESIAN_POINT('',(0.00737056233391348,-0.003,0.124917645758439));
#4549=CARTESIAN_POINT('',(0.00737056233391348,-0.003,0.125344947731543));
#4550=CARTESIAN_POINT('',(0.0077220410232771,-0.003,0.124917645758439));
#4551=CARTESIAN_POINT('',(0.0077220410232771,0.,0.124917645758439));
#4552=CARTESIAN_POINT('',(0.00807351971264069,0.,0.124917645758439));
#4553=CARTESIAN_POINT('',(0.00807351971264069,-0.003,0.124917645758439));
#4554=CARTESIAN_POINT('',(0.00807351971264069,-0.003,0.124917645758439));
#4555=CARTESIAN_POINT('',(0.0077220410232771,-0.003,0.124917645758439));
#4556=CARTESIAN_POINT('',(0.00807351971264069,-0.003,0.122845637431789));
#4557=CARTESIAN_POINT('',(0.00807351971264069,0.,0.122845637431789));
#4558=CARTESIAN_POINT('',(0.00807351971264069,0.,0.12077362910514));
#4559=CARTESIAN_POINT('',(0.00807351971264069,-0.003,0.12077362910514));
#4560=CARTESIAN_POINT('',(0.00807351971264069,-0.003,0.12077362910514));
#4561=CARTESIAN_POINT('',(0.00807351971264069,-0.003,0.122845637431789));
#4562=CARTESIAN_POINT('',(0.00772912221248366,-0.003,0.12077362910514));
#4563=CARTESIAN_POINT('',(0.00772912221248366,0.,0.12077362910514));
#4564=CARTESIAN_POINT('',(0.00738472471232663,0.,0.12077362910514));
#4565=CARTESIAN_POINT('',(0.00738472471232663,-0.003,0.12077362910514));
#4566=CARTESIAN_POINT('',(0.00738472471232663,-0.003,0.12077362910514));
#4567=CARTESIAN_POINT('',(0.00772912221248366,-0.003,0.12077362910514));
#4568=CARTESIAN_POINT('',(0.00738472471232663,-0.003,0.118602500075294));
#4569=CARTESIAN_POINT('',(0.00738472471232663,0.,0.118602500075294));
#4570=CARTESIAN_POINT('',(0.00738472471232663,0.,0.116431371045448));
#4571=CARTESIAN_POINT('',(0.00738472471232663,-0.003,0.116431371045448));
#4572=CARTESIAN_POINT('',(0.00738472471232663,-0.003,0.116431371045448));
#4573=CARTESIAN_POINT('',(0.00738472471232663,-0.003,0.118602500075294));
#4574=CARTESIAN_POINT('',(0.00772912221248367,-0.003,0.116431371045448));
#4575=CARTESIAN_POINT('',(0.00772912221248367,0.,0.116431371045448));
#4576=CARTESIAN_POINT('',(0.0080735197126407,0.,0.116431371045448));
#4577=CARTESIAN_POINT('',(0.0080735197126407,-0.003,0.116431371045448));
#4578=CARTESIAN_POINT('',(0.0080735197126407,-0.003,0.116431371045448));
#4579=CARTESIAN_POINT('',(0.00772912221248367,-0.003,0.116431371045448));
#4580=CARTESIAN_POINT('',(0.00807351971264069,-0.003,0.114359362718798));
#4581=CARTESIAN_POINT('',(0.00807351971264069,0.,0.114359362718798));
#4582=CARTESIAN_POINT('',(0.00807351971264069,0.,0.112287354392148));
#4583=CARTESIAN_POINT('',(0.00807351971264069,-0.003,0.112287354392148));
#4584=CARTESIAN_POINT('',(0.00807351971264069,-0.003,0.112287354392148));
#4585=CARTESIAN_POINT('',(0.00807351971264069,-0.003,0.114359362718798));
#4586=CARTESIAN_POINT('',(0.00772912221248363,-0.003,0.112287354392148));
#4587=CARTESIAN_POINT('',(0.00772912221248363,0.,0.112287354392148));
#4588=CARTESIAN_POINT('',(0.00738472471232657,0.,0.112287354392148));
#4589=CARTESIAN_POINT('',(0.00738472471232657,-0.003,0.112287354392148));
#4590=CARTESIAN_POINT('',(0.00738472471232657,-0.003,0.112287354392148));
#4591=CARTESIAN_POINT('',(0.00772912221248363,-0.003,0.112287354392148));
#4592=CARTESIAN_POINT('',(-0.0440564218803906,-0.003,0.161445720076896));
#4593=CARTESIAN_POINT('',(-0.0440564218803906,0.,0.161445720076896));
#4594=CARTESIAN_POINT('',(-0.0440564218803906,0.,0.171445720076896));
#4595=CARTESIAN_POINT('',(-0.0440564218803906,0.,0.151445720076896));
#4596=CARTESIAN_POINT('',(-0.0440564218803906,-0.003,0.171445720076896));
#4597=CARTESIAN_POINT('',(-0.0440564218803906,-0.003,0.171445720076896));
#4598=CARTESIAN_POINT('',(-0.0440564218803906,-0.003,0.161445720076896));
#4599=CARTESIAN_POINT('',(-0.0440564218803906,-0.003,0.151445720076896));
#4600=CARTESIAN_POINT('',(-0.0440564218803906,-0.003,0.151445720076896));
#4601=CARTESIAN_POINT('',(-0.000256421880390593,-0.003,0.171445720076896));
#4602=CARTESIAN_POINT('',(-0.000256421880390593,0.,0.171445720076896));
#4603=CARTESIAN_POINT('',(0.0435435781196094,0.,0.171445720076896));
#4604=CARTESIAN_POINT('',(0.0435435781196094,-0.003,0.171445720076896));
#4605=CARTESIAN_POINT('',(0.0435435781196094,-0.003,0.171445720076896));
#4606=CARTESIAN_POINT('',(-0.000256421880390593,-0.003,0.171445720076896));
#4607=CARTESIAN_POINT('',(0.0435435781196094,-0.003,0.161445720076896));
#4608=CARTESIAN_POINT('',(0.0435435781196094,0.,0.161445720076896));
#4609=CARTESIAN_POINT('',(0.0435435781196094,0.,0.151445720076896));
#4610=CARTESIAN_POINT('',(0.0435435781196094,-0.003,0.151445720076896));
#4611=CARTESIAN_POINT('',(0.0435435781196094,-0.003,0.151445720076896));
#4612=CARTESIAN_POINT('',(0.0435435781196094,-0.003,0.161445720076896));
#4613=CARTESIAN_POINT('',(0.0536435781196094,-0.003,0.141545720076896));
#4614=CARTESIAN_POINT('',(0.0536435781196094,-0.003,0.141545720076896));
#4615=CARTESIAN_POINT('',(0.0536435781196094,-0.003,0.185445720076896));
#4616=CARTESIAN_POINT('',(0.0536435781196094,-0.003,0.097645720076896));
#4617=CARTESIAN_POINT('',(0.0536435781196094,-0.003,0.097645720076896));
#4618=CARTESIAN_POINT('',(0.0536435781196094,0.,0.097645720076896));
#4619=CARTESIAN_POINT('',(0.0536435781196094,0.,0.141545720076896));
#4620=CARTESIAN_POINT('',(0.0536435781196094,0.,0.185445720076896));
#4621=CARTESIAN_POINT('',(0.0536435781196094,-0.003,0.185445720076896));
#4622=CARTESIAN_POINT('',(-0.000256421880390593,-0.003,0.186445720076896));
#4623=CARTESIAN_POINT('',(-0.000256421880390593,0.,0.186445720076896));
#4624=CARTESIAN_POINT('',(0.0526435781196094,0.,0.186445720076896));
#4625=CARTESIAN_POINT('',(-0.0531564218803906,0.,0.186445720076896));
#4626=CARTESIAN_POINT('',(-0.0531564218803906,-0.003,0.186445720076896));
#4627=CARTESIAN_POINT('',(-0.0531564218803906,-0.003,0.186445720076896));
#4628=CARTESIAN_POINT('',(-0.000256421880390593,-0.003,0.186445720076896));
#4629=CARTESIAN_POINT('',(0.0526435781196094,-0.003,0.186445720076896));
#4630=CARTESIAN_POINT('',(0.0526435781196094,0.,0.186445720076896));
#4631=CARTESIAN_POINT('',(-0.0541564218803906,-0.003,0.141545720076896));
#4632=CARTESIAN_POINT('',(-0.0541564218803906,0.,0.141545720076896));
#4633=CARTESIAN_POINT('',(-0.0541564218803906,0.,0.185445720076896));
#4634=CARTESIAN_POINT('',(-0.0541564218803906,0.,0.097645720076896));
#4635=CARTESIAN_POINT('',(-0.0541564218803906,-0.003,0.097645720076896));
#4636=CARTESIAN_POINT('',(-0.0541564218803906,-0.003,0.097645720076896));
#4637=CARTESIAN_POINT('',(-0.0541564218803906,-0.003,0.141545720076896));
#4638=CARTESIAN_POINT('',(-0.0541564218803906,-0.003,0.185445720076896));
#4639=CARTESIAN_POINT('',(-0.0541564218803906,-0.003,0.185445720076896));
#4640=CARTESIAN_POINT('',(-0.0259936441421176,-0.003,0.116915524673797));
#4641=CARTESIAN_POINT('',(-0.0259936441421176,0.,0.116915524673797));
#4642=CARTESIAN_POINT('',(-0.0259936441421176,-0.003,0.116915524673797));
#4643=CARTESIAN_POINT('',(0.00738472471232663,-0.003,0.111160487604476));
#4644=CARTESIAN_POINT('',(0.00738472471232663,0.,0.111160487604476));
#4645=CARTESIAN_POINT('',(0.00738472471232663,-0.003,0.111160487604476));
#4646=CARTESIAN_POINT('',(-0.000256421880390593,-0.003,0.151445720076896));
#4647=CARTESIAN_POINT('',(-0.000256421880390593,0.,0.151445720076896));
#4648=CARTESIAN_POINT('',(-0.000256421880390593,-0.003,0.151445720076896));
#4649=CARTESIAN_POINT('',(-0.0002564218803906,-0.003,0.096645720076896));
#4650=CARTESIAN_POINT('',(-0.0002564218803906,-0.003,0.096645720076896));
#4651=CARTESIAN_POINT('',(0.0526435781196094,-0.003,0.096645720076896));
#4652=CARTESIAN_POINT('',(-0.0531564218803906,-0.003,0.096645720076896));
#4653=CARTESIAN_POINT('',(-0.0531564218803906,0.,0.096645720076896));
#4654=CARTESIAN_POINT('',(-0.0531564218803906,0.,0.096645720076896));
#4655=CARTESIAN_POINT('',(-0.0002564218803906,0.,0.096645720076896));
#4656=CARTESIAN_POINT('',(0.0526435781196094,0.,0.096645720076896));
#4657=CARTESIAN_POINT('',(0.0526435781196094,-0.003,0.096645720076896));
#4658=CARTESIAN_POINT('',(0.0118294598370337,-0.003,0.123015127677259));
#4659=CARTESIAN_POINT('',(0.0118294598370337,0.,0.123015127677259));
#4660=CARTESIAN_POINT('',(0.0118294598370337,-0.003,0.123015127677259));
#4661=CARTESIAN_POINT('',(-7.82109401952988E-5,-0.003,0.094722860038448));
#4662=CARTESIAN_POINT('',(-0.025655886391069,-0.003,0.0691451845875743));
#4663=CARTESIAN_POINT('',(0.0253212535704827,-0.003,0.0693233955277696));
#4664=CARTESIAN_POINT('',(0.072144113608931,-0.003,0.166945184587575));
#4665=CARTESIAN_POINT('',(-0.0724787464295177,-0.003,0.167123395527769));
#4666=CARTESIAN_POINT('',(-7.82109401952988E-5,0.,0.094722860038448));
#4667=CARTESIAN_POINT('',(-0.0531564218803906,0.,0.096645720076896));
#4668=CARTESIAN_POINT('',(-0.0541564218803906,0.,0.185445720076896));
#4669=CARTESIAN_POINT('',(0.0526435781196094,0.,0.186445720076896));
#4670=CARTESIAN_POINT('',(0.0536435781196094,0.,0.097645720076896));
#4671=CARTESIAN_POINT('',(-0.0531564218803906,-0.003,0.096645720076896));
#4672=CARTESIAN_POINT('',(0.0536435781196094,-0.003,0.097645720076896));
#4673=CARTESIAN_POINT('',(-0.0541564218803906,-0.003,0.185445720076896));
#4674=CARTESIAN_POINT('',(0.0526435781196094,-0.003,0.186445720076896));
#4675=MECHANICAL_DESIGN_GEOMETRIC_PRESENTATION_REPRESENTATION('',(#2974),
#4677);
#4676=MECHANICAL_DESIGN_GEOMETRIC_PRESENTATION_REPRESENTATION('',(#2975),
#4678);
#4677=(
GEOMETRIC_REPRESENTATION_CONTEXT(3)
GLOBAL_UNCERTAINTY_ASSIGNED_CONTEXT((#4679))
GLOBAL_UNIT_ASSIGNED_CONTEXT((#4685,#4683,#4681))
REPRESENTATION_CONTEXT('JetsonPortPlate','TOP_LEVEL_ASSEMBLY_PART')
);
#4678=(
GEOMETRIC_REPRESENTATION_CONTEXT(3)
GLOBAL_UNCERTAINTY_ASSIGNED_CONTEXT((#4680))
GLOBAL_UNIT_ASSIGNED_CONTEXT((#4686,#4684,#4682))
REPRESENTATION_CONTEXT('RaspberryPiPlate','TOP_LEVEL_ASSEMBLY_PART')
);
#4679=UNCERTAINTY_MEASURE_WITH_UNIT(LENGTH_MEASURE(1.E-8),#4685,
'DISTANCE_ACCURACY_VALUE','Maximum Tolerance applied to model');
#4680=UNCERTAINTY_MEASURE_WITH_UNIT(LENGTH_MEASURE(1.E-8),#4686,
'DISTANCE_ACCURACY_VALUE','Maximum Tolerance applied to model');
#4681=(
NAMED_UNIT(*)
SI_UNIT($,.STERADIAN.)
SOLID_ANGLE_UNIT()
);
#4682=(
NAMED_UNIT(*)
SI_UNIT($,.STERADIAN.)
SOLID_ANGLE_UNIT()
);
#4683=(
NAMED_UNIT(*)
PLANE_ANGLE_UNIT()
SI_UNIT($,.RADIAN.)
);
#4684=(
NAMED_UNIT(*)
PLANE_ANGLE_UNIT()
SI_UNIT($,.RADIAN.)
);
#4685=(
LENGTH_UNIT()
NAMED_UNIT(*)
SI_UNIT($,.METRE.)
);
#4686=(
LENGTH_UNIT()
NAMED_UNIT(*)
SI_UNIT($,.METRE.)
);
#4687=PRODUCT_DEFINITION_SHAPE('','',#4689);
#4688=PRODUCT_DEFINITION_SHAPE('','',#4690);
#4689=PRODUCT_DEFINITION('','',#4693,#4691);
#4690=PRODUCT_DEFINITION('','',#4694,#4692);
#4691=PRODUCT_DEFINITION_CONTEXT('',#4705,'design');
#4692=PRODUCT_DEFINITION_CONTEXT('',#4706,'design');
#4693=PRODUCT_DEFINITION_FORMATION_WITH_SPECIFIED_SOURCE('','',#4697,
 .NOT_KNOWN.);
#4694=PRODUCT_DEFINITION_FORMATION_WITH_SPECIFIED_SOURCE('','',#4698,
 .NOT_KNOWN.);
#4695=PRODUCT_RELATED_PRODUCT_CATEGORY('','',(#4697));
#4696=PRODUCT_RELATED_PRODUCT_CATEGORY('','',(#4698));
#4697=PRODUCT('JetsonPortPlate','JetsonPortPlate','JetsonPortPlate',(#4701));
#4698=PRODUCT('RaspberryPiPlate','RaspberryPiPlate','RaspberryPiPlate',
(#4702));
#4699=PRODUCT_CATEGORY('','');
#4700=PRODUCT_CATEGORY('','');
#4701=PRODUCT_CONTEXT('',#4705,'mechanical');
#4702=PRODUCT_CONTEXT('',#4706,'mechanical');
#4703=APPLICATION_PROTOCOL_DEFINITION('international standard',
'ap242_managed_model_based_3d_engineering',2011,#4705);
#4704=APPLICATION_PROTOCOL_DEFINITION('international standard',
'ap242_managed_model_based_3d_engineering',2011,#4706);
#4705=APPLICATION_CONTEXT('managed model based 3d engineering');
#4706=APPLICATION_CONTEXT('managed model based 3d engineering');
ENDSEC;
END-ISO-10303-21;
