ISO-10303-21;
HEADER;
/* Generated by software containing ST-Developer
 * from STEP Tools, Inc. (www.steptools.com) 
 */
/* OPTION: using custom renumber hook */

FILE_DESCRIPTION(
/* description */ ('STEP AP242',
'CAx-IF Rec.Pracs.---Representation and Presentation of Product Manufa
cturing Information (PMI)---4.0---2014-10-13',
'CAx-IF Rec.Pracs.---3D Tessellated Geometry---0.4---2014-09-14','2;1',
'CAx-IF Rec.Pracs.---User Defined Attributes---1.5---2016-08-15'),
/* implementation_level */ '2;1');

FILE_NAME(
/* name */ '69065edeee2a6d5daf03909b',
/* time_stamp */ '2025-11-01T19:26:23Z',
/* author */ (''),
/* organization */ (''),
/* preprocessor_version */ 'ST-DEVELOPER v20',
/* originating_system */ 'ONSHAPE BY PTC INC, 1.206',
/* authorisation */ '  ');

FILE_SCHEMA (('AP242_MANAGED_MODEL_BASED_3D_ENGINEERING_MIM_LF { 1 0 10303 442 1 1 4 }'));
ENDSEC;

DATA;
#10=COLOUR_RGB('',0.498039215686275,0.498039215686275,0.498039215686275);
#11=CONICAL_SURFACE('',#9314,0.003,0.785398163397449);
#12=CONICAL_SURFACE('',#9317,0.003,0.785398163397449);
#13=CONICAL_SURFACE('',#9318,0.003,0.785398163397449);
#14=CONICAL_SURFACE('',#9321,0.003,0.785398163397449);
#15=CONICAL_SURFACE('',#9329,0.003,0.463647609000806);
#16=CONICAL_SURFACE('',#9330,0.003,0.463647609000806);
#17=CONICAL_SURFACE('',#9331,0.003,0.463647609000806);
#18=CONICAL_SURFACE('',#9332,0.003,0.463647609000806);
#19=CONICAL_SURFACE('',#9333,0.003,0.463647609000806);
#20=CONICAL_SURFACE('',#9334,0.003,0.463647609000806);
#21=CONICAL_SURFACE('',#9335,0.003,0.463647609000807);
#22=CONICAL_SURFACE('',#9336,0.003,0.463647609000807);
#23=CIRCLE('',#9092,0.00205);
#24=CIRCLE('',#9093,0.00205);
#25=CIRCLE('',#9095,0.00205);
#26=CIRCLE('',#9096,0.00205);
#27=CIRCLE('',#9098,0.00205);
#28=CIRCLE('',#9099,0.00205);
#29=CIRCLE('',#9101,0.00205);
#30=CIRCLE('',#9102,0.00205);
#31=CIRCLE('',#9118,0.003);
#32=CIRCLE('',#9119,0.003);
#33=CIRCLE('',#9122,0.003);
#34=CIRCLE('',#9123,0.003);
#35=CIRCLE('',#9126,0.003);
#36=CIRCLE('',#9127,0.003);
#37=CIRCLE('',#9146,0.003);
#38=CIRCLE('',#9147,0.003);
#39=CIRCLE('',#9149,0.001);
#40=CIRCLE('',#9150,0.001);
#41=CIRCLE('',#9151,0.001);
#42=CIRCLE('',#9152,0.00100000000000001);
#43=CIRCLE('',#9166,0.003);
#44=CIRCLE('',#9167,0.003);
#45=CIRCLE('',#9172,0.003);
#46=CIRCLE('',#9173,0.003);
#47=CIRCLE('',#9178,0.003);
#48=CIRCLE('',#9179,0.003);
#49=CIRCLE('',#9184,0.003);
#50=CIRCLE('',#9185,0.003);
#51=CIRCLE('',#9193,0.00205);
#52=CIRCLE('',#9194,0.00205);
#53=CIRCLE('',#9196,0.00205);
#54=CIRCLE('',#9197,0.00205);
#55=CIRCLE('',#9199,0.00205);
#56=CIRCLE('',#9200,0.00205);
#57=CIRCLE('',#9202,0.00205);
#58=CIRCLE('',#9203,0.00205);
#59=CIRCLE('',#9210,0.006);
#60=CIRCLE('',#9211,0.006);
#61=CIRCLE('',#9212,0.006);
#62=CIRCLE('',#9213,0.006);
#63=CIRCLE('',#9214,0.006);
#64=CIRCLE('',#9215,0.006);
#65=CIRCLE('',#9216,0.006);
#66=CIRCLE('',#9217,0.006);
#67=CIRCLE('',#9267,0.00115);
#68=CIRCLE('',#9268,0.00115);
#69=CIRCLE('',#9270,0.003);
#70=CIRCLE('',#9273,0.00115);
#71=CIRCLE('',#9274,0.00115);
#72=CIRCLE('',#9276,0.003);
#73=CIRCLE('',#9279,0.00115);
#74=CIRCLE('',#9280,0.00115);
#75=CIRCLE('',#9282,0.003);
#76=CIRCLE('',#9285,0.00115);
#77=CIRCLE('',#9286,0.00115);
#78=CIRCLE('',#9288,0.003);
#79=CIRCLE('',#9291,0.00115);
#80=CIRCLE('',#9292,0.00115);
#81=CIRCLE('',#9294,0.003);
#82=CIRCLE('',#9297,0.00115);
#83=CIRCLE('',#9298,0.00115);
#84=CIRCLE('',#9300,0.003);
#85=CIRCLE('',#9303,0.00115);
#86=CIRCLE('',#9304,0.00115);
#87=CIRCLE('',#9306,0.003);
#88=CIRCLE('',#9309,0.00115);
#89=CIRCLE('',#9310,0.00115);
#90=CIRCLE('',#9312,0.003);
#91=CIRCLE('',#9345,0.00205);
#92=CIRCLE('',#9346,0.00205);
#93=CIRCLE('',#9348,0.00205);
#94=CIRCLE('',#9349,0.00205);
#95=CIRCLE('',#9351,0.00205);
#96=CIRCLE('',#9352,0.00205);
#97=CIRCLE('',#9356,0.00205);
#98=CIRCLE('',#9357,0.00205);
#99=CIRCLE('',#9380,0.0021);
#100=CIRCLE('',#9381,0.0021);
#101=CYLINDRICAL_SURFACE('',#9091,0.00205);
#102=CYLINDRICAL_SURFACE('',#9094,0.00205);
#103=CYLINDRICAL_SURFACE('',#9097,0.00205);
#104=CYLINDRICAL_SURFACE('',#9100,0.00205);
#105=CYLINDRICAL_SURFACE('',#9117,0.003);
#106=CYLINDRICAL_SURFACE('',#9121,0.003);
#107=CYLINDRICAL_SURFACE('',#9125,0.003);
#108=CYLINDRICAL_SURFACE('',#9145,0.003);
#109=CYLINDRICAL_SURFACE('',#9165,0.003);
#110=CYLINDRICAL_SURFACE('',#9171,0.003);
#111=CYLINDRICAL_SURFACE('',#9177,0.003);
#112=CYLINDRICAL_SURFACE('',#9183,0.003);
#113=CYLINDRICAL_SURFACE('',#9192,0.00205);
#114=CYLINDRICAL_SURFACE('',#9195,0.00205);
#115=CYLINDRICAL_SURFACE('',#9198,0.00205);
#116=CYLINDRICAL_SURFACE('',#9201,0.00205);
#117=CYLINDRICAL_SURFACE('',#9266,0.00115);
#118=CYLINDRICAL_SURFACE('',#9272,0.00115);
#119=CYLINDRICAL_SURFACE('',#9278,0.00115);
#120=CYLINDRICAL_SURFACE('',#9284,0.00115);
#121=CYLINDRICAL_SURFACE('',#9290,0.00115);
#122=CYLINDRICAL_SURFACE('',#9296,0.00115);
#123=CYLINDRICAL_SURFACE('',#9302,0.00115);
#124=CYLINDRICAL_SURFACE('',#9308,0.00115);
#125=CYLINDRICAL_SURFACE('',#9344,0.00205);
#126=CYLINDRICAL_SURFACE('',#9347,0.00205);
#127=CYLINDRICAL_SURFACE('',#9350,0.00205);
#128=CYLINDRICAL_SURFACE('',#9355,0.00205);
#129=CYLINDRICAL_SURFACE('',#9379,0.0021);
#130=SHAPE_REPRESENTATION_RELATIONSHIP('','',#8855,#137);
#131=SHAPE_REPRESENTATION_RELATIONSHIP('','',#8856,#138);
#132=SHAPE_REPRESENTATION_RELATIONSHIP('','',#8857,#139);
#133=SHAPE_REPRESENTATION_RELATIONSHIP('','',#8858,#140);
#134=SHAPE_REPRESENTATION_RELATIONSHIP('','',#8859,#141);
#135=SHAPE_REPRESENTATION_RELATIONSHIP('','',#8860,#142);
#136=SHAPE_REPRESENTATION_RELATIONSHIP('','',#8861,#143);
#137=ADVANCED_BREP_SHAPE_REPRESENTATION('',(#8841),#14027);
#138=ADVANCED_BREP_SHAPE_REPRESENTATION('',(#8842),#14028);
#139=ADVANCED_BREP_SHAPE_REPRESENTATION('',(#8843),#14029);
#140=ADVANCED_BREP_SHAPE_REPRESENTATION('',(#8844),#14030);
#141=ADVANCED_BREP_SHAPE_REPRESENTATION('',(#8845),#14031);
#142=ADVANCED_BREP_SHAPE_REPRESENTATION('',(#8846),#14032);
#143=ADVANCED_BREP_SHAPE_REPRESENTATION('',(#8847),#14033);
#144=ORIENTED_EDGE('',*,*,#2526,.T.);
#145=ORIENTED_EDGE('',*,*,#2527,.T.);
#146=ORIENTED_EDGE('',*,*,#2528,.F.);
#147=ORIENTED_EDGE('',*,*,#2529,.T.);
#148=ORIENTED_EDGE('',*,*,#2530,.T.);
#149=ORIENTED_EDGE('',*,*,#2531,.T.);
#150=ORIENTED_EDGE('',*,*,#2532,.F.);
#151=ORIENTED_EDGE('',*,*,#2533,.T.);
#152=ORIENTED_EDGE('',*,*,#2534,.T.);
#153=ORIENTED_EDGE('',*,*,#2535,.T.);
#154=ORIENTED_EDGE('',*,*,#2536,.F.);
#155=ORIENTED_EDGE('',*,*,#2537,.T.);
#156=ORIENTED_EDGE('',*,*,#2538,.F.);
#157=ORIENTED_EDGE('',*,*,#2539,.F.);
#158=ORIENTED_EDGE('',*,*,#2540,.T.);
#159=ORIENTED_EDGE('',*,*,#2541,.T.);
#160=ORIENTED_EDGE('',*,*,#2542,.F.);
#161=ORIENTED_EDGE('',*,*,#2543,.F.);
#162=ORIENTED_EDGE('',*,*,#2544,.T.);
#163=ORIENTED_EDGE('',*,*,#2539,.T.);
#164=ORIENTED_EDGE('',*,*,#2545,.F.);
#165=ORIENTED_EDGE('',*,*,#2546,.F.);
#166=ORIENTED_EDGE('',*,*,#2547,.T.);
#167=ORIENTED_EDGE('',*,*,#2543,.T.);
#168=ORIENTED_EDGE('',*,*,#2548,.F.);
#169=ORIENTED_EDGE('',*,*,#2549,.F.);
#170=ORIENTED_EDGE('',*,*,#2550,.T.);
#171=ORIENTED_EDGE('',*,*,#2546,.T.);
#172=ORIENTED_EDGE('',*,*,#2551,.F.);
#173=ORIENTED_EDGE('',*,*,#2552,.F.);
#174=ORIENTED_EDGE('',*,*,#2553,.T.);
#175=ORIENTED_EDGE('',*,*,#2549,.T.);
#176=ORIENTED_EDGE('',*,*,#2554,.F.);
#177=ORIENTED_EDGE('',*,*,#2555,.F.);
#178=ORIENTED_EDGE('',*,*,#2556,.T.);
#179=ORIENTED_EDGE('',*,*,#2557,.T.);
#180=ORIENTED_EDGE('',*,*,#2558,.F.);
#181=ORIENTED_EDGE('',*,*,#2559,.F.);
#182=ORIENTED_EDGE('',*,*,#2560,.T.);
#183=ORIENTED_EDGE('',*,*,#2555,.T.);
#184=ORIENTED_EDGE('',*,*,#2561,.F.);
#185=ORIENTED_EDGE('',*,*,#2562,.F.);
#186=ORIENTED_EDGE('',*,*,#2563,.T.);
#187=ORIENTED_EDGE('',*,*,#2559,.T.);
#188=ORIENTED_EDGE('',*,*,#2564,.F.);
#189=ORIENTED_EDGE('',*,*,#2565,.F.);
#190=ORIENTED_EDGE('',*,*,#2566,.T.);
#191=ORIENTED_EDGE('',*,*,#2562,.T.);
#192=ORIENTED_EDGE('',*,*,#2567,.F.);
#193=ORIENTED_EDGE('',*,*,#2568,.F.);
#194=ORIENTED_EDGE('',*,*,#2569,.T.);
#195=ORIENTED_EDGE('',*,*,#2565,.T.);
#196=ORIENTED_EDGE('',*,*,#2570,.F.);
#197=ORIENTED_EDGE('',*,*,#2571,.F.);
#198=ORIENTED_EDGE('',*,*,#2572,.T.);
#199=ORIENTED_EDGE('',*,*,#2573,.T.);
#200=ORIENTED_EDGE('',*,*,#2574,.F.);
#201=ORIENTED_EDGE('',*,*,#2575,.F.);
#202=ORIENTED_EDGE('',*,*,#2576,.T.);
#203=ORIENTED_EDGE('',*,*,#2571,.T.);
#204=ORIENTED_EDGE('',*,*,#2577,.F.);
#205=ORIENTED_EDGE('',*,*,#2578,.F.);
#206=ORIENTED_EDGE('',*,*,#2579,.T.);
#207=ORIENTED_EDGE('',*,*,#2575,.T.);
#208=ORIENTED_EDGE('',*,*,#2580,.F.);
#209=ORIENTED_EDGE('',*,*,#2581,.F.);
#210=ORIENTED_EDGE('',*,*,#2582,.T.);
#211=ORIENTED_EDGE('',*,*,#2578,.T.);
#212=ORIENTED_EDGE('',*,*,#2583,.F.);
#213=ORIENTED_EDGE('',*,*,#2584,.F.);
#214=ORIENTED_EDGE('',*,*,#2585,.T.);
#215=ORIENTED_EDGE('',*,*,#2581,.T.);
#216=ORIENTED_EDGE('',*,*,#2586,.F.);
#217=ORIENTED_EDGE('',*,*,#2587,.F.);
#218=ORIENTED_EDGE('',*,*,#2588,.T.);
#219=ORIENTED_EDGE('',*,*,#2589,.T.);
#220=ORIENTED_EDGE('',*,*,#2590,.F.);
#221=ORIENTED_EDGE('',*,*,#2591,.F.);
#222=ORIENTED_EDGE('',*,*,#2592,.T.);
#223=ORIENTED_EDGE('',*,*,#2587,.T.);
#224=ORIENTED_EDGE('',*,*,#2593,.F.);
#225=ORIENTED_EDGE('',*,*,#2594,.F.);
#226=ORIENTED_EDGE('',*,*,#2595,.T.);
#227=ORIENTED_EDGE('',*,*,#2591,.T.);
#228=ORIENTED_EDGE('',*,*,#2596,.F.);
#229=ORIENTED_EDGE('',*,*,#2597,.F.);
#230=ORIENTED_EDGE('',*,*,#2598,.T.);
#231=ORIENTED_EDGE('',*,*,#2594,.T.);
#232=ORIENTED_EDGE('',*,*,#2599,.F.);
#233=ORIENTED_EDGE('',*,*,#2600,.F.);
#234=ORIENTED_EDGE('',*,*,#2601,.T.);
#235=ORIENTED_EDGE('',*,*,#2597,.T.);
#236=ORIENTED_EDGE('',*,*,#2602,.F.);
#237=ORIENTED_EDGE('',*,*,#2603,.F.);
#238=ORIENTED_EDGE('',*,*,#2604,.T.);
#239=ORIENTED_EDGE('',*,*,#2605,.T.);
#240=ORIENTED_EDGE('',*,*,#2606,.F.);
#241=ORIENTED_EDGE('',*,*,#2607,.F.);
#242=ORIENTED_EDGE('',*,*,#2608,.T.);
#243=ORIENTED_EDGE('',*,*,#2603,.T.);
#244=ORIENTED_EDGE('',*,*,#2609,.F.);
#245=ORIENTED_EDGE('',*,*,#2610,.F.);
#246=ORIENTED_EDGE('',*,*,#2611,.T.);
#247=ORIENTED_EDGE('',*,*,#2607,.T.);
#248=ORIENTED_EDGE('',*,*,#2612,.F.);
#249=ORIENTED_EDGE('',*,*,#2613,.F.);
#250=ORIENTED_EDGE('',*,*,#2614,.T.);
#251=ORIENTED_EDGE('',*,*,#2610,.T.);
#252=ORIENTED_EDGE('',*,*,#2615,.F.);
#253=ORIENTED_EDGE('',*,*,#2616,.F.);
#254=ORIENTED_EDGE('',*,*,#2617,.T.);
#255=ORIENTED_EDGE('',*,*,#2613,.T.);
#256=ORIENTED_EDGE('',*,*,#2618,.F.);
#257=ORIENTED_EDGE('',*,*,#2619,.F.);
#258=ORIENTED_EDGE('',*,*,#2620,.T.);
#259=ORIENTED_EDGE('',*,*,#2621,.T.);
#260=ORIENTED_EDGE('',*,*,#2622,.F.);
#261=ORIENTED_EDGE('',*,*,#2623,.F.);
#262=ORIENTED_EDGE('',*,*,#2624,.T.);
#263=ORIENTED_EDGE('',*,*,#2619,.T.);
#264=ORIENTED_EDGE('',*,*,#2625,.F.);
#265=ORIENTED_EDGE('',*,*,#2626,.F.);
#266=ORIENTED_EDGE('',*,*,#2627,.T.);
#267=ORIENTED_EDGE('',*,*,#2623,.T.);
#268=ORIENTED_EDGE('',*,*,#2628,.F.);
#269=ORIENTED_EDGE('',*,*,#2629,.F.);
#270=ORIENTED_EDGE('',*,*,#2630,.T.);
#271=ORIENTED_EDGE('',*,*,#2626,.T.);
#272=ORIENTED_EDGE('',*,*,#2631,.F.);
#273=ORIENTED_EDGE('',*,*,#2632,.F.);
#274=ORIENTED_EDGE('',*,*,#2633,.T.);
#275=ORIENTED_EDGE('',*,*,#2629,.T.);
#276=ORIENTED_EDGE('',*,*,#2634,.F.);
#277=ORIENTED_EDGE('',*,*,#2635,.F.);
#278=ORIENTED_EDGE('',*,*,#2636,.T.);
#279=ORIENTED_EDGE('',*,*,#2637,.T.);
#280=ORIENTED_EDGE('',*,*,#2638,.F.);
#281=ORIENTED_EDGE('',*,*,#2639,.F.);
#282=ORIENTED_EDGE('',*,*,#2640,.T.);
#283=ORIENTED_EDGE('',*,*,#2635,.T.);
#284=ORIENTED_EDGE('',*,*,#2641,.F.);
#285=ORIENTED_EDGE('',*,*,#2642,.F.);
#286=ORIENTED_EDGE('',*,*,#2643,.T.);
#287=ORIENTED_EDGE('',*,*,#2639,.T.);
#288=ORIENTED_EDGE('',*,*,#2644,.F.);
#289=ORIENTED_EDGE('',*,*,#2645,.F.);
#290=ORIENTED_EDGE('',*,*,#2646,.T.);
#291=ORIENTED_EDGE('',*,*,#2642,.T.);
#292=ORIENTED_EDGE('',*,*,#2647,.F.);
#293=ORIENTED_EDGE('',*,*,#2648,.F.);
#294=ORIENTED_EDGE('',*,*,#2649,.T.);
#295=ORIENTED_EDGE('',*,*,#2645,.T.);
#296=ORIENTED_EDGE('',*,*,#2650,.F.);
#297=ORIENTED_EDGE('',*,*,#2651,.F.);
#298=ORIENTED_EDGE('',*,*,#2652,.T.);
#299=ORIENTED_EDGE('',*,*,#2653,.T.);
#300=ORIENTED_EDGE('',*,*,#2654,.F.);
#301=ORIENTED_EDGE('',*,*,#2655,.F.);
#302=ORIENTED_EDGE('',*,*,#2656,.T.);
#303=ORIENTED_EDGE('',*,*,#2651,.T.);
#304=ORIENTED_EDGE('',*,*,#2657,.F.);
#305=ORIENTED_EDGE('',*,*,#2658,.F.);
#306=ORIENTED_EDGE('',*,*,#2659,.T.);
#307=ORIENTED_EDGE('',*,*,#2655,.T.);
#308=ORIENTED_EDGE('',*,*,#2660,.F.);
#309=ORIENTED_EDGE('',*,*,#2661,.F.);
#310=ORIENTED_EDGE('',*,*,#2662,.T.);
#311=ORIENTED_EDGE('',*,*,#2658,.T.);
#312=ORIENTED_EDGE('',*,*,#2663,.F.);
#313=ORIENTED_EDGE('',*,*,#2664,.F.);
#314=ORIENTED_EDGE('',*,*,#2665,.T.);
#315=ORIENTED_EDGE('',*,*,#2661,.T.);
#316=ORIENTED_EDGE('',*,*,#2666,.F.);
#317=ORIENTED_EDGE('',*,*,#2667,.F.);
#318=ORIENTED_EDGE('',*,*,#2668,.T.);
#319=ORIENTED_EDGE('',*,*,#2669,.T.);
#320=ORIENTED_EDGE('',*,*,#2670,.F.);
#321=ORIENTED_EDGE('',*,*,#2671,.F.);
#322=ORIENTED_EDGE('',*,*,#2672,.T.);
#323=ORIENTED_EDGE('',*,*,#2667,.T.);
#324=ORIENTED_EDGE('',*,*,#2673,.F.);
#325=ORIENTED_EDGE('',*,*,#2674,.F.);
#326=ORIENTED_EDGE('',*,*,#2675,.T.);
#327=ORIENTED_EDGE('',*,*,#2671,.T.);
#328=ORIENTED_EDGE('',*,*,#2676,.F.);
#329=ORIENTED_EDGE('',*,*,#2677,.F.);
#330=ORIENTED_EDGE('',*,*,#2678,.T.);
#331=ORIENTED_EDGE('',*,*,#2674,.T.);
#332=ORIENTED_EDGE('',*,*,#2679,.F.);
#333=ORIENTED_EDGE('',*,*,#2680,.F.);
#334=ORIENTED_EDGE('',*,*,#2681,.T.);
#335=ORIENTED_EDGE('',*,*,#2677,.T.);
#336=ORIENTED_EDGE('',*,*,#2682,.F.);
#337=ORIENTED_EDGE('',*,*,#2683,.F.);
#338=ORIENTED_EDGE('',*,*,#2684,.T.);
#339=ORIENTED_EDGE('',*,*,#2685,.T.);
#340=ORIENTED_EDGE('',*,*,#2686,.F.);
#341=ORIENTED_EDGE('',*,*,#2687,.F.);
#342=ORIENTED_EDGE('',*,*,#2688,.T.);
#343=ORIENTED_EDGE('',*,*,#2683,.T.);
#344=ORIENTED_EDGE('',*,*,#2689,.F.);
#345=ORIENTED_EDGE('',*,*,#2690,.F.);
#346=ORIENTED_EDGE('',*,*,#2691,.T.);
#347=ORIENTED_EDGE('',*,*,#2687,.T.);
#348=ORIENTED_EDGE('',*,*,#2692,.F.);
#349=ORIENTED_EDGE('',*,*,#2693,.F.);
#350=ORIENTED_EDGE('',*,*,#2694,.T.);
#351=ORIENTED_EDGE('',*,*,#2690,.T.);
#352=ORIENTED_EDGE('',*,*,#2695,.F.);
#353=ORIENTED_EDGE('',*,*,#2696,.F.);
#354=ORIENTED_EDGE('',*,*,#2697,.T.);
#355=ORIENTED_EDGE('',*,*,#2693,.T.);
#356=ORIENTED_EDGE('',*,*,#2698,.F.);
#357=ORIENTED_EDGE('',*,*,#2699,.F.);
#358=ORIENTED_EDGE('',*,*,#2700,.T.);
#359=ORIENTED_EDGE('',*,*,#2701,.T.);
#360=ORIENTED_EDGE('',*,*,#2702,.F.);
#361=ORIENTED_EDGE('',*,*,#2703,.F.);
#362=ORIENTED_EDGE('',*,*,#2704,.T.);
#363=ORIENTED_EDGE('',*,*,#2699,.T.);
#364=ORIENTED_EDGE('',*,*,#2705,.F.);
#365=ORIENTED_EDGE('',*,*,#2706,.F.);
#366=ORIENTED_EDGE('',*,*,#2707,.T.);
#367=ORIENTED_EDGE('',*,*,#2703,.T.);
#368=ORIENTED_EDGE('',*,*,#2708,.F.);
#369=ORIENTED_EDGE('',*,*,#2709,.F.);
#370=ORIENTED_EDGE('',*,*,#2710,.T.);
#371=ORIENTED_EDGE('',*,*,#2706,.T.);
#372=ORIENTED_EDGE('',*,*,#2711,.F.);
#373=ORIENTED_EDGE('',*,*,#2712,.F.);
#374=ORIENTED_EDGE('',*,*,#2713,.T.);
#375=ORIENTED_EDGE('',*,*,#2709,.T.);
#376=ORIENTED_EDGE('',*,*,#2714,.F.);
#377=ORIENTED_EDGE('',*,*,#2715,.F.);
#378=ORIENTED_EDGE('',*,*,#2716,.T.);
#379=ORIENTED_EDGE('',*,*,#2717,.T.);
#380=ORIENTED_EDGE('',*,*,#2718,.F.);
#381=ORIENTED_EDGE('',*,*,#2719,.F.);
#382=ORIENTED_EDGE('',*,*,#2720,.T.);
#383=ORIENTED_EDGE('',*,*,#2715,.T.);
#384=ORIENTED_EDGE('',*,*,#2721,.F.);
#385=ORIENTED_EDGE('',*,*,#2722,.F.);
#386=ORIENTED_EDGE('',*,*,#2723,.T.);
#387=ORIENTED_EDGE('',*,*,#2719,.T.);
#388=ORIENTED_EDGE('',*,*,#2724,.F.);
#389=ORIENTED_EDGE('',*,*,#2725,.F.);
#390=ORIENTED_EDGE('',*,*,#2726,.T.);
#391=ORIENTED_EDGE('',*,*,#2722,.T.);
#392=ORIENTED_EDGE('',*,*,#2727,.F.);
#393=ORIENTED_EDGE('',*,*,#2728,.F.);
#394=ORIENTED_EDGE('',*,*,#2729,.T.);
#395=ORIENTED_EDGE('',*,*,#2725,.T.);
#396=ORIENTED_EDGE('',*,*,#2730,.F.);
#397=ORIENTED_EDGE('',*,*,#2731,.F.);
#398=ORIENTED_EDGE('',*,*,#2732,.T.);
#399=ORIENTED_EDGE('',*,*,#2733,.T.);
#400=ORIENTED_EDGE('',*,*,#2734,.F.);
#401=ORIENTED_EDGE('',*,*,#2735,.F.);
#402=ORIENTED_EDGE('',*,*,#2736,.T.);
#403=ORIENTED_EDGE('',*,*,#2731,.T.);
#404=ORIENTED_EDGE('',*,*,#2737,.F.);
#405=ORIENTED_EDGE('',*,*,#2738,.F.);
#406=ORIENTED_EDGE('',*,*,#2739,.T.);
#407=ORIENTED_EDGE('',*,*,#2735,.T.);
#408=ORIENTED_EDGE('',*,*,#2740,.F.);
#409=ORIENTED_EDGE('',*,*,#2741,.F.);
#410=ORIENTED_EDGE('',*,*,#2742,.T.);
#411=ORIENTED_EDGE('',*,*,#2738,.T.);
#412=ORIENTED_EDGE('',*,*,#2743,.F.);
#413=ORIENTED_EDGE('',*,*,#2744,.F.);
#414=ORIENTED_EDGE('',*,*,#2745,.T.);
#415=ORIENTED_EDGE('',*,*,#2741,.T.);
#416=ORIENTED_EDGE('',*,*,#2746,.F.);
#417=ORIENTED_EDGE('',*,*,#2747,.F.);
#418=ORIENTED_EDGE('',*,*,#2748,.T.);
#419=ORIENTED_EDGE('',*,*,#2749,.T.);
#420=ORIENTED_EDGE('',*,*,#2750,.F.);
#421=ORIENTED_EDGE('',*,*,#2751,.F.);
#422=ORIENTED_EDGE('',*,*,#2752,.T.);
#423=ORIENTED_EDGE('',*,*,#2747,.T.);
#424=ORIENTED_EDGE('',*,*,#2753,.F.);
#425=ORIENTED_EDGE('',*,*,#2754,.F.);
#426=ORIENTED_EDGE('',*,*,#2755,.T.);
#427=ORIENTED_EDGE('',*,*,#2751,.T.);
#428=ORIENTED_EDGE('',*,*,#2756,.F.);
#429=ORIENTED_EDGE('',*,*,#2757,.F.);
#430=ORIENTED_EDGE('',*,*,#2758,.T.);
#431=ORIENTED_EDGE('',*,*,#2754,.T.);
#432=ORIENTED_EDGE('',*,*,#2759,.F.);
#433=ORIENTED_EDGE('',*,*,#2760,.F.);
#434=ORIENTED_EDGE('',*,*,#2761,.T.);
#435=ORIENTED_EDGE('',*,*,#2757,.T.);
#436=ORIENTED_EDGE('',*,*,#2762,.F.);
#437=ORIENTED_EDGE('',*,*,#2763,.F.);
#438=ORIENTED_EDGE('',*,*,#2764,.T.);
#439=ORIENTED_EDGE('',*,*,#2765,.T.);
#440=ORIENTED_EDGE('',*,*,#2766,.F.);
#441=ORIENTED_EDGE('',*,*,#2767,.F.);
#442=ORIENTED_EDGE('',*,*,#2768,.T.);
#443=ORIENTED_EDGE('',*,*,#2763,.T.);
#444=ORIENTED_EDGE('',*,*,#2769,.F.);
#445=ORIENTED_EDGE('',*,*,#2770,.F.);
#446=ORIENTED_EDGE('',*,*,#2771,.T.);
#447=ORIENTED_EDGE('',*,*,#2767,.T.);
#448=ORIENTED_EDGE('',*,*,#2772,.F.);
#449=ORIENTED_EDGE('',*,*,#2773,.F.);
#450=ORIENTED_EDGE('',*,*,#2774,.T.);
#451=ORIENTED_EDGE('',*,*,#2770,.T.);
#452=ORIENTED_EDGE('',*,*,#2775,.F.);
#453=ORIENTED_EDGE('',*,*,#2776,.F.);
#454=ORIENTED_EDGE('',*,*,#2777,.T.);
#455=ORIENTED_EDGE('',*,*,#2773,.T.);
#456=ORIENTED_EDGE('',*,*,#2778,.F.);
#457=ORIENTED_EDGE('',*,*,#2779,.F.);
#458=ORIENTED_EDGE('',*,*,#2780,.T.);
#459=ORIENTED_EDGE('',*,*,#2781,.T.);
#460=ORIENTED_EDGE('',*,*,#2782,.F.);
#461=ORIENTED_EDGE('',*,*,#2783,.F.);
#462=ORIENTED_EDGE('',*,*,#2784,.T.);
#463=ORIENTED_EDGE('',*,*,#2779,.T.);
#464=ORIENTED_EDGE('',*,*,#2785,.F.);
#465=ORIENTED_EDGE('',*,*,#2786,.F.);
#466=ORIENTED_EDGE('',*,*,#2787,.T.);
#467=ORIENTED_EDGE('',*,*,#2783,.T.);
#468=ORIENTED_EDGE('',*,*,#2788,.F.);
#469=ORIENTED_EDGE('',*,*,#2789,.F.);
#470=ORIENTED_EDGE('',*,*,#2790,.T.);
#471=ORIENTED_EDGE('',*,*,#2786,.T.);
#472=ORIENTED_EDGE('',*,*,#2791,.F.);
#473=ORIENTED_EDGE('',*,*,#2792,.F.);
#474=ORIENTED_EDGE('',*,*,#2793,.T.);
#475=ORIENTED_EDGE('',*,*,#2789,.T.);
#476=ORIENTED_EDGE('',*,*,#2794,.F.);
#477=ORIENTED_EDGE('',*,*,#2795,.F.);
#478=ORIENTED_EDGE('',*,*,#2796,.T.);
#479=ORIENTED_EDGE('',*,*,#2797,.T.);
#480=ORIENTED_EDGE('',*,*,#2798,.F.);
#481=ORIENTED_EDGE('',*,*,#2799,.F.);
#482=ORIENTED_EDGE('',*,*,#2800,.T.);
#483=ORIENTED_EDGE('',*,*,#2795,.T.);
#484=ORIENTED_EDGE('',*,*,#2801,.F.);
#485=ORIENTED_EDGE('',*,*,#2802,.F.);
#486=ORIENTED_EDGE('',*,*,#2803,.T.);
#487=ORIENTED_EDGE('',*,*,#2799,.T.);
#488=ORIENTED_EDGE('',*,*,#2804,.F.);
#489=ORIENTED_EDGE('',*,*,#2805,.F.);
#490=ORIENTED_EDGE('',*,*,#2806,.T.);
#491=ORIENTED_EDGE('',*,*,#2802,.T.);
#492=ORIENTED_EDGE('',*,*,#2807,.F.);
#493=ORIENTED_EDGE('',*,*,#2808,.F.);
#494=ORIENTED_EDGE('',*,*,#2809,.T.);
#495=ORIENTED_EDGE('',*,*,#2805,.T.);
#496=ORIENTED_EDGE('',*,*,#2810,.F.);
#497=ORIENTED_EDGE('',*,*,#2811,.F.);
#498=ORIENTED_EDGE('',*,*,#2812,.T.);
#499=ORIENTED_EDGE('',*,*,#2813,.T.);
#500=ORIENTED_EDGE('',*,*,#2814,.F.);
#501=ORIENTED_EDGE('',*,*,#2815,.F.);
#502=ORIENTED_EDGE('',*,*,#2816,.T.);
#503=ORIENTED_EDGE('',*,*,#2811,.T.);
#504=ORIENTED_EDGE('',*,*,#2817,.F.);
#505=ORIENTED_EDGE('',*,*,#2818,.F.);
#506=ORIENTED_EDGE('',*,*,#2819,.T.);
#507=ORIENTED_EDGE('',*,*,#2815,.T.);
#508=ORIENTED_EDGE('',*,*,#2820,.F.);
#509=ORIENTED_EDGE('',*,*,#2821,.F.);
#510=ORIENTED_EDGE('',*,*,#2822,.T.);
#511=ORIENTED_EDGE('',*,*,#2818,.T.);
#512=ORIENTED_EDGE('',*,*,#2823,.F.);
#513=ORIENTED_EDGE('',*,*,#2824,.F.);
#514=ORIENTED_EDGE('',*,*,#2825,.T.);
#515=ORIENTED_EDGE('',*,*,#2821,.T.);
#516=ORIENTED_EDGE('',*,*,#2826,.F.);
#517=ORIENTED_EDGE('',*,*,#2827,.F.);
#518=ORIENTED_EDGE('',*,*,#2828,.T.);
#519=ORIENTED_EDGE('',*,*,#2829,.T.);
#520=ORIENTED_EDGE('',*,*,#2830,.F.);
#521=ORIENTED_EDGE('',*,*,#2831,.F.);
#522=ORIENTED_EDGE('',*,*,#2832,.T.);
#523=ORIENTED_EDGE('',*,*,#2827,.T.);
#524=ORIENTED_EDGE('',*,*,#2833,.F.);
#525=ORIENTED_EDGE('',*,*,#2834,.F.);
#526=ORIENTED_EDGE('',*,*,#2835,.T.);
#527=ORIENTED_EDGE('',*,*,#2831,.T.);
#528=ORIENTED_EDGE('',*,*,#2836,.F.);
#529=ORIENTED_EDGE('',*,*,#2837,.F.);
#530=ORIENTED_EDGE('',*,*,#2838,.T.);
#531=ORIENTED_EDGE('',*,*,#2834,.T.);
#532=ORIENTED_EDGE('',*,*,#2839,.F.);
#533=ORIENTED_EDGE('',*,*,#2840,.F.);
#534=ORIENTED_EDGE('',*,*,#2841,.T.);
#535=ORIENTED_EDGE('',*,*,#2837,.T.);
#536=ORIENTED_EDGE('',*,*,#2842,.F.);
#537=ORIENTED_EDGE('',*,*,#2843,.F.);
#538=ORIENTED_EDGE('',*,*,#2844,.T.);
#539=ORIENTED_EDGE('',*,*,#2845,.T.);
#540=ORIENTED_EDGE('',*,*,#2846,.F.);
#541=ORIENTED_EDGE('',*,*,#2847,.F.);
#542=ORIENTED_EDGE('',*,*,#2848,.T.);
#543=ORIENTED_EDGE('',*,*,#2843,.T.);
#544=ORIENTED_EDGE('',*,*,#2849,.F.);
#545=ORIENTED_EDGE('',*,*,#2850,.F.);
#546=ORIENTED_EDGE('',*,*,#2851,.T.);
#547=ORIENTED_EDGE('',*,*,#2847,.T.);
#548=ORIENTED_EDGE('',*,*,#2852,.F.);
#549=ORIENTED_EDGE('',*,*,#2853,.F.);
#550=ORIENTED_EDGE('',*,*,#2854,.T.);
#551=ORIENTED_EDGE('',*,*,#2850,.T.);
#552=ORIENTED_EDGE('',*,*,#2855,.F.);
#553=ORIENTED_EDGE('',*,*,#2856,.F.);
#554=ORIENTED_EDGE('',*,*,#2857,.T.);
#555=ORIENTED_EDGE('',*,*,#2853,.T.);
#556=ORIENTED_EDGE('',*,*,#2858,.F.);
#557=ORIENTED_EDGE('',*,*,#2859,.F.);
#558=ORIENTED_EDGE('',*,*,#2860,.T.);
#559=ORIENTED_EDGE('',*,*,#2861,.T.);
#560=ORIENTED_EDGE('',*,*,#2862,.F.);
#561=ORIENTED_EDGE('',*,*,#2863,.F.);
#562=ORIENTED_EDGE('',*,*,#2864,.T.);
#563=ORIENTED_EDGE('',*,*,#2859,.T.);
#564=ORIENTED_EDGE('',*,*,#2865,.F.);
#565=ORIENTED_EDGE('',*,*,#2866,.F.);
#566=ORIENTED_EDGE('',*,*,#2867,.T.);
#567=ORIENTED_EDGE('',*,*,#2863,.T.);
#568=ORIENTED_EDGE('',*,*,#2868,.F.);
#569=ORIENTED_EDGE('',*,*,#2869,.F.);
#570=ORIENTED_EDGE('',*,*,#2870,.T.);
#571=ORIENTED_EDGE('',*,*,#2866,.T.);
#572=ORIENTED_EDGE('',*,*,#2871,.F.);
#573=ORIENTED_EDGE('',*,*,#2872,.F.);
#574=ORIENTED_EDGE('',*,*,#2873,.T.);
#575=ORIENTED_EDGE('',*,*,#2869,.T.);
#576=ORIENTED_EDGE('',*,*,#2874,.F.);
#577=ORIENTED_EDGE('',*,*,#2875,.F.);
#578=ORIENTED_EDGE('',*,*,#2876,.T.);
#579=ORIENTED_EDGE('',*,*,#2877,.T.);
#580=ORIENTED_EDGE('',*,*,#2878,.F.);
#581=ORIENTED_EDGE('',*,*,#2879,.F.);
#582=ORIENTED_EDGE('',*,*,#2880,.T.);
#583=ORIENTED_EDGE('',*,*,#2875,.T.);
#584=ORIENTED_EDGE('',*,*,#2881,.F.);
#585=ORIENTED_EDGE('',*,*,#2882,.F.);
#586=ORIENTED_EDGE('',*,*,#2883,.T.);
#587=ORIENTED_EDGE('',*,*,#2879,.T.);
#588=ORIENTED_EDGE('',*,*,#2884,.F.);
#589=ORIENTED_EDGE('',*,*,#2885,.F.);
#590=ORIENTED_EDGE('',*,*,#2886,.T.);
#591=ORIENTED_EDGE('',*,*,#2882,.T.);
#592=ORIENTED_EDGE('',*,*,#2887,.F.);
#593=ORIENTED_EDGE('',*,*,#2888,.F.);
#594=ORIENTED_EDGE('',*,*,#2889,.T.);
#595=ORIENTED_EDGE('',*,*,#2885,.T.);
#596=ORIENTED_EDGE('',*,*,#2890,.F.);
#597=ORIENTED_EDGE('',*,*,#2891,.F.);
#598=ORIENTED_EDGE('',*,*,#2892,.T.);
#599=ORIENTED_EDGE('',*,*,#2893,.T.);
#600=ORIENTED_EDGE('',*,*,#2894,.F.);
#601=ORIENTED_EDGE('',*,*,#2895,.F.);
#602=ORIENTED_EDGE('',*,*,#2896,.T.);
#603=ORIENTED_EDGE('',*,*,#2891,.T.);
#604=ORIENTED_EDGE('',*,*,#2897,.F.);
#605=ORIENTED_EDGE('',*,*,#2898,.F.);
#606=ORIENTED_EDGE('',*,*,#2899,.T.);
#607=ORIENTED_EDGE('',*,*,#2895,.T.);
#608=ORIENTED_EDGE('',*,*,#2900,.F.);
#609=ORIENTED_EDGE('',*,*,#2901,.F.);
#610=ORIENTED_EDGE('',*,*,#2902,.T.);
#611=ORIENTED_EDGE('',*,*,#2898,.T.);
#612=ORIENTED_EDGE('',*,*,#2903,.F.);
#613=ORIENTED_EDGE('',*,*,#2904,.F.);
#614=ORIENTED_EDGE('',*,*,#2905,.T.);
#615=ORIENTED_EDGE('',*,*,#2901,.T.);
#616=ORIENTED_EDGE('',*,*,#2906,.F.);
#617=ORIENTED_EDGE('',*,*,#2907,.F.);
#618=ORIENTED_EDGE('',*,*,#2908,.T.);
#619=ORIENTED_EDGE('',*,*,#2909,.T.);
#620=ORIENTED_EDGE('',*,*,#2910,.F.);
#621=ORIENTED_EDGE('',*,*,#2911,.F.);
#622=ORIENTED_EDGE('',*,*,#2912,.T.);
#623=ORIENTED_EDGE('',*,*,#2907,.T.);
#624=ORIENTED_EDGE('',*,*,#2913,.F.);
#625=ORIENTED_EDGE('',*,*,#2914,.F.);
#626=ORIENTED_EDGE('',*,*,#2915,.T.);
#627=ORIENTED_EDGE('',*,*,#2911,.T.);
#628=ORIENTED_EDGE('',*,*,#2916,.F.);
#629=ORIENTED_EDGE('',*,*,#2917,.F.);
#630=ORIENTED_EDGE('',*,*,#2918,.T.);
#631=ORIENTED_EDGE('',*,*,#2914,.T.);
#632=ORIENTED_EDGE('',*,*,#2919,.F.);
#633=ORIENTED_EDGE('',*,*,#2920,.F.);
#634=ORIENTED_EDGE('',*,*,#2921,.T.);
#635=ORIENTED_EDGE('',*,*,#2917,.T.);
#636=ORIENTED_EDGE('',*,*,#2922,.F.);
#637=ORIENTED_EDGE('',*,*,#2923,.F.);
#638=ORIENTED_EDGE('',*,*,#2924,.T.);
#639=ORIENTED_EDGE('',*,*,#2925,.T.);
#640=ORIENTED_EDGE('',*,*,#2926,.F.);
#641=ORIENTED_EDGE('',*,*,#2927,.F.);
#642=ORIENTED_EDGE('',*,*,#2928,.T.);
#643=ORIENTED_EDGE('',*,*,#2923,.T.);
#644=ORIENTED_EDGE('',*,*,#2929,.F.);
#645=ORIENTED_EDGE('',*,*,#2930,.F.);
#646=ORIENTED_EDGE('',*,*,#2931,.T.);
#647=ORIENTED_EDGE('',*,*,#2927,.T.);
#648=ORIENTED_EDGE('',*,*,#2932,.F.);
#649=ORIENTED_EDGE('',*,*,#2933,.F.);
#650=ORIENTED_EDGE('',*,*,#2934,.T.);
#651=ORIENTED_EDGE('',*,*,#2930,.T.);
#652=ORIENTED_EDGE('',*,*,#2935,.F.);
#653=ORIENTED_EDGE('',*,*,#2936,.F.);
#654=ORIENTED_EDGE('',*,*,#2937,.T.);
#655=ORIENTED_EDGE('',*,*,#2933,.T.);
#656=ORIENTED_EDGE('',*,*,#2938,.F.);
#657=ORIENTED_EDGE('',*,*,#2939,.F.);
#658=ORIENTED_EDGE('',*,*,#2940,.T.);
#659=ORIENTED_EDGE('',*,*,#2941,.T.);
#660=ORIENTED_EDGE('',*,*,#2942,.F.);
#661=ORIENTED_EDGE('',*,*,#2943,.F.);
#662=ORIENTED_EDGE('',*,*,#2944,.T.);
#663=ORIENTED_EDGE('',*,*,#2939,.T.);
#664=ORIENTED_EDGE('',*,*,#2945,.F.);
#665=ORIENTED_EDGE('',*,*,#2946,.F.);
#666=ORIENTED_EDGE('',*,*,#2947,.T.);
#667=ORIENTED_EDGE('',*,*,#2943,.T.);
#668=ORIENTED_EDGE('',*,*,#2948,.F.);
#669=ORIENTED_EDGE('',*,*,#2949,.F.);
#670=ORIENTED_EDGE('',*,*,#2950,.T.);
#671=ORIENTED_EDGE('',*,*,#2946,.T.);
#672=ORIENTED_EDGE('',*,*,#2951,.F.);
#673=ORIENTED_EDGE('',*,*,#2952,.F.);
#674=ORIENTED_EDGE('',*,*,#2953,.T.);
#675=ORIENTED_EDGE('',*,*,#2949,.T.);
#676=ORIENTED_EDGE('',*,*,#2954,.F.);
#677=ORIENTED_EDGE('',*,*,#2955,.F.);
#678=ORIENTED_EDGE('',*,*,#2956,.T.);
#679=ORIENTED_EDGE('',*,*,#2957,.T.);
#680=ORIENTED_EDGE('',*,*,#2958,.F.);
#681=ORIENTED_EDGE('',*,*,#2959,.F.);
#682=ORIENTED_EDGE('',*,*,#2960,.T.);
#683=ORIENTED_EDGE('',*,*,#2955,.T.);
#684=ORIENTED_EDGE('',*,*,#2961,.F.);
#685=ORIENTED_EDGE('',*,*,#2962,.F.);
#686=ORIENTED_EDGE('',*,*,#2963,.T.);
#687=ORIENTED_EDGE('',*,*,#2959,.T.);
#688=ORIENTED_EDGE('',*,*,#2964,.F.);
#689=ORIENTED_EDGE('',*,*,#2965,.F.);
#690=ORIENTED_EDGE('',*,*,#2966,.T.);
#691=ORIENTED_EDGE('',*,*,#2962,.T.);
#692=ORIENTED_EDGE('',*,*,#2967,.F.);
#693=ORIENTED_EDGE('',*,*,#2968,.F.);
#694=ORIENTED_EDGE('',*,*,#2969,.T.);
#695=ORIENTED_EDGE('',*,*,#2965,.T.);
#696=ORIENTED_EDGE('',*,*,#2970,.F.);
#697=ORIENTED_EDGE('',*,*,#2971,.F.);
#698=ORIENTED_EDGE('',*,*,#2972,.T.);
#699=ORIENTED_EDGE('',*,*,#2973,.T.);
#700=ORIENTED_EDGE('',*,*,#2974,.F.);
#701=ORIENTED_EDGE('',*,*,#2975,.F.);
#702=ORIENTED_EDGE('',*,*,#2976,.T.);
#703=ORIENTED_EDGE('',*,*,#2971,.T.);
#704=ORIENTED_EDGE('',*,*,#2977,.F.);
#705=ORIENTED_EDGE('',*,*,#2978,.F.);
#706=ORIENTED_EDGE('',*,*,#2979,.T.);
#707=ORIENTED_EDGE('',*,*,#2975,.T.);
#708=ORIENTED_EDGE('',*,*,#2980,.F.);
#709=ORIENTED_EDGE('',*,*,#2981,.F.);
#710=ORIENTED_EDGE('',*,*,#2982,.T.);
#711=ORIENTED_EDGE('',*,*,#2978,.T.);
#712=ORIENTED_EDGE('',*,*,#2983,.F.);
#713=ORIENTED_EDGE('',*,*,#2984,.F.);
#714=ORIENTED_EDGE('',*,*,#2985,.T.);
#715=ORIENTED_EDGE('',*,*,#2981,.T.);
#716=ORIENTED_EDGE('',*,*,#2986,.F.);
#717=ORIENTED_EDGE('',*,*,#2987,.F.);
#718=ORIENTED_EDGE('',*,*,#2988,.T.);
#719=ORIENTED_EDGE('',*,*,#2989,.T.);
#720=ORIENTED_EDGE('',*,*,#2990,.F.);
#721=ORIENTED_EDGE('',*,*,#2991,.F.);
#722=ORIENTED_EDGE('',*,*,#2992,.T.);
#723=ORIENTED_EDGE('',*,*,#2987,.T.);
#724=ORIENTED_EDGE('',*,*,#2993,.F.);
#725=ORIENTED_EDGE('',*,*,#2994,.F.);
#726=ORIENTED_EDGE('',*,*,#2995,.T.);
#727=ORIENTED_EDGE('',*,*,#2991,.T.);
#728=ORIENTED_EDGE('',*,*,#2996,.F.);
#729=ORIENTED_EDGE('',*,*,#2997,.F.);
#730=ORIENTED_EDGE('',*,*,#2998,.T.);
#731=ORIENTED_EDGE('',*,*,#2994,.T.);
#732=ORIENTED_EDGE('',*,*,#2999,.F.);
#733=ORIENTED_EDGE('',*,*,#3000,.F.);
#734=ORIENTED_EDGE('',*,*,#3001,.T.);
#735=ORIENTED_EDGE('',*,*,#2997,.T.);
#736=ORIENTED_EDGE('',*,*,#3002,.F.);
#737=ORIENTED_EDGE('',*,*,#3003,.F.);
#738=ORIENTED_EDGE('',*,*,#3004,.T.);
#739=ORIENTED_EDGE('',*,*,#3005,.T.);
#740=ORIENTED_EDGE('',*,*,#3006,.F.);
#741=ORIENTED_EDGE('',*,*,#3007,.F.);
#742=ORIENTED_EDGE('',*,*,#3008,.T.);
#743=ORIENTED_EDGE('',*,*,#3003,.T.);
#744=ORIENTED_EDGE('',*,*,#3009,.F.);
#745=ORIENTED_EDGE('',*,*,#3010,.F.);
#746=ORIENTED_EDGE('',*,*,#3011,.T.);
#747=ORIENTED_EDGE('',*,*,#3007,.T.);
#748=ORIENTED_EDGE('',*,*,#3012,.F.);
#749=ORIENTED_EDGE('',*,*,#3013,.F.);
#750=ORIENTED_EDGE('',*,*,#3014,.T.);
#751=ORIENTED_EDGE('',*,*,#3010,.T.);
#752=ORIENTED_EDGE('',*,*,#3015,.F.);
#753=ORIENTED_EDGE('',*,*,#3016,.F.);
#754=ORIENTED_EDGE('',*,*,#3017,.T.);
#755=ORIENTED_EDGE('',*,*,#3013,.T.);
#756=ORIENTED_EDGE('',*,*,#3018,.F.);
#757=ORIENTED_EDGE('',*,*,#3019,.F.);
#758=ORIENTED_EDGE('',*,*,#3020,.T.);
#759=ORIENTED_EDGE('',*,*,#3021,.T.);
#760=ORIENTED_EDGE('',*,*,#3022,.F.);
#761=ORIENTED_EDGE('',*,*,#3023,.F.);
#762=ORIENTED_EDGE('',*,*,#3024,.T.);
#763=ORIENTED_EDGE('',*,*,#3019,.T.);
#764=ORIENTED_EDGE('',*,*,#3025,.F.);
#765=ORIENTED_EDGE('',*,*,#3026,.F.);
#766=ORIENTED_EDGE('',*,*,#3027,.T.);
#767=ORIENTED_EDGE('',*,*,#3023,.T.);
#768=ORIENTED_EDGE('',*,*,#3028,.F.);
#769=ORIENTED_EDGE('',*,*,#3029,.F.);
#770=ORIENTED_EDGE('',*,*,#3030,.T.);
#771=ORIENTED_EDGE('',*,*,#3026,.T.);
#772=ORIENTED_EDGE('',*,*,#3031,.F.);
#773=ORIENTED_EDGE('',*,*,#3032,.F.);
#774=ORIENTED_EDGE('',*,*,#3033,.T.);
#775=ORIENTED_EDGE('',*,*,#3029,.T.);
#776=ORIENTED_EDGE('',*,*,#3034,.F.);
#777=ORIENTED_EDGE('',*,*,#3035,.F.);
#778=ORIENTED_EDGE('',*,*,#3036,.T.);
#779=ORIENTED_EDGE('',*,*,#3037,.T.);
#780=ORIENTED_EDGE('',*,*,#3038,.F.);
#781=ORIENTED_EDGE('',*,*,#3039,.F.);
#782=ORIENTED_EDGE('',*,*,#3040,.T.);
#783=ORIENTED_EDGE('',*,*,#3035,.T.);
#784=ORIENTED_EDGE('',*,*,#3041,.F.);
#785=ORIENTED_EDGE('',*,*,#3042,.F.);
#786=ORIENTED_EDGE('',*,*,#3043,.T.);
#787=ORIENTED_EDGE('',*,*,#3039,.T.);
#788=ORIENTED_EDGE('',*,*,#3044,.F.);
#789=ORIENTED_EDGE('',*,*,#3045,.F.);
#790=ORIENTED_EDGE('',*,*,#3046,.T.);
#791=ORIENTED_EDGE('',*,*,#3042,.T.);
#792=ORIENTED_EDGE('',*,*,#3047,.F.);
#793=ORIENTED_EDGE('',*,*,#3048,.F.);
#794=ORIENTED_EDGE('',*,*,#3049,.T.);
#795=ORIENTED_EDGE('',*,*,#3045,.T.);
#796=ORIENTED_EDGE('',*,*,#3050,.F.);
#797=ORIENTED_EDGE('',*,*,#2541,.F.);
#798=ORIENTED_EDGE('',*,*,#3051,.T.);
#799=ORIENTED_EDGE('',*,*,#2552,.T.);
#800=ORIENTED_EDGE('',*,*,#3052,.F.);
#801=ORIENTED_EDGE('',*,*,#2557,.F.);
#802=ORIENTED_EDGE('',*,*,#3053,.T.);
#803=ORIENTED_EDGE('',*,*,#2568,.T.);
#804=ORIENTED_EDGE('',*,*,#3054,.F.);
#805=ORIENTED_EDGE('',*,*,#2573,.F.);
#806=ORIENTED_EDGE('',*,*,#3055,.T.);
#807=ORIENTED_EDGE('',*,*,#2584,.T.);
#808=ORIENTED_EDGE('',*,*,#3056,.F.);
#809=ORIENTED_EDGE('',*,*,#2589,.F.);
#810=ORIENTED_EDGE('',*,*,#3057,.T.);
#811=ORIENTED_EDGE('',*,*,#2600,.T.);
#812=ORIENTED_EDGE('',*,*,#3058,.F.);
#813=ORIENTED_EDGE('',*,*,#2605,.F.);
#814=ORIENTED_EDGE('',*,*,#3059,.T.);
#815=ORIENTED_EDGE('',*,*,#2616,.T.);
#816=ORIENTED_EDGE('',*,*,#3060,.F.);
#817=ORIENTED_EDGE('',*,*,#2621,.F.);
#818=ORIENTED_EDGE('',*,*,#3061,.T.);
#819=ORIENTED_EDGE('',*,*,#2632,.T.);
#820=ORIENTED_EDGE('',*,*,#3062,.F.);
#821=ORIENTED_EDGE('',*,*,#2637,.F.);
#822=ORIENTED_EDGE('',*,*,#3063,.T.);
#823=ORIENTED_EDGE('',*,*,#2648,.T.);
#824=ORIENTED_EDGE('',*,*,#3064,.F.);
#825=ORIENTED_EDGE('',*,*,#2653,.F.);
#826=ORIENTED_EDGE('',*,*,#3065,.T.);
#827=ORIENTED_EDGE('',*,*,#2664,.T.);
#828=ORIENTED_EDGE('',*,*,#3066,.F.);
#829=ORIENTED_EDGE('',*,*,#2669,.F.);
#830=ORIENTED_EDGE('',*,*,#3067,.T.);
#831=ORIENTED_EDGE('',*,*,#2680,.T.);
#832=ORIENTED_EDGE('',*,*,#3068,.F.);
#833=ORIENTED_EDGE('',*,*,#2685,.F.);
#834=ORIENTED_EDGE('',*,*,#3069,.T.);
#835=ORIENTED_EDGE('',*,*,#2696,.T.);
#836=ORIENTED_EDGE('',*,*,#3070,.F.);
#837=ORIENTED_EDGE('',*,*,#2701,.F.);
#838=ORIENTED_EDGE('',*,*,#3071,.T.);
#839=ORIENTED_EDGE('',*,*,#2712,.T.);
#840=ORIENTED_EDGE('',*,*,#3072,.F.);
#841=ORIENTED_EDGE('',*,*,#2717,.F.);
#842=ORIENTED_EDGE('',*,*,#3073,.T.);
#843=ORIENTED_EDGE('',*,*,#2728,.T.);
#844=ORIENTED_EDGE('',*,*,#3074,.F.);
#845=ORIENTED_EDGE('',*,*,#2733,.F.);
#846=ORIENTED_EDGE('',*,*,#3075,.T.);
#847=ORIENTED_EDGE('',*,*,#2744,.T.);
#848=ORIENTED_EDGE('',*,*,#3076,.F.);
#849=ORIENTED_EDGE('',*,*,#2749,.F.);
#850=ORIENTED_EDGE('',*,*,#3077,.T.);
#851=ORIENTED_EDGE('',*,*,#2760,.T.);
#852=ORIENTED_EDGE('',*,*,#3078,.F.);
#853=ORIENTED_EDGE('',*,*,#2765,.F.);
#854=ORIENTED_EDGE('',*,*,#3079,.T.);
#855=ORIENTED_EDGE('',*,*,#2776,.T.);
#856=ORIENTED_EDGE('',*,*,#3080,.F.);
#857=ORIENTED_EDGE('',*,*,#2781,.F.);
#858=ORIENTED_EDGE('',*,*,#3081,.T.);
#859=ORIENTED_EDGE('',*,*,#2792,.T.);
#860=ORIENTED_EDGE('',*,*,#3082,.F.);
#861=ORIENTED_EDGE('',*,*,#2797,.F.);
#862=ORIENTED_EDGE('',*,*,#3083,.T.);
#863=ORIENTED_EDGE('',*,*,#2808,.T.);
#864=ORIENTED_EDGE('',*,*,#3084,.F.);
#865=ORIENTED_EDGE('',*,*,#2813,.F.);
#866=ORIENTED_EDGE('',*,*,#3085,.T.);
#867=ORIENTED_EDGE('',*,*,#2824,.T.);
#868=ORIENTED_EDGE('',*,*,#3086,.F.);
#869=ORIENTED_EDGE('',*,*,#2829,.F.);
#870=ORIENTED_EDGE('',*,*,#3087,.T.);
#871=ORIENTED_EDGE('',*,*,#2840,.T.);
#872=ORIENTED_EDGE('',*,*,#3088,.F.);
#873=ORIENTED_EDGE('',*,*,#2845,.F.);
#874=ORIENTED_EDGE('',*,*,#3089,.T.);
#875=ORIENTED_EDGE('',*,*,#2856,.T.);
#876=ORIENTED_EDGE('',*,*,#3090,.F.);
#877=ORIENTED_EDGE('',*,*,#2861,.F.);
#878=ORIENTED_EDGE('',*,*,#3091,.T.);
#879=ORIENTED_EDGE('',*,*,#2872,.T.);
#880=ORIENTED_EDGE('',*,*,#3092,.F.);
#881=ORIENTED_EDGE('',*,*,#2877,.F.);
#882=ORIENTED_EDGE('',*,*,#3093,.T.);
#883=ORIENTED_EDGE('',*,*,#2888,.T.);
#884=ORIENTED_EDGE('',*,*,#3094,.F.);
#885=ORIENTED_EDGE('',*,*,#2893,.F.);
#886=ORIENTED_EDGE('',*,*,#3095,.T.);
#887=ORIENTED_EDGE('',*,*,#2904,.T.);
#888=ORIENTED_EDGE('',*,*,#3096,.F.);
#889=ORIENTED_EDGE('',*,*,#2909,.F.);
#890=ORIENTED_EDGE('',*,*,#3097,.T.);
#891=ORIENTED_EDGE('',*,*,#2920,.T.);
#892=ORIENTED_EDGE('',*,*,#3098,.F.);
#893=ORIENTED_EDGE('',*,*,#2925,.F.);
#894=ORIENTED_EDGE('',*,*,#3099,.T.);
#895=ORIENTED_EDGE('',*,*,#2936,.T.);
#896=ORIENTED_EDGE('',*,*,#3100,.F.);
#897=ORIENTED_EDGE('',*,*,#2941,.F.);
#898=ORIENTED_EDGE('',*,*,#3101,.T.);
#899=ORIENTED_EDGE('',*,*,#2952,.T.);
#900=ORIENTED_EDGE('',*,*,#3102,.F.);
#901=ORIENTED_EDGE('',*,*,#2957,.F.);
#902=ORIENTED_EDGE('',*,*,#3103,.T.);
#903=ORIENTED_EDGE('',*,*,#2968,.T.);
#904=ORIENTED_EDGE('',*,*,#3104,.F.);
#905=ORIENTED_EDGE('',*,*,#2973,.F.);
#906=ORIENTED_EDGE('',*,*,#3105,.T.);
#907=ORIENTED_EDGE('',*,*,#2984,.T.);
#908=ORIENTED_EDGE('',*,*,#3106,.F.);
#909=ORIENTED_EDGE('',*,*,#2989,.F.);
#910=ORIENTED_EDGE('',*,*,#3107,.T.);
#911=ORIENTED_EDGE('',*,*,#3000,.T.);
#912=ORIENTED_EDGE('',*,*,#3108,.F.);
#913=ORIENTED_EDGE('',*,*,#3005,.F.);
#914=ORIENTED_EDGE('',*,*,#3109,.T.);
#915=ORIENTED_EDGE('',*,*,#3016,.T.);
#916=ORIENTED_EDGE('',*,*,#3110,.F.);
#917=ORIENTED_EDGE('',*,*,#3021,.F.);
#918=ORIENTED_EDGE('',*,*,#3111,.T.);
#919=ORIENTED_EDGE('',*,*,#3032,.T.);
#920=ORIENTED_EDGE('',*,*,#3112,.F.);
#921=ORIENTED_EDGE('',*,*,#3037,.F.);
#922=ORIENTED_EDGE('',*,*,#3113,.T.);
#923=ORIENTED_EDGE('',*,*,#3048,.T.);
#924=ORIENTED_EDGE('',*,*,#3114,.T.);
#925=ORIENTED_EDGE('',*,*,#3115,.T.);
#926=ORIENTED_EDGE('',*,*,#3116,.F.);
#927=ORIENTED_EDGE('',*,*,#3117,.T.);
#928=ORIENTED_EDGE('',*,*,#3036,.F.);
#929=ORIENTED_EDGE('',*,*,#3040,.F.);
#930=ORIENTED_EDGE('',*,*,#3043,.F.);
#931=ORIENTED_EDGE('',*,*,#3046,.F.);
#932=ORIENTED_EDGE('',*,*,#3049,.F.);
#933=ORIENTED_EDGE('',*,*,#3113,.F.);
#934=ORIENTED_EDGE('',*,*,#3020,.F.);
#935=ORIENTED_EDGE('',*,*,#3024,.F.);
#936=ORIENTED_EDGE('',*,*,#3027,.F.);
#937=ORIENTED_EDGE('',*,*,#3030,.F.);
#938=ORIENTED_EDGE('',*,*,#3033,.F.);
#939=ORIENTED_EDGE('',*,*,#3111,.F.);
#940=ORIENTED_EDGE('',*,*,#3004,.F.);
#941=ORIENTED_EDGE('',*,*,#3008,.F.);
#942=ORIENTED_EDGE('',*,*,#3011,.F.);
#943=ORIENTED_EDGE('',*,*,#3014,.F.);
#944=ORIENTED_EDGE('',*,*,#3017,.F.);
#945=ORIENTED_EDGE('',*,*,#3109,.F.);
#946=ORIENTED_EDGE('',*,*,#2988,.F.);
#947=ORIENTED_EDGE('',*,*,#2992,.F.);
#948=ORIENTED_EDGE('',*,*,#2995,.F.);
#949=ORIENTED_EDGE('',*,*,#2998,.F.);
#950=ORIENTED_EDGE('',*,*,#3001,.F.);
#951=ORIENTED_EDGE('',*,*,#3107,.F.);
#952=ORIENTED_EDGE('',*,*,#2972,.F.);
#953=ORIENTED_EDGE('',*,*,#2976,.F.);
#954=ORIENTED_EDGE('',*,*,#2979,.F.);
#955=ORIENTED_EDGE('',*,*,#2982,.F.);
#956=ORIENTED_EDGE('',*,*,#2985,.F.);
#957=ORIENTED_EDGE('',*,*,#3105,.F.);
#958=ORIENTED_EDGE('',*,*,#2956,.F.);
#959=ORIENTED_EDGE('',*,*,#2960,.F.);
#960=ORIENTED_EDGE('',*,*,#2963,.F.);
#961=ORIENTED_EDGE('',*,*,#2966,.F.);
#962=ORIENTED_EDGE('',*,*,#2969,.F.);
#963=ORIENTED_EDGE('',*,*,#3103,.F.);
#964=ORIENTED_EDGE('',*,*,#2940,.F.);
#965=ORIENTED_EDGE('',*,*,#2944,.F.);
#966=ORIENTED_EDGE('',*,*,#2947,.F.);
#967=ORIENTED_EDGE('',*,*,#2950,.F.);
#968=ORIENTED_EDGE('',*,*,#2953,.F.);
#969=ORIENTED_EDGE('',*,*,#3101,.F.);
#970=ORIENTED_EDGE('',*,*,#2924,.F.);
#971=ORIENTED_EDGE('',*,*,#2928,.F.);
#972=ORIENTED_EDGE('',*,*,#2931,.F.);
#973=ORIENTED_EDGE('',*,*,#2934,.F.);
#974=ORIENTED_EDGE('',*,*,#2937,.F.);
#975=ORIENTED_EDGE('',*,*,#3099,.F.);
#976=ORIENTED_EDGE('',*,*,#2908,.F.);
#977=ORIENTED_EDGE('',*,*,#2912,.F.);
#978=ORIENTED_EDGE('',*,*,#2915,.F.);
#979=ORIENTED_EDGE('',*,*,#2918,.F.);
#980=ORIENTED_EDGE('',*,*,#2921,.F.);
#981=ORIENTED_EDGE('',*,*,#3097,.F.);
#982=ORIENTED_EDGE('',*,*,#2892,.F.);
#983=ORIENTED_EDGE('',*,*,#2896,.F.);
#984=ORIENTED_EDGE('',*,*,#2899,.F.);
#985=ORIENTED_EDGE('',*,*,#2902,.F.);
#986=ORIENTED_EDGE('',*,*,#2905,.F.);
#987=ORIENTED_EDGE('',*,*,#3095,.F.);
#988=ORIENTED_EDGE('',*,*,#2876,.F.);
#989=ORIENTED_EDGE('',*,*,#2880,.F.);
#990=ORIENTED_EDGE('',*,*,#2883,.F.);
#991=ORIENTED_EDGE('',*,*,#2886,.F.);
#992=ORIENTED_EDGE('',*,*,#2889,.F.);
#993=ORIENTED_EDGE('',*,*,#3093,.F.);
#994=ORIENTED_EDGE('',*,*,#2860,.F.);
#995=ORIENTED_EDGE('',*,*,#2864,.F.);
#996=ORIENTED_EDGE('',*,*,#2867,.F.);
#997=ORIENTED_EDGE('',*,*,#2870,.F.);
#998=ORIENTED_EDGE('',*,*,#2873,.F.);
#999=ORIENTED_EDGE('',*,*,#3091,.F.);
#1000=ORIENTED_EDGE('',*,*,#2844,.F.);
#1001=ORIENTED_EDGE('',*,*,#2848,.F.);
#1002=ORIENTED_EDGE('',*,*,#2851,.F.);
#1003=ORIENTED_EDGE('',*,*,#2854,.F.);
#1004=ORIENTED_EDGE('',*,*,#2857,.F.);
#1005=ORIENTED_EDGE('',*,*,#3089,.F.);
#1006=ORIENTED_EDGE('',*,*,#2828,.F.);
#1007=ORIENTED_EDGE('',*,*,#2832,.F.);
#1008=ORIENTED_EDGE('',*,*,#2835,.F.);
#1009=ORIENTED_EDGE('',*,*,#2838,.F.);
#1010=ORIENTED_EDGE('',*,*,#2841,.F.);
#1011=ORIENTED_EDGE('',*,*,#3087,.F.);
#1012=ORIENTED_EDGE('',*,*,#2812,.F.);
#1013=ORIENTED_EDGE('',*,*,#2816,.F.);
#1014=ORIENTED_EDGE('',*,*,#2819,.F.);
#1015=ORIENTED_EDGE('',*,*,#2822,.F.);
#1016=ORIENTED_EDGE('',*,*,#2825,.F.);
#1017=ORIENTED_EDGE('',*,*,#3085,.F.);
#1018=ORIENTED_EDGE('',*,*,#2796,.F.);
#1019=ORIENTED_EDGE('',*,*,#2800,.F.);
#1020=ORIENTED_EDGE('',*,*,#2803,.F.);
#1021=ORIENTED_EDGE('',*,*,#2806,.F.);
#1022=ORIENTED_EDGE('',*,*,#2809,.F.);
#1023=ORIENTED_EDGE('',*,*,#3083,.F.);
#1024=ORIENTED_EDGE('',*,*,#2780,.F.);
#1025=ORIENTED_EDGE('',*,*,#2784,.F.);
#1026=ORIENTED_EDGE('',*,*,#2787,.F.);
#1027=ORIENTED_EDGE('',*,*,#2790,.F.);
#1028=ORIENTED_EDGE('',*,*,#2793,.F.);
#1029=ORIENTED_EDGE('',*,*,#3081,.F.);
#1030=ORIENTED_EDGE('',*,*,#2764,.F.);
#1031=ORIENTED_EDGE('',*,*,#2768,.F.);
#1032=ORIENTED_EDGE('',*,*,#2771,.F.);
#1033=ORIENTED_EDGE('',*,*,#2774,.F.);
#1034=ORIENTED_EDGE('',*,*,#2777,.F.);
#1035=ORIENTED_EDGE('',*,*,#3079,.F.);
#1036=ORIENTED_EDGE('',*,*,#2748,.F.);
#1037=ORIENTED_EDGE('',*,*,#2752,.F.);
#1038=ORIENTED_EDGE('',*,*,#2755,.F.);
#1039=ORIENTED_EDGE('',*,*,#2758,.F.);
#1040=ORIENTED_EDGE('',*,*,#2761,.F.);
#1041=ORIENTED_EDGE('',*,*,#3077,.F.);
#1042=ORIENTED_EDGE('',*,*,#2732,.F.);
#1043=ORIENTED_EDGE('',*,*,#2736,.F.);
#1044=ORIENTED_EDGE('',*,*,#2739,.F.);
#1045=ORIENTED_EDGE('',*,*,#2742,.F.);
#1046=ORIENTED_EDGE('',*,*,#2745,.F.);
#1047=ORIENTED_EDGE('',*,*,#3075,.F.);
#1048=ORIENTED_EDGE('',*,*,#2716,.F.);
#1049=ORIENTED_EDGE('',*,*,#2720,.F.);
#1050=ORIENTED_EDGE('',*,*,#2723,.F.);
#1051=ORIENTED_EDGE('',*,*,#2726,.F.);
#1052=ORIENTED_EDGE('',*,*,#2729,.F.);
#1053=ORIENTED_EDGE('',*,*,#3073,.F.);
#1054=ORIENTED_EDGE('',*,*,#2700,.F.);
#1055=ORIENTED_EDGE('',*,*,#2704,.F.);
#1056=ORIENTED_EDGE('',*,*,#2707,.F.);
#1057=ORIENTED_EDGE('',*,*,#2710,.F.);
#1058=ORIENTED_EDGE('',*,*,#2713,.F.);
#1059=ORIENTED_EDGE('',*,*,#3071,.F.);
#1060=ORIENTED_EDGE('',*,*,#2684,.F.);
#1061=ORIENTED_EDGE('',*,*,#2688,.F.);
#1062=ORIENTED_EDGE('',*,*,#2691,.F.);
#1063=ORIENTED_EDGE('',*,*,#2694,.F.);
#1064=ORIENTED_EDGE('',*,*,#2697,.F.);
#1065=ORIENTED_EDGE('',*,*,#3069,.F.);
#1066=ORIENTED_EDGE('',*,*,#2668,.F.);
#1067=ORIENTED_EDGE('',*,*,#2672,.F.);
#1068=ORIENTED_EDGE('',*,*,#2675,.F.);
#1069=ORIENTED_EDGE('',*,*,#2678,.F.);
#1070=ORIENTED_EDGE('',*,*,#2681,.F.);
#1071=ORIENTED_EDGE('',*,*,#3067,.F.);
#1072=ORIENTED_EDGE('',*,*,#2652,.F.);
#1073=ORIENTED_EDGE('',*,*,#2656,.F.);
#1074=ORIENTED_EDGE('',*,*,#2659,.F.);
#1075=ORIENTED_EDGE('',*,*,#2662,.F.);
#1076=ORIENTED_EDGE('',*,*,#2665,.F.);
#1077=ORIENTED_EDGE('',*,*,#3065,.F.);
#1078=ORIENTED_EDGE('',*,*,#2636,.F.);
#1079=ORIENTED_EDGE('',*,*,#2640,.F.);
#1080=ORIENTED_EDGE('',*,*,#2643,.F.);
#1081=ORIENTED_EDGE('',*,*,#2646,.F.);
#1082=ORIENTED_EDGE('',*,*,#2649,.F.);
#1083=ORIENTED_EDGE('',*,*,#3063,.F.);
#1084=ORIENTED_EDGE('',*,*,#2620,.F.);
#1085=ORIENTED_EDGE('',*,*,#2624,.F.);
#1086=ORIENTED_EDGE('',*,*,#2627,.F.);
#1087=ORIENTED_EDGE('',*,*,#2630,.F.);
#1088=ORIENTED_EDGE('',*,*,#2633,.F.);
#1089=ORIENTED_EDGE('',*,*,#3061,.F.);
#1090=ORIENTED_EDGE('',*,*,#2604,.F.);
#1091=ORIENTED_EDGE('',*,*,#2608,.F.);
#1092=ORIENTED_EDGE('',*,*,#2611,.F.);
#1093=ORIENTED_EDGE('',*,*,#2614,.F.);
#1094=ORIENTED_EDGE('',*,*,#2617,.F.);
#1095=ORIENTED_EDGE('',*,*,#3059,.F.);
#1096=ORIENTED_EDGE('',*,*,#2588,.F.);
#1097=ORIENTED_EDGE('',*,*,#2592,.F.);
#1098=ORIENTED_EDGE('',*,*,#2595,.F.);
#1099=ORIENTED_EDGE('',*,*,#2598,.F.);
#1100=ORIENTED_EDGE('',*,*,#2601,.F.);
#1101=ORIENTED_EDGE('',*,*,#3057,.F.);
#1102=ORIENTED_EDGE('',*,*,#2572,.F.);
#1103=ORIENTED_EDGE('',*,*,#2576,.F.);
#1104=ORIENTED_EDGE('',*,*,#2579,.F.);
#1105=ORIENTED_EDGE('',*,*,#2582,.F.);
#1106=ORIENTED_EDGE('',*,*,#2585,.F.);
#1107=ORIENTED_EDGE('',*,*,#3055,.F.);
#1108=ORIENTED_EDGE('',*,*,#2556,.F.);
#1109=ORIENTED_EDGE('',*,*,#2560,.F.);
#1110=ORIENTED_EDGE('',*,*,#2563,.F.);
#1111=ORIENTED_EDGE('',*,*,#2566,.F.);
#1112=ORIENTED_EDGE('',*,*,#2569,.F.);
#1113=ORIENTED_EDGE('',*,*,#3053,.F.);
#1114=ORIENTED_EDGE('',*,*,#2540,.F.);
#1115=ORIENTED_EDGE('',*,*,#2544,.F.);
#1116=ORIENTED_EDGE('',*,*,#2547,.F.);
#1117=ORIENTED_EDGE('',*,*,#2550,.F.);
#1118=ORIENTED_EDGE('',*,*,#2553,.F.);
#1119=ORIENTED_EDGE('',*,*,#3051,.F.);
#1120=ORIENTED_EDGE('',*,*,#2536,.T.);
#1121=ORIENTED_EDGE('',*,*,#3118,.T.);
#1122=ORIENTED_EDGE('',*,*,#3114,.F.);
#1123=ORIENTED_EDGE('',*,*,#3119,.T.);
#1124=ORIENTED_EDGE('',*,*,#2526,.F.);
#1125=ORIENTED_EDGE('',*,*,#3120,.T.);
#1126=ORIENTED_EDGE('',*,*,#2532,.T.);
#1127=ORIENTED_EDGE('',*,*,#3121,.T.);
#1128=ORIENTED_EDGE('',*,*,#3034,.T.);
#1129=ORIENTED_EDGE('',*,*,#3112,.T.);
#1130=ORIENTED_EDGE('',*,*,#3047,.T.);
#1131=ORIENTED_EDGE('',*,*,#3044,.T.);
#1132=ORIENTED_EDGE('',*,*,#3041,.T.);
#1133=ORIENTED_EDGE('',*,*,#3038,.T.);
#1134=ORIENTED_EDGE('',*,*,#3018,.T.);
#1135=ORIENTED_EDGE('',*,*,#3110,.T.);
#1136=ORIENTED_EDGE('',*,*,#3031,.T.);
#1137=ORIENTED_EDGE('',*,*,#3028,.T.);
#1138=ORIENTED_EDGE('',*,*,#3025,.T.);
#1139=ORIENTED_EDGE('',*,*,#3022,.T.);
#1140=ORIENTED_EDGE('',*,*,#3002,.T.);
#1141=ORIENTED_EDGE('',*,*,#3108,.T.);
#1142=ORIENTED_EDGE('',*,*,#3015,.T.);
#1143=ORIENTED_EDGE('',*,*,#3012,.T.);
#1144=ORIENTED_EDGE('',*,*,#3009,.T.);
#1145=ORIENTED_EDGE('',*,*,#3006,.T.);
#1146=ORIENTED_EDGE('',*,*,#2986,.T.);
#1147=ORIENTED_EDGE('',*,*,#3106,.T.);
#1148=ORIENTED_EDGE('',*,*,#2999,.T.);
#1149=ORIENTED_EDGE('',*,*,#2996,.T.);
#1150=ORIENTED_EDGE('',*,*,#2993,.T.);
#1151=ORIENTED_EDGE('',*,*,#2990,.T.);
#1152=ORIENTED_EDGE('',*,*,#2970,.T.);
#1153=ORIENTED_EDGE('',*,*,#3104,.T.);
#1154=ORIENTED_EDGE('',*,*,#2983,.T.);
#1155=ORIENTED_EDGE('',*,*,#2980,.T.);
#1156=ORIENTED_EDGE('',*,*,#2977,.T.);
#1157=ORIENTED_EDGE('',*,*,#2974,.T.);
#1158=ORIENTED_EDGE('',*,*,#2954,.T.);
#1159=ORIENTED_EDGE('',*,*,#3102,.T.);
#1160=ORIENTED_EDGE('',*,*,#2967,.T.);
#1161=ORIENTED_EDGE('',*,*,#2964,.T.);
#1162=ORIENTED_EDGE('',*,*,#2961,.T.);
#1163=ORIENTED_EDGE('',*,*,#2958,.T.);
#1164=ORIENTED_EDGE('',*,*,#2938,.T.);
#1165=ORIENTED_EDGE('',*,*,#3100,.T.);
#1166=ORIENTED_EDGE('',*,*,#2951,.T.);
#1167=ORIENTED_EDGE('',*,*,#2948,.T.);
#1168=ORIENTED_EDGE('',*,*,#2945,.T.);
#1169=ORIENTED_EDGE('',*,*,#2942,.T.);
#1170=ORIENTED_EDGE('',*,*,#2922,.T.);
#1171=ORIENTED_EDGE('',*,*,#3098,.T.);
#1172=ORIENTED_EDGE('',*,*,#2935,.T.);
#1173=ORIENTED_EDGE('',*,*,#2932,.T.);
#1174=ORIENTED_EDGE('',*,*,#2929,.T.);
#1175=ORIENTED_EDGE('',*,*,#2926,.T.);
#1176=ORIENTED_EDGE('',*,*,#2906,.T.);
#1177=ORIENTED_EDGE('',*,*,#3096,.T.);
#1178=ORIENTED_EDGE('',*,*,#2919,.T.);
#1179=ORIENTED_EDGE('',*,*,#2916,.T.);
#1180=ORIENTED_EDGE('',*,*,#2913,.T.);
#1181=ORIENTED_EDGE('',*,*,#2910,.T.);
#1182=ORIENTED_EDGE('',*,*,#2890,.T.);
#1183=ORIENTED_EDGE('',*,*,#3094,.T.);
#1184=ORIENTED_EDGE('',*,*,#2903,.T.);
#1185=ORIENTED_EDGE('',*,*,#2900,.T.);
#1186=ORIENTED_EDGE('',*,*,#2897,.T.);
#1187=ORIENTED_EDGE('',*,*,#2894,.T.);
#1188=ORIENTED_EDGE('',*,*,#2874,.T.);
#1189=ORIENTED_EDGE('',*,*,#3092,.T.);
#1190=ORIENTED_EDGE('',*,*,#2887,.T.);
#1191=ORIENTED_EDGE('',*,*,#2884,.T.);
#1192=ORIENTED_EDGE('',*,*,#2881,.T.);
#1193=ORIENTED_EDGE('',*,*,#2878,.T.);
#1194=ORIENTED_EDGE('',*,*,#2858,.T.);
#1195=ORIENTED_EDGE('',*,*,#3090,.T.);
#1196=ORIENTED_EDGE('',*,*,#2871,.T.);
#1197=ORIENTED_EDGE('',*,*,#2868,.T.);
#1198=ORIENTED_EDGE('',*,*,#2865,.T.);
#1199=ORIENTED_EDGE('',*,*,#2862,.T.);
#1200=ORIENTED_EDGE('',*,*,#2842,.T.);
#1201=ORIENTED_EDGE('',*,*,#3088,.T.);
#1202=ORIENTED_EDGE('',*,*,#2855,.T.);
#1203=ORIENTED_EDGE('',*,*,#2852,.T.);
#1204=ORIENTED_EDGE('',*,*,#2849,.T.);
#1205=ORIENTED_EDGE('',*,*,#2846,.T.);
#1206=ORIENTED_EDGE('',*,*,#2826,.T.);
#1207=ORIENTED_EDGE('',*,*,#3086,.T.);
#1208=ORIENTED_EDGE('',*,*,#2839,.T.);
#1209=ORIENTED_EDGE('',*,*,#2836,.T.);
#1210=ORIENTED_EDGE('',*,*,#2833,.T.);
#1211=ORIENTED_EDGE('',*,*,#2830,.T.);
#1212=ORIENTED_EDGE('',*,*,#2810,.T.);
#1213=ORIENTED_EDGE('',*,*,#3084,.T.);
#1214=ORIENTED_EDGE('',*,*,#2823,.T.);
#1215=ORIENTED_EDGE('',*,*,#2820,.T.);
#1216=ORIENTED_EDGE('',*,*,#2817,.T.);
#1217=ORIENTED_EDGE('',*,*,#2814,.T.);
#1218=ORIENTED_EDGE('',*,*,#2794,.T.);
#1219=ORIENTED_EDGE('',*,*,#3082,.T.);
#1220=ORIENTED_EDGE('',*,*,#2807,.T.);
#1221=ORIENTED_EDGE('',*,*,#2804,.T.);
#1222=ORIENTED_EDGE('',*,*,#2801,.T.);
#1223=ORIENTED_EDGE('',*,*,#2798,.T.);
#1224=ORIENTED_EDGE('',*,*,#2778,.T.);
#1225=ORIENTED_EDGE('',*,*,#3080,.T.);
#1226=ORIENTED_EDGE('',*,*,#2791,.T.);
#1227=ORIENTED_EDGE('',*,*,#2788,.T.);
#1228=ORIENTED_EDGE('',*,*,#2785,.T.);
#1229=ORIENTED_EDGE('',*,*,#2782,.T.);
#1230=ORIENTED_EDGE('',*,*,#2762,.T.);
#1231=ORIENTED_EDGE('',*,*,#3078,.T.);
#1232=ORIENTED_EDGE('',*,*,#2775,.T.);
#1233=ORIENTED_EDGE('',*,*,#2772,.T.);
#1234=ORIENTED_EDGE('',*,*,#2769,.T.);
#1235=ORIENTED_EDGE('',*,*,#2766,.T.);
#1236=ORIENTED_EDGE('',*,*,#2746,.T.);
#1237=ORIENTED_EDGE('',*,*,#3076,.T.);
#1238=ORIENTED_EDGE('',*,*,#2759,.T.);
#1239=ORIENTED_EDGE('',*,*,#2756,.T.);
#1240=ORIENTED_EDGE('',*,*,#2753,.T.);
#1241=ORIENTED_EDGE('',*,*,#2750,.T.);
#1242=ORIENTED_EDGE('',*,*,#2730,.T.);
#1243=ORIENTED_EDGE('',*,*,#3074,.T.);
#1244=ORIENTED_EDGE('',*,*,#2743,.T.);
#1245=ORIENTED_EDGE('',*,*,#2740,.T.);
#1246=ORIENTED_EDGE('',*,*,#2737,.T.);
#1247=ORIENTED_EDGE('',*,*,#2734,.T.);
#1248=ORIENTED_EDGE('',*,*,#2714,.T.);
#1249=ORIENTED_EDGE('',*,*,#3072,.T.);
#1250=ORIENTED_EDGE('',*,*,#2727,.T.);
#1251=ORIENTED_EDGE('',*,*,#2724,.T.);
#1252=ORIENTED_EDGE('',*,*,#2721,.T.);
#1253=ORIENTED_EDGE('',*,*,#2718,.T.);
#1254=ORIENTED_EDGE('',*,*,#2698,.T.);
#1255=ORIENTED_EDGE('',*,*,#3070,.T.);
#1256=ORIENTED_EDGE('',*,*,#2711,.T.);
#1257=ORIENTED_EDGE('',*,*,#2708,.T.);
#1258=ORIENTED_EDGE('',*,*,#2705,.T.);
#1259=ORIENTED_EDGE('',*,*,#2702,.T.);
#1260=ORIENTED_EDGE('',*,*,#2682,.T.);
#1261=ORIENTED_EDGE('',*,*,#3068,.T.);
#1262=ORIENTED_EDGE('',*,*,#2695,.T.);
#1263=ORIENTED_EDGE('',*,*,#2692,.T.);
#1264=ORIENTED_EDGE('',*,*,#2689,.T.);
#1265=ORIENTED_EDGE('',*,*,#2686,.T.);
#1266=ORIENTED_EDGE('',*,*,#2666,.T.);
#1267=ORIENTED_EDGE('',*,*,#3066,.T.);
#1268=ORIENTED_EDGE('',*,*,#2679,.T.);
#1269=ORIENTED_EDGE('',*,*,#2676,.T.);
#1270=ORIENTED_EDGE('',*,*,#2673,.T.);
#1271=ORIENTED_EDGE('',*,*,#2670,.T.);
#1272=ORIENTED_EDGE('',*,*,#2650,.T.);
#1273=ORIENTED_EDGE('',*,*,#3064,.T.);
#1274=ORIENTED_EDGE('',*,*,#2663,.T.);
#1275=ORIENTED_EDGE('',*,*,#2660,.T.);
#1276=ORIENTED_EDGE('',*,*,#2657,.T.);
#1277=ORIENTED_EDGE('',*,*,#2654,.T.);
#1278=ORIENTED_EDGE('',*,*,#2634,.T.);
#1279=ORIENTED_EDGE('',*,*,#3062,.T.);
#1280=ORIENTED_EDGE('',*,*,#2647,.T.);
#1281=ORIENTED_EDGE('',*,*,#2644,.T.);
#1282=ORIENTED_EDGE('',*,*,#2641,.T.);
#1283=ORIENTED_EDGE('',*,*,#2638,.T.);
#1284=ORIENTED_EDGE('',*,*,#2618,.T.);
#1285=ORIENTED_EDGE('',*,*,#3060,.T.);
#1286=ORIENTED_EDGE('',*,*,#2631,.T.);
#1287=ORIENTED_EDGE('',*,*,#2628,.T.);
#1288=ORIENTED_EDGE('',*,*,#2625,.T.);
#1289=ORIENTED_EDGE('',*,*,#2622,.T.);
#1290=ORIENTED_EDGE('',*,*,#2602,.T.);
#1291=ORIENTED_EDGE('',*,*,#3058,.T.);
#1292=ORIENTED_EDGE('',*,*,#2615,.T.);
#1293=ORIENTED_EDGE('',*,*,#2612,.T.);
#1294=ORIENTED_EDGE('',*,*,#2609,.T.);
#1295=ORIENTED_EDGE('',*,*,#2606,.T.);
#1296=ORIENTED_EDGE('',*,*,#2586,.T.);
#1297=ORIENTED_EDGE('',*,*,#3056,.T.);
#1298=ORIENTED_EDGE('',*,*,#2599,.T.);
#1299=ORIENTED_EDGE('',*,*,#2596,.T.);
#1300=ORIENTED_EDGE('',*,*,#2593,.T.);
#1301=ORIENTED_EDGE('',*,*,#2590,.T.);
#1302=ORIENTED_EDGE('',*,*,#2570,.T.);
#1303=ORIENTED_EDGE('',*,*,#3054,.T.);
#1304=ORIENTED_EDGE('',*,*,#2583,.T.);
#1305=ORIENTED_EDGE('',*,*,#2580,.T.);
#1306=ORIENTED_EDGE('',*,*,#2577,.T.);
#1307=ORIENTED_EDGE('',*,*,#2574,.T.);
#1308=ORIENTED_EDGE('',*,*,#2554,.T.);
#1309=ORIENTED_EDGE('',*,*,#3052,.T.);
#1310=ORIENTED_EDGE('',*,*,#2567,.T.);
#1311=ORIENTED_EDGE('',*,*,#2564,.T.);
#1312=ORIENTED_EDGE('',*,*,#2561,.T.);
#1313=ORIENTED_EDGE('',*,*,#2558,.T.);
#1314=ORIENTED_EDGE('',*,*,#2538,.T.);
#1315=ORIENTED_EDGE('',*,*,#3050,.T.);
#1316=ORIENTED_EDGE('',*,*,#2551,.T.);
#1317=ORIENTED_EDGE('',*,*,#2548,.T.);
#1318=ORIENTED_EDGE('',*,*,#2545,.T.);
#1319=ORIENTED_EDGE('',*,*,#2542,.T.);
#1320=ORIENTED_EDGE('',*,*,#3116,.T.);
#1321=ORIENTED_EDGE('',*,*,#3122,.T.);
#1322=ORIENTED_EDGE('',*,*,#2534,.F.);
#1323=ORIENTED_EDGE('',*,*,#3123,.T.);
#1324=ORIENTED_EDGE('',*,*,#2530,.F.);
#1325=ORIENTED_EDGE('',*,*,#3124,.T.);
#1326=ORIENTED_EDGE('',*,*,#2528,.T.);
#1327=ORIENTED_EDGE('',*,*,#3125,.T.);
#1328=ORIENTED_EDGE('',*,*,#3118,.F.);
#1329=ORIENTED_EDGE('',*,*,#2535,.F.);
#1330=ORIENTED_EDGE('',*,*,#3122,.F.);
#1331=ORIENTED_EDGE('',*,*,#3115,.F.);
#1332=ORIENTED_EDGE('',*,*,#3121,.F.);
#1333=ORIENTED_EDGE('',*,*,#2531,.F.);
#1334=ORIENTED_EDGE('',*,*,#3123,.F.);
#1335=ORIENTED_EDGE('',*,*,#2537,.F.);
#1336=ORIENTED_EDGE('',*,*,#3119,.F.);
#1337=ORIENTED_EDGE('',*,*,#3117,.F.);
#1338=ORIENTED_EDGE('',*,*,#3125,.F.);
#1339=ORIENTED_EDGE('',*,*,#2527,.F.);
#1340=ORIENTED_EDGE('',*,*,#3120,.F.);
#1341=ORIENTED_EDGE('',*,*,#2529,.F.);
#1342=ORIENTED_EDGE('',*,*,#3124,.F.);
#1343=ORIENTED_EDGE('',*,*,#2533,.F.);
#1344=ORIENTED_EDGE('',*,*,#3126,.T.);
#1345=ORIENTED_EDGE('',*,*,#3127,.T.);
#1346=ORIENTED_EDGE('',*,*,#3128,.F.);
#1347=ORIENTED_EDGE('',*,*,#3129,.T.);
#1348=ORIENTED_EDGE('',*,*,#3130,.T.);
#1349=ORIENTED_EDGE('',*,*,#3131,.T.);
#1350=ORIENTED_EDGE('',*,*,#3132,.F.);
#1351=ORIENTED_EDGE('',*,*,#3133,.T.);
#1352=ORIENTED_EDGE('',*,*,#3134,.T.);
#1353=ORIENTED_EDGE('',*,*,#3135,.T.);
#1354=ORIENTED_EDGE('',*,*,#3136,.F.);
#1355=ORIENTED_EDGE('',*,*,#3137,.T.);
#1356=ORIENTED_EDGE('',*,*,#3138,.F.);
#1357=ORIENTED_EDGE('',*,*,#3139,.F.);
#1358=ORIENTED_EDGE('',*,*,#3140,.T.);
#1359=ORIENTED_EDGE('',*,*,#3141,.T.);
#1360=ORIENTED_EDGE('',*,*,#3142,.T.);
#1361=ORIENTED_EDGE('',*,*,#3143,.F.);
#1362=ORIENTED_EDGE('',*,*,#3144,.F.);
#1363=ORIENTED_EDGE('',*,*,#3139,.T.);
#1364=ORIENTED_EDGE('',*,*,#3145,.T.);
#1365=ORIENTED_EDGE('',*,*,#3146,.F.);
#1366=ORIENTED_EDGE('',*,*,#3147,.F.);
#1367=ORIENTED_EDGE('',*,*,#3143,.T.);
#1368=ORIENTED_EDGE('',*,*,#3148,.F.);
#1369=ORIENTED_EDGE('',*,*,#3141,.F.);
#1370=ORIENTED_EDGE('',*,*,#3149,.T.);
#1371=ORIENTED_EDGE('',*,*,#3146,.T.);
#1372=ORIENTED_EDGE('',*,*,#3150,.T.);
#1373=ORIENTED_EDGE('',*,*,#3151,.T.);
#1374=ORIENTED_EDGE('',*,*,#3152,.F.);
#1375=ORIENTED_EDGE('',*,*,#3153,.T.);
#1376=ORIENTED_EDGE('',*,*,#3140,.F.);
#1377=ORIENTED_EDGE('',*,*,#3144,.T.);
#1378=ORIENTED_EDGE('',*,*,#3147,.T.);
#1379=ORIENTED_EDGE('',*,*,#3149,.F.);
#1380=ORIENTED_EDGE('',*,*,#3136,.T.);
#1381=ORIENTED_EDGE('',*,*,#3154,.T.);
#1382=ORIENTED_EDGE('',*,*,#3150,.F.);
#1383=ORIENTED_EDGE('',*,*,#3155,.T.);
#1384=ORIENTED_EDGE('',*,*,#3126,.F.);
#1385=ORIENTED_EDGE('',*,*,#3156,.T.);
#1386=ORIENTED_EDGE('',*,*,#3132,.T.);
#1387=ORIENTED_EDGE('',*,*,#3157,.T.);
#1388=ORIENTED_EDGE('',*,*,#3138,.T.);
#1389=ORIENTED_EDGE('',*,*,#3148,.T.);
#1390=ORIENTED_EDGE('',*,*,#3145,.F.);
#1391=ORIENTED_EDGE('',*,*,#3142,.F.);
#1392=ORIENTED_EDGE('',*,*,#3152,.T.);
#1393=ORIENTED_EDGE('',*,*,#3158,.T.);
#1394=ORIENTED_EDGE('',*,*,#3134,.F.);
#1395=ORIENTED_EDGE('',*,*,#3159,.T.);
#1396=ORIENTED_EDGE('',*,*,#3130,.F.);
#1397=ORIENTED_EDGE('',*,*,#3160,.T.);
#1398=ORIENTED_EDGE('',*,*,#3128,.T.);
#1399=ORIENTED_EDGE('',*,*,#3161,.T.);
#1400=ORIENTED_EDGE('',*,*,#3154,.F.);
#1401=ORIENTED_EDGE('',*,*,#3135,.F.);
#1402=ORIENTED_EDGE('',*,*,#3158,.F.);
#1403=ORIENTED_EDGE('',*,*,#3151,.F.);
#1404=ORIENTED_EDGE('',*,*,#3155,.F.);
#1405=ORIENTED_EDGE('',*,*,#3153,.F.);
#1406=ORIENTED_EDGE('',*,*,#3161,.F.);
#1407=ORIENTED_EDGE('',*,*,#3127,.F.);
#1408=ORIENTED_EDGE('',*,*,#3157,.F.);
#1409=ORIENTED_EDGE('',*,*,#3131,.F.);
#1410=ORIENTED_EDGE('',*,*,#3159,.F.);
#1411=ORIENTED_EDGE('',*,*,#3137,.F.);
#1412=ORIENTED_EDGE('',*,*,#3156,.F.);
#1413=ORIENTED_EDGE('',*,*,#3129,.F.);
#1414=ORIENTED_EDGE('',*,*,#3160,.F.);
#1415=ORIENTED_EDGE('',*,*,#3133,.F.);
#1416=ORIENTED_EDGE('',*,*,#3162,.F.);
#1417=ORIENTED_EDGE('',*,*,#3163,.F.);
#1418=ORIENTED_EDGE('',*,*,#3164,.T.);
#1419=ORIENTED_EDGE('',*,*,#3165,.T.);
#1420=ORIENTED_EDGE('',*,*,#3166,.T.);
#1421=ORIENTED_EDGE('',*,*,#3167,.F.);
#1422=ORIENTED_EDGE('',*,*,#3168,.F.);
#1423=ORIENTED_EDGE('',*,*,#3163,.T.);
#1424=ORIENTED_EDGE('',*,*,#3169,.T.);
#1425=ORIENTED_EDGE('',*,*,#3170,.F.);
#1426=ORIENTED_EDGE('',*,*,#3171,.F.);
#1427=ORIENTED_EDGE('',*,*,#3167,.T.);
#1428=ORIENTED_EDGE('',*,*,#3172,.T.);
#1429=ORIENTED_EDGE('',*,*,#3173,.F.);
#1430=ORIENTED_EDGE('',*,*,#3174,.F.);
#1431=ORIENTED_EDGE('',*,*,#3170,.T.);
#1432=ORIENTED_EDGE('',*,*,#3175,.T.);
#1433=ORIENTED_EDGE('',*,*,#3176,.F.);
#1434=ORIENTED_EDGE('',*,*,#3177,.F.);
#1435=ORIENTED_EDGE('',*,*,#3173,.T.);
#1436=ORIENTED_EDGE('',*,*,#3178,.F.);
#1437=ORIENTED_EDGE('',*,*,#3179,.F.);
#1438=ORIENTED_EDGE('',*,*,#3180,.T.);
#1439=ORIENTED_EDGE('',*,*,#3176,.T.);
#1440=ORIENTED_EDGE('',*,*,#3181,.F.);
#1441=ORIENTED_EDGE('',*,*,#3182,.F.);
#1442=ORIENTED_EDGE('',*,*,#3183,.T.);
#1443=ORIENTED_EDGE('',*,*,#3179,.T.);
#1444=ORIENTED_EDGE('',*,*,#3184,.F.);
#1445=ORIENTED_EDGE('',*,*,#3185,.F.);
#1446=ORIENTED_EDGE('',*,*,#3186,.T.);
#1447=ORIENTED_EDGE('',*,*,#3187,.T.);
#1448=ORIENTED_EDGE('',*,*,#3188,.T.);
#1449=ORIENTED_EDGE('',*,*,#3189,.F.);
#1450=ORIENTED_EDGE('',*,*,#3190,.F.);
#1451=ORIENTED_EDGE('',*,*,#3185,.T.);
#1452=ORIENTED_EDGE('',*,*,#3191,.T.);
#1453=ORIENTED_EDGE('',*,*,#3192,.F.);
#1454=ORIENTED_EDGE('',*,*,#3193,.F.);
#1455=ORIENTED_EDGE('',*,*,#3189,.T.);
#1456=ORIENTED_EDGE('',*,*,#3194,.T.);
#1457=ORIENTED_EDGE('',*,*,#3195,.F.);
#1458=ORIENTED_EDGE('',*,*,#3196,.T.);
#1459=ORIENTED_EDGE('',*,*,#3197,.F.);
#1460=ORIENTED_EDGE('',*,*,#3198,.T.);
#1461=ORIENTED_EDGE('',*,*,#3199,.F.);
#1462=ORIENTED_EDGE('',*,*,#3200,.T.);
#1463=ORIENTED_EDGE('',*,*,#3201,.F.);
#1464=ORIENTED_EDGE('',*,*,#3202,.F.);
#1465=ORIENTED_EDGE('',*,*,#3187,.F.);
#1466=ORIENTED_EDGE('',*,*,#3203,.T.);
#1467=ORIENTED_EDGE('',*,*,#3192,.T.);
#1468=ORIENTED_EDGE('',*,*,#3204,.F.);
#1469=ORIENTED_EDGE('',*,*,#3165,.F.);
#1470=ORIENTED_EDGE('',*,*,#3205,.T.);
#1471=ORIENTED_EDGE('',*,*,#3182,.T.);
#1472=ORIENTED_EDGE('',*,*,#3186,.F.);
#1473=ORIENTED_EDGE('',*,*,#3190,.T.);
#1474=ORIENTED_EDGE('',*,*,#3193,.T.);
#1475=ORIENTED_EDGE('',*,*,#3203,.F.);
#1476=ORIENTED_EDGE('',*,*,#3200,.F.);
#1477=ORIENTED_EDGE('',*,*,#3198,.F.);
#1478=ORIENTED_EDGE('',*,*,#3196,.F.);
#1479=ORIENTED_EDGE('',*,*,#3194,.F.);
#1480=ORIENTED_EDGE('',*,*,#3164,.F.);
#1481=ORIENTED_EDGE('',*,*,#3168,.T.);
#1482=ORIENTED_EDGE('',*,*,#3171,.T.);
#1483=ORIENTED_EDGE('',*,*,#3174,.T.);
#1484=ORIENTED_EDGE('',*,*,#3177,.T.);
#1485=ORIENTED_EDGE('',*,*,#3180,.F.);
#1486=ORIENTED_EDGE('',*,*,#3183,.F.);
#1487=ORIENTED_EDGE('',*,*,#3205,.F.);
#1488=ORIENTED_EDGE('',*,*,#3184,.T.);
#1489=ORIENTED_EDGE('',*,*,#3202,.T.);
#1490=ORIENTED_EDGE('',*,*,#3191,.F.);
#1491=ORIENTED_EDGE('',*,*,#3188,.F.);
#1492=ORIENTED_EDGE('',*,*,#3201,.T.);
#1493=ORIENTED_EDGE('',*,*,#3199,.T.);
#1494=ORIENTED_EDGE('',*,*,#3197,.T.);
#1495=ORIENTED_EDGE('',*,*,#3195,.T.);
#1496=ORIENTED_EDGE('',*,*,#3162,.T.);
#1497=ORIENTED_EDGE('',*,*,#3204,.T.);
#1498=ORIENTED_EDGE('',*,*,#3181,.T.);
#1499=ORIENTED_EDGE('',*,*,#3178,.T.);
#1500=ORIENTED_EDGE('',*,*,#3175,.F.);
#1501=ORIENTED_EDGE('',*,*,#3172,.F.);
#1502=ORIENTED_EDGE('',*,*,#3169,.F.);
#1503=ORIENTED_EDGE('',*,*,#3166,.F.);
#1504=ORIENTED_EDGE('',*,*,#3206,.F.);
#1505=ORIENTED_EDGE('',*,*,#3207,.T.);
#1506=ORIENTED_EDGE('',*,*,#3208,.T.);
#1507=ORIENTED_EDGE('',*,*,#3209,.T.);
#1508=ORIENTED_EDGE('',*,*,#3210,.F.);
#1509=ORIENTED_EDGE('',*,*,#3211,.T.);
#1510=ORIENTED_EDGE('',*,*,#3212,.T.);
#1511=ORIENTED_EDGE('',*,*,#3213,.T.);
#1512=ORIENTED_EDGE('',*,*,#3214,.F.);
#1513=ORIENTED_EDGE('',*,*,#3215,.T.);
#1514=ORIENTED_EDGE('',*,*,#3216,.T.);
#1515=ORIENTED_EDGE('',*,*,#3217,.T.);
#1516=ORIENTED_EDGE('',*,*,#3218,.F.);
#1517=ORIENTED_EDGE('',*,*,#3219,.T.);
#1518=ORIENTED_EDGE('',*,*,#3220,.T.);
#1519=ORIENTED_EDGE('',*,*,#3221,.T.);
#1520=ORIENTED_EDGE('',*,*,#3222,.F.);
#1521=ORIENTED_EDGE('',*,*,#3223,.T.);
#1522=ORIENTED_EDGE('',*,*,#3224,.T.);
#1523=ORIENTED_EDGE('',*,*,#3225,.T.);
#1524=ORIENTED_EDGE('',*,*,#3226,.F.);
#1525=ORIENTED_EDGE('',*,*,#3227,.T.);
#1526=ORIENTED_EDGE('',*,*,#3228,.T.);
#1527=ORIENTED_EDGE('',*,*,#3229,.T.);
#1528=ORIENTED_EDGE('',*,*,#3230,.T.);
#1529=ORIENTED_EDGE('',*,*,#3231,.T.);
#1530=ORIENTED_EDGE('',*,*,#3232,.F.);
#1531=ORIENTED_EDGE('',*,*,#3233,.T.);
#1532=ORIENTED_EDGE('',*,*,#3234,.T.);
#1533=ORIENTED_EDGE('',*,*,#3235,.T.);
#1534=ORIENTED_EDGE('',*,*,#3236,.F.);
#1535=ORIENTED_EDGE('',*,*,#3237,.T.);
#1536=ORIENTED_EDGE('',*,*,#3238,.F.);
#1537=ORIENTED_EDGE('',*,*,#3239,.T.);
#1538=ORIENTED_EDGE('',*,*,#3240,.T.);
#1539=ORIENTED_EDGE('',*,*,#3241,.F.);
#1540=ORIENTED_EDGE('',*,*,#3242,.T.);
#1541=ORIENTED_EDGE('',*,*,#3243,.T.);
#1542=ORIENTED_EDGE('',*,*,#3222,.T.);
#1543=ORIENTED_EDGE('',*,*,#3244,.T.);
#1544=ORIENTED_EDGE('',*,*,#3245,.F.);
#1545=ORIENTED_EDGE('',*,*,#3246,.T.);
#1546=ORIENTED_EDGE('',*,*,#3240,.F.);
#1547=ORIENTED_EDGE('',*,*,#3247,.T.);
#1548=ORIENTED_EDGE('',*,*,#3248,.T.);
#1549=ORIENTED_EDGE('',*,*,#3249,.F.);
#1550=ORIENTED_EDGE('',*,*,#3248,.F.);
#1551=ORIENTED_EDGE('',*,*,#3250,.T.);
#1552=ORIENTED_EDGE('',*,*,#3251,.T.);
#1553=ORIENTED_EDGE('',*,*,#3252,.F.);
#1554=ORIENTED_EDGE('',*,*,#3253,.T.);
#1555=ORIENTED_EDGE('',*,*,#3254,.T.);
#1556=ORIENTED_EDGE('',*,*,#3214,.T.);
#1557=ORIENTED_EDGE('',*,*,#3255,.T.);
#1558=ORIENTED_EDGE('',*,*,#3256,.F.);
#1559=ORIENTED_EDGE('',*,*,#3257,.T.);
#1560=ORIENTED_EDGE('',*,*,#3251,.F.);
#1561=ORIENTED_EDGE('',*,*,#3258,.T.);
#1562=ORIENTED_EDGE('',*,*,#3259,.T.);
#1563=ORIENTED_EDGE('',*,*,#3260,.T.);
#1564=ORIENTED_EDGE('',*,*,#3259,.F.);
#1565=ORIENTED_EDGE('',*,*,#3261,.T.);
#1566=ORIENTED_EDGE('',*,*,#3262,.T.);
#1567=ORIENTED_EDGE('',*,*,#3263,.F.);
#1568=ORIENTED_EDGE('',*,*,#3264,.T.);
#1569=ORIENTED_EDGE('',*,*,#3265,.T.);
#1570=ORIENTED_EDGE('',*,*,#3212,.F.);
#1571=ORIENTED_EDGE('',*,*,#3266,.T.);
#1572=ORIENTED_EDGE('',*,*,#3267,.F.);
#1573=ORIENTED_EDGE('',*,*,#3268,.T.);
#1574=ORIENTED_EDGE('',*,*,#3262,.F.);
#1575=ORIENTED_EDGE('',*,*,#3269,.T.);
#1576=ORIENTED_EDGE('',*,*,#3270,.T.);
#1577=ORIENTED_EDGE('',*,*,#3271,.F.);
#1578=ORIENTED_EDGE('',*,*,#3270,.F.);
#1579=ORIENTED_EDGE('',*,*,#3272,.T.);
#1580=ORIENTED_EDGE('',*,*,#3273,.T.);
#1581=ORIENTED_EDGE('',*,*,#3274,.F.);
#1582=ORIENTED_EDGE('',*,*,#3275,.T.);
#1583=ORIENTED_EDGE('',*,*,#3276,.T.);
#1584=ORIENTED_EDGE('',*,*,#3230,.F.);
#1585=ORIENTED_EDGE('',*,*,#3277,.T.);
#1586=ORIENTED_EDGE('',*,*,#3278,.F.);
#1587=ORIENTED_EDGE('',*,*,#3279,.T.);
#1588=ORIENTED_EDGE('',*,*,#3280,.T.);
#1589=ORIENTED_EDGE('',*,*,#3281,.T.);
#1590=ORIENTED_EDGE('',*,*,#3282,.F.);
#1591=ORIENTED_EDGE('',*,*,#3283,.F.);
#1592=ORIENTED_EDGE('',*,*,#3284,.T.);
#1593=ORIENTED_EDGE('',*,*,#3285,.F.);
#1594=ORIENTED_EDGE('',*,*,#3280,.F.);
#1595=ORIENTED_EDGE('',*,*,#3286,.T.);
#1596=ORIENTED_EDGE('',*,*,#3287,.T.);
#1597=ORIENTED_EDGE('',*,*,#3288,.F.);
#1598=ORIENTED_EDGE('',*,*,#3284,.F.);
#1599=ORIENTED_EDGE('',*,*,#3289,.T.);
#1600=ORIENTED_EDGE('',*,*,#3290,.T.);
#1601=ORIENTED_EDGE('',*,*,#3291,.F.);
#1602=ORIENTED_EDGE('',*,*,#3292,.F.);
#1603=ORIENTED_EDGE('',*,*,#3293,.F.);
#1604=ORIENTED_EDGE('',*,*,#3294,.T.);
#1605=ORIENTED_EDGE('',*,*,#3295,.T.);
#1606=ORIENTED_EDGE('',*,*,#3290,.F.);
#1607=ORIENTED_EDGE('',*,*,#3296,.T.);
#1608=ORIENTED_EDGE('',*,*,#3297,.T.);
#1609=ORIENTED_EDGE('',*,*,#3298,.T.);
#1610=ORIENTED_EDGE('',*,*,#3294,.F.);
#1611=ORIENTED_EDGE('',*,*,#3299,.T.);
#1612=ORIENTED_EDGE('',*,*,#3300,.T.);
#1613=ORIENTED_EDGE('',*,*,#3301,.F.);
#1614=ORIENTED_EDGE('',*,*,#3302,.F.);
#1615=ORIENTED_EDGE('',*,*,#3303,.T.);
#1616=ORIENTED_EDGE('',*,*,#3304,.F.);
#1617=ORIENTED_EDGE('',*,*,#3305,.F.);
#1618=ORIENTED_EDGE('',*,*,#3306,.F.);
#1619=ORIENTED_EDGE('',*,*,#3300,.F.);
#1620=ORIENTED_EDGE('',*,*,#3307,.T.);
#1621=ORIENTED_EDGE('',*,*,#3308,.T.);
#1622=ORIENTED_EDGE('',*,*,#3309,.F.);
#1623=ORIENTED_EDGE('',*,*,#3308,.F.);
#1624=ORIENTED_EDGE('',*,*,#3310,.T.);
#1625=ORIENTED_EDGE('',*,*,#3311,.T.);
#1626=ORIENTED_EDGE('',*,*,#3312,.T.);
#1627=ORIENTED_EDGE('',*,*,#3313,.F.);
#1628=ORIENTED_EDGE('',*,*,#3314,.F.);
#1629=ORIENTED_EDGE('',*,*,#3315,.F.);
#1630=ORIENTED_EDGE('',*,*,#3316,.T.);
#1631=ORIENTED_EDGE('',*,*,#3317,.F.);
#1632=ORIENTED_EDGE('',*,*,#3312,.F.);
#1633=ORIENTED_EDGE('',*,*,#3318,.T.);
#1634=ORIENTED_EDGE('',*,*,#3319,.T.);
#1635=ORIENTED_EDGE('',*,*,#3320,.T.);
#1636=ORIENTED_EDGE('',*,*,#3316,.F.);
#1637=ORIENTED_EDGE('',*,*,#3321,.T.);
#1638=ORIENTED_EDGE('',*,*,#3282,.T.);
#1639=ORIENTED_EDGE('',*,*,#3322,.T.);
#1640=ORIENTED_EDGE('',*,*,#3287,.F.);
#1641=ORIENTED_EDGE('',*,*,#3323,.F.);
#1642=ORIENTED_EDGE('',*,*,#3292,.T.);
#1643=ORIENTED_EDGE('',*,*,#3324,.F.);
#1644=ORIENTED_EDGE('',*,*,#3297,.F.);
#1645=ORIENTED_EDGE('',*,*,#3325,.F.);
#1646=ORIENTED_EDGE('',*,*,#3304,.T.);
#1647=ORIENTED_EDGE('',*,*,#3326,.F.);
#1648=ORIENTED_EDGE('',*,*,#3327,.T.);
#1649=ORIENTED_EDGE('',*,*,#3328,.T.);
#1650=ORIENTED_EDGE('',*,*,#3311,.F.);
#1651=ORIENTED_EDGE('',*,*,#3329,.F.);
#1652=ORIENTED_EDGE('',*,*,#3314,.T.);
#1653=ORIENTED_EDGE('',*,*,#3330,.T.);
#1654=ORIENTED_EDGE('',*,*,#3319,.F.);
#1655=ORIENTED_EDGE('',*,*,#3331,.F.);
#1656=ORIENTED_EDGE('',*,*,#3273,.F.);
#1657=ORIENTED_EDGE('',*,*,#3332,.T.);
#1658=ORIENTED_EDGE('',*,*,#3238,.T.);
#1659=ORIENTED_EDGE('',*,*,#3333,.T.);
#1660=ORIENTED_EDGE('',*,*,#3334,.T.);
#1661=ORIENTED_EDGE('',*,*,#3335,.T.);
#1662=ORIENTED_EDGE('',*,*,#3336,.T.);
#1663=ORIENTED_EDGE('',*,*,#3337,.T.);
#1664=ORIENTED_EDGE('',*,*,#3338,.T.);
#1665=ORIENTED_EDGE('',*,*,#3339,.T.);
#1666=ORIENTED_EDGE('',*,*,#3340,.T.);
#1667=ORIENTED_EDGE('',*,*,#3341,.T.);
#1668=ORIENTED_EDGE('',*,*,#3315,.T.);
#1669=ORIENTED_EDGE('',*,*,#3331,.T.);
#1670=ORIENTED_EDGE('',*,*,#3321,.F.);
#1671=ORIENTED_EDGE('',*,*,#3318,.F.);
#1672=ORIENTED_EDGE('',*,*,#3305,.T.);
#1673=ORIENTED_EDGE('',*,*,#3329,.T.);
#1674=ORIENTED_EDGE('',*,*,#3310,.F.);
#1675=ORIENTED_EDGE('',*,*,#3307,.F.);
#1676=ORIENTED_EDGE('',*,*,#3293,.T.);
#1677=ORIENTED_EDGE('',*,*,#3325,.T.);
#1678=ORIENTED_EDGE('',*,*,#3299,.F.);
#1679=ORIENTED_EDGE('',*,*,#3296,.F.);
#1680=ORIENTED_EDGE('',*,*,#3283,.T.);
#1681=ORIENTED_EDGE('',*,*,#3323,.T.);
#1682=ORIENTED_EDGE('',*,*,#3289,.F.);
#1683=ORIENTED_EDGE('',*,*,#3286,.F.);
#1684=ORIENTED_EDGE('',*,*,#3342,.F.);
#1685=ORIENTED_EDGE('',*,*,#3343,.F.);
#1686=ORIENTED_EDGE('',*,*,#3344,.T.);
#1687=ORIENTED_EDGE('',*,*,#3345,.T.);
#1688=ORIENTED_EDGE('',*,*,#3210,.T.);
#1689=ORIENTED_EDGE('',*,*,#3346,.T.);
#1690=ORIENTED_EDGE('',*,*,#3347,.F.);
#1691=ORIENTED_EDGE('',*,*,#3348,.T.);
#1692=ORIENTED_EDGE('',*,*,#3349,.T.);
#1693=ORIENTED_EDGE('',*,*,#3350,.F.);
#1694=ORIENTED_EDGE('',*,*,#3351,.F.);
#1695=ORIENTED_EDGE('',*,*,#3352,.F.);
#1696=ORIENTED_EDGE('',*,*,#3342,.T.);
#1697=ORIENTED_EDGE('',*,*,#3353,.T.);
#1698=ORIENTED_EDGE('',*,*,#3208,.F.);
#1699=ORIENTED_EDGE('',*,*,#3354,.T.);
#1700=ORIENTED_EDGE('',*,*,#3355,.F.);
#1701=ORIENTED_EDGE('',*,*,#3356,.F.);
#1702=ORIENTED_EDGE('',*,*,#3351,.T.);
#1703=ORIENTED_EDGE('',*,*,#3357,.T.);
#1704=ORIENTED_EDGE('',*,*,#3358,.F.);
#1705=ORIENTED_EDGE('',*,*,#3359,.T.);
#1706=ORIENTED_EDGE('',*,*,#3360,.T.);
#1707=ORIENTED_EDGE('',*,*,#3361,.T.);
#1708=ORIENTED_EDGE('',*,*,#3362,.F.);
#1709=ORIENTED_EDGE('',*,*,#3363,.T.);
#1710=ORIENTED_EDGE('',*,*,#3364,.T.);
#1711=ORIENTED_EDGE('',*,*,#3365,.T.);
#1712=ORIENTED_EDGE('',*,*,#3226,.T.);
#1713=ORIENTED_EDGE('',*,*,#3366,.T.);
#1714=ORIENTED_EDGE('',*,*,#3367,.F.);
#1715=ORIENTED_EDGE('',*,*,#3368,.F.);
#1716=ORIENTED_EDGE('',*,*,#3369,.T.);
#1717=ORIENTED_EDGE('',*,*,#3370,.F.);
#1718=ORIENTED_EDGE('',*,*,#3371,.F.);
#1719=ORIENTED_EDGE('',*,*,#3372,.T.);
#1720=ORIENTED_EDGE('',*,*,#3362,.T.);
#1721=ORIENTED_EDGE('',*,*,#3373,.F.);
#1722=ORIENTED_EDGE('',*,*,#3224,.F.);
#1723=ORIENTED_EDGE('',*,*,#3374,.T.);
#1724=ORIENTED_EDGE('',*,*,#3375,.F.);
#1725=ORIENTED_EDGE('',*,*,#3376,.T.);
#1726=ORIENTED_EDGE('',*,*,#3371,.T.);
#1727=ORIENTED_EDGE('',*,*,#3377,.T.);
#1728=ORIENTED_EDGE('',*,*,#3378,.F.);
#1729=ORIENTED_EDGE('',*,*,#3379,.F.);
#1730=ORIENTED_EDGE('',*,*,#3380,.T.);
#1731=ORIENTED_EDGE('',*,*,#3381,.T.);
#1732=ORIENTED_EDGE('',*,*,#3382,.F.);
#1733=ORIENTED_EDGE('',*,*,#3383,.F.);
#1734=ORIENTED_EDGE('',*,*,#3384,.T.);
#1735=ORIENTED_EDGE('',*,*,#3385,.F.);
#1736=ORIENTED_EDGE('',*,*,#3216,.F.);
#1737=ORIENTED_EDGE('',*,*,#3386,.T.);
#1738=ORIENTED_EDGE('',*,*,#3387,.F.);
#1739=ORIENTED_EDGE('',*,*,#3388,.F.);
#1740=ORIENTED_EDGE('',*,*,#3382,.T.);
#1741=ORIENTED_EDGE('',*,*,#3389,.T.);
#1742=ORIENTED_EDGE('',*,*,#3390,.F.);
#1743=ORIENTED_EDGE('',*,*,#3391,.T.);
#1744=ORIENTED_EDGE('',*,*,#3392,.T.);
#1745=ORIENTED_EDGE('',*,*,#3393,.T.);
#1746=ORIENTED_EDGE('',*,*,#3394,.F.);
#1747=ORIENTED_EDGE('',*,*,#3395,.T.);
#1748=ORIENTED_EDGE('',*,*,#3390,.T.);
#1749=ORIENTED_EDGE('',*,*,#3396,.T.);
#1750=ORIENTED_EDGE('',*,*,#3397,.F.);
#1751=ORIENTED_EDGE('',*,*,#3398,.T.);
#1752=ORIENTED_EDGE('',*,*,#3399,.T.);
#1753=ORIENTED_EDGE('',*,*,#3400,.T.);
#1754=ORIENTED_EDGE('',*,*,#3232,.T.);
#1755=ORIENTED_EDGE('',*,*,#3401,.T.);
#1756=ORIENTED_EDGE('',*,*,#3402,.F.);
#1757=ORIENTED_EDGE('',*,*,#3403,.F.);
#1758=ORIENTED_EDGE('',*,*,#3404,.T.);
#1759=ORIENTED_EDGE('',*,*,#3405,.F.);
#1760=ORIENTED_EDGE('',*,*,#3406,.F.);
#1761=ORIENTED_EDGE('',*,*,#3407,.T.);
#1762=ORIENTED_EDGE('',*,*,#3397,.T.);
#1763=ORIENTED_EDGE('',*,*,#3408,.T.);
#1764=ORIENTED_EDGE('',*,*,#3234,.F.);
#1765=ORIENTED_EDGE('',*,*,#3409,.T.);
#1766=ORIENTED_EDGE('',*,*,#3410,.F.);
#1767=ORIENTED_EDGE('',*,*,#3411,.T.);
#1768=ORIENTED_EDGE('',*,*,#3406,.T.);
#1769=ORIENTED_EDGE('',*,*,#3412,.T.);
#1770=ORIENTED_EDGE('',*,*,#3413,.F.);
#1771=ORIENTED_EDGE('',*,*,#3414,.F.);
#1772=ORIENTED_EDGE('',*,*,#3415,.T.);
#1773=ORIENTED_EDGE('',*,*,#3416,.T.);
#1774=ORIENTED_EDGE('',*,*,#3417,.F.);
#1775=ORIENTED_EDGE('',*,*,#3418,.F.);
#1776=ORIENTED_EDGE('',*,*,#3419,.T.);
#1777=ORIENTED_EDGE('',*,*,#3420,.T.);
#1778=ORIENTED_EDGE('',*,*,#3421,.T.);
#1779=ORIENTED_EDGE('',*,*,#3422,.T.);
#1780=ORIENTED_EDGE('',*,*,#3423,.T.);
#1781=ORIENTED_EDGE('',*,*,#3417,.T.);
#1782=ORIENTED_EDGE('',*,*,#3424,.T.);
#1783=ORIENTED_EDGE('',*,*,#3425,.T.);
#1784=ORIENTED_EDGE('',*,*,#3426,.F.);
#1785=ORIENTED_EDGE('',*,*,#3427,.T.);
#1786=ORIENTED_EDGE('',*,*,#3428,.T.);
#1787=ORIENTED_EDGE('',*,*,#3228,.F.);
#1788=ORIENTED_EDGE('',*,*,#3429,.T.);
#1789=ORIENTED_EDGE('',*,*,#3430,.F.);
#1790=ORIENTED_EDGE('',*,*,#3431,.T.);
#1791=ORIENTED_EDGE('',*,*,#3432,.T.);
#1792=ORIENTED_EDGE('',*,*,#3433,.F.);
#1793=ORIENTED_EDGE('',*,*,#3434,.T.);
#1794=ORIENTED_EDGE('',*,*,#3435,.T.);
#1795=ORIENTED_EDGE('',*,*,#3436,.F.);
#1796=ORIENTED_EDGE('',*,*,#3437,.F.);
#1797=ORIENTED_EDGE('',*,*,#3438,.T.);
#1798=ORIENTED_EDGE('',*,*,#3436,.T.);
#1799=ORIENTED_EDGE('',*,*,#3439,.T.);
#1800=ORIENTED_EDGE('',*,*,#3440,.F.);
#1801=ORIENTED_EDGE('',*,*,#3441,.T.);
#1802=ORIENTED_EDGE('',*,*,#3442,.F.);
#1803=ORIENTED_EDGE('',*,*,#3437,.T.);
#1804=ORIENTED_EDGE('',*,*,#3443,.F.);
#1805=ORIENTED_EDGE('',*,*,#3444,.T.);
#1806=ORIENTED_EDGE('',*,*,#3445,.T.);
#1807=ORIENTED_EDGE('',*,*,#3446,.T.);
#1808=ORIENTED_EDGE('',*,*,#3447,.T.);
#1809=ORIENTED_EDGE('',*,*,#3448,.T.);
#1810=ORIENTED_EDGE('',*,*,#3449,.T.);
#1811=ORIENTED_EDGE('',*,*,#3236,.T.);
#1812=ORIENTED_EDGE('',*,*,#3450,.T.);
#1813=ORIENTED_EDGE('',*,*,#3451,.F.);
#1814=ORIENTED_EDGE('',*,*,#3452,.T.);
#1815=ORIENTED_EDGE('',*,*,#3453,.T.);
#1816=ORIENTED_EDGE('',*,*,#3454,.T.);
#1817=ORIENTED_EDGE('',*,*,#3455,.F.);
#1818=ORIENTED_EDGE('',*,*,#3456,.F.);
#1819=ORIENTED_EDGE('',*,*,#3457,.F.);
#1820=ORIENTED_EDGE('',*,*,#3455,.T.);
#1821=ORIENTED_EDGE('',*,*,#3458,.T.);
#1822=ORIENTED_EDGE('',*,*,#3459,.T.);
#1823=ORIENTED_EDGE('',*,*,#3460,.T.);
#1824=ORIENTED_EDGE('',*,*,#3461,.T.);
#1825=ORIENTED_EDGE('',*,*,#3456,.T.);
#1826=ORIENTED_EDGE('',*,*,#3462,.T.);
#1827=ORIENTED_EDGE('',*,*,#3463,.T.);
#1828=ORIENTED_EDGE('',*,*,#3464,.T.);
#1829=ORIENTED_EDGE('',*,*,#3465,.T.);
#1830=ORIENTED_EDGE('',*,*,#3466,.F.);
#1831=ORIENTED_EDGE('',*,*,#3467,.T.);
#1832=ORIENTED_EDGE('',*,*,#3468,.T.);
#1833=ORIENTED_EDGE('',*,*,#3206,.T.);
#1834=ORIENTED_EDGE('',*,*,#3469,.T.);
#1835=ORIENTED_EDGE('',*,*,#3470,.F.);
#1836=ORIENTED_EDGE('',*,*,#3471,.F.);
#1837=ORIENTED_EDGE('',*,*,#3472,.T.);
#1838=ORIENTED_EDGE('',*,*,#3473,.F.);
#1839=ORIENTED_EDGE('',*,*,#3474,.F.);
#1840=ORIENTED_EDGE('',*,*,#3475,.F.);
#1841=ORIENTED_EDGE('',*,*,#3476,.T.);
#1842=ORIENTED_EDGE('',*,*,#3474,.T.);
#1843=ORIENTED_EDGE('',*,*,#3477,.T.);
#1844=ORIENTED_EDGE('',*,*,#3478,.F.);
#1845=ORIENTED_EDGE('',*,*,#3479,.T.);
#1846=ORIENTED_EDGE('',*,*,#3480,.F.);
#1847=ORIENTED_EDGE('',*,*,#3475,.T.);
#1848=ORIENTED_EDGE('',*,*,#3481,.T.);
#1849=ORIENTED_EDGE('',*,*,#3482,.T.);
#1850=ORIENTED_EDGE('',*,*,#3483,.T.);
#1851=ORIENTED_EDGE('',*,*,#3484,.T.);
#1852=ORIENTED_EDGE('',*,*,#3485,.T.);
#1853=ORIENTED_EDGE('',*,*,#3220,.F.);
#1854=ORIENTED_EDGE('',*,*,#3486,.T.);
#1855=ORIENTED_EDGE('',*,*,#3487,.F.);
#1856=ORIENTED_EDGE('',*,*,#3488,.F.);
#1857=ORIENTED_EDGE('',*,*,#3489,.T.);
#1858=ORIENTED_EDGE('',*,*,#3349,.F.);
#1859=ORIENTED_EDGE('',*,*,#3490,.T.);
#1860=ORIENTED_EDGE('',*,*,#3358,.T.);
#1861=ORIENTED_EDGE('',*,*,#3491,.F.);
#1862=ORIENTED_EDGE('',*,*,#3369,.F.);
#1863=ORIENTED_EDGE('',*,*,#3492,.F.);
#1864=ORIENTED_EDGE('',*,*,#3378,.T.);
#1865=ORIENTED_EDGE('',*,*,#3493,.T.);
#1866=ORIENTED_EDGE('',*,*,#3384,.F.);
#1867=ORIENTED_EDGE('',*,*,#3494,.F.);
#1868=ORIENTED_EDGE('',*,*,#3495,.T.);
#1869=ORIENTED_EDGE('',*,*,#3496,.T.);
#1870=ORIENTED_EDGE('',*,*,#3218,.T.);
#1871=ORIENTED_EDGE('',*,*,#3497,.T.);
#1872=ORIENTED_EDGE('',*,*,#3498,.F.);
#1873=ORIENTED_EDGE('',*,*,#3499,.T.);
#1874=ORIENTED_EDGE('',*,*,#3394,.T.);
#1875=ORIENTED_EDGE('',*,*,#3500,.F.);
#1876=ORIENTED_EDGE('',*,*,#3404,.F.);
#1877=ORIENTED_EDGE('',*,*,#3501,.F.);
#1878=ORIENTED_EDGE('',*,*,#3413,.T.);
#1879=ORIENTED_EDGE('',*,*,#3502,.F.);
#1880=ORIENTED_EDGE('',*,*,#3503,.F.);
#1881=ORIENTED_EDGE('',*,*,#3504,.F.);
#1882=ORIENTED_EDGE('',*,*,#3505,.F.);
#1883=ORIENTED_EDGE('',*,*,#3506,.T.);
#1884=ORIENTED_EDGE('',*,*,#3507,.F.);
#1885=ORIENTED_EDGE('',*,*,#3508,.F.);
#1886=ORIENTED_EDGE('',*,*,#3509,.F.);
#1887=ORIENTED_EDGE('',*,*,#3510,.T.);
#1888=ORIENTED_EDGE('',*,*,#3511,.T.);
#1889=ORIENTED_EDGE('',*,*,#3512,.T.);
#1890=ORIENTED_EDGE('',*,*,#3513,.T.);
#1891=ORIENTED_EDGE('',*,*,#3419,.F.);
#1892=ORIENTED_EDGE('',*,*,#3405,.T.);
#1893=ORIENTED_EDGE('',*,*,#3502,.T.);
#1894=ORIENTED_EDGE('',*,*,#3412,.F.);
#1895=ORIENTED_EDGE('',*,*,#3408,.F.);
#1896=ORIENTED_EDGE('',*,*,#3385,.T.);
#1897=ORIENTED_EDGE('',*,*,#3500,.T.);
#1898=ORIENTED_EDGE('',*,*,#3396,.F.);
#1899=ORIENTED_EDGE('',*,*,#3389,.F.);
#1900=ORIENTED_EDGE('',*,*,#3370,.T.);
#1901=ORIENTED_EDGE('',*,*,#3493,.F.);
#1902=ORIENTED_EDGE('',*,*,#3377,.F.);
#1903=ORIENTED_EDGE('',*,*,#3373,.T.);
#1904=ORIENTED_EDGE('',*,*,#3350,.T.);
#1905=ORIENTED_EDGE('',*,*,#3491,.T.);
#1906=ORIENTED_EDGE('',*,*,#3357,.F.);
#1907=ORIENTED_EDGE('',*,*,#3353,.F.);
#1908=ORIENTED_EDGE('',*,*,#3514,.T.);
#1909=ORIENTED_EDGE('',*,*,#3515,.T.);
#1910=ORIENTED_EDGE('',*,*,#3516,.T.);
#1911=ORIENTED_EDGE('',*,*,#3517,.T.);
#1912=ORIENTED_EDGE('',*,*,#3518,.T.);
#1913=ORIENTED_EDGE('',*,*,#3519,.T.);
#1914=ORIENTED_EDGE('',*,*,#3520,.T.);
#1915=ORIENTED_EDGE('',*,*,#3521,.T.);
#1916=ORIENTED_EDGE('',*,*,#3454,.F.);
#1917=ORIENTED_EDGE('',*,*,#3522,.T.);
#1918=ORIENTED_EDGE('',*,*,#3440,.T.);
#1919=ORIENTED_EDGE('',*,*,#3439,.F.);
#1920=ORIENTED_EDGE('',*,*,#3435,.F.);
#1921=ORIENTED_EDGE('',*,*,#3523,.T.);
#1922=ORIENTED_EDGE('',*,*,#3421,.F.);
#1923=ORIENTED_EDGE('',*,*,#3420,.F.);
#1924=ORIENTED_EDGE('',*,*,#3513,.F.);
#1925=ORIENTED_EDGE('',*,*,#3524,.T.);
#1926=ORIENTED_EDGE('',*,*,#3478,.T.);
#1927=ORIENTED_EDGE('',*,*,#3477,.F.);
#1928=ORIENTED_EDGE('',*,*,#3473,.T.);
#1929=ORIENTED_EDGE('',*,*,#3525,.T.);
#1930=ORIENTED_EDGE('',*,*,#3459,.F.);
#1931=ORIENTED_EDGE('',*,*,#3458,.F.);
#1932=ORIENTED_EDGE('',*,*,#3347,.T.);
#1933=ORIENTED_EDGE('',*,*,#3526,.T.);
#1934=ORIENTED_EDGE('',*,*,#3264,.F.);
#1935=ORIENTED_EDGE('',*,*,#3527,.T.);
#1936=ORIENTED_EDGE('',*,*,#3278,.T.);
#1937=ORIENTED_EDGE('',*,*,#3528,.T.);
#1938=ORIENTED_EDGE('',*,*,#3399,.F.);
#1939=ORIENTED_EDGE('',*,*,#3529,.T.);
#1940=ORIENTED_EDGE('',*,*,#3410,.T.);
#1941=ORIENTED_EDGE('',*,*,#3530,.T.);
#1942=ORIENTED_EDGE('',*,*,#3448,.F.);
#1943=ORIENTED_EDGE('',*,*,#3531,.T.);
#1944=ORIENTED_EDGE('',*,*,#3470,.T.);
#1945=ORIENTED_EDGE('',*,*,#3532,.T.);
#1946=ORIENTED_EDGE('',*,*,#3360,.F.);
#1947=ORIENTED_EDGE('',*,*,#3533,.T.);
#1948=ORIENTED_EDGE('',*,*,#3348,.F.);
#1949=ORIENTED_EDGE('',*,*,#3527,.F.);
#1950=ORIENTED_EDGE('',*,*,#3263,.T.);
#1951=ORIENTED_EDGE('',*,*,#3271,.T.);
#1952=ORIENTED_EDGE('',*,*,#3279,.F.);
#1953=ORIENTED_EDGE('',*,*,#3529,.F.);
#1954=ORIENTED_EDGE('',*,*,#3398,.F.);
#1955=ORIENTED_EDGE('',*,*,#3407,.F.);
#1956=ORIENTED_EDGE('',*,*,#3411,.F.);
#1957=ORIENTED_EDGE('',*,*,#3531,.F.);
#1958=ORIENTED_EDGE('',*,*,#3447,.F.);
#1959=ORIENTED_EDGE('',*,*,#3534,.T.);
#1960=ORIENTED_EDGE('',*,*,#3452,.F.);
#1961=ORIENTED_EDGE('',*,*,#3457,.T.);
#1962=ORIENTED_EDGE('',*,*,#3461,.F.);
#1963=ORIENTED_EDGE('',*,*,#3535,.T.);
#1964=ORIENTED_EDGE('',*,*,#3462,.F.);
#1965=ORIENTED_EDGE('',*,*,#3533,.F.);
#1966=ORIENTED_EDGE('',*,*,#3359,.F.);
#1967=ORIENTED_EDGE('',*,*,#3490,.F.);
#1968=ORIENTED_EDGE('',*,*,#3510,.F.);
#1969=ORIENTED_EDGE('',*,*,#3451,.T.);
#1970=ORIENTED_EDGE('',*,*,#3536,.T.);
#1971=ORIENTED_EDGE('',*,*,#3415,.F.);
#1972=ORIENTED_EDGE('',*,*,#3537,.F.);
#1973=ORIENTED_EDGE('',*,*,#3402,.T.);
#1974=ORIENTED_EDGE('',*,*,#3538,.T.);
#1975=ORIENTED_EDGE('',*,*,#3275,.F.);
#1976=ORIENTED_EDGE('',*,*,#3539,.F.);
#1977=ORIENTED_EDGE('',*,*,#3245,.T.);
#1978=ORIENTED_EDGE('',*,*,#3540,.T.);
#1979=ORIENTED_EDGE('',*,*,#3380,.F.);
#1980=ORIENTED_EDGE('',*,*,#3541,.F.);
#1981=ORIENTED_EDGE('',*,*,#3367,.T.);
#1982=ORIENTED_EDGE('',*,*,#3542,.T.);
#1983=ORIENTED_EDGE('',*,*,#3427,.F.);
#1984=ORIENTED_EDGE('',*,*,#3543,.F.);
#1985=ORIENTED_EDGE('',*,*,#3508,.T.);
#1986=ORIENTED_EDGE('',*,*,#3426,.T.);
#1987=ORIENTED_EDGE('',*,*,#3544,.T.);
#1988=ORIENTED_EDGE('',*,*,#3433,.T.);
#1989=ORIENTED_EDGE('',*,*,#3438,.F.);
#1990=ORIENTED_EDGE('',*,*,#3442,.T.);
#1991=ORIENTED_EDGE('',*,*,#3545,.T.);
#1992=ORIENTED_EDGE('',*,*,#3443,.T.);
#1993=ORIENTED_EDGE('',*,*,#3537,.T.);
#1994=ORIENTED_EDGE('',*,*,#3414,.T.);
#1995=ORIENTED_EDGE('',*,*,#3501,.T.);
#1996=ORIENTED_EDGE('',*,*,#3403,.T.);
#1997=ORIENTED_EDGE('',*,*,#3539,.T.);
#1998=ORIENTED_EDGE('',*,*,#3274,.T.);
#1999=ORIENTED_EDGE('',*,*,#3333,.F.);
#2000=ORIENTED_EDGE('',*,*,#3246,.F.);
#2001=ORIENTED_EDGE('',*,*,#3541,.T.);
#2002=ORIENTED_EDGE('',*,*,#3379,.T.);
#2003=ORIENTED_EDGE('',*,*,#3492,.T.);
#2004=ORIENTED_EDGE('',*,*,#3368,.T.);
#2005=ORIENTED_EDGE('',*,*,#3543,.T.);
#2006=ORIENTED_EDGE('',*,*,#3430,.T.);
#2007=ORIENTED_EDGE('',*,*,#3546,.T.);
#2008=ORIENTED_EDGE('',*,*,#3364,.F.);
#2009=ORIENTED_EDGE('',*,*,#3547,.T.);
#2010=ORIENTED_EDGE('',*,*,#3375,.T.);
#2011=ORIENTED_EDGE('',*,*,#3548,.T.);
#2012=ORIENTED_EDGE('',*,*,#3242,.F.);
#2013=ORIENTED_EDGE('',*,*,#3549,.T.);
#2014=ORIENTED_EDGE('',*,*,#3256,.T.);
#2015=ORIENTED_EDGE('',*,*,#3550,.T.);
#2016=ORIENTED_EDGE('',*,*,#3392,.F.);
#2017=ORIENTED_EDGE('',*,*,#3551,.T.);
#2018=ORIENTED_EDGE('',*,*,#3498,.T.);
#2019=ORIENTED_EDGE('',*,*,#3552,.T.);
#2020=ORIENTED_EDGE('',*,*,#3484,.F.);
#2021=ORIENTED_EDGE('',*,*,#3553,.T.);
#2022=ORIENTED_EDGE('',*,*,#3431,.F.);
#2023=ORIENTED_EDGE('',*,*,#3547,.F.);
#2024=ORIENTED_EDGE('',*,*,#3363,.F.);
#2025=ORIENTED_EDGE('',*,*,#3372,.F.);
#2026=ORIENTED_EDGE('',*,*,#3376,.F.);
#2027=ORIENTED_EDGE('',*,*,#3549,.F.);
#2028=ORIENTED_EDGE('',*,*,#3241,.T.);
#2029=ORIENTED_EDGE('',*,*,#3249,.T.);
#2030=ORIENTED_EDGE('',*,*,#3257,.F.);
#2031=ORIENTED_EDGE('',*,*,#3551,.F.);
#2032=ORIENTED_EDGE('',*,*,#3391,.F.);
#2033=ORIENTED_EDGE('',*,*,#3395,.F.);
#2034=ORIENTED_EDGE('',*,*,#3499,.F.);
#2035=ORIENTED_EDGE('',*,*,#3553,.F.);
#2036=ORIENTED_EDGE('',*,*,#3483,.F.);
#2037=ORIENTED_EDGE('',*,*,#3554,.T.);
#2038=ORIENTED_EDGE('',*,*,#3511,.F.);
#2039=ORIENTED_EDGE('',*,*,#3418,.T.);
#2040=ORIENTED_EDGE('',*,*,#3423,.F.);
#2041=ORIENTED_EDGE('',*,*,#3555,.T.);
#2042=ORIENTED_EDGE('',*,*,#3506,.F.);
#2043=ORIENTED_EDGE('',*,*,#3487,.T.);
#2044=ORIENTED_EDGE('',*,*,#3556,.T.);
#2045=ORIENTED_EDGE('',*,*,#3495,.F.);
#2046=ORIENTED_EDGE('',*,*,#3557,.F.);
#2047=ORIENTED_EDGE('',*,*,#3387,.T.);
#2048=ORIENTED_EDGE('',*,*,#3558,.T.);
#2049=ORIENTED_EDGE('',*,*,#3253,.F.);
#2050=ORIENTED_EDGE('',*,*,#3559,.F.);
#2051=ORIENTED_EDGE('',*,*,#3267,.T.);
#2052=ORIENTED_EDGE('',*,*,#3560,.T.);
#2053=ORIENTED_EDGE('',*,*,#3344,.F.);
#2054=ORIENTED_EDGE('',*,*,#3561,.F.);
#2055=ORIENTED_EDGE('',*,*,#3355,.T.);
#2056=ORIENTED_EDGE('',*,*,#3562,.T.);
#2057=ORIENTED_EDGE('',*,*,#3467,.F.);
#2058=ORIENTED_EDGE('',*,*,#3563,.F.);
#2059=ORIENTED_EDGE('',*,*,#3504,.T.);
#2060=ORIENTED_EDGE('',*,*,#3480,.T.);
#2061=ORIENTED_EDGE('',*,*,#3564,.T.);
#2062=ORIENTED_EDGE('',*,*,#3488,.T.);
#2063=ORIENTED_EDGE('',*,*,#3557,.T.);
#2064=ORIENTED_EDGE('',*,*,#3494,.T.);
#2065=ORIENTED_EDGE('',*,*,#3383,.T.);
#2066=ORIENTED_EDGE('',*,*,#3388,.T.);
#2067=ORIENTED_EDGE('',*,*,#3559,.T.);
#2068=ORIENTED_EDGE('',*,*,#3252,.T.);
#2069=ORIENTED_EDGE('',*,*,#3260,.F.);
#2070=ORIENTED_EDGE('',*,*,#3268,.F.);
#2071=ORIENTED_EDGE('',*,*,#3561,.T.);
#2072=ORIENTED_EDGE('',*,*,#3343,.T.);
#2073=ORIENTED_EDGE('',*,*,#3352,.T.);
#2074=ORIENTED_EDGE('',*,*,#3356,.T.);
#2075=ORIENTED_EDGE('',*,*,#3563,.T.);
#2076=ORIENTED_EDGE('',*,*,#3466,.T.);
#2077=ORIENTED_EDGE('',*,*,#3565,.T.);
#2078=ORIENTED_EDGE('',*,*,#3471,.T.);
#2079=ORIENTED_EDGE('',*,*,#3476,.F.);
#2080=ORIENTED_EDGE('',*,*,#3354,.F.);
#2081=ORIENTED_EDGE('',*,*,#3207,.F.);
#2082=ORIENTED_EDGE('',*,*,#3468,.F.);
#2083=ORIENTED_EDGE('',*,*,#3562,.F.);
#2084=ORIENTED_EDGE('',*,*,#3486,.F.);
#2085=ORIENTED_EDGE('',*,*,#3219,.F.);
#2086=ORIENTED_EDGE('',*,*,#3496,.F.);
#2087=ORIENTED_EDGE('',*,*,#3556,.F.);
#2088=ORIENTED_EDGE('',*,*,#3386,.F.);
#2089=ORIENTED_EDGE('',*,*,#3215,.F.);
#2090=ORIENTED_EDGE('',*,*,#3254,.F.);
#2091=ORIENTED_EDGE('',*,*,#3558,.F.);
#2092=ORIENTED_EDGE('',*,*,#3485,.F.);
#2093=ORIENTED_EDGE('',*,*,#3552,.F.);
#2094=ORIENTED_EDGE('',*,*,#3497,.F.);
#2095=ORIENTED_EDGE('',*,*,#3221,.F.);
#2096=ORIENTED_EDGE('',*,*,#3243,.F.);
#2097=ORIENTED_EDGE('',*,*,#3548,.F.);
#2098=ORIENTED_EDGE('',*,*,#3374,.F.);
#2099=ORIENTED_EDGE('',*,*,#3223,.F.);
#2100=ORIENTED_EDGE('',*,*,#3393,.F.);
#2101=ORIENTED_EDGE('',*,*,#3550,.F.);
#2102=ORIENTED_EDGE('',*,*,#3255,.F.);
#2103=ORIENTED_EDGE('',*,*,#3217,.F.);
#2104=ORIENTED_EDGE('',*,*,#3266,.F.);
#2105=ORIENTED_EDGE('',*,*,#3211,.F.);
#2106=ORIENTED_EDGE('',*,*,#3345,.F.);
#2107=ORIENTED_EDGE('',*,*,#3560,.F.);
#2108=ORIENTED_EDGE('',*,*,#3365,.F.);
#2109=ORIENTED_EDGE('',*,*,#3546,.F.);
#2110=ORIENTED_EDGE('',*,*,#3429,.F.);
#2111=ORIENTED_EDGE('',*,*,#3227,.F.);
#2112=ORIENTED_EDGE('',*,*,#3366,.F.);
#2113=ORIENTED_EDGE('',*,*,#3229,.F.);
#2114=ORIENTED_EDGE('',*,*,#3428,.F.);
#2115=ORIENTED_EDGE('',*,*,#3542,.F.);
#2116=ORIENTED_EDGE('',*,*,#3401,.F.);
#2117=ORIENTED_EDGE('',*,*,#3231,.F.);
#2118=ORIENTED_EDGE('',*,*,#3276,.F.);
#2119=ORIENTED_EDGE('',*,*,#3538,.F.);
#2120=ORIENTED_EDGE('',*,*,#3244,.F.);
#2121=ORIENTED_EDGE('',*,*,#3225,.F.);
#2122=ORIENTED_EDGE('',*,*,#3381,.F.);
#2123=ORIENTED_EDGE('',*,*,#3540,.F.);
#2124=ORIENTED_EDGE('',*,*,#3450,.F.);
#2125=ORIENTED_EDGE('',*,*,#3235,.F.);
#2126=ORIENTED_EDGE('',*,*,#3416,.F.);
#2127=ORIENTED_EDGE('',*,*,#3536,.F.);
#2128=ORIENTED_EDGE('',*,*,#3400,.F.);
#2129=ORIENTED_EDGE('',*,*,#3528,.F.);
#2130=ORIENTED_EDGE('',*,*,#3277,.F.);
#2131=ORIENTED_EDGE('',*,*,#3233,.F.);
#2132=ORIENTED_EDGE('',*,*,#3449,.F.);
#2133=ORIENTED_EDGE('',*,*,#3530,.F.);
#2134=ORIENTED_EDGE('',*,*,#3409,.F.);
#2135=ORIENTED_EDGE('',*,*,#3237,.F.);
#2136=ORIENTED_EDGE('',*,*,#3361,.F.);
#2137=ORIENTED_EDGE('',*,*,#3532,.F.);
#2138=ORIENTED_EDGE('',*,*,#3469,.F.);
#2139=ORIENTED_EDGE('',*,*,#3209,.F.);
#2140=ORIENTED_EDGE('',*,*,#3265,.F.);
#2141=ORIENTED_EDGE('',*,*,#3526,.F.);
#2142=ORIENTED_EDGE('',*,*,#3346,.F.);
#2143=ORIENTED_EDGE('',*,*,#3213,.F.);
#2144=ORIENTED_EDGE('',*,*,#3534,.F.);
#2145=ORIENTED_EDGE('',*,*,#3446,.F.);
#2146=ORIENTED_EDGE('',*,*,#3566,.F.);
#2147=ORIENTED_EDGE('',*,*,#3453,.F.);
#2148=ORIENTED_EDGE('',*,*,#3566,.T.);
#2149=ORIENTED_EDGE('',*,*,#3445,.F.);
#2150=ORIENTED_EDGE('',*,*,#3567,.F.);
#2151=ORIENTED_EDGE('',*,*,#3522,.F.);
#2152=ORIENTED_EDGE('',*,*,#3545,.F.);
#2153=ORIENTED_EDGE('',*,*,#3441,.F.);
#2154=ORIENTED_EDGE('',*,*,#3567,.T.);
#2155=ORIENTED_EDGE('',*,*,#3444,.F.);
#2156=ORIENTED_EDGE('',*,*,#3564,.F.);
#2157=ORIENTED_EDGE('',*,*,#3479,.F.);
#2158=ORIENTED_EDGE('',*,*,#3568,.F.);
#2159=ORIENTED_EDGE('',*,*,#3489,.F.);
#2160=ORIENTED_EDGE('',*,*,#3568,.T.);
#2161=ORIENTED_EDGE('',*,*,#3524,.F.);
#2162=ORIENTED_EDGE('',*,*,#3569,.F.);
#2163=ORIENTED_EDGE('',*,*,#3481,.F.);
#2164=ORIENTED_EDGE('',*,*,#3554,.F.);
#2165=ORIENTED_EDGE('',*,*,#3482,.F.);
#2166=ORIENTED_EDGE('',*,*,#3569,.T.);
#2167=ORIENTED_EDGE('',*,*,#3512,.F.);
#2168=ORIENTED_EDGE('',*,*,#3555,.F.);
#2169=ORIENTED_EDGE('',*,*,#3422,.F.);
#2170=ORIENTED_EDGE('',*,*,#3570,.F.);
#2171=ORIENTED_EDGE('',*,*,#3432,.F.);
#2172=ORIENTED_EDGE('',*,*,#3570,.T.);
#2173=ORIENTED_EDGE('',*,*,#3523,.F.);
#2174=ORIENTED_EDGE('',*,*,#3571,.F.);
#2175=ORIENTED_EDGE('',*,*,#3424,.F.);
#2176=ORIENTED_EDGE('',*,*,#3544,.F.);
#2177=ORIENTED_EDGE('',*,*,#3425,.F.);
#2178=ORIENTED_EDGE('',*,*,#3571,.T.);
#2179=ORIENTED_EDGE('',*,*,#3434,.F.);
#2180=ORIENTED_EDGE('',*,*,#3565,.F.);
#2181=ORIENTED_EDGE('',*,*,#3465,.F.);
#2182=ORIENTED_EDGE('',*,*,#3572,.F.);
#2183=ORIENTED_EDGE('',*,*,#3472,.F.);
#2184=ORIENTED_EDGE('',*,*,#3572,.T.);
#2185=ORIENTED_EDGE('',*,*,#3464,.F.);
#2186=ORIENTED_EDGE('',*,*,#3573,.F.);
#2187=ORIENTED_EDGE('',*,*,#3525,.F.);
#2188=ORIENTED_EDGE('',*,*,#3535,.F.);
#2189=ORIENTED_EDGE('',*,*,#3460,.F.);
#2190=ORIENTED_EDGE('',*,*,#3573,.T.);
#2191=ORIENTED_EDGE('',*,*,#3463,.F.);
#2192=ORIENTED_EDGE('',*,*,#3574,.T.);
#2193=ORIENTED_EDGE('',*,*,#3575,.T.);
#2194=ORIENTED_EDGE('',*,*,#3575,.F.);
#2195=ORIENTED_EDGE('',*,*,#3576,.T.);
#2196=ORIENTED_EDGE('',*,*,#3574,.F.);
#2197=ORIENTED_EDGE('',*,*,#3577,.T.);
#2198=ORIENTED_EDGE('',*,*,#3578,.T.);
#2199=ORIENTED_EDGE('',*,*,#3578,.F.);
#2200=ORIENTED_EDGE('',*,*,#3579,.T.);
#2201=ORIENTED_EDGE('',*,*,#3577,.F.);
#2202=ORIENTED_EDGE('',*,*,#3580,.T.);
#2203=ORIENTED_EDGE('',*,*,#3581,.T.);
#2204=ORIENTED_EDGE('',*,*,#3581,.F.);
#2205=ORIENTED_EDGE('',*,*,#3582,.T.);
#2206=ORIENTED_EDGE('',*,*,#3580,.F.);
#2207=ORIENTED_EDGE('',*,*,#3583,.T.);
#2208=ORIENTED_EDGE('',*,*,#3584,.T.);
#2209=ORIENTED_EDGE('',*,*,#3584,.F.);
#2210=ORIENTED_EDGE('',*,*,#3585,.T.);
#2211=ORIENTED_EDGE('',*,*,#3583,.F.);
#2212=ORIENTED_EDGE('',*,*,#3586,.T.);
#2213=ORIENTED_EDGE('',*,*,#3587,.T.);
#2214=ORIENTED_EDGE('',*,*,#3587,.F.);
#2215=ORIENTED_EDGE('',*,*,#3588,.T.);
#2216=ORIENTED_EDGE('',*,*,#3586,.F.);
#2217=ORIENTED_EDGE('',*,*,#3589,.T.);
#2218=ORIENTED_EDGE('',*,*,#3590,.T.);
#2219=ORIENTED_EDGE('',*,*,#3590,.F.);
#2220=ORIENTED_EDGE('',*,*,#3591,.T.);
#2221=ORIENTED_EDGE('',*,*,#3589,.F.);
#2222=ORIENTED_EDGE('',*,*,#3592,.T.);
#2223=ORIENTED_EDGE('',*,*,#3593,.T.);
#2224=ORIENTED_EDGE('',*,*,#3593,.F.);
#2225=ORIENTED_EDGE('',*,*,#3594,.T.);
#2226=ORIENTED_EDGE('',*,*,#3592,.F.);
#2227=ORIENTED_EDGE('',*,*,#3595,.T.);
#2228=ORIENTED_EDGE('',*,*,#3596,.T.);
#2229=ORIENTED_EDGE('',*,*,#3596,.F.);
#2230=ORIENTED_EDGE('',*,*,#3597,.T.);
#2231=ORIENTED_EDGE('',*,*,#3595,.F.);
#2232=ORIENTED_EDGE('',*,*,#3598,.F.);
#2233=ORIENTED_EDGE('',*,*,#3339,.F.);
#2234=ORIENTED_EDGE('',*,*,#3599,.F.);
#2235=ORIENTED_EDGE('',*,*,#3247,.F.);
#2236=ORIENTED_EDGE('',*,*,#3599,.T.);
#2237=ORIENTED_EDGE('',*,*,#3338,.F.);
#2238=ORIENTED_EDGE('',*,*,#3600,.F.);
#2239=ORIENTED_EDGE('',*,*,#3250,.F.);
#2240=ORIENTED_EDGE('',*,*,#3598,.T.);
#2241=ORIENTED_EDGE('',*,*,#3239,.F.);
#2242=ORIENTED_EDGE('',*,*,#3601,.F.);
#2243=ORIENTED_EDGE('',*,*,#3340,.F.);
#2244=ORIENTED_EDGE('',*,*,#3600,.T.);
#2245=ORIENTED_EDGE('',*,*,#3337,.F.);
#2246=ORIENTED_EDGE('',*,*,#3602,.F.);
#2247=ORIENTED_EDGE('',*,*,#3258,.F.);
#2248=ORIENTED_EDGE('',*,*,#3601,.T.);
#2249=ORIENTED_EDGE('',*,*,#3332,.F.);
#2250=ORIENTED_EDGE('',*,*,#3603,.F.);
#2251=ORIENTED_EDGE('',*,*,#3341,.F.);
#2252=ORIENTED_EDGE('',*,*,#3602,.T.);
#2253=ORIENTED_EDGE('',*,*,#3336,.F.);
#2254=ORIENTED_EDGE('',*,*,#3604,.F.);
#2255=ORIENTED_EDGE('',*,*,#3261,.F.);
#2256=ORIENTED_EDGE('',*,*,#3603,.T.);
#2257=ORIENTED_EDGE('',*,*,#3272,.F.);
#2258=ORIENTED_EDGE('',*,*,#3605,.F.);
#2259=ORIENTED_EDGE('',*,*,#3334,.F.);
#2260=ORIENTED_EDGE('',*,*,#3604,.T.);
#2261=ORIENTED_EDGE('',*,*,#3335,.F.);
#2262=ORIENTED_EDGE('',*,*,#3605,.T.);
#2263=ORIENTED_EDGE('',*,*,#3269,.F.);
#2264=ORIENTED_EDGE('',*,*,#3509,.T.);
#2265=ORIENTED_EDGE('',*,*,#3285,.T.);
#2266=ORIENTED_EDGE('',*,*,#3288,.T.);
#2267=ORIENTED_EDGE('',*,*,#3322,.F.);
#2268=ORIENTED_EDGE('',*,*,#3281,.F.);
#2269=ORIENTED_EDGE('',*,*,#3507,.T.);
#2270=ORIENTED_EDGE('',*,*,#3313,.T.);
#2271=ORIENTED_EDGE('',*,*,#3317,.T.);
#2272=ORIENTED_EDGE('',*,*,#3320,.F.);
#2273=ORIENTED_EDGE('',*,*,#3330,.F.);
#2274=ORIENTED_EDGE('',*,*,#3505,.T.);
#2275=ORIENTED_EDGE('',*,*,#3324,.T.);
#2276=ORIENTED_EDGE('',*,*,#3291,.T.);
#2277=ORIENTED_EDGE('',*,*,#3295,.F.);
#2278=ORIENTED_EDGE('',*,*,#3298,.F.);
#2279=ORIENTED_EDGE('',*,*,#3306,.T.);
#2280=ORIENTED_EDGE('',*,*,#3309,.T.);
#2281=ORIENTED_EDGE('',*,*,#3328,.F.);
#2282=ORIENTED_EDGE('',*,*,#3606,.F.);
#2283=ORIENTED_EDGE('',*,*,#3607,.T.);
#2284=ORIENTED_EDGE('',*,*,#3301,.T.);
#2285=ORIENTED_EDGE('',*,*,#3606,.T.);
#2286=ORIENTED_EDGE('',*,*,#3327,.F.);
#2287=ORIENTED_EDGE('',*,*,#3608,.F.);
#2288=ORIENTED_EDGE('',*,*,#3609,.T.);
#2289=ORIENTED_EDGE('',*,*,#3607,.F.);
#2290=ORIENTED_EDGE('',*,*,#3609,.F.);
#2291=ORIENTED_EDGE('',*,*,#3610,.T.);
#2292=ORIENTED_EDGE('',*,*,#3302,.T.);
#2293=ORIENTED_EDGE('',*,*,#3503,.T.);
#2294=ORIENTED_EDGE('',*,*,#3608,.T.);
#2295=ORIENTED_EDGE('',*,*,#3326,.T.);
#2296=ORIENTED_EDGE('',*,*,#3303,.F.);
#2297=ORIENTED_EDGE('',*,*,#3610,.F.);
#2298=ORIENTED_EDGE('',*,*,#3514,.F.);
#2299=ORIENTED_EDGE('',*,*,#3597,.F.);
#2300=ORIENTED_EDGE('',*,*,#3515,.F.);
#2301=ORIENTED_EDGE('',*,*,#3594,.F.);
#2302=ORIENTED_EDGE('',*,*,#3516,.F.);
#2303=ORIENTED_EDGE('',*,*,#3591,.F.);
#2304=ORIENTED_EDGE('',*,*,#3517,.F.);
#2305=ORIENTED_EDGE('',*,*,#3588,.F.);
#2306=ORIENTED_EDGE('',*,*,#3518,.F.);
#2307=ORIENTED_EDGE('',*,*,#3585,.F.);
#2308=ORIENTED_EDGE('',*,*,#3519,.F.);
#2309=ORIENTED_EDGE('',*,*,#3582,.F.);
#2310=ORIENTED_EDGE('',*,*,#3520,.F.);
#2311=ORIENTED_EDGE('',*,*,#3579,.F.);
#2312=ORIENTED_EDGE('',*,*,#3521,.F.);
#2313=ORIENTED_EDGE('',*,*,#3576,.F.);
#2314=ORIENTED_EDGE('',*,*,#3611,.F.);
#2315=ORIENTED_EDGE('',*,*,#3612,.F.);
#2316=ORIENTED_EDGE('',*,*,#3613,.T.);
#2317=ORIENTED_EDGE('',*,*,#3614,.T.);
#2318=ORIENTED_EDGE('',*,*,#3615,.T.);
#2319=ORIENTED_EDGE('',*,*,#3616,.F.);
#2320=ORIENTED_EDGE('',*,*,#3617,.F.);
#2321=ORIENTED_EDGE('',*,*,#3612,.T.);
#2322=ORIENTED_EDGE('',*,*,#3618,.T.);
#2323=ORIENTED_EDGE('',*,*,#3619,.F.);
#2324=ORIENTED_EDGE('',*,*,#3620,.F.);
#2325=ORIENTED_EDGE('',*,*,#3616,.T.);
#2326=ORIENTED_EDGE('',*,*,#3621,.T.);
#2327=ORIENTED_EDGE('',*,*,#3622,.T.);
#2328=ORIENTED_EDGE('',*,*,#3623,.F.);
#2329=ORIENTED_EDGE('',*,*,#3624,.T.);
#2330=ORIENTED_EDGE('',*,*,#3625,.F.);
#2331=ORIENTED_EDGE('',*,*,#3626,.T.);
#2332=ORIENTED_EDGE('',*,*,#3627,.T.);
#2333=ORIENTED_EDGE('',*,*,#3628,.T.);
#2334=ORIENTED_EDGE('',*,*,#3629,.T.);
#2335=ORIENTED_EDGE('',*,*,#3630,.T.);
#2336=ORIENTED_EDGE('',*,*,#3631,.F.);
#2337=ORIENTED_EDGE('',*,*,#3632,.T.);
#2338=ORIENTED_EDGE('',*,*,#3633,.T.);
#2339=ORIENTED_EDGE('',*,*,#3634,.F.);
#2340=ORIENTED_EDGE('',*,*,#3635,.T.);
#2341=ORIENTED_EDGE('',*,*,#3636,.F.);
#2342=ORIENTED_EDGE('',*,*,#3637,.T.);
#2343=ORIENTED_EDGE('',*,*,#3638,.F.);
#2344=ORIENTED_EDGE('',*,*,#3639,.F.);
#2345=ORIENTED_EDGE('',*,*,#3614,.F.);
#2346=ORIENTED_EDGE('',*,*,#3640,.T.);
#2347=ORIENTED_EDGE('',*,*,#3619,.T.);
#2348=ORIENTED_EDGE('',*,*,#3641,.T.);
#2349=ORIENTED_EDGE('',*,*,#3642,.T.);
#2350=ORIENTED_EDGE('',*,*,#3643,.F.);
#2351=ORIENTED_EDGE('',*,*,#3644,.T.);
#2352=ORIENTED_EDGE('',*,*,#3645,.T.);
#2353=ORIENTED_EDGE('',*,*,#3646,.F.);
#2354=ORIENTED_EDGE('',*,*,#3627,.F.);
#2355=ORIENTED_EDGE('',*,*,#3647,.T.);
#2356=ORIENTED_EDGE('',*,*,#3629,.F.);
#2357=ORIENTED_EDGE('',*,*,#3648,.T.);
#2358=ORIENTED_EDGE('',*,*,#3641,.F.);
#2359=ORIENTED_EDGE('',*,*,#3649,.T.);
#2360=ORIENTED_EDGE('',*,*,#3621,.F.);
#2361=ORIENTED_EDGE('',*,*,#3650,.T.);
#2362=ORIENTED_EDGE('',*,*,#3613,.F.);
#2363=ORIENTED_EDGE('',*,*,#3617,.T.);
#2364=ORIENTED_EDGE('',*,*,#3620,.T.);
#2365=ORIENTED_EDGE('',*,*,#3640,.F.);
#2366=ORIENTED_EDGE('',*,*,#3637,.F.);
#2367=ORIENTED_EDGE('',*,*,#3635,.F.);
#2368=ORIENTED_EDGE('',*,*,#3633,.F.);
#2369=ORIENTED_EDGE('',*,*,#3645,.F.);
#2370=ORIENTED_EDGE('',*,*,#3631,.T.);
#2371=ORIENTED_EDGE('',*,*,#3651,.T.);
#2372=ORIENTED_EDGE('',*,*,#3625,.T.);
#2373=ORIENTED_EDGE('',*,*,#3652,.T.);
#2374=ORIENTED_EDGE('',*,*,#3623,.T.);
#2375=ORIENTED_EDGE('',*,*,#3653,.T.);
#2376=ORIENTED_EDGE('',*,*,#3643,.T.);
#2377=ORIENTED_EDGE('',*,*,#3654,.T.);
#2378=ORIENTED_EDGE('',*,*,#3611,.T.);
#2379=ORIENTED_EDGE('',*,*,#3639,.T.);
#2380=ORIENTED_EDGE('',*,*,#3618,.F.);
#2381=ORIENTED_EDGE('',*,*,#3615,.F.);
#2382=ORIENTED_EDGE('',*,*,#3638,.T.);
#2383=ORIENTED_EDGE('',*,*,#3636,.T.);
#2384=ORIENTED_EDGE('',*,*,#3634,.T.);
#2385=ORIENTED_EDGE('',*,*,#3646,.T.);
#2386=ORIENTED_EDGE('',*,*,#3647,.F.);
#2387=ORIENTED_EDGE('',*,*,#3626,.F.);
#2388=ORIENTED_EDGE('',*,*,#3651,.F.);
#2389=ORIENTED_EDGE('',*,*,#3630,.F.);
#2390=ORIENTED_EDGE('',*,*,#3648,.F.);
#2391=ORIENTED_EDGE('',*,*,#3632,.F.);
#2392=ORIENTED_EDGE('',*,*,#3654,.F.);
#2393=ORIENTED_EDGE('',*,*,#3642,.F.);
#2394=ORIENTED_EDGE('',*,*,#3649,.F.);
#2395=ORIENTED_EDGE('',*,*,#3644,.F.);
#2396=ORIENTED_EDGE('',*,*,#3653,.F.);
#2397=ORIENTED_EDGE('',*,*,#3622,.F.);
#2398=ORIENTED_EDGE('',*,*,#3650,.F.);
#2399=ORIENTED_EDGE('',*,*,#3624,.F.);
#2400=ORIENTED_EDGE('',*,*,#3652,.F.);
#2401=ORIENTED_EDGE('',*,*,#3628,.F.);
#2402=ORIENTED_EDGE('',*,*,#3655,.T.);
#2403=ORIENTED_EDGE('',*,*,#3656,.T.);
#2404=ORIENTED_EDGE('',*,*,#3657,.F.);
#2405=ORIENTED_EDGE('',*,*,#3658,.T.);
#2406=ORIENTED_EDGE('',*,*,#3659,.T.);
#2407=ORIENTED_EDGE('',*,*,#3660,.T.);
#2408=ORIENTED_EDGE('',*,*,#3661,.F.);
#2409=ORIENTED_EDGE('',*,*,#3662,.T.);
#2410=ORIENTED_EDGE('',*,*,#3663,.T.);
#2411=ORIENTED_EDGE('',*,*,#3664,.T.);
#2412=ORIENTED_EDGE('',*,*,#3665,.F.);
#2413=ORIENTED_EDGE('',*,*,#3666,.T.);
#2414=ORIENTED_EDGE('',*,*,#3667,.T.);
#2415=ORIENTED_EDGE('',*,*,#3668,.T.);
#2416=ORIENTED_EDGE('',*,*,#3669,.F.);
#2417=ORIENTED_EDGE('',*,*,#3670,.T.);
#2418=ORIENTED_EDGE('',*,*,#3665,.T.);
#2419=ORIENTED_EDGE('',*,*,#3671,.T.);
#2420=ORIENTED_EDGE('',*,*,#3667,.F.);
#2421=ORIENTED_EDGE('',*,*,#3672,.T.);
#2422=ORIENTED_EDGE('',*,*,#3655,.F.);
#2423=ORIENTED_EDGE('',*,*,#3673,.T.);
#2424=ORIENTED_EDGE('',*,*,#3661,.T.);
#2425=ORIENTED_EDGE('',*,*,#3674,.T.);
#2426=ORIENTED_EDGE('',*,*,#3669,.T.);
#2427=ORIENTED_EDGE('',*,*,#3675,.T.);
#2428=ORIENTED_EDGE('',*,*,#3663,.F.);
#2429=ORIENTED_EDGE('',*,*,#3676,.T.);
#2430=ORIENTED_EDGE('',*,*,#3659,.F.);
#2431=ORIENTED_EDGE('',*,*,#3677,.T.);
#2432=ORIENTED_EDGE('',*,*,#3657,.T.);
#2433=ORIENTED_EDGE('',*,*,#3678,.T.);
#2434=ORIENTED_EDGE('',*,*,#3671,.F.);
#2435=ORIENTED_EDGE('',*,*,#3664,.F.);
#2436=ORIENTED_EDGE('',*,*,#3675,.F.);
#2437=ORIENTED_EDGE('',*,*,#3668,.F.);
#2438=ORIENTED_EDGE('',*,*,#3674,.F.);
#2439=ORIENTED_EDGE('',*,*,#3660,.F.);
#2440=ORIENTED_EDGE('',*,*,#3676,.F.);
#2441=ORIENTED_EDGE('',*,*,#3666,.F.);
#2442=ORIENTED_EDGE('',*,*,#3672,.F.);
#2443=ORIENTED_EDGE('',*,*,#3670,.F.);
#2444=ORIENTED_EDGE('',*,*,#3678,.F.);
#2445=ORIENTED_EDGE('',*,*,#3656,.F.);
#2446=ORIENTED_EDGE('',*,*,#3673,.F.);
#2447=ORIENTED_EDGE('',*,*,#3658,.F.);
#2448=ORIENTED_EDGE('',*,*,#3677,.F.);
#2449=ORIENTED_EDGE('',*,*,#3662,.F.);
#2450=ORIENTED_EDGE('',*,*,#3679,.T.);
#2451=ORIENTED_EDGE('',*,*,#3680,.T.);
#2452=ORIENTED_EDGE('',*,*,#3681,.F.);
#2453=ORIENTED_EDGE('',*,*,#3682,.T.);
#2454=ORIENTED_EDGE('',*,*,#3683,.T.);
#2455=ORIENTED_EDGE('',*,*,#3684,.T.);
#2456=ORIENTED_EDGE('',*,*,#3685,.T.);
#2457=ORIENTED_EDGE('',*,*,#3686,.T.);
#2458=ORIENTED_EDGE('',*,*,#3687,.T.);
#2459=ORIENTED_EDGE('',*,*,#3688,.T.);
#2460=ORIENTED_EDGE('',*,*,#3689,.T.);
#2461=ORIENTED_EDGE('',*,*,#3690,.T.);
#2462=ORIENTED_EDGE('',*,*,#3691,.T.);
#2463=ORIENTED_EDGE('',*,*,#3692,.F.);
#2464=ORIENTED_EDGE('',*,*,#3693,.T.);
#2465=ORIENTED_EDGE('',*,*,#3694,.T.);
#2466=ORIENTED_EDGE('',*,*,#3695,.F.);
#2467=ORIENTED_EDGE('',*,*,#3696,.T.);
#2468=ORIENTED_EDGE('',*,*,#3697,.T.);
#2469=ORIENTED_EDGE('',*,*,#3698,.T.);
#2470=ORIENTED_EDGE('',*,*,#3699,.T.);
#2471=ORIENTED_EDGE('',*,*,#3700,.T.);
#2472=ORIENTED_EDGE('',*,*,#3701,.T.);
#2473=ORIENTED_EDGE('',*,*,#3702,.T.);
#2474=ORIENTED_EDGE('',*,*,#3703,.T.);
#2475=ORIENTED_EDGE('',*,*,#3704,.T.);
#2476=ORIENTED_EDGE('',*,*,#3691,.F.);
#2477=ORIENTED_EDGE('',*,*,#3692,.T.);
#2478=ORIENTED_EDGE('',*,*,#3695,.T.);
#2479=ORIENTED_EDGE('',*,*,#3705,.T.);
#2480=ORIENTED_EDGE('',*,*,#3687,.F.);
#2481=ORIENTED_EDGE('',*,*,#3706,.T.);
#2482=ORIENTED_EDGE('',*,*,#3683,.F.);
#2483=ORIENTED_EDGE('',*,*,#3707,.T.);
#2484=ORIENTED_EDGE('',*,*,#3681,.T.);
#2485=ORIENTED_EDGE('',*,*,#3708,.T.);
#2486=ORIENTED_EDGE('',*,*,#3685,.F.);
#2487=ORIENTED_EDGE('',*,*,#3709,.T.);
#2488=ORIENTED_EDGE('',*,*,#3703,.F.);
#2489=ORIENTED_EDGE('',*,*,#3710,.T.);
#2490=ORIENTED_EDGE('',*,*,#3701,.F.);
#2491=ORIENTED_EDGE('',*,*,#3711,.T.);
#2492=ORIENTED_EDGE('',*,*,#3679,.F.);
#2493=ORIENTED_EDGE('',*,*,#3712,.T.);
#2494=ORIENTED_EDGE('',*,*,#3689,.F.);
#2495=ORIENTED_EDGE('',*,*,#3713,.T.);
#2496=ORIENTED_EDGE('',*,*,#3697,.F.);
#2497=ORIENTED_EDGE('',*,*,#3714,.T.);
#2498=ORIENTED_EDGE('',*,*,#3699,.F.);
#2499=ORIENTED_EDGE('',*,*,#3715,.T.);
#2500=ORIENTED_EDGE('',*,*,#3693,.F.);
#2501=ORIENTED_EDGE('',*,*,#3716,.T.);
#2502=ORIENTED_EDGE('',*,*,#3713,.F.);
#2503=ORIENTED_EDGE('',*,*,#3688,.F.);
#2504=ORIENTED_EDGE('',*,*,#3705,.F.);
#2505=ORIENTED_EDGE('',*,*,#3694,.F.);
#2506=ORIENTED_EDGE('',*,*,#3715,.F.);
#2507=ORIENTED_EDGE('',*,*,#3698,.F.);
#2508=ORIENTED_EDGE('',*,*,#3709,.F.);
#2509=ORIENTED_EDGE('',*,*,#3684,.F.);
#2510=ORIENTED_EDGE('',*,*,#3706,.F.);
#2511=ORIENTED_EDGE('',*,*,#3690,.F.);
#2512=ORIENTED_EDGE('',*,*,#3714,.F.);
#2513=ORIENTED_EDGE('',*,*,#3704,.F.);
#2514=ORIENTED_EDGE('',*,*,#3716,.F.);
#2515=ORIENTED_EDGE('',*,*,#3696,.F.);
#2516=ORIENTED_EDGE('',*,*,#3708,.F.);
#2517=ORIENTED_EDGE('',*,*,#3680,.F.);
#2518=ORIENTED_EDGE('',*,*,#3711,.F.);
#2519=ORIENTED_EDGE('',*,*,#3700,.F.);
#2520=ORIENTED_EDGE('',*,*,#3712,.F.);
#2521=ORIENTED_EDGE('',*,*,#3682,.F.);
#2522=ORIENTED_EDGE('',*,*,#3707,.F.);
#2523=ORIENTED_EDGE('',*,*,#3686,.F.);
#2524=ORIENTED_EDGE('',*,*,#3710,.F.);
#2525=ORIENTED_EDGE('',*,*,#3702,.F.);
#2526=EDGE_CURVE('',#3717,#3718,#4525,.T.);
#2527=EDGE_CURVE('',#3718,#3719,#4526,.T.);
#2528=EDGE_CURVE('',#3720,#3719,#4527,.T.);
#2529=EDGE_CURVE('',#3720,#3717,#4528,.T.);
#2530=EDGE_CURVE('',#3721,#3722,#4529,.T.);
#2531=EDGE_CURVE('',#3722,#3723,#4530,.T.);
#2532=EDGE_CURVE('',#3724,#3723,#4531,.T.);
#2533=EDGE_CURVE('',#3724,#3721,#4532,.T.);
#2534=EDGE_CURVE('',#3725,#3726,#4533,.T.);
#2535=EDGE_CURVE('',#3726,#3727,#4534,.T.);
#2536=EDGE_CURVE('',#3728,#3727,#4535,.T.);
#2537=EDGE_CURVE('',#3728,#3725,#4536,.T.);
#2538=EDGE_CURVE('',#3729,#3730,#4537,.T.);
#2539=EDGE_CURVE('',#3731,#3729,#4538,.T.);
#2540=EDGE_CURVE('',#3731,#3732,#4539,.T.);
#2541=EDGE_CURVE('',#3732,#3730,#4540,.T.);
#2542=EDGE_CURVE('',#3733,#3729,#4541,.T.);
#2543=EDGE_CURVE('',#3734,#3733,#4542,.T.);
#2544=EDGE_CURVE('',#3734,#3731,#4543,.T.);
#2545=EDGE_CURVE('',#3735,#3733,#4544,.T.);
#2546=EDGE_CURVE('',#3736,#3735,#4545,.T.);
#2547=EDGE_CURVE('',#3736,#3734,#4546,.T.);
#2548=EDGE_CURVE('',#3737,#3735,#4547,.T.);
#2549=EDGE_CURVE('',#3738,#3737,#4548,.T.);
#2550=EDGE_CURVE('',#3738,#3736,#4549,.T.);
#2551=EDGE_CURVE('',#3739,#3737,#4550,.T.);
#2552=EDGE_CURVE('',#3740,#3739,#4551,.T.);
#2553=EDGE_CURVE('',#3740,#3738,#4552,.T.);
#2554=EDGE_CURVE('',#3741,#3742,#4553,.T.);
#2555=EDGE_CURVE('',#3743,#3741,#4554,.T.);
#2556=EDGE_CURVE('',#3743,#3744,#4555,.T.);
#2557=EDGE_CURVE('',#3744,#3742,#4556,.T.);
#2558=EDGE_CURVE('',#3745,#3741,#4557,.T.);
#2559=EDGE_CURVE('',#3746,#3745,#4558,.T.);
#2560=EDGE_CURVE('',#3746,#3743,#4559,.T.);
#2561=EDGE_CURVE('',#3747,#3745,#4560,.T.);
#2562=EDGE_CURVE('',#3748,#3747,#4561,.T.);
#2563=EDGE_CURVE('',#3748,#3746,#4562,.T.);
#2564=EDGE_CURVE('',#3749,#3747,#4563,.T.);
#2565=EDGE_CURVE('',#3750,#3749,#4564,.T.);
#2566=EDGE_CURVE('',#3750,#3748,#4565,.T.);
#2567=EDGE_CURVE('',#3751,#3749,#4566,.T.);
#2568=EDGE_CURVE('',#3752,#3751,#4567,.T.);
#2569=EDGE_CURVE('',#3752,#3750,#4568,.T.);
#2570=EDGE_CURVE('',#3753,#3754,#4569,.T.);
#2571=EDGE_CURVE('',#3755,#3753,#4570,.T.);
#2572=EDGE_CURVE('',#3755,#3756,#4571,.T.);
#2573=EDGE_CURVE('',#3756,#3754,#4572,.T.);
#2574=EDGE_CURVE('',#3757,#3753,#4573,.T.);
#2575=EDGE_CURVE('',#3758,#3757,#4574,.T.);
#2576=EDGE_CURVE('',#3758,#3755,#4575,.T.);
#2577=EDGE_CURVE('',#3759,#3757,#4576,.T.);
#2578=EDGE_CURVE('',#3760,#3759,#4577,.T.);
#2579=EDGE_CURVE('',#3760,#3758,#4578,.T.);
#2580=EDGE_CURVE('',#3761,#3759,#4579,.T.);
#2581=EDGE_CURVE('',#3762,#3761,#4580,.T.);
#2582=EDGE_CURVE('',#3762,#3760,#4581,.T.);
#2583=EDGE_CURVE('',#3763,#3761,#4582,.T.);
#2584=EDGE_CURVE('',#3764,#3763,#4583,.T.);
#2585=EDGE_CURVE('',#3764,#3762,#4584,.T.);
#2586=EDGE_CURVE('',#3765,#3766,#4585,.T.);
#2587=EDGE_CURVE('',#3767,#3765,#4586,.T.);
#2588=EDGE_CURVE('',#3767,#3768,#4587,.T.);
#2589=EDGE_CURVE('',#3768,#3766,#4588,.T.);
#2590=EDGE_CURVE('',#3769,#3765,#4589,.T.);
#2591=EDGE_CURVE('',#3770,#3769,#4590,.T.);
#2592=EDGE_CURVE('',#3770,#3767,#4591,.T.);
#2593=EDGE_CURVE('',#3771,#3769,#4592,.T.);
#2594=EDGE_CURVE('',#3772,#3771,#4593,.T.);
#2595=EDGE_CURVE('',#3772,#3770,#4594,.T.);
#2596=EDGE_CURVE('',#3773,#3771,#4595,.T.);
#2597=EDGE_CURVE('',#3774,#3773,#4596,.T.);
#2598=EDGE_CURVE('',#3774,#3772,#4597,.T.);
#2599=EDGE_CURVE('',#3775,#3773,#4598,.T.);
#2600=EDGE_CURVE('',#3776,#3775,#4599,.T.);
#2601=EDGE_CURVE('',#3776,#3774,#4600,.T.);
#2602=EDGE_CURVE('',#3777,#3778,#4601,.T.);
#2603=EDGE_CURVE('',#3779,#3777,#4602,.T.);
#2604=EDGE_CURVE('',#3779,#3780,#4603,.T.);
#2605=EDGE_CURVE('',#3780,#3778,#4604,.T.);
#2606=EDGE_CURVE('',#3781,#3777,#4605,.T.);
#2607=EDGE_CURVE('',#3782,#3781,#4606,.T.);
#2608=EDGE_CURVE('',#3782,#3779,#4607,.T.);
#2609=EDGE_CURVE('',#3783,#3781,#4608,.T.);
#2610=EDGE_CURVE('',#3784,#3783,#4609,.T.);
#2611=EDGE_CURVE('',#3784,#3782,#4610,.T.);
#2612=EDGE_CURVE('',#3785,#3783,#4611,.T.);
#2613=EDGE_CURVE('',#3786,#3785,#4612,.T.);
#2614=EDGE_CURVE('',#3786,#3784,#4613,.T.);
#2615=EDGE_CURVE('',#3787,#3785,#4614,.T.);
#2616=EDGE_CURVE('',#3788,#3787,#4615,.T.);
#2617=EDGE_CURVE('',#3788,#3786,#4616,.T.);
#2618=EDGE_CURVE('',#3789,#3790,#4617,.T.);
#2619=EDGE_CURVE('',#3791,#3789,#4618,.T.);
#2620=EDGE_CURVE('',#3791,#3792,#4619,.T.);
#2621=EDGE_CURVE('',#3792,#3790,#4620,.T.);
#2622=EDGE_CURVE('',#3793,#3789,#4621,.T.);
#2623=EDGE_CURVE('',#3794,#3793,#4622,.T.);
#2624=EDGE_CURVE('',#3794,#3791,#4623,.T.);
#2625=EDGE_CURVE('',#3795,#3793,#4624,.T.);
#2626=EDGE_CURVE('',#3796,#3795,#4625,.T.);
#2627=EDGE_CURVE('',#3796,#3794,#4626,.T.);
#2628=EDGE_CURVE('',#3797,#3795,#4627,.T.);
#2629=EDGE_CURVE('',#3798,#3797,#4628,.T.);
#2630=EDGE_CURVE('',#3798,#3796,#4629,.T.);
#2631=EDGE_CURVE('',#3799,#3797,#4630,.T.);
#2632=EDGE_CURVE('',#3800,#3799,#4631,.T.);
#2633=EDGE_CURVE('',#3800,#3798,#4632,.T.);
#2634=EDGE_CURVE('',#3801,#3802,#4633,.T.);
#2635=EDGE_CURVE('',#3803,#3801,#4634,.T.);
#2636=EDGE_CURVE('',#3803,#3804,#4635,.T.);
#2637=EDGE_CURVE('',#3804,#3802,#4636,.T.);
#2638=EDGE_CURVE('',#3805,#3801,#4637,.T.);
#2639=EDGE_CURVE('',#3806,#3805,#4638,.T.);
#2640=EDGE_CURVE('',#3806,#3803,#4639,.T.);
#2641=EDGE_CURVE('',#3807,#3805,#4640,.T.);
#2642=EDGE_CURVE('',#3808,#3807,#4641,.T.);
#2643=EDGE_CURVE('',#3808,#3806,#4642,.T.);
#2644=EDGE_CURVE('',#3809,#3807,#4643,.T.);
#2645=EDGE_CURVE('',#3810,#3809,#4644,.T.);
#2646=EDGE_CURVE('',#3810,#3808,#4645,.T.);
#2647=EDGE_CURVE('',#3811,#3809,#4646,.T.);
#2648=EDGE_CURVE('',#3812,#3811,#4647,.T.);
#2649=EDGE_CURVE('',#3812,#3810,#4648,.T.);
#2650=EDGE_CURVE('',#3813,#3814,#4649,.T.);
#2651=EDGE_CURVE('',#3815,#3813,#4650,.T.);
#2652=EDGE_CURVE('',#3815,#3816,#4651,.T.);
#2653=EDGE_CURVE('',#3816,#3814,#4652,.T.);
#2654=EDGE_CURVE('',#3817,#3813,#4653,.T.);
#2655=EDGE_CURVE('',#3818,#3817,#4654,.T.);
#2656=EDGE_CURVE('',#3818,#3815,#4655,.T.);
#2657=EDGE_CURVE('',#3819,#3817,#4656,.T.);
#2658=EDGE_CURVE('',#3820,#3819,#4657,.T.);
#2659=EDGE_CURVE('',#3820,#3818,#4658,.T.);
#2660=EDGE_CURVE('',#3821,#3819,#4659,.T.);
#2661=EDGE_CURVE('',#3822,#3821,#4660,.T.);
#2662=EDGE_CURVE('',#3822,#3820,#4661,.T.);
#2663=EDGE_CURVE('',#3823,#3821,#4662,.T.);
#2664=EDGE_CURVE('',#3824,#3823,#4663,.T.);
#2665=EDGE_CURVE('',#3824,#3822,#4664,.T.);
#2666=EDGE_CURVE('',#3825,#3826,#4665,.T.);
#2667=EDGE_CURVE('',#3827,#3825,#4666,.T.);
#2668=EDGE_CURVE('',#3827,#3828,#4667,.T.);
#2669=EDGE_CURVE('',#3828,#3826,#4668,.T.);
#2670=EDGE_CURVE('',#3829,#3825,#4669,.T.);
#2671=EDGE_CURVE('',#3830,#3829,#4670,.T.);
#2672=EDGE_CURVE('',#3830,#3827,#4671,.T.);
#2673=EDGE_CURVE('',#3831,#3829,#4672,.T.);
#2674=EDGE_CURVE('',#3832,#3831,#4673,.T.);
#2675=EDGE_CURVE('',#3832,#3830,#4674,.T.);
#2676=EDGE_CURVE('',#3833,#3831,#4675,.T.);
#2677=EDGE_CURVE('',#3834,#3833,#4676,.T.);
#2678=EDGE_CURVE('',#3834,#3832,#4677,.T.);
#2679=EDGE_CURVE('',#3835,#3833,#4678,.T.);
#2680=EDGE_CURVE('',#3836,#3835,#4679,.T.);
#2681=EDGE_CURVE('',#3836,#3834,#4680,.T.);
#2682=EDGE_CURVE('',#3837,#3838,#4681,.T.);
#2683=EDGE_CURVE('',#3839,#3837,#4682,.T.);
#2684=EDGE_CURVE('',#3839,#3840,#4683,.T.);
#2685=EDGE_CURVE('',#3840,#3838,#4684,.T.);
#2686=EDGE_CURVE('',#3841,#3837,#4685,.T.);
#2687=EDGE_CURVE('',#3842,#3841,#4686,.T.);
#2688=EDGE_CURVE('',#3842,#3839,#4687,.T.);
#2689=EDGE_CURVE('',#3843,#3841,#4688,.T.);
#2690=EDGE_CURVE('',#3844,#3843,#4689,.T.);
#2691=EDGE_CURVE('',#3844,#3842,#4690,.T.);
#2692=EDGE_CURVE('',#3845,#3843,#4691,.T.);
#2693=EDGE_CURVE('',#3846,#3845,#4692,.T.);
#2694=EDGE_CURVE('',#3846,#3844,#4693,.T.);
#2695=EDGE_CURVE('',#3847,#3845,#4694,.T.);
#2696=EDGE_CURVE('',#3848,#3847,#4695,.T.);
#2697=EDGE_CURVE('',#3848,#3846,#4696,.T.);
#2698=EDGE_CURVE('',#3849,#3850,#4697,.T.);
#2699=EDGE_CURVE('',#3851,#3849,#4698,.T.);
#2700=EDGE_CURVE('',#3851,#3852,#4699,.T.);
#2701=EDGE_CURVE('',#3852,#3850,#4700,.T.);
#2702=EDGE_CURVE('',#3853,#3849,#4701,.T.);
#2703=EDGE_CURVE('',#3854,#3853,#4702,.T.);
#2704=EDGE_CURVE('',#3854,#3851,#4703,.T.);
#2705=EDGE_CURVE('',#3855,#3853,#4704,.T.);
#2706=EDGE_CURVE('',#3856,#3855,#4705,.T.);
#2707=EDGE_CURVE('',#3856,#3854,#4706,.T.);
#2708=EDGE_CURVE('',#3857,#3855,#4707,.T.);
#2709=EDGE_CURVE('',#3858,#3857,#4708,.T.);
#2710=EDGE_CURVE('',#3858,#3856,#4709,.T.);
#2711=EDGE_CURVE('',#3859,#3857,#4710,.T.);
#2712=EDGE_CURVE('',#3860,#3859,#4711,.T.);
#2713=EDGE_CURVE('',#3860,#3858,#4712,.T.);
#2714=EDGE_CURVE('',#3861,#3862,#4713,.T.);
#2715=EDGE_CURVE('',#3863,#3861,#4714,.T.);
#2716=EDGE_CURVE('',#3863,#3864,#4715,.T.);
#2717=EDGE_CURVE('',#3864,#3862,#4716,.T.);
#2718=EDGE_CURVE('',#3865,#3861,#4717,.T.);
#2719=EDGE_CURVE('',#3866,#3865,#4718,.T.);
#2720=EDGE_CURVE('',#3866,#3863,#4719,.T.);
#2721=EDGE_CURVE('',#3867,#3865,#4720,.T.);
#2722=EDGE_CURVE('',#3868,#3867,#4721,.T.);
#2723=EDGE_CURVE('',#3868,#3866,#4722,.T.);
#2724=EDGE_CURVE('',#3869,#3867,#4723,.T.);
#2725=EDGE_CURVE('',#3870,#3869,#4724,.T.);
#2726=EDGE_CURVE('',#3870,#3868,#4725,.T.);
#2727=EDGE_CURVE('',#3871,#3869,#4726,.T.);
#2728=EDGE_CURVE('',#3872,#3871,#4727,.T.);
#2729=EDGE_CURVE('',#3872,#3870,#4728,.T.);
#2730=EDGE_CURVE('',#3873,#3874,#4729,.T.);
#2731=EDGE_CURVE('',#3875,#3873,#4730,.T.);
#2732=EDGE_CURVE('',#3875,#3876,#4731,.T.);
#2733=EDGE_CURVE('',#3876,#3874,#4732,.T.);
#2734=EDGE_CURVE('',#3877,#3873,#4733,.T.);
#2735=EDGE_CURVE('',#3878,#3877,#4734,.T.);
#2736=EDGE_CURVE('',#3878,#3875,#4735,.T.);
#2737=EDGE_CURVE('',#3879,#3877,#4736,.T.);
#2738=EDGE_CURVE('',#3880,#3879,#4737,.T.);
#2739=EDGE_CURVE('',#3880,#3878,#4738,.T.);
#2740=EDGE_CURVE('',#3881,#3879,#4739,.T.);
#2741=EDGE_CURVE('',#3882,#3881,#4740,.T.);
#2742=EDGE_CURVE('',#3882,#3880,#4741,.T.);
#2743=EDGE_CURVE('',#3883,#3881,#4742,.T.);
#2744=EDGE_CURVE('',#3884,#3883,#4743,.T.);
#2745=EDGE_CURVE('',#3884,#3882,#4744,.T.);
#2746=EDGE_CURVE('',#3885,#3886,#4745,.T.);
#2747=EDGE_CURVE('',#3887,#3885,#4746,.T.);
#2748=EDGE_CURVE('',#3887,#3888,#4747,.T.);
#2749=EDGE_CURVE('',#3888,#3886,#4748,.T.);
#2750=EDGE_CURVE('',#3889,#3885,#4749,.T.);
#2751=EDGE_CURVE('',#3890,#3889,#4750,.T.);
#2752=EDGE_CURVE('',#3890,#3887,#4751,.T.);
#2753=EDGE_CURVE('',#3891,#3889,#4752,.T.);
#2754=EDGE_CURVE('',#3892,#3891,#4753,.T.);
#2755=EDGE_CURVE('',#3892,#3890,#4754,.T.);
#2756=EDGE_CURVE('',#3893,#3891,#4755,.T.);
#2757=EDGE_CURVE('',#3894,#3893,#4756,.T.);
#2758=EDGE_CURVE('',#3894,#3892,#4757,.T.);
#2759=EDGE_CURVE('',#3895,#3893,#4758,.T.);
#2760=EDGE_CURVE('',#3896,#3895,#4759,.T.);
#2761=EDGE_CURVE('',#3896,#3894,#4760,.T.);
#2762=EDGE_CURVE('',#3897,#3898,#4761,.T.);
#2763=EDGE_CURVE('',#3899,#3897,#4762,.T.);
#2764=EDGE_CURVE('',#3899,#3900,#4763,.T.);
#2765=EDGE_CURVE('',#3900,#3898,#4764,.T.);
#2766=EDGE_CURVE('',#3901,#3897,#4765,.T.);
#2767=EDGE_CURVE('',#3902,#3901,#4766,.T.);
#2768=EDGE_CURVE('',#3902,#3899,#4767,.T.);
#2769=EDGE_CURVE('',#3903,#3901,#4768,.T.);
#2770=EDGE_CURVE('',#3904,#3903,#4769,.T.);
#2771=EDGE_CURVE('',#3904,#3902,#4770,.T.);
#2772=EDGE_CURVE('',#3905,#3903,#4771,.T.);
#2773=EDGE_CURVE('',#3906,#3905,#4772,.T.);
#2774=EDGE_CURVE('',#3906,#3904,#4773,.T.);
#2775=EDGE_CURVE('',#3907,#3905,#4774,.T.);
#2776=EDGE_CURVE('',#3908,#3907,#4775,.T.);
#2777=EDGE_CURVE('',#3908,#3906,#4776,.T.);
#2778=EDGE_CURVE('',#3909,#3910,#4777,.T.);
#2779=EDGE_CURVE('',#3911,#3909,#4778,.T.);
#2780=EDGE_CURVE('',#3911,#3912,#4779,.T.);
#2781=EDGE_CURVE('',#3912,#3910,#4780,.T.);
#2782=EDGE_CURVE('',#3913,#3909,#4781,.T.);
#2783=EDGE_CURVE('',#3914,#3913,#4782,.T.);
#2784=EDGE_CURVE('',#3914,#3911,#4783,.T.);
#2785=EDGE_CURVE('',#3915,#3913,#4784,.T.);
#2786=EDGE_CURVE('',#3916,#3915,#4785,.T.);
#2787=EDGE_CURVE('',#3916,#3914,#4786,.T.);
#2788=EDGE_CURVE('',#3917,#3915,#4787,.T.);
#2789=EDGE_CURVE('',#3918,#3917,#4788,.T.);
#2790=EDGE_CURVE('',#3918,#3916,#4789,.T.);
#2791=EDGE_CURVE('',#3919,#3917,#4790,.T.);
#2792=EDGE_CURVE('',#3920,#3919,#4791,.T.);
#2793=EDGE_CURVE('',#3920,#3918,#4792,.T.);
#2794=EDGE_CURVE('',#3921,#3922,#4793,.T.);
#2795=EDGE_CURVE('',#3923,#3921,#4794,.T.);
#2796=EDGE_CURVE('',#3923,#3924,#4795,.T.);
#2797=EDGE_CURVE('',#3924,#3922,#4796,.T.);
#2798=EDGE_CURVE('',#3925,#3921,#4797,.T.);
#2799=EDGE_CURVE('',#3926,#3925,#4798,.T.);
#2800=EDGE_CURVE('',#3926,#3923,#4799,.T.);
#2801=EDGE_CURVE('',#3927,#3925,#4800,.T.);
#2802=EDGE_CURVE('',#3928,#3927,#4801,.T.);
#2803=EDGE_CURVE('',#3928,#3926,#4802,.T.);
#2804=EDGE_CURVE('',#3929,#3927,#4803,.T.);
#2805=EDGE_CURVE('',#3930,#3929,#4804,.T.);
#2806=EDGE_CURVE('',#3930,#3928,#4805,.T.);
#2807=EDGE_CURVE('',#3931,#3929,#4806,.T.);
#2808=EDGE_CURVE('',#3932,#3931,#4807,.T.);
#2809=EDGE_CURVE('',#3932,#3930,#4808,.T.);
#2810=EDGE_CURVE('',#3933,#3934,#4809,.T.);
#2811=EDGE_CURVE('',#3935,#3933,#4810,.T.);
#2812=EDGE_CURVE('',#3935,#3936,#4811,.T.);
#2813=EDGE_CURVE('',#3936,#3934,#4812,.T.);
#2814=EDGE_CURVE('',#3937,#3933,#4813,.T.);
#2815=EDGE_CURVE('',#3938,#3937,#4814,.T.);
#2816=EDGE_CURVE('',#3938,#3935,#4815,.T.);
#2817=EDGE_CURVE('',#3939,#3937,#4816,.T.);
#2818=EDGE_CURVE('',#3940,#3939,#4817,.T.);
#2819=EDGE_CURVE('',#3940,#3938,#4818,.T.);
#2820=EDGE_CURVE('',#3941,#3939,#4819,.T.);
#2821=EDGE_CURVE('',#3942,#3941,#4820,.T.);
#2822=EDGE_CURVE('',#3942,#3940,#4821,.T.);
#2823=EDGE_CURVE('',#3943,#3941,#4822,.T.);
#2824=EDGE_CURVE('',#3944,#3943,#4823,.T.);
#2825=EDGE_CURVE('',#3944,#3942,#4824,.T.);
#2826=EDGE_CURVE('',#3945,#3946,#4825,.T.);
#2827=EDGE_CURVE('',#3947,#3945,#4826,.T.);
#2828=EDGE_CURVE('',#3947,#3948,#4827,.T.);
#2829=EDGE_CURVE('',#3948,#3946,#4828,.T.);
#2830=EDGE_CURVE('',#3949,#3945,#4829,.T.);
#2831=EDGE_CURVE('',#3950,#3949,#4830,.T.);
#2832=EDGE_CURVE('',#3950,#3947,#4831,.T.);
#2833=EDGE_CURVE('',#3951,#3949,#4832,.T.);
#2834=EDGE_CURVE('',#3952,#3951,#4833,.T.);
#2835=EDGE_CURVE('',#3952,#3950,#4834,.T.);
#2836=EDGE_CURVE('',#3953,#3951,#4835,.T.);
#2837=EDGE_CURVE('',#3954,#3953,#4836,.T.);
#2838=EDGE_CURVE('',#3954,#3952,#4837,.T.);
#2839=EDGE_CURVE('',#3955,#3953,#4838,.T.);
#2840=EDGE_CURVE('',#3956,#3955,#4839,.T.);
#2841=EDGE_CURVE('',#3956,#3954,#4840,.T.);
#2842=EDGE_CURVE('',#3957,#3958,#4841,.T.);
#2843=EDGE_CURVE('',#3959,#3957,#4842,.T.);
#2844=EDGE_CURVE('',#3959,#3960,#4843,.T.);
#2845=EDGE_CURVE('',#3960,#3958,#4844,.T.);
#2846=EDGE_CURVE('',#3961,#3957,#4845,.T.);
#2847=EDGE_CURVE('',#3962,#3961,#4846,.T.);
#2848=EDGE_CURVE('',#3962,#3959,#4847,.T.);
#2849=EDGE_CURVE('',#3963,#3961,#4848,.T.);
#2850=EDGE_CURVE('',#3964,#3963,#4849,.T.);
#2851=EDGE_CURVE('',#3964,#3962,#4850,.T.);
#2852=EDGE_CURVE('',#3965,#3963,#4851,.T.);
#2853=EDGE_CURVE('',#3966,#3965,#4852,.T.);
#2854=EDGE_CURVE('',#3966,#3964,#4853,.T.);
#2855=EDGE_CURVE('',#3967,#3965,#4854,.T.);
#2856=EDGE_CURVE('',#3968,#3967,#4855,.T.);
#2857=EDGE_CURVE('',#3968,#3966,#4856,.T.);
#2858=EDGE_CURVE('',#3969,#3970,#4857,.T.);
#2859=EDGE_CURVE('',#3971,#3969,#4858,.T.);
#2860=EDGE_CURVE('',#3971,#3972,#4859,.T.);
#2861=EDGE_CURVE('',#3972,#3970,#4860,.T.);
#2862=EDGE_CURVE('',#3973,#3969,#4861,.T.);
#2863=EDGE_CURVE('',#3974,#3973,#4862,.T.);
#2864=EDGE_CURVE('',#3974,#3971,#4863,.T.);
#2865=EDGE_CURVE('',#3975,#3973,#4864,.T.);
#2866=EDGE_CURVE('',#3976,#3975,#4865,.T.);
#2867=EDGE_CURVE('',#3976,#3974,#4866,.T.);
#2868=EDGE_CURVE('',#3977,#3975,#4867,.T.);
#2869=EDGE_CURVE('',#3978,#3977,#4868,.T.);
#2870=EDGE_CURVE('',#3978,#3976,#4869,.T.);
#2871=EDGE_CURVE('',#3979,#3977,#4870,.T.);
#2872=EDGE_CURVE('',#3980,#3979,#4871,.T.);
#2873=EDGE_CURVE('',#3980,#3978,#4872,.T.);
#2874=EDGE_CURVE('',#3981,#3982,#4873,.T.);
#2875=EDGE_CURVE('',#3983,#3981,#4874,.T.);
#2876=EDGE_CURVE('',#3983,#3984,#4875,.T.);
#2877=EDGE_CURVE('',#3984,#3982,#4876,.T.);
#2878=EDGE_CURVE('',#3985,#3981,#4877,.T.);
#2879=EDGE_CURVE('',#3986,#3985,#4878,.T.);
#2880=EDGE_CURVE('',#3986,#3983,#4879,.T.);
#2881=EDGE_CURVE('',#3987,#3985,#4880,.T.);
#2882=EDGE_CURVE('',#3988,#3987,#4881,.T.);
#2883=EDGE_CURVE('',#3988,#3986,#4882,.T.);
#2884=EDGE_CURVE('',#3989,#3987,#4883,.T.);
#2885=EDGE_CURVE('',#3990,#3989,#4884,.T.);
#2886=EDGE_CURVE('',#3990,#3988,#4885,.T.);
#2887=EDGE_CURVE('',#3991,#3989,#4886,.T.);
#2888=EDGE_CURVE('',#3992,#3991,#4887,.T.);
#2889=EDGE_CURVE('',#3992,#3990,#4888,.T.);
#2890=EDGE_CURVE('',#3993,#3994,#4889,.T.);
#2891=EDGE_CURVE('',#3995,#3993,#4890,.T.);
#2892=EDGE_CURVE('',#3995,#3996,#4891,.T.);
#2893=EDGE_CURVE('',#3996,#3994,#4892,.T.);
#2894=EDGE_CURVE('',#3997,#3993,#4893,.T.);
#2895=EDGE_CURVE('',#3998,#3997,#4894,.T.);
#2896=EDGE_CURVE('',#3998,#3995,#4895,.T.);
#2897=EDGE_CURVE('',#3999,#3997,#4896,.T.);
#2898=EDGE_CURVE('',#4000,#3999,#4897,.T.);
#2899=EDGE_CURVE('',#4000,#3998,#4898,.T.);
#2900=EDGE_CURVE('',#4001,#3999,#4899,.T.);
#2901=EDGE_CURVE('',#4002,#4001,#4900,.T.);
#2902=EDGE_CURVE('',#4002,#4000,#4901,.T.);
#2903=EDGE_CURVE('',#4003,#4001,#4902,.T.);
#2904=EDGE_CURVE('',#4004,#4003,#4903,.T.);
#2905=EDGE_CURVE('',#4004,#4002,#4904,.T.);
#2906=EDGE_CURVE('',#4005,#4006,#4905,.T.);
#2907=EDGE_CURVE('',#4007,#4005,#4906,.T.);
#2908=EDGE_CURVE('',#4007,#4008,#4907,.T.);
#2909=EDGE_CURVE('',#4008,#4006,#4908,.T.);
#2910=EDGE_CURVE('',#4009,#4005,#4909,.T.);
#2911=EDGE_CURVE('',#4010,#4009,#4910,.T.);
#2912=EDGE_CURVE('',#4010,#4007,#4911,.T.);
#2913=EDGE_CURVE('',#4011,#4009,#4912,.T.);
#2914=EDGE_CURVE('',#4012,#4011,#4913,.T.);
#2915=EDGE_CURVE('',#4012,#4010,#4914,.T.);
#2916=EDGE_CURVE('',#4013,#4011,#4915,.T.);
#2917=EDGE_CURVE('',#4014,#4013,#4916,.T.);
#2918=EDGE_CURVE('',#4014,#4012,#4917,.T.);
#2919=EDGE_CURVE('',#4015,#4013,#4918,.T.);
#2920=EDGE_CURVE('',#4016,#4015,#4919,.T.);
#2921=EDGE_CURVE('',#4016,#4014,#4920,.T.);
#2922=EDGE_CURVE('',#4017,#4018,#4921,.T.);
#2923=EDGE_CURVE('',#4019,#4017,#4922,.T.);
#2924=EDGE_CURVE('',#4019,#4020,#4923,.T.);
#2925=EDGE_CURVE('',#4020,#4018,#4924,.T.);
#2926=EDGE_CURVE('',#4021,#4017,#4925,.T.);
#2927=EDGE_CURVE('',#4022,#4021,#4926,.T.);
#2928=EDGE_CURVE('',#4022,#4019,#4927,.T.);
#2929=EDGE_CURVE('',#4023,#4021,#4928,.T.);
#2930=EDGE_CURVE('',#4024,#4023,#4929,.T.);
#2931=EDGE_CURVE('',#4024,#4022,#4930,.T.);
#2932=EDGE_CURVE('',#4025,#4023,#4931,.T.);
#2933=EDGE_CURVE('',#4026,#4025,#4932,.T.);
#2934=EDGE_CURVE('',#4026,#4024,#4933,.T.);
#2935=EDGE_CURVE('',#4027,#4025,#4934,.T.);
#2936=EDGE_CURVE('',#4028,#4027,#4935,.T.);
#2937=EDGE_CURVE('',#4028,#4026,#4936,.T.);
#2938=EDGE_CURVE('',#4029,#4030,#4937,.T.);
#2939=EDGE_CURVE('',#4031,#4029,#4938,.T.);
#2940=EDGE_CURVE('',#4031,#4032,#4939,.T.);
#2941=EDGE_CURVE('',#4032,#4030,#4940,.T.);
#2942=EDGE_CURVE('',#4033,#4029,#4941,.T.);
#2943=EDGE_CURVE('',#4034,#4033,#4942,.T.);
#2944=EDGE_CURVE('',#4034,#4031,#4943,.T.);
#2945=EDGE_CURVE('',#4035,#4033,#4944,.T.);
#2946=EDGE_CURVE('',#4036,#4035,#4945,.T.);
#2947=EDGE_CURVE('',#4036,#4034,#4946,.T.);
#2948=EDGE_CURVE('',#4037,#4035,#4947,.T.);
#2949=EDGE_CURVE('',#4038,#4037,#4948,.T.);
#2950=EDGE_CURVE('',#4038,#4036,#4949,.T.);
#2951=EDGE_CURVE('',#4039,#4037,#4950,.T.);
#2952=EDGE_CURVE('',#4040,#4039,#4951,.T.);
#2953=EDGE_CURVE('',#4040,#4038,#4952,.T.);
#2954=EDGE_CURVE('',#4041,#4042,#4953,.T.);
#2955=EDGE_CURVE('',#4043,#4041,#4954,.T.);
#2956=EDGE_CURVE('',#4043,#4044,#4955,.T.);
#2957=EDGE_CURVE('',#4044,#4042,#4956,.T.);
#2958=EDGE_CURVE('',#4045,#4041,#4957,.T.);
#2959=EDGE_CURVE('',#4046,#4045,#4958,.T.);
#2960=EDGE_CURVE('',#4046,#4043,#4959,.T.);
#2961=EDGE_CURVE('',#4047,#4045,#4960,.T.);
#2962=EDGE_CURVE('',#4048,#4047,#4961,.T.);
#2963=EDGE_CURVE('',#4048,#4046,#4962,.T.);
#2964=EDGE_CURVE('',#4049,#4047,#4963,.T.);
#2965=EDGE_CURVE('',#4050,#4049,#4964,.T.);
#2966=EDGE_CURVE('',#4050,#4048,#4965,.T.);
#2967=EDGE_CURVE('',#4051,#4049,#4966,.T.);
#2968=EDGE_CURVE('',#4052,#4051,#4967,.T.);
#2969=EDGE_CURVE('',#4052,#4050,#4968,.T.);
#2970=EDGE_CURVE('',#4053,#4054,#4969,.T.);
#2971=EDGE_CURVE('',#4055,#4053,#4970,.T.);
#2972=EDGE_CURVE('',#4055,#4056,#4971,.T.);
#2973=EDGE_CURVE('',#4056,#4054,#4972,.T.);
#2974=EDGE_CURVE('',#4057,#4053,#4973,.T.);
#2975=EDGE_CURVE('',#4058,#4057,#4974,.T.);
#2976=EDGE_CURVE('',#4058,#4055,#4975,.T.);
#2977=EDGE_CURVE('',#4059,#4057,#4976,.T.);
#2978=EDGE_CURVE('',#4060,#4059,#4977,.T.);
#2979=EDGE_CURVE('',#4060,#4058,#4978,.T.);
#2980=EDGE_CURVE('',#4061,#4059,#4979,.T.);
#2981=EDGE_CURVE('',#4062,#4061,#4980,.T.);
#2982=EDGE_CURVE('',#4062,#4060,#4981,.T.);
#2983=EDGE_CURVE('',#4063,#4061,#4982,.T.);
#2984=EDGE_CURVE('',#4064,#4063,#4983,.T.);
#2985=EDGE_CURVE('',#4064,#4062,#4984,.T.);
#2986=EDGE_CURVE('',#4065,#4066,#4985,.T.);
#2987=EDGE_CURVE('',#4067,#4065,#4986,.T.);
#2988=EDGE_CURVE('',#4067,#4068,#4987,.T.);
#2989=EDGE_CURVE('',#4068,#4066,#4988,.T.);
#2990=EDGE_CURVE('',#4069,#4065,#4989,.T.);
#2991=EDGE_CURVE('',#4070,#4069,#4990,.T.);
#2992=EDGE_CURVE('',#4070,#4067,#4991,.T.);
#2993=EDGE_CURVE('',#4071,#4069,#4992,.T.);
#2994=EDGE_CURVE('',#4072,#4071,#4993,.T.);
#2995=EDGE_CURVE('',#4072,#4070,#4994,.T.);
#2996=EDGE_CURVE('',#4073,#4071,#4995,.T.);
#2997=EDGE_CURVE('',#4074,#4073,#4996,.T.);
#2998=EDGE_CURVE('',#4074,#4072,#4997,.T.);
#2999=EDGE_CURVE('',#4075,#4073,#4998,.T.);
#3000=EDGE_CURVE('',#4076,#4075,#4999,.T.);
#3001=EDGE_CURVE('',#4076,#4074,#5000,.T.);
#3002=EDGE_CURVE('',#4077,#4078,#5001,.T.);
#3003=EDGE_CURVE('',#4079,#4077,#5002,.T.);
#3004=EDGE_CURVE('',#4079,#4080,#5003,.T.);
#3005=EDGE_CURVE('',#4080,#4078,#5004,.T.);
#3006=EDGE_CURVE('',#4081,#4077,#5005,.T.);
#3007=EDGE_CURVE('',#4082,#4081,#5006,.T.);
#3008=EDGE_CURVE('',#4082,#4079,#5007,.T.);
#3009=EDGE_CURVE('',#4083,#4081,#5008,.T.);
#3010=EDGE_CURVE('',#4084,#4083,#5009,.T.);
#3011=EDGE_CURVE('',#4084,#4082,#5010,.T.);
#3012=EDGE_CURVE('',#4085,#4083,#5011,.T.);
#3013=EDGE_CURVE('',#4086,#4085,#5012,.T.);
#3014=EDGE_CURVE('',#4086,#4084,#5013,.T.);
#3015=EDGE_CURVE('',#4087,#4085,#5014,.T.);
#3016=EDGE_CURVE('',#4088,#4087,#5015,.T.);
#3017=EDGE_CURVE('',#4088,#4086,#5016,.T.);
#3018=EDGE_CURVE('',#4089,#4090,#5017,.T.);
#3019=EDGE_CURVE('',#4091,#4089,#5018,.T.);
#3020=EDGE_CURVE('',#4091,#4092,#5019,.T.);
#3021=EDGE_CURVE('',#4092,#4090,#5020,.T.);
#3022=EDGE_CURVE('',#4093,#4089,#5021,.T.);
#3023=EDGE_CURVE('',#4094,#4093,#5022,.T.);
#3024=EDGE_CURVE('',#4094,#4091,#5023,.T.);
#3025=EDGE_CURVE('',#4095,#4093,#5024,.T.);
#3026=EDGE_CURVE('',#4096,#4095,#5025,.T.);
#3027=EDGE_CURVE('',#4096,#4094,#5026,.T.);
#3028=EDGE_CURVE('',#4097,#4095,#5027,.T.);
#3029=EDGE_CURVE('',#4098,#4097,#5028,.T.);
#3030=EDGE_CURVE('',#4098,#4096,#5029,.T.);
#3031=EDGE_CURVE('',#4099,#4097,#5030,.T.);
#3032=EDGE_CURVE('',#4100,#4099,#5031,.T.);
#3033=EDGE_CURVE('',#4100,#4098,#5032,.T.);
#3034=EDGE_CURVE('',#4101,#4102,#5033,.T.);
#3035=EDGE_CURVE('',#4103,#4101,#5034,.T.);
#3036=EDGE_CURVE('',#4103,#4104,#5035,.T.);
#3037=EDGE_CURVE('',#4104,#4102,#5036,.T.);
#3038=EDGE_CURVE('',#4105,#4101,#5037,.T.);
#3039=EDGE_CURVE('',#4106,#4105,#5038,.T.);
#3040=EDGE_CURVE('',#4106,#4103,#5039,.T.);
#3041=EDGE_CURVE('',#4107,#4105,#5040,.T.);
#3042=EDGE_CURVE('',#4108,#4107,#5041,.T.);
#3043=EDGE_CURVE('',#4108,#4106,#5042,.T.);
#3044=EDGE_CURVE('',#4109,#4107,#5043,.T.);
#3045=EDGE_CURVE('',#4110,#4109,#5044,.T.);
#3046=EDGE_CURVE('',#4110,#4108,#5045,.T.);
#3047=EDGE_CURVE('',#4111,#4109,#5046,.T.);
#3048=EDGE_CURVE('',#4112,#4111,#5047,.T.);
#3049=EDGE_CURVE('',#4112,#4110,#5048,.T.);
#3050=EDGE_CURVE('',#3730,#3739,#5049,.T.);
#3051=EDGE_CURVE('',#3732,#3740,#5050,.T.);
#3052=EDGE_CURVE('',#3742,#3751,#5051,.T.);
#3053=EDGE_CURVE('',#3744,#3752,#5052,.T.);
#3054=EDGE_CURVE('',#3754,#3763,#5053,.T.);
#3055=EDGE_CURVE('',#3756,#3764,#5054,.T.);
#3056=EDGE_CURVE('',#3766,#3775,#5055,.T.);
#3057=EDGE_CURVE('',#3768,#3776,#5056,.T.);
#3058=EDGE_CURVE('',#3778,#3787,#5057,.T.);
#3059=EDGE_CURVE('',#3780,#3788,#5058,.T.);
#3060=EDGE_CURVE('',#3790,#3799,#5059,.T.);
#3061=EDGE_CURVE('',#3792,#3800,#5060,.T.);
#3062=EDGE_CURVE('',#3802,#3811,#5061,.T.);
#3063=EDGE_CURVE('',#3804,#3812,#5062,.T.);
#3064=EDGE_CURVE('',#3814,#3823,#5063,.T.);
#3065=EDGE_CURVE('',#3816,#3824,#5064,.T.);
#3066=EDGE_CURVE('',#3826,#3835,#5065,.T.);
#3067=EDGE_CURVE('',#3828,#3836,#5066,.T.);
#3068=EDGE_CURVE('',#3838,#3847,#5067,.T.);
#3069=EDGE_CURVE('',#3840,#3848,#5068,.T.);
#3070=EDGE_CURVE('',#3850,#3859,#5069,.T.);
#3071=EDGE_CURVE('',#3852,#3860,#5070,.T.);
#3072=EDGE_CURVE('',#3862,#3871,#5071,.T.);
#3073=EDGE_CURVE('',#3864,#3872,#5072,.T.);
#3074=EDGE_CURVE('',#3874,#3883,#5073,.T.);
#3075=EDGE_CURVE('',#3876,#3884,#5074,.T.);
#3076=EDGE_CURVE('',#3886,#3895,#5075,.T.);
#3077=EDGE_CURVE('',#3888,#3896,#5076,.T.);
#3078=EDGE_CURVE('',#3898,#3907,#5077,.T.);
#3079=EDGE_CURVE('',#3900,#3908,#5078,.T.);
#3080=EDGE_CURVE('',#3910,#3919,#5079,.T.);
#3081=EDGE_CURVE('',#3912,#3920,#5080,.T.);
#3082=EDGE_CURVE('',#3922,#3931,#5081,.T.);
#3083=EDGE_CURVE('',#3924,#3932,#5082,.T.);
#3084=EDGE_CURVE('',#3934,#3943,#5083,.T.);
#3085=EDGE_CURVE('',#3936,#3944,#5084,.T.);
#3086=EDGE_CURVE('',#3946,#3955,#5085,.T.);
#3087=EDGE_CURVE('',#3948,#3956,#5086,.T.);
#3088=EDGE_CURVE('',#3958,#3967,#5087,.T.);
#3089=EDGE_CURVE('',#3960,#3968,#5088,.T.);
#3090=EDGE_CURVE('',#3970,#3979,#5089,.T.);
#3091=EDGE_CURVE('',#3972,#3980,#5090,.T.);
#3092=EDGE_CURVE('',#3982,#3991,#5091,.T.);
#3093=EDGE_CURVE('',#3984,#3992,#5092,.T.);
#3094=EDGE_CURVE('',#3994,#4003,#5093,.T.);
#3095=EDGE_CURVE('',#3996,#4004,#5094,.T.);
#3096=EDGE_CURVE('',#4006,#4015,#5095,.T.);
#3097=EDGE_CURVE('',#4008,#4016,#5096,.T.);
#3098=EDGE_CURVE('',#4018,#4027,#5097,.T.);
#3099=EDGE_CURVE('',#4020,#4028,#5098,.T.);
#3100=EDGE_CURVE('',#4030,#4039,#5099,.T.);
#3101=EDGE_CURVE('',#4032,#4040,#5100,.T.);
#3102=EDGE_CURVE('',#4042,#4051,#5101,.T.);
#3103=EDGE_CURVE('',#4044,#4052,#5102,.T.);
#3104=EDGE_CURVE('',#4054,#4063,#5103,.T.);
#3105=EDGE_CURVE('',#4056,#4064,#5104,.T.);
#3106=EDGE_CURVE('',#4066,#4075,#5105,.T.);
#3107=EDGE_CURVE('',#4068,#4076,#5106,.T.);
#3108=EDGE_CURVE('',#4078,#4087,#5107,.T.);
#3109=EDGE_CURVE('',#4080,#4088,#5108,.T.);
#3110=EDGE_CURVE('',#4090,#4099,#5109,.T.);
#3111=EDGE_CURVE('',#4092,#4100,#5110,.T.);
#3112=EDGE_CURVE('',#4102,#4111,#5111,.T.);
#3113=EDGE_CURVE('',#4104,#4112,#5112,.T.);
#3114=EDGE_CURVE('',#4113,#4114,#5113,.T.);
#3115=EDGE_CURVE('',#4114,#4115,#5114,.T.);
#3116=EDGE_CURVE('',#4116,#4115,#5115,.T.);
#3117=EDGE_CURVE('',#4116,#4113,#5116,.T.);
#3118=EDGE_CURVE('',#3727,#4114,#5117,.T.);
#3119=EDGE_CURVE('',#4113,#3718,#5118,.F.);
#3120=EDGE_CURVE('',#3717,#3724,#5119,.T.);
#3121=EDGE_CURVE('',#3723,#3728,#5120,.F.);
#3122=EDGE_CURVE('',#4115,#3726,#5121,.T.);
#3123=EDGE_CURVE('',#3725,#3722,#5122,.F.);
#3124=EDGE_CURVE('',#3721,#3720,#5123,.T.);
#3125=EDGE_CURVE('',#3719,#4116,#5124,.F.);
#3126=EDGE_CURVE('',#4117,#4118,#5125,.T.);
#3127=EDGE_CURVE('',#4118,#4119,#5126,.T.);
#3128=EDGE_CURVE('',#4120,#4119,#5127,.T.);
#3129=EDGE_CURVE('',#4120,#4117,#5128,.T.);
#3130=EDGE_CURVE('',#4121,#4122,#5129,.T.);
#3131=EDGE_CURVE('',#4122,#4123,#5130,.T.);
#3132=EDGE_CURVE('',#4124,#4123,#5131,.T.);
#3133=EDGE_CURVE('',#4124,#4121,#5132,.T.);
#3134=EDGE_CURVE('',#4125,#4126,#5133,.T.);
#3135=EDGE_CURVE('',#4126,#4127,#5134,.T.);
#3136=EDGE_CURVE('',#4128,#4127,#5135,.T.);
#3137=EDGE_CURVE('',#4128,#4125,#5136,.T.);
#3138=EDGE_CURVE('',#4129,#4130,#5137,.T.);
#3139=EDGE_CURVE('',#4131,#4129,#5138,.T.);
#3140=EDGE_CURVE('',#4131,#4132,#5139,.T.);
#3141=EDGE_CURVE('',#4132,#4130,#5140,.T.);
#3142=EDGE_CURVE('',#4129,#4133,#5141,.T.);
#3143=EDGE_CURVE('',#4134,#4133,#5142,.T.);
#3144=EDGE_CURVE('',#4131,#4134,#5143,.T.);
#3145=EDGE_CURVE('',#4133,#4135,#5144,.T.);
#3146=EDGE_CURVE('',#4136,#4135,#5145,.T.);
#3147=EDGE_CURVE('',#4134,#4136,#5146,.T.);
#3148=EDGE_CURVE('',#4130,#4135,#5147,.T.);
#3149=EDGE_CURVE('',#4132,#4136,#5148,.T.);
#3150=EDGE_CURVE('',#4137,#4138,#5149,.T.);
#3151=EDGE_CURVE('',#4138,#4139,#5150,.T.);
#3152=EDGE_CURVE('',#4140,#4139,#5151,.T.);
#3153=EDGE_CURVE('',#4140,#4137,#5152,.T.);
#3154=EDGE_CURVE('',#4127,#4138,#5153,.T.);
#3155=EDGE_CURVE('',#4137,#4118,#5154,.F.);
#3156=EDGE_CURVE('',#4117,#4124,#5155,.T.);
#3157=EDGE_CURVE('',#4123,#4128,#5156,.F.);
#3158=EDGE_CURVE('',#4139,#4126,#5157,.T.);
#3159=EDGE_CURVE('',#4125,#4122,#5158,.F.);
#3160=EDGE_CURVE('',#4121,#4120,#5159,.T.);
#3161=EDGE_CURVE('',#4119,#4140,#5160,.F.);
#3162=EDGE_CURVE('',#4141,#4142,#5161,.T.);
#3163=EDGE_CURVE('',#4143,#4141,#5162,.T.);
#3164=EDGE_CURVE('',#4143,#4144,#5163,.T.);
#3165=EDGE_CURVE('',#4144,#4142,#5164,.T.);
#3166=EDGE_CURVE('',#4141,#4145,#5165,.T.);
#3167=EDGE_CURVE('',#4146,#4145,#5166,.T.);
#3168=EDGE_CURVE('',#4143,#4146,#5167,.T.);
#3169=EDGE_CURVE('',#4145,#4147,#5168,.T.);
#3170=EDGE_CURVE('',#4148,#4147,#5169,.T.);
#3171=EDGE_CURVE('',#4146,#4148,#5170,.T.);
#3172=EDGE_CURVE('',#4147,#4149,#5171,.T.);
#3173=EDGE_CURVE('',#4150,#4149,#5172,.T.);
#3174=EDGE_CURVE('',#4148,#4150,#5173,.T.);
#3175=EDGE_CURVE('',#4149,#4151,#5174,.T.);
#3176=EDGE_CURVE('',#4152,#4151,#5175,.T.);
#3177=EDGE_CURVE('',#4150,#4152,#5176,.T.);
#3178=EDGE_CURVE('',#4153,#4151,#5177,.T.);
#3179=EDGE_CURVE('',#4154,#4153,#5178,.T.);
#3180=EDGE_CURVE('',#4154,#4152,#5179,.T.);
#3181=EDGE_CURVE('',#4155,#4153,#5180,.T.);
#3182=EDGE_CURVE('',#4156,#4155,#5181,.T.);
#3183=EDGE_CURVE('',#4156,#4154,#5182,.T.);
#3184=EDGE_CURVE('',#4157,#4158,#5183,.T.);
#3185=EDGE_CURVE('',#4159,#4157,#5184,.T.);
#3186=EDGE_CURVE('',#4159,#4160,#5185,.T.);
#3187=EDGE_CURVE('',#4160,#4158,#5186,.T.);
#3188=EDGE_CURVE('',#4157,#4161,#5187,.T.);
#3189=EDGE_CURVE('',#4162,#4161,#5188,.T.);
#3190=EDGE_CURVE('',#4159,#4162,#5189,.T.);
#3191=EDGE_CURVE('',#4161,#4163,#5190,.T.);
#3192=EDGE_CURVE('',#4164,#4163,#5191,.T.);
#3193=EDGE_CURVE('',#4162,#4164,#5192,.T.);
#3194=EDGE_CURVE('',#4165,#4165,#23,.T.);
#3195=EDGE_CURVE('',#4166,#4166,#24,.T.);
#3196=EDGE_CURVE('',#4167,#4167,#25,.T.);
#3197=EDGE_CURVE('',#4168,#4168,#26,.T.);
#3198=EDGE_CURVE('',#4169,#4169,#27,.T.);
#3199=EDGE_CURVE('',#4170,#4170,#28,.T.);
#3200=EDGE_CURVE('',#4171,#4171,#29,.T.);
#3201=EDGE_CURVE('',#4172,#4172,#30,.T.);
#3202=EDGE_CURVE('',#4158,#4163,#5193,.T.);
#3203=EDGE_CURVE('',#4160,#4164,#5194,.T.);
#3204=EDGE_CURVE('',#4142,#4155,#5195,.T.);
#3205=EDGE_CURVE('',#4144,#4156,#5196,.T.);
#3206=EDGE_CURVE('',#4173,#4174,#5197,.T.);
#3207=EDGE_CURVE('',#4173,#4175,#5198,.T.);
#3208=EDGE_CURVE('',#4175,#4176,#5199,.T.);
#3209=EDGE_CURVE('',#4176,#4174,#5200,.T.);
#3210=EDGE_CURVE('',#4177,#4178,#5201,.T.);
#3211=EDGE_CURVE('',#4177,#4179,#5202,.T.);
#3212=EDGE_CURVE('',#4179,#4180,#5203,.T.);
#3213=EDGE_CURVE('',#4180,#4178,#5204,.T.);
#3214=EDGE_CURVE('',#4181,#4182,#5205,.T.);
#3215=EDGE_CURVE('',#4181,#4183,#5206,.T.);
#3216=EDGE_CURVE('',#4183,#4184,#5207,.T.);
#3217=EDGE_CURVE('',#4184,#4182,#5208,.T.);
#3218=EDGE_CURVE('',#4185,#4186,#5209,.T.);
#3219=EDGE_CURVE('',#4185,#4187,#5210,.T.);
#3220=EDGE_CURVE('',#4187,#4188,#5211,.T.);
#3221=EDGE_CURVE('',#4188,#4186,#5212,.T.);
#3222=EDGE_CURVE('',#4189,#4190,#5213,.T.);
#3223=EDGE_CURVE('',#4189,#4191,#5214,.T.);
#3224=EDGE_CURVE('',#4191,#4192,#5215,.T.);
#3225=EDGE_CURVE('',#4192,#4190,#5216,.T.);
#3226=EDGE_CURVE('',#4193,#4194,#5217,.T.);
#3227=EDGE_CURVE('',#4193,#4195,#5218,.T.);
#3228=EDGE_CURVE('',#4195,#4196,#5219,.T.);
#3229=EDGE_CURVE('',#4196,#4194,#5220,.T.);
#3230=EDGE_CURVE('',#4197,#4198,#5221,.T.);
#3231=EDGE_CURVE('',#4198,#4199,#5222,.T.);
#3232=EDGE_CURVE('',#4200,#4199,#5223,.T.);
#3233=EDGE_CURVE('',#4200,#4197,#5224,.T.);
#3234=EDGE_CURVE('',#4201,#4202,#5225,.T.);
#3235=EDGE_CURVE('',#4202,#4203,#5226,.T.);
#3236=EDGE_CURVE('',#4204,#4203,#5227,.T.);
#3237=EDGE_CURVE('',#4204,#4201,#5228,.T.);
#3238=EDGE_CURVE('',#4205,#4206,#5229,.T.);
#3239=EDGE_CURVE('',#4205,#4207,#5230,.T.);
#3240=EDGE_CURVE('',#4207,#4208,#5231,.T.);
#3241=EDGE_CURVE('',#4209,#4208,#5232,.T.);
#3242=EDGE_CURVE('',#4209,#4210,#5233,.T.);
#3243=EDGE_CURVE('',#4210,#4189,#5234,.F.);
#3244=EDGE_CURVE('',#4190,#4211,#5235,.T.);
#3245=EDGE_CURVE('',#4212,#4211,#5236,.T.);
#3246=EDGE_CURVE('',#4212,#4206,#5237,.T.);
#3247=EDGE_CURVE('',#4207,#4213,#31,.T.);
#3248=EDGE_CURVE('',#4213,#4214,#5238,.T.);
#3249=EDGE_CURVE('',#4208,#4214,#32,.T.);
#3250=EDGE_CURVE('',#4213,#4215,#5239,.T.);
#3251=EDGE_CURVE('',#4215,#4216,#5240,.T.);
#3252=EDGE_CURVE('',#4217,#4216,#5241,.T.);
#3253=EDGE_CURVE('',#4217,#4218,#5242,.T.);
#3254=EDGE_CURVE('',#4218,#4181,#5243,.T.);
#3255=EDGE_CURVE('',#4182,#4219,#5244,.F.);
#3256=EDGE_CURVE('',#4220,#4219,#5245,.T.);
#3257=EDGE_CURVE('',#4220,#4214,#5246,.T.);
#3258=EDGE_CURVE('',#4215,#4221,#33,.T.);
#3259=EDGE_CURVE('',#4221,#4222,#5247,.T.);
#3260=EDGE_CURVE('',#4222,#4216,#34,.T.);
#3261=EDGE_CURVE('',#4221,#4223,#5248,.T.);
#3262=EDGE_CURVE('',#4223,#4224,#5249,.T.);
#3263=EDGE_CURVE('',#4225,#4224,#5250,.T.);
#3264=EDGE_CURVE('',#4225,#4226,#5251,.T.);
#3265=EDGE_CURVE('',#4226,#4180,#5252,.F.);
#3266=EDGE_CURVE('',#4179,#4227,#5253,.T.);
#3267=EDGE_CURVE('',#4228,#4227,#5254,.T.);
#3268=EDGE_CURVE('',#4228,#4222,#5255,.T.);
#3269=EDGE_CURVE('',#4223,#4229,#35,.T.);
#3270=EDGE_CURVE('',#4229,#4230,#5256,.T.);
#3271=EDGE_CURVE('',#4224,#4230,#36,.T.);
#3272=EDGE_CURVE('',#4229,#4231,#5257,.T.);
#3273=EDGE_CURVE('',#4231,#4232,#5258,.T.);
#3274=EDGE_CURVE('',#4233,#4232,#5259,.T.);
#3275=EDGE_CURVE('',#4233,#4234,#5260,.T.);
#3276=EDGE_CURVE('',#4234,#4198,#5261,.T.);
#3277=EDGE_CURVE('',#4197,#4235,#5262,.F.);
#3278=EDGE_CURVE('',#4236,#4235,#5263,.T.);
#3279=EDGE_CURVE('',#4236,#4230,#5264,.T.);
#3280=EDGE_CURVE('',#4237,#4238,#5265,.T.);
#3281=EDGE_CURVE('',#4238,#4239,#5266,.T.);
#3282=EDGE_CURVE('',#4240,#4239,#5267,.T.);
#3283=EDGE_CURVE('',#4237,#4240,#5268,.T.);
#3284=EDGE_CURVE('',#4241,#4242,#5269,.T.);
#3285=EDGE_CURVE('',#4238,#4242,#5270,.T.);
#3286=EDGE_CURVE('',#4237,#4241,#5271,.T.);
#3287=EDGE_CURVE('',#4243,#4244,#5272,.T.);
#3288=EDGE_CURVE('',#4242,#4244,#5273,.T.);
#3289=EDGE_CURVE('',#4241,#4243,#5274,.T.);
#3290=EDGE_CURVE('',#4245,#4246,#5275,.T.);
#3291=EDGE_CURVE('',#4247,#4246,#5276,.T.);
#3292=EDGE_CURVE('',#4248,#4247,#5277,.T.);
#3293=EDGE_CURVE('',#4245,#4248,#5278,.T.);
#3294=EDGE_CURVE('',#4249,#4250,#5279,.T.);
#3295=EDGE_CURVE('',#4250,#4246,#5280,.T.);
#3296=EDGE_CURVE('',#4245,#4249,#5281,.T.);
#3297=EDGE_CURVE('',#4251,#4252,#5282,.T.);
#3298=EDGE_CURVE('',#4252,#4250,#5283,.T.);
#3299=EDGE_CURVE('',#4249,#4251,#5284,.T.);
#3300=EDGE_CURVE('',#4253,#4254,#5285,.T.);
#3301=EDGE_CURVE('',#4255,#4254,#5286,.T.);
#3302=EDGE_CURVE('',#4256,#4255,#5287,.T.);
#3303=EDGE_CURVE('',#4256,#4257,#5288,.T.);
#3304=EDGE_CURVE('',#4258,#4257,#5289,.T.);
#3305=EDGE_CURVE('',#4253,#4258,#5290,.T.);
#3306=EDGE_CURVE('',#4254,#4259,#5291,.T.);
#3307=EDGE_CURVE('',#4253,#4260,#5292,.T.);
#3308=EDGE_CURVE('',#4260,#4259,#5293,.T.);
#3309=EDGE_CURVE('',#4259,#4261,#5294,.T.);
#3310=EDGE_CURVE('',#4260,#4262,#5295,.T.);
#3311=EDGE_CURVE('',#4262,#4261,#5296,.T.);
#3312=EDGE_CURVE('',#4263,#4264,#5297,.T.);
#3313=EDGE_CURVE('',#4265,#4264,#5298,.T.);
#3314=EDGE_CURVE('',#4266,#4265,#5299,.T.);
#3315=EDGE_CURVE('',#4263,#4266,#5300,.T.);
#3316=EDGE_CURVE('',#4267,#4268,#5301,.T.);
#3317=EDGE_CURVE('',#4264,#4268,#5302,.T.);
#3318=EDGE_CURVE('',#4263,#4267,#5303,.T.);
#3319=EDGE_CURVE('',#4269,#4270,#5304,.T.);
#3320=EDGE_CURVE('',#4270,#4268,#5305,.T.);
#3321=EDGE_CURVE('',#4267,#4269,#5306,.T.);
#3322=EDGE_CURVE('',#4239,#4244,#5307,.T.);
#3323=EDGE_CURVE('',#4240,#4243,#5308,.T.);
#3324=EDGE_CURVE('',#4252,#4247,#5309,.T.);
#3325=EDGE_CURVE('',#4248,#4251,#5310,.T.);
#3326=EDGE_CURVE('',#4271,#4257,#5311,.T.);
#3327=EDGE_CURVE('',#4271,#4272,#5312,.T.);
#3328=EDGE_CURVE('',#4272,#4261,#5313,.T.);
#3329=EDGE_CURVE('',#4258,#4262,#5314,.T.);
#3330=EDGE_CURVE('',#4265,#4270,#5315,.T.);
#3331=EDGE_CURVE('',#4266,#4269,#5316,.T.);
#3332=EDGE_CURVE('',#4231,#4205,#37,.T.);
#3333=EDGE_CURVE('',#4206,#4232,#38,.T.);
#3334=EDGE_CURVE('',#4273,#4274,#5317,.T.);
#3335=EDGE_CURVE('',#4274,#4275,#39,.F.);
#3336=EDGE_CURVE('',#4275,#4276,#5318,.T.);
#3337=EDGE_CURVE('',#4276,#4277,#40,.F.);
#3338=EDGE_CURVE('',#4277,#4278,#5319,.T.);
#3339=EDGE_CURVE('',#4278,#4279,#41,.F.);
#3340=EDGE_CURVE('',#4279,#4280,#5320,.T.);
#3341=EDGE_CURVE('',#4280,#4273,#42,.F.);
#3342=EDGE_CURVE('',#4281,#4282,#5321,.T.);
#3343=EDGE_CURVE('',#4283,#4281,#5322,.T.);
#3344=EDGE_CURVE('',#4283,#4284,#5323,.T.);
#3345=EDGE_CURVE('',#4284,#4177,#5324,.T.);
#3346=EDGE_CURVE('',#4178,#4285,#5325,.F.);
#3347=EDGE_CURVE('',#4286,#4285,#5326,.T.);
#3348=EDGE_CURVE('',#4286,#4287,#5327,.T.);
#3349=EDGE_CURVE('',#4287,#4288,#5328,.T.);
#3350=EDGE_CURVE('',#4282,#4288,#5329,.T.);
#3351=EDGE_CURVE('',#4289,#4290,#5330,.T.);
#3352=EDGE_CURVE('',#4281,#4289,#5331,.T.);
#3353=EDGE_CURVE('',#4282,#4290,#5332,.T.);
#3354=EDGE_CURVE('',#4175,#4291,#5333,.T.);
#3355=EDGE_CURVE('',#4292,#4291,#5334,.T.);
#3356=EDGE_CURVE('',#4289,#4292,#5335,.T.);
#3357=EDGE_CURVE('',#4290,#4293,#5336,.T.);
#3358=EDGE_CURVE('',#4294,#4293,#5337,.T.);
#3359=EDGE_CURVE('',#4294,#4295,#5338,.T.);
#3360=EDGE_CURVE('',#4295,#4296,#5339,.T.);
#3361=EDGE_CURVE('',#4296,#4176,#5340,.F.);
#3362=EDGE_CURVE('',#4297,#4298,#5341,.T.);
#3363=EDGE_CURVE('',#4297,#4299,#5342,.T.);
#3364=EDGE_CURVE('',#4299,#4300,#5343,.T.);
#3365=EDGE_CURVE('',#4300,#4193,#5344,.F.);
#3366=EDGE_CURVE('',#4194,#4301,#5345,.T.);
#3367=EDGE_CURVE('',#4302,#4301,#5346,.T.);
#3368=EDGE_CURVE('',#4303,#4302,#5347,.T.);
#3369=EDGE_CURVE('',#4303,#4304,#5348,.T.);
#3370=EDGE_CURVE('',#4298,#4304,#5349,.T.);
#3371=EDGE_CURVE('',#4305,#4306,#5350,.T.);
#3372=EDGE_CURVE('',#4305,#4297,#5351,.T.);
#3373=EDGE_CURVE('',#4306,#4298,#5352,.T.);
#3374=EDGE_CURVE('',#4191,#4307,#5353,.F.);
#3375=EDGE_CURVE('',#4308,#4307,#5354,.T.);
#3376=EDGE_CURVE('',#4308,#4305,#5355,.T.);
#3377=EDGE_CURVE('',#4306,#4309,#5356,.T.);
#3378=EDGE_CURVE('',#4310,#4309,#5357,.T.);
#3379=EDGE_CURVE('',#4311,#4310,#5358,.T.);
#3380=EDGE_CURVE('',#4311,#4312,#5359,.T.);
#3381=EDGE_CURVE('',#4312,#4192,#5360,.T.);
#3382=EDGE_CURVE('',#4313,#4314,#5361,.T.);
#3383=EDGE_CURVE('',#4315,#4313,#5362,.T.);
#3384=EDGE_CURVE('',#4315,#4316,#5363,.T.);
#3385=EDGE_CURVE('',#4314,#4316,#5364,.T.);
#3386=EDGE_CURVE('',#4183,#4317,#5365,.T.);
#3387=EDGE_CURVE('',#4318,#4317,#5366,.T.);
#3388=EDGE_CURVE('',#4313,#4318,#5367,.T.);
#3389=EDGE_CURVE('',#4314,#4319,#5368,.T.);
#3390=EDGE_CURVE('',#4320,#4319,#5369,.T.);
#3391=EDGE_CURVE('',#4320,#4321,#5370,.T.);
#3392=EDGE_CURVE('',#4321,#4322,#5371,.T.);
#3393=EDGE_CURVE('',#4322,#4184,#5372,.F.);
#3394=EDGE_CURVE('',#4323,#4324,#5373,.T.);
#3395=EDGE_CURVE('',#4323,#4320,#5374,.T.);
#3396=EDGE_CURVE('',#4319,#4324,#5375,.T.);
#3397=EDGE_CURVE('',#4325,#4326,#5376,.T.);
#3398=EDGE_CURVE('',#4325,#4327,#5377,.T.);
#3399=EDGE_CURVE('',#4327,#4328,#5378,.T.);
#3400=EDGE_CURVE('',#4328,#4200,#5379,.F.);
#3401=EDGE_CURVE('',#4199,#4329,#5380,.T.);
#3402=EDGE_CURVE('',#4330,#4329,#5381,.T.);
#3403=EDGE_CURVE('',#4331,#4330,#5382,.T.);
#3404=EDGE_CURVE('',#4331,#4332,#5383,.T.);
#3405=EDGE_CURVE('',#4326,#4332,#5384,.T.);
#3406=EDGE_CURVE('',#4333,#4334,#5385,.T.);
#3407=EDGE_CURVE('',#4333,#4325,#5386,.T.);
#3408=EDGE_CURVE('',#4326,#4334,#5387,.T.);
#3409=EDGE_CURVE('',#4201,#4335,#5388,.F.);
#3410=EDGE_CURVE('',#4336,#4335,#5389,.T.);
#3411=EDGE_CURVE('',#4336,#4333,#5390,.T.);
#3412=EDGE_CURVE('',#4334,#4337,#5391,.T.);
#3413=EDGE_CURVE('',#4338,#4337,#5392,.T.);
#3414=EDGE_CURVE('',#4339,#4338,#5393,.T.);
#3415=EDGE_CURVE('',#4339,#4340,#5394,.T.);
#3416=EDGE_CURVE('',#4340,#4202,#5395,.T.);
#3417=EDGE_CURVE('',#4341,#4342,#5396,.T.);
#3418=EDGE_CURVE('',#4343,#4341,#43,.T.);
#3419=EDGE_CURVE('',#4343,#4344,#5397,.T.);
#3420=EDGE_CURVE('',#4344,#4342,#44,.T.);
#3421=EDGE_CURVE('',#4342,#4345,#5398,.T.);
#3422=EDGE_CURVE('',#4345,#4346,#5399,.T.);
#3423=EDGE_CURVE('',#4346,#4341,#5400,.T.);
#3424=EDGE_CURVE('',#4347,#4348,#5401,.T.);
#3425=EDGE_CURVE('',#4348,#4349,#5402,.T.);
#3426=EDGE_CURVE('',#4350,#4349,#5403,.T.);
#3427=EDGE_CURVE('',#4350,#4351,#5404,.T.);
#3428=EDGE_CURVE('',#4351,#4196,#5405,.T.);
#3429=EDGE_CURVE('',#4195,#4352,#5406,.F.);
#3430=EDGE_CURVE('',#4353,#4352,#5407,.T.);
#3431=EDGE_CURVE('',#4353,#4354,#5408,.T.);
#3432=EDGE_CURVE('',#4354,#4347,#5409,.T.);
#3433=EDGE_CURVE('',#4355,#4356,#5410,.T.);
#3434=EDGE_CURVE('',#4355,#4357,#5411,.T.);
#3435=EDGE_CURVE('',#4357,#4358,#5412,.T.);
#3436=EDGE_CURVE('',#4356,#4358,#5413,.T.);
#3437=EDGE_CURVE('',#4359,#4360,#5414,.T.);
#3438=EDGE_CURVE('',#4359,#4356,#45,.T.);
#3439=EDGE_CURVE('',#4358,#4360,#46,.T.);
#3440=EDGE_CURVE('',#4361,#4360,#5415,.T.);
#3441=EDGE_CURVE('',#4361,#4362,#5416,.T.);
#3442=EDGE_CURVE('',#4359,#4362,#5417,.T.);
#3443=EDGE_CURVE('',#4363,#4364,#5418,.T.);
#3444=EDGE_CURVE('',#4363,#4365,#5419,.T.);
#3445=EDGE_CURVE('',#4365,#4366,#5420,.T.);
#3446=EDGE_CURVE('',#4366,#4367,#5421,.T.);
#3447=EDGE_CURVE('',#4367,#4368,#5422,.T.);
#3448=EDGE_CURVE('',#4368,#4369,#5423,.T.);
#3449=EDGE_CURVE('',#4369,#4204,#5424,.F.);
#3450=EDGE_CURVE('',#4203,#4370,#5425,.T.);
#3451=EDGE_CURVE('',#4364,#4370,#5426,.T.);
#3452=EDGE_CURVE('',#4371,#4372,#5427,.T.);
#3453=EDGE_CURVE('',#4372,#4373,#5428,.T.);
#3454=EDGE_CURVE('',#4373,#4374,#5429,.T.);
#3455=EDGE_CURVE('',#4371,#4374,#5430,.T.);
#3456=EDGE_CURVE('',#4375,#4376,#5431,.T.);
#3457=EDGE_CURVE('',#4371,#4375,#47,.T.);
#3458=EDGE_CURVE('',#4374,#4376,#48,.T.);
#3459=EDGE_CURVE('',#4376,#4377,#5432,.T.);
#3460=EDGE_CURVE('',#4377,#4378,#5433,.T.);
#3461=EDGE_CURVE('',#4378,#4375,#5434,.T.);
#3462=EDGE_CURVE('',#4379,#4380,#5435,.T.);
#3463=EDGE_CURVE('',#4380,#4381,#5436,.T.);
#3464=EDGE_CURVE('',#4381,#4382,#5437,.T.);
#3465=EDGE_CURVE('',#4382,#4383,#5438,.T.);
#3466=EDGE_CURVE('',#4384,#4383,#5439,.T.);
#3467=EDGE_CURVE('',#4384,#4385,#5440,.T.);
#3468=EDGE_CURVE('',#4385,#4173,#5441,.T.);
#3469=EDGE_CURVE('',#4174,#4386,#5442,.F.);
#3470=EDGE_CURVE('',#4379,#4386,#5443,.T.);
#3471=EDGE_CURVE('',#4387,#4388,#5444,.T.);
#3472=EDGE_CURVE('',#4387,#4389,#5445,.T.);
#3473=EDGE_CURVE('',#4390,#4389,#5446,.T.);
#3474=EDGE_CURVE('',#4388,#4390,#5447,.T.);
#3475=EDGE_CURVE('',#4391,#4392,#5448,.T.);
#3476=EDGE_CURVE('',#4391,#4388,#49,.T.);
#3477=EDGE_CURVE('',#4390,#4392,#50,.T.);
#3478=EDGE_CURVE('',#4393,#4392,#5449,.T.);
#3479=EDGE_CURVE('',#4393,#4394,#5450,.T.);
#3480=EDGE_CURVE('',#4391,#4394,#5451,.T.);
#3481=EDGE_CURVE('',#4395,#4396,#5452,.T.);
#3482=EDGE_CURVE('',#4396,#4397,#5453,.T.);
#3483=EDGE_CURVE('',#4397,#4398,#5454,.T.);
#3484=EDGE_CURVE('',#4398,#4399,#5455,.T.);
#3485=EDGE_CURVE('',#4399,#4188,#5456,.F.);
#3486=EDGE_CURVE('',#4187,#4400,#5457,.T.);
#3487=EDGE_CURVE('',#4401,#4400,#5458,.T.);
#3488=EDGE_CURVE('',#4402,#4401,#5459,.T.);
#3489=EDGE_CURVE('',#4402,#4395,#5460,.T.);
#3490=EDGE_CURVE('',#4287,#4294,#5461,.T.);
#3491=EDGE_CURVE('',#4288,#4293,#5462,.T.);
#3492=EDGE_CURVE('',#4310,#4303,#5463,.T.);
#3493=EDGE_CURVE('',#4309,#4304,#5464,.T.);
#3494=EDGE_CURVE('',#4403,#4315,#5465,.T.);
#3495=EDGE_CURVE('',#4403,#4404,#5466,.T.);
#3496=EDGE_CURVE('',#4404,#4185,#5467,.T.);
#3497=EDGE_CURVE('',#4186,#4405,#5468,.F.);
#3498=EDGE_CURVE('',#4406,#4405,#5469,.T.);
#3499=EDGE_CURVE('',#4406,#4323,#5470,.T.);
#3500=EDGE_CURVE('',#4316,#4324,#5471,.T.);
#3501=EDGE_CURVE('',#4338,#4331,#5472,.T.);
#3502=EDGE_CURVE('',#4332,#4337,#5473,.T.);
#3503=EDGE_CURVE('',#4407,#4407,#51,.T.);
#3504=EDGE_CURVE('',#4408,#4408,#52,.T.);
#3505=EDGE_CURVE('',#4409,#4409,#53,.T.);
#3506=EDGE_CURVE('',#4410,#4410,#54,.T.);
#3507=EDGE_CURVE('',#4411,#4411,#55,.T.);
#3508=EDGE_CURVE('',#4412,#4412,#56,.T.);
#3509=EDGE_CURVE('',#4413,#4413,#57,.T.);
#3510=EDGE_CURVE('',#4414,#4414,#58,.T.);
#3511=EDGE_CURVE('',#4343,#4415,#5474,.T.);
#3512=EDGE_CURVE('',#4415,#4416,#5475,.T.);
#3513=EDGE_CURVE('',#4416,#4344,#5476,.T.);
#3514=EDGE_CURVE('',#4417,#4417,#59,.F.);
#3515=EDGE_CURVE('',#4418,#4418,#60,.F.);
#3516=EDGE_CURVE('',#4419,#4419,#61,.F.);
#3517=EDGE_CURVE('',#4420,#4420,#62,.F.);
#3518=EDGE_CURVE('',#4421,#4421,#63,.F.);
#3519=EDGE_CURVE('',#4422,#4422,#64,.F.);
#3520=EDGE_CURVE('',#4423,#4423,#65,.F.);
#3521=EDGE_CURVE('',#4424,#4424,#66,.F.);
#3522=EDGE_CURVE('',#4373,#4361,#5477,.T.);
#3523=EDGE_CURVE('',#4357,#4345,#5478,.T.);
#3524=EDGE_CURVE('',#4416,#4393,#5479,.T.);
#3525=EDGE_CURVE('',#4389,#4377,#5480,.T.);
#3526=EDGE_CURVE('',#4285,#4226,#5481,.T.);
#3527=EDGE_CURVE('',#4225,#4286,#5482,.T.);
#3528=EDGE_CURVE('',#4235,#4328,#5483,.T.);
#3529=EDGE_CURVE('',#4327,#4236,#5484,.T.);
#3530=EDGE_CURVE('',#4335,#4369,#5485,.T.);
#3531=EDGE_CURVE('',#4368,#4336,#5486,.T.);
#3532=EDGE_CURVE('',#4386,#4296,#5487,.T.);
#3533=EDGE_CURVE('',#4295,#4379,#5488,.T.);
#3534=EDGE_CURVE('',#4367,#4372,#5489,.T.);
#3535=EDGE_CURVE('',#4378,#4380,#5490,.T.);
#3536=EDGE_CURVE('',#4370,#4340,#5491,.T.);
#3537=EDGE_CURVE('',#4364,#4339,#5492,.T.);
#3538=EDGE_CURVE('',#4329,#4234,#5493,.T.);
#3539=EDGE_CURVE('',#4330,#4233,#5494,.T.);
#3540=EDGE_CURVE('',#4211,#4312,#5495,.T.);
#3541=EDGE_CURVE('',#4212,#4311,#5496,.T.);
#3542=EDGE_CURVE('',#4301,#4351,#5497,.T.);
#3543=EDGE_CURVE('',#4302,#4350,#5498,.T.);
#3544=EDGE_CURVE('',#4349,#4355,#5499,.F.);
#3545=EDGE_CURVE('',#4362,#4363,#5500,.F.);
#3546=EDGE_CURVE('',#4352,#4300,#5501,.T.);
#3547=EDGE_CURVE('',#4299,#4353,#5502,.T.);
#3548=EDGE_CURVE('',#4307,#4210,#5503,.T.);
#3549=EDGE_CURVE('',#4209,#4308,#5504,.T.);
#3550=EDGE_CURVE('',#4219,#4322,#5505,.T.);
#3551=EDGE_CURVE('',#4321,#4220,#5506,.T.);
#3552=EDGE_CURVE('',#4405,#4399,#5507,.T.);
#3553=EDGE_CURVE('',#4398,#4406,#5508,.T.);
#3554=EDGE_CURVE('',#4397,#4415,#5509,.F.);
#3555=EDGE_CURVE('',#4346,#4354,#5510,.F.);
#3556=EDGE_CURVE('',#4400,#4404,#5511,.T.);
#3557=EDGE_CURVE('',#4401,#4403,#5512,.T.);
#3558=EDGE_CURVE('',#4317,#4218,#5513,.T.);
#3559=EDGE_CURVE('',#4318,#4217,#5514,.T.);
#3560=EDGE_CURVE('',#4227,#4284,#5515,.T.);
#3561=EDGE_CURVE('',#4228,#4283,#5516,.T.);
#3562=EDGE_CURVE('',#4291,#4385,#5517,.T.);
#3563=EDGE_CURVE('',#4292,#4384,#5518,.T.);
#3564=EDGE_CURVE('',#4394,#4402,#5519,.T.);
#3565=EDGE_CURVE('',#4383,#4387,#5520,.F.);
#3566=EDGE_CURVE('',#4373,#4366,#5521,.T.);
#3567=EDGE_CURVE('',#4361,#4365,#5522,.F.);
#3568=EDGE_CURVE('',#4395,#4393,#5523,.F.);
#3569=EDGE_CURVE('',#4396,#4416,#5524,.T.);
#3570=EDGE_CURVE('',#4347,#4345,#5525,.T.);
#3571=EDGE_CURVE('',#4348,#4357,#5526,.T.);
#3572=EDGE_CURVE('',#4389,#4382,#5527,.F.);
#3573=EDGE_CURVE('',#4377,#4381,#5528,.T.);
#3574=EDGE_CURVE('',#4425,#4425,#67,.F.);
#3575=EDGE_CURVE('',#4426,#4426,#68,.T.);
#3576=EDGE_CURVE('',#4427,#4427,#69,.T.);
#3577=EDGE_CURVE('',#4428,#4428,#70,.F.);
#3578=EDGE_CURVE('',#4429,#4429,#71,.T.);
#3579=EDGE_CURVE('',#4430,#4430,#72,.T.);
#3580=EDGE_CURVE('',#4431,#4431,#73,.F.);
#3581=EDGE_CURVE('',#4432,#4432,#74,.T.);
#3582=EDGE_CURVE('',#4433,#4433,#75,.T.);
#3583=EDGE_CURVE('',#4434,#4434,#76,.F.);
#3584=EDGE_CURVE('',#4435,#4435,#77,.T.);
#3585=EDGE_CURVE('',#4436,#4436,#78,.T.);
#3586=EDGE_CURVE('',#4437,#4437,#79,.F.);
#3587=EDGE_CURVE('',#4438,#4438,#80,.T.);
#3588=EDGE_CURVE('',#4439,#4439,#81,.T.);
#3589=EDGE_CURVE('',#4440,#4440,#82,.F.);
#3590=EDGE_CURVE('',#4441,#4441,#83,.T.);
#3591=EDGE_CURVE('',#4442,#4442,#84,.T.);
#3592=EDGE_CURVE('',#4443,#4443,#85,.F.);
#3593=EDGE_CURVE('',#4444,#4444,#86,.T.);
#3594=EDGE_CURVE('',#4445,#4445,#87,.T.);
#3595=EDGE_CURVE('',#4446,#4446,#88,.F.);
#3596=EDGE_CURVE('',#4447,#4447,#89,.T.);
#3597=EDGE_CURVE('',#4448,#4448,#90,.T.);
#3598=EDGE_CURVE('',#4279,#4207,#5529,.T.);
#3599=EDGE_CURVE('',#4213,#4278,#5530,.T.);
#3600=EDGE_CURVE('',#4215,#4277,#5531,.T.);
#3601=EDGE_CURVE('',#4280,#4205,#5532,.T.);
#3602=EDGE_CURVE('',#4221,#4276,#5533,.T.);
#3603=EDGE_CURVE('',#4273,#4231,#5534,.T.);
#3604=EDGE_CURVE('',#4223,#4275,#5535,.T.);
#3605=EDGE_CURVE('',#4274,#4229,#5536,.T.);
#3606=EDGE_CURVE('',#4449,#4272,#5537,.T.);
#3607=EDGE_CURVE('',#4449,#4255,#5538,.T.);
#3608=EDGE_CURVE('',#4450,#4271,#5539,.T.);
#3609=EDGE_CURVE('',#4450,#4449,#5540,.T.);
#3610=EDGE_CURVE('',#4450,#4256,#5541,.T.);
#3611=EDGE_CURVE('',#4451,#4452,#5542,.T.);
#3612=EDGE_CURVE('',#4453,#4451,#5543,.T.);
#3613=EDGE_CURVE('',#4453,#4454,#5544,.T.);
#3614=EDGE_CURVE('',#4454,#4452,#5545,.T.);
#3615=EDGE_CURVE('',#4451,#4455,#5546,.T.);
#3616=EDGE_CURVE('',#4456,#4455,#5547,.T.);
#3617=EDGE_CURVE('',#4453,#4456,#5548,.T.);
#3618=EDGE_CURVE('',#4455,#4457,#5549,.T.);
#3619=EDGE_CURVE('',#4458,#4457,#5550,.T.);
#3620=EDGE_CURVE('',#4456,#4458,#5551,.T.);
#3621=EDGE_CURVE('',#4459,#4460,#5552,.T.);
#3622=EDGE_CURVE('',#4460,#4461,#5553,.T.);
#3623=EDGE_CURVE('',#4462,#4461,#5554,.T.);
#3624=EDGE_CURVE('',#4462,#4459,#5555,.T.);
#3625=EDGE_CURVE('',#4463,#4464,#5556,.T.);
#3626=EDGE_CURVE('',#4463,#4465,#5557,.T.);
#3627=EDGE_CURVE('',#4465,#4466,#5558,.T.);
#3628=EDGE_CURVE('',#4466,#4464,#5559,.T.);
#3629=EDGE_CURVE('',#4467,#4468,#5560,.T.);
#3630=EDGE_CURVE('',#4468,#4469,#5561,.T.);
#3631=EDGE_CURVE('',#4470,#4469,#5562,.T.);
#3632=EDGE_CURVE('',#4470,#4467,#5563,.T.);
#3633=EDGE_CURVE('',#4471,#4471,#91,.T.);
#3634=EDGE_CURVE('',#4472,#4472,#92,.T.);
#3635=EDGE_CURVE('',#4473,#4473,#93,.T.);
#3636=EDGE_CURVE('',#4474,#4474,#94,.T.);
#3637=EDGE_CURVE('',#4475,#4475,#95,.T.);
#3638=EDGE_CURVE('',#4476,#4476,#96,.T.);
#3639=EDGE_CURVE('',#4452,#4457,#5564,.T.);
#3640=EDGE_CURVE('',#4454,#4458,#5565,.T.);
#3641=EDGE_CURVE('',#4477,#4478,#5566,.T.);
#3642=EDGE_CURVE('',#4478,#4479,#5567,.T.);
#3643=EDGE_CURVE('',#4480,#4479,#5568,.T.);
#3644=EDGE_CURVE('',#4480,#4477,#5569,.T.);
#3645=EDGE_CURVE('',#4481,#4481,#97,.T.);
#3646=EDGE_CURVE('',#4482,#4482,#98,.T.);
#3647=EDGE_CURVE('',#4465,#4468,#5570,.F.);
#3648=EDGE_CURVE('',#4467,#4478,#5571,.F.);
#3649=EDGE_CURVE('',#4477,#4460,#5572,.F.);
#3650=EDGE_CURVE('',#4459,#4466,#5573,.F.);
#3651=EDGE_CURVE('',#4469,#4463,#5574,.F.);
#3652=EDGE_CURVE('',#4464,#4462,#5575,.F.);
#3653=EDGE_CURVE('',#4461,#4480,#5576,.F.);
#3654=EDGE_CURVE('',#4479,#4470,#5577,.F.);
#3655=EDGE_CURVE('',#4483,#4484,#5578,.T.);
#3656=EDGE_CURVE('',#4484,#4485,#5579,.T.);
#3657=EDGE_CURVE('',#4486,#4485,#5580,.T.);
#3658=EDGE_CURVE('',#4486,#4483,#5581,.T.);
#3659=EDGE_CURVE('',#4487,#4488,#5582,.T.);
#3660=EDGE_CURVE('',#4488,#4489,#5583,.T.);
#3661=EDGE_CURVE('',#4490,#4489,#5584,.T.);
#3662=EDGE_CURVE('',#4490,#4487,#5585,.T.);
#3663=EDGE_CURVE('',#4491,#4492,#5586,.T.);
#3664=EDGE_CURVE('',#4492,#4493,#5587,.T.);
#3665=EDGE_CURVE('',#4494,#4493,#5588,.T.);
#3666=EDGE_CURVE('',#4494,#4491,#5589,.T.);
#3667=EDGE_CURVE('',#4495,#4496,#5590,.T.);
#3668=EDGE_CURVE('',#4496,#4497,#5591,.T.);
#3669=EDGE_CURVE('',#4498,#4497,#5592,.T.);
#3670=EDGE_CURVE('',#4498,#4495,#5593,.T.);
#3671=EDGE_CURVE('',#4493,#4496,#5594,.T.);
#3672=EDGE_CURVE('',#4495,#4484,#5595,.F.);
#3673=EDGE_CURVE('',#4483,#4490,#5596,.T.);
#3674=EDGE_CURVE('',#4489,#4494,#5597,.F.);
#3675=EDGE_CURVE('',#4497,#4492,#5598,.T.);
#3676=EDGE_CURVE('',#4491,#4488,#5599,.F.);
#3677=EDGE_CURVE('',#4487,#4486,#5600,.T.);
#3678=EDGE_CURVE('',#4485,#4498,#5601,.F.);
#3679=EDGE_CURVE('',#4499,#4500,#5602,.T.);
#3680=EDGE_CURVE('',#4500,#4501,#5603,.T.);
#3681=EDGE_CURVE('',#4502,#4501,#5604,.T.);
#3682=EDGE_CURVE('',#4502,#4499,#5605,.T.);
#3683=EDGE_CURVE('',#4503,#4504,#5606,.T.);
#3684=EDGE_CURVE('',#4504,#4505,#5607,.T.);
#3685=EDGE_CURVE('',#4505,#4506,#5608,.T.);
#3686=EDGE_CURVE('',#4506,#4503,#5609,.T.);
#3687=EDGE_CURVE('',#4507,#4508,#5610,.T.);
#3688=EDGE_CURVE('',#4508,#4509,#5611,.T.);
#3689=EDGE_CURVE('',#4509,#4510,#5612,.T.);
#3690=EDGE_CURVE('',#4510,#4507,#5613,.T.);
#3691=EDGE_CURVE('',#4511,#4511,#99,.T.);
#3692=EDGE_CURVE('',#4512,#4512,#100,.T.);
#3693=EDGE_CURVE('',#4513,#4514,#5614,.T.);
#3694=EDGE_CURVE('',#4514,#4515,#5615,.T.);
#3695=EDGE_CURVE('',#4516,#4515,#5616,.T.);
#3696=EDGE_CURVE('',#4516,#4513,#5617,.T.);
#3697=EDGE_CURVE('',#4517,#4518,#5618,.T.);
#3698=EDGE_CURVE('',#4518,#4519,#5619,.T.);
#3699=EDGE_CURVE('',#4519,#4520,#5620,.T.);
#3700=EDGE_CURVE('',#4520,#4521,#5621,.F.);
#3701=EDGE_CURVE('',#4521,#4522,#5622,.T.);
#3702=EDGE_CURVE('',#4522,#4523,#5623,.T.);
#3703=EDGE_CURVE('',#4523,#4524,#5624,.T.);
#3704=EDGE_CURVE('',#4524,#4517,#5625,.F.);
#3705=EDGE_CURVE('',#4515,#4508,#5626,.T.);
#3706=EDGE_CURVE('',#4507,#4504,#5627,.F.);
#3707=EDGE_CURVE('',#4503,#4502,#5628,.T.);
#3708=EDGE_CURVE('',#4501,#4516,#5629,.F.);
#3709=EDGE_CURVE('',#4505,#4524,#5630,.F.);
#3710=EDGE_CURVE('',#4523,#4506,#5631,.T.);
#3711=EDGE_CURVE('',#4521,#4500,#5632,.T.);
#3712=EDGE_CURVE('',#4499,#4522,#5633,.F.);
#3713=EDGE_CURVE('',#4509,#4518,#5634,.T.);
#3714=EDGE_CURVE('',#4517,#4510,#5635,.F.);
#3715=EDGE_CURVE('',#4519,#4514,#5636,.F.);
#3716=EDGE_CURVE('',#4513,#4520,#5637,.T.);
#3717=VERTEX_POINT('',#11571);
#3718=VERTEX_POINT('',#11572);
#3719=VERTEX_POINT('',#11574);
#3720=VERTEX_POINT('',#11576);
#3721=VERTEX_POINT('',#11580);
#3722=VERTEX_POINT('',#11581);
#3723=VERTEX_POINT('',#11583);
#3724=VERTEX_POINT('',#11585);
#3725=VERTEX_POINT('',#11589);
#3726=VERTEX_POINT('',#11590);
#3727=VERTEX_POINT('',#11592);
#3728=VERTEX_POINT('',#11594);
#3729=VERTEX_POINT('',#11598);
#3730=VERTEX_POINT('',#11599);
#3731=VERTEX_POINT('',#11601);
#3732=VERTEX_POINT('',#11603);
#3733=VERTEX_POINT('',#11607);
#3734=VERTEX_POINT('',#11609);
#3735=VERTEX_POINT('',#11613);
#3736=VERTEX_POINT('',#11615);
#3737=VERTEX_POINT('',#11619);
#3738=VERTEX_POINT('',#11621);
#3739=VERTEX_POINT('',#11625);
#3740=VERTEX_POINT('',#11627);
#3741=VERTEX_POINT('',#11631);
#3742=VERTEX_POINT('',#11632);
#3743=VERTEX_POINT('',#11634);
#3744=VERTEX_POINT('',#11636);
#3745=VERTEX_POINT('',#11640);
#3746=VERTEX_POINT('',#11642);
#3747=VERTEX_POINT('',#11646);
#3748=VERTEX_POINT('',#11648);
#3749=VERTEX_POINT('',#11652);
#3750=VERTEX_POINT('',#11654);
#3751=VERTEX_POINT('',#11658);
#3752=VERTEX_POINT('',#11660);
#3753=VERTEX_POINT('',#11664);
#3754=VERTEX_POINT('',#11665);
#3755=VERTEX_POINT('',#11667);
#3756=VERTEX_POINT('',#11669);
#3757=VERTEX_POINT('',#11673);
#3758=VERTEX_POINT('',#11675);
#3759=VERTEX_POINT('',#11679);
#3760=VERTEX_POINT('',#11681);
#3761=VERTEX_POINT('',#11685);
#3762=VERTEX_POINT('',#11687);
#3763=VERTEX_POINT('',#11691);
#3764=VERTEX_POINT('',#11693);
#3765=VERTEX_POINT('',#11697);
#3766=VERTEX_POINT('',#11698);
#3767=VERTEX_POINT('',#11700);
#3768=VERTEX_POINT('',#11702);
#3769=VERTEX_POINT('',#11706);
#3770=VERTEX_POINT('',#11708);
#3771=VERTEX_POINT('',#11712);
#3772=VERTEX_POINT('',#11714);
#3773=VERTEX_POINT('',#11718);
#3774=VERTEX_POINT('',#11720);
#3775=VERTEX_POINT('',#11724);
#3776=VERTEX_POINT('',#11726);
#3777=VERTEX_POINT('',#11730);
#3778=VERTEX_POINT('',#11731);
#3779=VERTEX_POINT('',#11733);
#3780=VERTEX_POINT('',#11735);
#3781=VERTEX_POINT('',#11739);
#3782=VERTEX_POINT('',#11741);
#3783=VERTEX_POINT('',#11745);
#3784=VERTEX_POINT('',#11747);
#3785=VERTEX_POINT('',#11751);
#3786=VERTEX_POINT('',#11753);
#3787=VERTEX_POINT('',#11757);
#3788=VERTEX_POINT('',#11759);
#3789=VERTEX_POINT('',#11763);
#3790=VERTEX_POINT('',#11764);
#3791=VERTEX_POINT('',#11766);
#3792=VERTEX_POINT('',#11768);
#3793=VERTEX_POINT('',#11772);
#3794=VERTEX_POINT('',#11774);
#3795=VERTEX_POINT('',#11778);
#3796=VERTEX_POINT('',#11780);
#3797=VERTEX_POINT('',#11784);
#3798=VERTEX_POINT('',#11786);
#3799=VERTEX_POINT('',#11790);
#3800=VERTEX_POINT('',#11792);
#3801=VERTEX_POINT('',#11796);
#3802=VERTEX_POINT('',#11797);
#3803=VERTEX_POINT('',#11799);
#3804=VERTEX_POINT('',#11801);
#3805=VERTEX_POINT('',#11805);
#3806=VERTEX_POINT('',#11807);
#3807=VERTEX_POINT('',#11811);
#3808=VERTEX_POINT('',#11813);
#3809=VERTEX_POINT('',#11817);
#3810=VERTEX_POINT('',#11819);
#3811=VERTEX_POINT('',#11823);
#3812=VERTEX_POINT('',#11825);
#3813=VERTEX_POINT('',#11829);
#3814=VERTEX_POINT('',#11830);
#3815=VERTEX_POINT('',#11832);
#3816=VERTEX_POINT('',#11834);
#3817=VERTEX_POINT('',#11838);
#3818=VERTEX_POINT('',#11840);
#3819=VERTEX_POINT('',#11844);
#3820=VERTEX_POINT('',#11846);
#3821=VERTEX_POINT('',#11850);
#3822=VERTEX_POINT('',#11852);
#3823=VERTEX_POINT('',#11856);
#3824=VERTEX_POINT('',#11858);
#3825=VERTEX_POINT('',#11862);
#3826=VERTEX_POINT('',#11863);
#3827=VERTEX_POINT('',#11865);
#3828=VERTEX_POINT('',#11867);
#3829=VERTEX_POINT('',#11871);
#3830=VERTEX_POINT('',#11873);
#3831=VERTEX_POINT('',#11877);
#3832=VERTEX_POINT('',#11879);
#3833=VERTEX_POINT('',#11883);
#3834=VERTEX_POINT('',#11885);
#3835=VERTEX_POINT('',#11889);
#3836=VERTEX_POINT('',#11891);
#3837=VERTEX_POINT('',#11895);
#3838=VERTEX_POINT('',#11896);
#3839=VERTEX_POINT('',#11898);
#3840=VERTEX_POINT('',#11900);
#3841=VERTEX_POINT('',#11904);
#3842=VERTEX_POINT('',#11906);
#3843=VERTEX_POINT('',#11910);
#3844=VERTEX_POINT('',#11912);
#3845=VERTEX_POINT('',#11916);
#3846=VERTEX_POINT('',#11918);
#3847=VERTEX_POINT('',#11922);
#3848=VERTEX_POINT('',#11924);
#3849=VERTEX_POINT('',#11928);
#3850=VERTEX_POINT('',#11929);
#3851=VERTEX_POINT('',#11931);
#3852=VERTEX_POINT('',#11933);
#3853=VERTEX_POINT('',#11937);
#3854=VERTEX_POINT('',#11939);
#3855=VERTEX_POINT('',#11943);
#3856=VERTEX_POINT('',#11945);
#3857=VERTEX_POINT('',#11949);
#3858=VERTEX_POINT('',#11951);
#3859=VERTEX_POINT('',#11955);
#3860=VERTEX_POINT('',#11957);
#3861=VERTEX_POINT('',#11961);
#3862=VERTEX_POINT('',#11962);
#3863=VERTEX_POINT('',#11964);
#3864=VERTEX_POINT('',#11966);
#3865=VERTEX_POINT('',#11970);
#3866=VERTEX_POINT('',#11972);
#3867=VERTEX_POINT('',#11976);
#3868=VERTEX_POINT('',#11978);
#3869=VERTEX_POINT('',#11982);
#3870=VERTEX_POINT('',#11984);
#3871=VERTEX_POINT('',#11988);
#3872=VERTEX_POINT('',#11990);
#3873=VERTEX_POINT('',#11994);
#3874=VERTEX_POINT('',#11995);
#3875=VERTEX_POINT('',#11997);
#3876=VERTEX_POINT('',#11999);
#3877=VERTEX_POINT('',#12003);
#3878=VERTEX_POINT('',#12005);
#3879=VERTEX_POINT('',#12009);
#3880=VERTEX_POINT('',#12011);
#3881=VERTEX_POINT('',#12015);
#3882=VERTEX_POINT('',#12017);
#3883=VERTEX_POINT('',#12021);
#3884=VERTEX_POINT('',#12023);
#3885=VERTEX_POINT('',#12027);
#3886=VERTEX_POINT('',#12028);
#3887=VERTEX_POINT('',#12030);
#3888=VERTEX_POINT('',#12032);
#3889=VERTEX_POINT('',#12036);
#3890=VERTEX_POINT('',#12038);
#3891=VERTEX_POINT('',#12042);
#3892=VERTEX_POINT('',#12044);
#3893=VERTEX_POINT('',#12048);
#3894=VERTEX_POINT('',#12050);
#3895=VERTEX_POINT('',#12054);
#3896=VERTEX_POINT('',#12056);
#3897=VERTEX_POINT('',#12060);
#3898=VERTEX_POINT('',#12061);
#3899=VERTEX_POINT('',#12063);
#3900=VERTEX_POINT('',#12065);
#3901=VERTEX_POINT('',#12069);
#3902=VERTEX_POINT('',#12071);
#3903=VERTEX_POINT('',#12075);
#3904=VERTEX_POINT('',#12077);
#3905=VERTEX_POINT('',#12081);
#3906=VERTEX_POINT('',#12083);
#3907=VERTEX_POINT('',#12087);
#3908=VERTEX_POINT('',#12089);
#3909=VERTEX_POINT('',#12093);
#3910=VERTEX_POINT('',#12094);
#3911=VERTEX_POINT('',#12096);
#3912=VERTEX_POINT('',#12098);
#3913=VERTEX_POINT('',#12102);
#3914=VERTEX_POINT('',#12104);
#3915=VERTEX_POINT('',#12108);
#3916=VERTEX_POINT('',#12110);
#3917=VERTEX_POINT('',#12114);
#3918=VERTEX_POINT('',#12116);
#3919=VERTEX_POINT('',#12120);
#3920=VERTEX_POINT('',#12122);
#3921=VERTEX_POINT('',#12126);
#3922=VERTEX_POINT('',#12127);
#3923=VERTEX_POINT('',#12129);
#3924=VERTEX_POINT('',#12131);
#3925=VERTEX_POINT('',#12135);
#3926=VERTEX_POINT('',#12137);
#3927=VERTEX_POINT('',#12141);
#3928=VERTEX_POINT('',#12143);
#3929=VERTEX_POINT('',#12147);
#3930=VERTEX_POINT('',#12149);
#3931=VERTEX_POINT('',#12153);
#3932=VERTEX_POINT('',#12155);
#3933=VERTEX_POINT('',#12159);
#3934=VERTEX_POINT('',#12160);
#3935=VERTEX_POINT('',#12162);
#3936=VERTEX_POINT('',#12164);
#3937=VERTEX_POINT('',#12168);
#3938=VERTEX_POINT('',#12170);
#3939=VERTEX_POINT('',#12174);
#3940=VERTEX_POINT('',#12176);
#3941=VERTEX_POINT('',#12180);
#3942=VERTEX_POINT('',#12182);
#3943=VERTEX_POINT('',#12186);
#3944=VERTEX_POINT('',#12188);
#3945=VERTEX_POINT('',#12192);
#3946=VERTEX_POINT('',#12193);
#3947=VERTEX_POINT('',#12195);
#3948=VERTEX_POINT('',#12197);
#3949=VERTEX_POINT('',#12201);
#3950=VERTEX_POINT('',#12203);
#3951=VERTEX_POINT('',#12207);
#3952=VERTEX_POINT('',#12209);
#3953=VERTEX_POINT('',#12213);
#3954=VERTEX_POINT('',#12215);
#3955=VERTEX_POINT('',#12219);
#3956=VERTEX_POINT('',#12221);
#3957=VERTEX_POINT('',#12225);
#3958=VERTEX_POINT('',#12226);
#3959=VERTEX_POINT('',#12228);
#3960=VERTEX_POINT('',#12230);
#3961=VERTEX_POINT('',#12234);
#3962=VERTEX_POINT('',#12236);
#3963=VERTEX_POINT('',#12240);
#3964=VERTEX_POINT('',#12242);
#3965=VERTEX_POINT('',#12246);
#3966=VERTEX_POINT('',#12248);
#3967=VERTEX_POINT('',#12252);
#3968=VERTEX_POINT('',#12254);
#3969=VERTEX_POINT('',#12258);
#3970=VERTEX_POINT('',#12259);
#3971=VERTEX_POINT('',#12261);
#3972=VERTEX_POINT('',#12263);
#3973=VERTEX_POINT('',#12267);
#3974=VERTEX_POINT('',#12269);
#3975=VERTEX_POINT('',#12273);
#3976=VERTEX_POINT('',#12275);
#3977=VERTEX_POINT('',#12279);
#3978=VERTEX_POINT('',#12281);
#3979=VERTEX_POINT('',#12285);
#3980=VERTEX_POINT('',#12287);
#3981=VERTEX_POINT('',#12291);
#3982=VERTEX_POINT('',#12292);
#3983=VERTEX_POINT('',#12294);
#3984=VERTEX_POINT('',#12296);
#3985=VERTEX_POINT('',#12300);
#3986=VERTEX_POINT('',#12302);
#3987=VERTEX_POINT('',#12306);
#3988=VERTEX_POINT('',#12308);
#3989=VERTEX_POINT('',#12312);
#3990=VERTEX_POINT('',#12314);
#3991=VERTEX_POINT('',#12318);
#3992=VERTEX_POINT('',#12320);
#3993=VERTEX_POINT('',#12324);
#3994=VERTEX_POINT('',#12325);
#3995=VERTEX_POINT('',#12327);
#3996=VERTEX_POINT('',#12329);
#3997=VERTEX_POINT('',#12333);
#3998=VERTEX_POINT('',#12335);
#3999=VERTEX_POINT('',#12339);
#4000=VERTEX_POINT('',#12341);
#4001=VERTEX_POINT('',#12345);
#4002=VERTEX_POINT('',#12347);
#4003=VERTEX_POINT('',#12351);
#4004=VERTEX_POINT('',#12353);
#4005=VERTEX_POINT('',#12357);
#4006=VERTEX_POINT('',#12358);
#4007=VERTEX_POINT('',#12360);
#4008=VERTEX_POINT('',#12362);
#4009=VERTEX_POINT('',#12366);
#4010=VERTEX_POINT('',#12368);
#4011=VERTEX_POINT('',#12372);
#4012=VERTEX_POINT('',#12374);
#4013=VERTEX_POINT('',#12378);
#4014=VERTEX_POINT('',#12380);
#4015=VERTEX_POINT('',#12384);
#4016=VERTEX_POINT('',#12386);
#4017=VERTEX_POINT('',#12390);
#4018=VERTEX_POINT('',#12391);
#4019=VERTEX_POINT('',#12393);
#4020=VERTEX_POINT('',#12395);
#4021=VERTEX_POINT('',#12399);
#4022=VERTEX_POINT('',#12401);
#4023=VERTEX_POINT('',#12405);
#4024=VERTEX_POINT('',#12407);
#4025=VERTEX_POINT('',#12411);
#4026=VERTEX_POINT('',#12413);
#4027=VERTEX_POINT('',#12417);
#4028=VERTEX_POINT('',#12419);
#4029=VERTEX_POINT('',#12423);
#4030=VERTEX_POINT('',#12424);
#4031=VERTEX_POINT('',#12426);
#4032=VERTEX_POINT('',#12428);
#4033=VERTEX_POINT('',#12432);
#4034=VERTEX_POINT('',#12434);
#4035=VERTEX_POINT('',#12438);
#4036=VERTEX_POINT('',#12440);
#4037=VERTEX_POINT('',#12444);
#4038=VERTEX_POINT('',#12446);
#4039=VERTEX_POINT('',#12450);
#4040=VERTEX_POINT('',#12452);
#4041=VERTEX_POINT('',#12456);
#4042=VERTEX_POINT('',#12457);
#4043=VERTEX_POINT('',#12459);
#4044=VERTEX_POINT('',#12461);
#4045=VERTEX_POINT('',#12465);
#4046=VERTEX_POINT('',#12467);
#4047=VERTEX_POINT('',#12471);
#4048=VERTEX_POINT('',#12473);
#4049=VERTEX_POINT('',#12477);
#4050=VERTEX_POINT('',#12479);
#4051=VERTEX_POINT('',#12483);
#4052=VERTEX_POINT('',#12485);
#4053=VERTEX_POINT('',#12489);
#4054=VERTEX_POINT('',#12490);
#4055=VERTEX_POINT('',#12492);
#4056=VERTEX_POINT('',#12494);
#4057=VERTEX_POINT('',#12498);
#4058=VERTEX_POINT('',#12500);
#4059=VERTEX_POINT('',#12504);
#4060=VERTEX_POINT('',#12506);
#4061=VERTEX_POINT('',#12510);
#4062=VERTEX_POINT('',#12512);
#4063=VERTEX_POINT('',#12516);
#4064=VERTEX_POINT('',#12518);
#4065=VERTEX_POINT('',#12522);
#4066=VERTEX_POINT('',#12523);
#4067=VERTEX_POINT('',#12525);
#4068=VERTEX_POINT('',#12527);
#4069=VERTEX_POINT('',#12531);
#4070=VERTEX_POINT('',#12533);
#4071=VERTEX_POINT('',#12537);
#4072=VERTEX_POINT('',#12539);
#4073=VERTEX_POINT('',#12543);
#4074=VERTEX_POINT('',#12545);
#4075=VERTEX_POINT('',#12549);
#4076=VERTEX_POINT('',#12551);
#4077=VERTEX_POINT('',#12555);
#4078=VERTEX_POINT('',#12556);
#4079=VERTEX_POINT('',#12558);
#4080=VERTEX_POINT('',#12560);
#4081=VERTEX_POINT('',#12564);
#4082=VERTEX_POINT('',#12566);
#4083=VERTEX_POINT('',#12570);
#4084=VERTEX_POINT('',#12572);
#4085=VERTEX_POINT('',#12576);
#4086=VERTEX_POINT('',#12578);
#4087=VERTEX_POINT('',#12582);
#4088=VERTEX_POINT('',#12584);
#4089=VERTEX_POINT('',#12588);
#4090=VERTEX_POINT('',#12589);
#4091=VERTEX_POINT('',#12591);
#4092=VERTEX_POINT('',#12593);
#4093=VERTEX_POINT('',#12597);
#4094=VERTEX_POINT('',#12599);
#4095=VERTEX_POINT('',#12603);
#4096=VERTEX_POINT('',#12605);
#4097=VERTEX_POINT('',#12609);
#4098=VERTEX_POINT('',#12611);
#4099=VERTEX_POINT('',#12615);
#4100=VERTEX_POINT('',#12617);
#4101=VERTEX_POINT('',#12621);
#4102=VERTEX_POINT('',#12622);
#4103=VERTEX_POINT('',#12624);
#4104=VERTEX_POINT('',#12626);
#4105=VERTEX_POINT('',#12630);
#4106=VERTEX_POINT('',#12632);
#4107=VERTEX_POINT('',#12636);
#4108=VERTEX_POINT('',#12638);
#4109=VERTEX_POINT('',#12642);
#4110=VERTEX_POINT('',#12644);
#4111=VERTEX_POINT('',#12648);
#4112=VERTEX_POINT('',#12650);
#4113=VERTEX_POINT('',#12750);
#4114=VERTEX_POINT('',#12751);
#4115=VERTEX_POINT('',#12753);
#4116=VERTEX_POINT('',#12755);
#4117=VERTEX_POINT('',#12774);
#4118=VERTEX_POINT('',#12775);
#4119=VERTEX_POINT('',#12777);
#4120=VERTEX_POINT('',#12779);
#4121=VERTEX_POINT('',#12783);
#4122=VERTEX_POINT('',#12784);
#4123=VERTEX_POINT('',#12786);
#4124=VERTEX_POINT('',#12788);
#4125=VERTEX_POINT('',#12792);
#4126=VERTEX_POINT('',#12793);
#4127=VERTEX_POINT('',#12795);
#4128=VERTEX_POINT('',#12797);
#4129=VERTEX_POINT('',#12801);
#4130=VERTEX_POINT('',#12802);
#4131=VERTEX_POINT('',#12804);
#4132=VERTEX_POINT('',#12806);
#4133=VERTEX_POINT('',#12810);
#4134=VERTEX_POINT('',#12812);
#4135=VERTEX_POINT('',#12816);
#4136=VERTEX_POINT('',#12818);
#4137=VERTEX_POINT('',#12825);
#4138=VERTEX_POINT('',#12826);
#4139=VERTEX_POINT('',#12828);
#4140=VERTEX_POINT('',#12830);
#4141=VERTEX_POINT('',#12849);
#4142=VERTEX_POINT('',#12850);
#4143=VERTEX_POINT('',#12852);
#4144=VERTEX_POINT('',#12854);
#4145=VERTEX_POINT('',#12858);
#4146=VERTEX_POINT('',#12860);
#4147=VERTEX_POINT('',#12864);
#4148=VERTEX_POINT('',#12866);
#4149=VERTEX_POINT('',#12870);
#4150=VERTEX_POINT('',#12872);
#4151=VERTEX_POINT('',#12876);
#4152=VERTEX_POINT('',#12878);
#4153=VERTEX_POINT('',#12882);
#4154=VERTEX_POINT('',#12884);
#4155=VERTEX_POINT('',#12888);
#4156=VERTEX_POINT('',#12890);
#4157=VERTEX_POINT('',#12894);
#4158=VERTEX_POINT('',#12895);
#4159=VERTEX_POINT('',#12897);
#4160=VERTEX_POINT('',#12899);
#4161=VERTEX_POINT('',#12903);
#4162=VERTEX_POINT('',#12905);
#4163=VERTEX_POINT('',#12909);
#4164=VERTEX_POINT('',#12911);
#4165=VERTEX_POINT('',#12915);
#4166=VERTEX_POINT('',#12917);
#4167=VERTEX_POINT('',#12920);
#4168=VERTEX_POINT('',#12922);
#4169=VERTEX_POINT('',#12925);
#4170=VERTEX_POINT('',#12927);
#4171=VERTEX_POINT('',#12930);
#4172=VERTEX_POINT('',#12932);
#4173=VERTEX_POINT('',#12944);
#4174=VERTEX_POINT('',#12945);
#4175=VERTEX_POINT('',#12947);
#4176=VERTEX_POINT('',#12949);
#4177=VERTEX_POINT('',#12953);
#4178=VERTEX_POINT('',#12954);
#4179=VERTEX_POINT('',#12956);
#4180=VERTEX_POINT('',#12958);
#4181=VERTEX_POINT('',#12962);
#4182=VERTEX_POINT('',#12963);
#4183=VERTEX_POINT('',#12965);
#4184=VERTEX_POINT('',#12967);
#4185=VERTEX_POINT('',#12971);
#4186=VERTEX_POINT('',#12972);
#4187=VERTEX_POINT('',#12974);
#4188=VERTEX_POINT('',#12976);
#4189=VERTEX_POINT('',#12980);
#4190=VERTEX_POINT('',#12981);
#4191=VERTEX_POINT('',#12983);
#4192=VERTEX_POINT('',#12985);
#4193=VERTEX_POINT('',#12989);
#4194=VERTEX_POINT('',#12990);
#4195=VERTEX_POINT('',#12992);
#4196=VERTEX_POINT('',#12994);
#4197=VERTEX_POINT('',#12998);
#4198=VERTEX_POINT('',#12999);
#4199=VERTEX_POINT('',#13001);
#4200=VERTEX_POINT('',#13003);
#4201=VERTEX_POINT('',#13007);
#4202=VERTEX_POINT('',#13008);
#4203=VERTEX_POINT('',#13010);
#4204=VERTEX_POINT('',#13012);
#4205=VERTEX_POINT('',#13016);
#4206=VERTEX_POINT('',#13017);
#4207=VERTEX_POINT('',#13019);
#4208=VERTEX_POINT('',#13021);
#4209=VERTEX_POINT('',#13023);
#4210=VERTEX_POINT('',#13025);
#4211=VERTEX_POINT('',#13028);
#4212=VERTEX_POINT('',#13030);
#4213=VERTEX_POINT('',#13034);
#4214=VERTEX_POINT('',#13036);
#4215=VERTEX_POINT('',#13040);
#4216=VERTEX_POINT('',#13042);
#4217=VERTEX_POINT('',#13044);
#4218=VERTEX_POINT('',#13046);
#4219=VERTEX_POINT('',#13049);
#4220=VERTEX_POINT('',#13051);
#4221=VERTEX_POINT('',#13055);
#4222=VERTEX_POINT('',#13057);
#4223=VERTEX_POINT('',#13061);
#4224=VERTEX_POINT('',#13063);
#4225=VERTEX_POINT('',#13065);
#4226=VERTEX_POINT('',#13067);
#4227=VERTEX_POINT('',#13070);
#4228=VERTEX_POINT('',#13072);
#4229=VERTEX_POINT('',#13076);
#4230=VERTEX_POINT('',#13078);
#4231=VERTEX_POINT('',#13082);
#4232=VERTEX_POINT('',#13084);
#4233=VERTEX_POINT('',#13086);
#4234=VERTEX_POINT('',#13088);
#4235=VERTEX_POINT('',#13091);
#4236=VERTEX_POINT('',#13093);
#4237=VERTEX_POINT('',#13097);
#4238=VERTEX_POINT('',#13098);
#4239=VERTEX_POINT('',#13100);
#4240=VERTEX_POINT('',#13102);
#4241=VERTEX_POINT('',#13106);
#4242=VERTEX_POINT('',#13107);
#4243=VERTEX_POINT('',#13112);
#4244=VERTEX_POINT('',#13113);
#4245=VERTEX_POINT('',#13118);
#4246=VERTEX_POINT('',#13119);
#4247=VERTEX_POINT('',#13121);
#4248=VERTEX_POINT('',#13123);
#4249=VERTEX_POINT('',#13127);
#4250=VERTEX_POINT('',#13128);
#4251=VERTEX_POINT('',#13133);
#4252=VERTEX_POINT('',#13134);
#4253=VERTEX_POINT('',#13139);
#4254=VERTEX_POINT('',#13140);
#4255=VERTEX_POINT('',#13142);
#4256=VERTEX_POINT('',#13144);
#4257=VERTEX_POINT('',#13146);
#4258=VERTEX_POINT('',#13148);
#4259=VERTEX_POINT('',#13152);
#4260=VERTEX_POINT('',#13154);
#4261=VERTEX_POINT('',#13158);
#4262=VERTEX_POINT('',#13160);
#4263=VERTEX_POINT('',#13164);
#4264=VERTEX_POINT('',#13165);
#4265=VERTEX_POINT('',#13167);
#4266=VERTEX_POINT('',#13169);
#4267=VERTEX_POINT('',#13173);
#4268=VERTEX_POINT('',#13174);
#4269=VERTEX_POINT('',#13179);
#4270=VERTEX_POINT('',#13180);
#4271=VERTEX_POINT('',#13191);
#4272=VERTEX_POINT('',#13193);
#4273=VERTEX_POINT('',#13204);
#4274=VERTEX_POINT('',#13205);
#4275=VERTEX_POINT('',#13207);
#4276=VERTEX_POINT('',#13209);
#4277=VERTEX_POINT('',#13211);
#4278=VERTEX_POINT('',#13213);
#4279=VERTEX_POINT('',#13215);
#4280=VERTEX_POINT('',#13217);
#4281=VERTEX_POINT('',#13221);
#4282=VERTEX_POINT('',#13222);
#4283=VERTEX_POINT('',#13224);
#4284=VERTEX_POINT('',#13226);
#4285=VERTEX_POINT('',#13229);
#4286=VERTEX_POINT('',#13231);
#4287=VERTEX_POINT('',#13233);
#4288=VERTEX_POINT('',#13235);
#4289=VERTEX_POINT('',#13239);
#4290=VERTEX_POINT('',#13240);
#4291=VERTEX_POINT('',#13245);
#4292=VERTEX_POINT('',#13247);
#4293=VERTEX_POINT('',#13250);
#4294=VERTEX_POINT('',#13252);
#4295=VERTEX_POINT('',#13254);
#4296=VERTEX_POINT('',#13256);
#4297=VERTEX_POINT('',#13260);
#4298=VERTEX_POINT('',#13261);
#4299=VERTEX_POINT('',#13263);
#4300=VERTEX_POINT('',#13265);
#4301=VERTEX_POINT('',#13268);
#4302=VERTEX_POINT('',#13270);
#4303=VERTEX_POINT('',#13272);
#4304=VERTEX_POINT('',#13274);
#4305=VERTEX_POINT('',#13278);
#4306=VERTEX_POINT('',#13279);
#4307=VERTEX_POINT('',#13284);
#4308=VERTEX_POINT('',#13286);
#4309=VERTEX_POINT('',#13289);
#4310=VERTEX_POINT('',#13291);
#4311=VERTEX_POINT('',#13293);
#4312=VERTEX_POINT('',#13295);
#4313=VERTEX_POINT('',#13299);
#4314=VERTEX_POINT('',#13300);
#4315=VERTEX_POINT('',#13302);
#4316=VERTEX_POINT('',#13304);
#4317=VERTEX_POINT('',#13308);
#4318=VERTEX_POINT('',#13310);
#4319=VERTEX_POINT('',#13313);
#4320=VERTEX_POINT('',#13315);
#4321=VERTEX_POINT('',#13317);
#4322=VERTEX_POINT('',#13319);
#4323=VERTEX_POINT('',#13323);
#4324=VERTEX_POINT('',#13324);
#4325=VERTEX_POINT('',#13329);
#4326=VERTEX_POINT('',#13330);
#4327=VERTEX_POINT('',#13332);
#4328=VERTEX_POINT('',#13334);
#4329=VERTEX_POINT('',#13337);
#4330=VERTEX_POINT('',#13339);
#4331=VERTEX_POINT('',#13341);
#4332=VERTEX_POINT('',#13343);
#4333=VERTEX_POINT('',#13347);
#4334=VERTEX_POINT('',#13348);
#4335=VERTEX_POINT('',#13353);
#4336=VERTEX_POINT('',#13355);
#4337=VERTEX_POINT('',#13358);
#4338=VERTEX_POINT('',#13360);
#4339=VERTEX_POINT('',#13362);
#4340=VERTEX_POINT('',#13364);
#4341=VERTEX_POINT('',#13368);
#4342=VERTEX_POINT('',#13369);
#4343=VERTEX_POINT('',#13371);
#4344=VERTEX_POINT('',#13373);
#4345=VERTEX_POINT('',#13377);
#4346=VERTEX_POINT('',#13379);
#4347=VERTEX_POINT('',#13383);
#4348=VERTEX_POINT('',#13384);
#4349=VERTEX_POINT('',#13386);
#4350=VERTEX_POINT('',#13388);
#4351=VERTEX_POINT('',#13390);
#4352=VERTEX_POINT('',#13393);
#4353=VERTEX_POINT('',#13395);
#4354=VERTEX_POINT('',#13397);
#4355=VERTEX_POINT('',#13401);
#4356=VERTEX_POINT('',#13402);
#4357=VERTEX_POINT('',#13404);
#4358=VERTEX_POINT('',#13406);
#4359=VERTEX_POINT('',#13410);
#4360=VERTEX_POINT('',#13411);
#4361=VERTEX_POINT('',#13416);
#4362=VERTEX_POINT('',#13418);
#4363=VERTEX_POINT('',#13422);
#4364=VERTEX_POINT('',#13423);
#4365=VERTEX_POINT('',#13425);
#4366=VERTEX_POINT('',#13427);
#4367=VERTEX_POINT('',#13429);
#4368=VERTEX_POINT('',#13431);
#4369=VERTEX_POINT('',#13433);
#4370=VERTEX_POINT('',#13436);
#4371=VERTEX_POINT('',#13440);
#4372=VERTEX_POINT('',#13441);
#4373=VERTEX_POINT('',#13443);
#4374=VERTEX_POINT('',#13445);
#4375=VERTEX_POINT('',#13449);
#4376=VERTEX_POINT('',#13450);
#4377=VERTEX_POINT('',#13455);
#4378=VERTEX_POINT('',#13457);
#4379=VERTEX_POINT('',#13461);
#4380=VERTEX_POINT('',#13462);
#4381=VERTEX_POINT('',#13464);
#4382=VERTEX_POINT('',#13466);
#4383=VERTEX_POINT('',#13468);
#4384=VERTEX_POINT('',#13470);
#4385=VERTEX_POINT('',#13472);
#4386=VERTEX_POINT('',#13475);
#4387=VERTEX_POINT('',#13479);
#4388=VERTEX_POINT('',#13480);
#4389=VERTEX_POINT('',#13482);
#4390=VERTEX_POINT('',#13484);
#4391=VERTEX_POINT('',#13488);
#4392=VERTEX_POINT('',#13489);
#4393=VERTEX_POINT('',#13494);
#4394=VERTEX_POINT('',#13496);
#4395=VERTEX_POINT('',#13500);
#4396=VERTEX_POINT('',#13501);
#4397=VERTEX_POINT('',#13503);
#4398=VERTEX_POINT('',#13505);
#4399=VERTEX_POINT('',#13507);
#4400=VERTEX_POINT('',#13510);
#4401=VERTEX_POINT('',#13512);
#4402=VERTEX_POINT('',#13514);
#4403=VERTEX_POINT('',#13524);
#4404=VERTEX_POINT('',#13526);
#4405=VERTEX_POINT('',#13529);
#4406=VERTEX_POINT('',#13531);
#4407=VERTEX_POINT('',#13539);
#4408=VERTEX_POINT('',#13541);
#4409=VERTEX_POINT('',#13544);
#4410=VERTEX_POINT('',#13546);
#4411=VERTEX_POINT('',#13549);
#4412=VERTEX_POINT('',#13551);
#4413=VERTEX_POINT('',#13554);
#4414=VERTEX_POINT('',#13556);
#4415=VERTEX_POINT('',#13559);
#4416=VERTEX_POINT('',#13561);
#4417=VERTEX_POINT('',#13569);
#4418=VERTEX_POINT('',#13571);
#4419=VERTEX_POINT('',#13573);
#4420=VERTEX_POINT('',#13575);
#4421=VERTEX_POINT('',#13577);
#4422=VERTEX_POINT('',#13579);
#4423=VERTEX_POINT('',#13581);
#4424=VERTEX_POINT('',#13583);
#4425=VERTEX_POINT('',#13686);
#4426=VERTEX_POINT('',#13688);
#4427=VERTEX_POINT('',#13691);
#4428=VERTEX_POINT('',#13695);
#4429=VERTEX_POINT('',#13697);
#4430=VERTEX_POINT('',#13700);
#4431=VERTEX_POINT('',#13704);
#4432=VERTEX_POINT('',#13706);
#4433=VERTEX_POINT('',#13709);
#4434=VERTEX_POINT('',#13713);
#4435=VERTEX_POINT('',#13715);
#4436=VERTEX_POINT('',#13718);
#4437=VERTEX_POINT('',#13722);
#4438=VERTEX_POINT('',#13724);
#4439=VERTEX_POINT('',#13727);
#4440=VERTEX_POINT('',#13731);
#4441=VERTEX_POINT('',#13733);
#4442=VERTEX_POINT('',#13736);
#4443=VERTEX_POINT('',#13740);
#4444=VERTEX_POINT('',#13742);
#4445=VERTEX_POINT('',#13745);
#4446=VERTEX_POINT('',#13749);
#4447=VERTEX_POINT('',#13751);
#4448=VERTEX_POINT('',#13754);
#4449=VERTEX_POINT('',#13777);
#4450=VERTEX_POINT('',#13781);
#4451=VERTEX_POINT('',#13797);
#4452=VERTEX_POINT('',#13798);
#4453=VERTEX_POINT('',#13800);
#4454=VERTEX_POINT('',#13802);
#4455=VERTEX_POINT('',#13806);
#4456=VERTEX_POINT('',#13808);
#4457=VERTEX_POINT('',#13812);
#4458=VERTEX_POINT('',#13814);
#4459=VERTEX_POINT('',#13818);
#4460=VERTEX_POINT('',#13819);
#4461=VERTEX_POINT('',#13821);
#4462=VERTEX_POINT('',#13823);
#4463=VERTEX_POINT('',#13827);
#4464=VERTEX_POINT('',#13828);
#4465=VERTEX_POINT('',#13830);
#4466=VERTEX_POINT('',#13832);
#4467=VERTEX_POINT('',#13836);
#4468=VERTEX_POINT('',#13837);
#4469=VERTEX_POINT('',#13839);
#4470=VERTEX_POINT('',#13841);
#4471=VERTEX_POINT('',#13845);
#4472=VERTEX_POINT('',#13847);
#4473=VERTEX_POINT('',#13850);
#4474=VERTEX_POINT('',#13852);
#4475=VERTEX_POINT('',#13855);
#4476=VERTEX_POINT('',#13857);
#4477=VERTEX_POINT('',#13863);
#4478=VERTEX_POINT('',#13864);
#4479=VERTEX_POINT('',#13866);
#4480=VERTEX_POINT('',#13868);
#4481=VERTEX_POINT('',#13872);
#4482=VERTEX_POINT('',#13874);
#4483=VERTEX_POINT('',#13892);
#4484=VERTEX_POINT('',#13893);
#4485=VERTEX_POINT('',#13895);
#4486=VERTEX_POINT('',#13897);
#4487=VERTEX_POINT('',#13901);
#4488=VERTEX_POINT('',#13902);
#4489=VERTEX_POINT('',#13904);
#4490=VERTEX_POINT('',#13906);
#4491=VERTEX_POINT('',#13910);
#4492=VERTEX_POINT('',#13911);
#4493=VERTEX_POINT('',#13913);
#4494=VERTEX_POINT('',#13915);
#4495=VERTEX_POINT('',#13919);
#4496=VERTEX_POINT('',#13920);
#4497=VERTEX_POINT('',#13922);
#4498=VERTEX_POINT('',#13924);
#4499=VERTEX_POINT('',#13943);
#4500=VERTEX_POINT('',#13944);
#4501=VERTEX_POINT('',#13946);
#4502=VERTEX_POINT('',#13948);
#4503=VERTEX_POINT('',#13952);
#4504=VERTEX_POINT('',#13953);
#4505=VERTEX_POINT('',#13955);
#4506=VERTEX_POINT('',#13957);
#4507=VERTEX_POINT('',#13961);
#4508=VERTEX_POINT('',#13962);
#4509=VERTEX_POINT('',#13964);
#4510=VERTEX_POINT('',#13966);
#4511=VERTEX_POINT('',#13970);
#4512=VERTEX_POINT('',#13972);
#4513=VERTEX_POINT('',#13975);
#4514=VERTEX_POINT('',#13976);
#4515=VERTEX_POINT('',#13978);
#4516=VERTEX_POINT('',#13980);
#4517=VERTEX_POINT('',#13984);
#4518=VERTEX_POINT('',#13985);
#4519=VERTEX_POINT('',#13987);
#4520=VERTEX_POINT('',#13989);
#4521=VERTEX_POINT('',#13991);
#4522=VERTEX_POINT('',#13993);
#4523=VERTEX_POINT('',#13995);
#4524=VERTEX_POINT('',#13997);
#4525=LINE('',#11570,#5638);
#4526=LINE('',#11573,#5639);
#4527=LINE('',#11575,#5640);
#4528=LINE('',#11577,#5641);
#4529=LINE('',#11579,#5642);
#4530=LINE('',#11582,#5643);
#4531=LINE('',#11584,#5644);
#4532=LINE('',#11586,#5645);
#4533=LINE('',#11588,#5646);
#4534=LINE('',#11591,#5647);
#4535=LINE('',#11593,#5648);
#4536=LINE('',#11595,#5649);
#4537=LINE('',#11597,#5650);
#4538=LINE('',#11600,#5651);
#4539=LINE('',#11602,#5652);
#4540=LINE('',#11604,#5653);
#4541=LINE('',#11606,#5654);
#4542=LINE('',#11608,#5655);
#4543=LINE('',#11610,#5656);
#4544=LINE('',#11612,#5657);
#4545=LINE('',#11614,#5658);
#4546=LINE('',#11616,#5659);
#4547=LINE('',#11618,#5660);
#4548=LINE('',#11620,#5661);
#4549=LINE('',#11622,#5662);
#4550=LINE('',#11624,#5663);
#4551=LINE('',#11626,#5664);
#4552=LINE('',#11628,#5665);
#4553=LINE('',#11630,#5666);
#4554=LINE('',#11633,#5667);
#4555=LINE('',#11635,#5668);
#4556=LINE('',#11637,#5669);
#4557=LINE('',#11639,#5670);
#4558=LINE('',#11641,#5671);
#4559=LINE('',#11643,#5672);
#4560=LINE('',#11645,#5673);
#4561=LINE('',#11647,#5674);
#4562=LINE('',#11649,#5675);
#4563=LINE('',#11651,#5676);
#4564=LINE('',#11653,#5677);
#4565=LINE('',#11655,#5678);
#4566=LINE('',#11657,#5679);
#4567=LINE('',#11659,#5680);
#4568=LINE('',#11661,#5681);
#4569=LINE('',#11663,#5682);
#4570=LINE('',#11666,#5683);
#4571=LINE('',#11668,#5684);
#4572=LINE('',#11670,#5685);
#4573=LINE('',#11672,#5686);
#4574=LINE('',#11674,#5687);
#4575=LINE('',#11676,#5688);
#4576=LINE('',#11678,#5689);
#4577=LINE('',#11680,#5690);
#4578=LINE('',#11682,#5691);
#4579=LINE('',#11684,#5692);
#4580=LINE('',#11686,#5693);
#4581=LINE('',#11688,#5694);
#4582=LINE('',#11690,#5695);
#4583=LINE('',#11692,#5696);
#4584=LINE('',#11694,#5697);
#4585=LINE('',#11696,#5698);
#4586=LINE('',#11699,#5699);
#4587=LINE('',#11701,#5700);
#4588=LINE('',#11703,#5701);
#4589=LINE('',#11705,#5702);
#4590=LINE('',#11707,#5703);
#4591=LINE('',#11709,#5704);
#4592=LINE('',#11711,#5705);
#4593=LINE('',#11713,#5706);
#4594=LINE('',#11715,#5707);
#4595=LINE('',#11717,#5708);
#4596=LINE('',#11719,#5709);
#4597=LINE('',#11721,#5710);
#4598=LINE('',#11723,#5711);
#4599=LINE('',#11725,#5712);
#4600=LINE('',#11727,#5713);
#4601=LINE('',#11729,#5714);
#4602=LINE('',#11732,#5715);
#4603=LINE('',#11734,#5716);
#4604=LINE('',#11736,#5717);
#4605=LINE('',#11738,#5718);
#4606=LINE('',#11740,#5719);
#4607=LINE('',#11742,#5720);
#4608=LINE('',#11744,#5721);
#4609=LINE('',#11746,#5722);
#4610=LINE('',#11748,#5723);
#4611=LINE('',#11750,#5724);
#4612=LINE('',#11752,#5725);
#4613=LINE('',#11754,#5726);
#4614=LINE('',#11756,#5727);
#4615=LINE('',#11758,#5728);
#4616=LINE('',#11760,#5729);
#4617=LINE('',#11762,#5730);
#4618=LINE('',#11765,#5731);
#4619=LINE('',#11767,#5732);
#4620=LINE('',#11769,#5733);
#4621=LINE('',#11771,#5734);
#4622=LINE('',#11773,#5735);
#4623=LINE('',#11775,#5736);
#4624=LINE('',#11777,#5737);
#4625=LINE('',#11779,#5738);
#4626=LINE('',#11781,#5739);
#4627=LINE('',#11783,#5740);
#4628=LINE('',#11785,#5741);
#4629=LINE('',#11787,#5742);
#4630=LINE('',#11789,#5743);
#4631=LINE('',#11791,#5744);
#4632=LINE('',#11793,#5745);
#4633=LINE('',#11795,#5746);
#4634=LINE('',#11798,#5747);
#4635=LINE('',#11800,#5748);
#4636=LINE('',#11802,#5749);
#4637=LINE('',#11804,#5750);
#4638=LINE('',#11806,#5751);
#4639=LINE('',#11808,#5752);
#4640=LINE('',#11810,#5753);
#4641=LINE('',#11812,#5754);
#4642=LINE('',#11814,#5755);
#4643=LINE('',#11816,#5756);
#4644=LINE('',#11818,#5757);
#4645=LINE('',#11820,#5758);
#4646=LINE('',#11822,#5759);
#4647=LINE('',#11824,#5760);
#4648=LINE('',#11826,#5761);
#4649=LINE('',#11828,#5762);
#4650=LINE('',#11831,#5763);
#4651=LINE('',#11833,#5764);
#4652=LINE('',#11835,#5765);
#4653=LINE('',#11837,#5766);
#4654=LINE('',#11839,#5767);
#4655=LINE('',#11841,#5768);
#4656=LINE('',#11843,#5769);
#4657=LINE('',#11845,#5770);
#4658=LINE('',#11847,#5771);
#4659=LINE('',#11849,#5772);
#4660=LINE('',#11851,#5773);
#4661=LINE('',#11853,#5774);
#4662=LINE('',#11855,#5775);
#4663=LINE('',#11857,#5776);
#4664=LINE('',#11859,#5777);
#4665=LINE('',#11861,#5778);
#4666=LINE('',#11864,#5779);
#4667=LINE('',#11866,#5780);
#4668=LINE('',#11868,#5781);
#4669=LINE('',#11870,#5782);
#4670=LINE('',#11872,#5783);
#4671=LINE('',#11874,#5784);
#4672=LINE('',#11876,#5785);
#4673=LINE('',#11878,#5786);
#4674=LINE('',#11880,#5787);
#4675=LINE('',#11882,#5788);
#4676=LINE('',#11884,#5789);
#4677=LINE('',#11886,#5790);
#4678=LINE('',#11888,#5791);
#4679=LINE('',#11890,#5792);
#4680=LINE('',#11892,#5793);
#4681=LINE('',#11894,#5794);
#4682=LINE('',#11897,#5795);
#4683=LINE('',#11899,#5796);
#4684=LINE('',#11901,#5797);
#4685=LINE('',#11903,#5798);
#4686=LINE('',#11905,#5799);
#4687=LINE('',#11907,#5800);
#4688=LINE('',#11909,#5801);
#4689=LINE('',#11911,#5802);
#4690=LINE('',#11913,#5803);
#4691=LINE('',#11915,#5804);
#4692=LINE('',#11917,#5805);
#4693=LINE('',#11919,#5806);
#4694=LINE('',#11921,#5807);
#4695=LINE('',#11923,#5808);
#4696=LINE('',#11925,#5809);
#4697=LINE('',#11927,#5810);
#4698=LINE('',#11930,#5811);
#4699=LINE('',#11932,#5812);
#4700=LINE('',#11934,#5813);
#4701=LINE('',#11936,#5814);
#4702=LINE('',#11938,#5815);
#4703=LINE('',#11940,#5816);
#4704=LINE('',#11942,#5817);
#4705=LINE('',#11944,#5818);
#4706=LINE('',#11946,#5819);
#4707=LINE('',#11948,#5820);
#4708=LINE('',#11950,#5821);
#4709=LINE('',#11952,#5822);
#4710=LINE('',#11954,#5823);
#4711=LINE('',#11956,#5824);
#4712=LINE('',#11958,#5825);
#4713=LINE('',#11960,#5826);
#4714=LINE('',#11963,#5827);
#4715=LINE('',#11965,#5828);
#4716=LINE('',#11967,#5829);
#4717=LINE('',#11969,#5830);
#4718=LINE('',#11971,#5831);
#4719=LINE('',#11973,#5832);
#4720=LINE('',#11975,#5833);
#4721=LINE('',#11977,#5834);
#4722=LINE('',#11979,#5835);
#4723=LINE('',#11981,#5836);
#4724=LINE('',#11983,#5837);
#4725=LINE('',#11985,#5838);
#4726=LINE('',#11987,#5839);
#4727=LINE('',#11989,#5840);
#4728=LINE('',#11991,#5841);
#4729=LINE('',#11993,#5842);
#4730=LINE('',#11996,#5843);
#4731=LINE('',#11998,#5844);
#4732=LINE('',#12000,#5845);
#4733=LINE('',#12002,#5846);
#4734=LINE('',#12004,#5847);
#4735=LINE('',#12006,#5848);
#4736=LINE('',#12008,#5849);
#4737=LINE('',#12010,#5850);
#4738=LINE('',#12012,#5851);
#4739=LINE('',#12014,#5852);
#4740=LINE('',#12016,#5853);
#4741=LINE('',#12018,#5854);
#4742=LINE('',#12020,#5855);
#4743=LINE('',#12022,#5856);
#4744=LINE('',#12024,#5857);
#4745=LINE('',#12026,#5858);
#4746=LINE('',#12029,#5859);
#4747=LINE('',#12031,#5860);
#4748=LINE('',#12033,#5861);
#4749=LINE('',#12035,#5862);
#4750=LINE('',#12037,#5863);
#4751=LINE('',#12039,#5864);
#4752=LINE('',#12041,#5865);
#4753=LINE('',#12043,#5866);
#4754=LINE('',#12045,#5867);
#4755=LINE('',#12047,#5868);
#4756=LINE('',#12049,#5869);
#4757=LINE('',#12051,#5870);
#4758=LINE('',#12053,#5871);
#4759=LINE('',#12055,#5872);
#4760=LINE('',#12057,#5873);
#4761=LINE('',#12059,#5874);
#4762=LINE('',#12062,#5875);
#4763=LINE('',#12064,#5876);
#4764=LINE('',#12066,#5877);
#4765=LINE('',#12068,#5878);
#4766=LINE('',#12070,#5879);
#4767=LINE('',#12072,#5880);
#4768=LINE('',#12074,#5881);
#4769=LINE('',#12076,#5882);
#4770=LINE('',#12078,#5883);
#4771=LINE('',#12080,#5884);
#4772=LINE('',#12082,#5885);
#4773=LINE('',#12084,#5886);
#4774=LINE('',#12086,#5887);
#4775=LINE('',#12088,#5888);
#4776=LINE('',#12090,#5889);
#4777=LINE('',#12092,#5890);
#4778=LINE('',#12095,#5891);
#4779=LINE('',#12097,#5892);
#4780=LINE('',#12099,#5893);
#4781=LINE('',#12101,#5894);
#4782=LINE('',#12103,#5895);
#4783=LINE('',#12105,#5896);
#4784=LINE('',#12107,#5897);
#4785=LINE('',#12109,#5898);
#4786=LINE('',#12111,#5899);
#4787=LINE('',#12113,#5900);
#4788=LINE('',#12115,#5901);
#4789=LINE('',#12117,#5902);
#4790=LINE('',#12119,#5903);
#4791=LINE('',#12121,#5904);
#4792=LINE('',#12123,#5905);
#4793=LINE('',#12125,#5906);
#4794=LINE('',#12128,#5907);
#4795=LINE('',#12130,#5908);
#4796=LINE('',#12132,#5909);
#4797=LINE('',#12134,#5910);
#4798=LINE('',#12136,#5911);
#4799=LINE('',#12138,#5912);
#4800=LINE('',#12140,#5913);
#4801=LINE('',#12142,#5914);
#4802=LINE('',#12144,#5915);
#4803=LINE('',#12146,#5916);
#4804=LINE('',#12148,#5917);
#4805=LINE('',#12150,#5918);
#4806=LINE('',#12152,#5919);
#4807=LINE('',#12154,#5920);
#4808=LINE('',#12156,#5921);
#4809=LINE('',#12158,#5922);
#4810=LINE('',#12161,#5923);
#4811=LINE('',#12163,#5924);
#4812=LINE('',#12165,#5925);
#4813=LINE('',#12167,#5926);
#4814=LINE('',#12169,#5927);
#4815=LINE('',#12171,#5928);
#4816=LINE('',#12173,#5929);
#4817=LINE('',#12175,#5930);
#4818=LINE('',#12177,#5931);
#4819=LINE('',#12179,#5932);
#4820=LINE('',#12181,#5933);
#4821=LINE('',#12183,#5934);
#4822=LINE('',#12185,#5935);
#4823=LINE('',#12187,#5936);
#4824=LINE('',#12189,#5937);
#4825=LINE('',#12191,#5938);
#4826=LINE('',#12194,#5939);
#4827=LINE('',#12196,#5940);
#4828=LINE('',#12198,#5941);
#4829=LINE('',#12200,#5942);
#4830=LINE('',#12202,#5943);
#4831=LINE('',#12204,#5944);
#4832=LINE('',#12206,#5945);
#4833=LINE('',#12208,#5946);
#4834=LINE('',#12210,#5947);
#4835=LINE('',#12212,#5948);
#4836=LINE('',#12214,#5949);
#4837=LINE('',#12216,#5950);
#4838=LINE('',#12218,#5951);
#4839=LINE('',#12220,#5952);
#4840=LINE('',#12222,#5953);
#4841=LINE('',#12224,#5954);
#4842=LINE('',#12227,#5955);
#4843=LINE('',#12229,#5956);
#4844=LINE('',#12231,#5957);
#4845=LINE('',#12233,#5958);
#4846=LINE('',#12235,#5959);
#4847=LINE('',#12237,#5960);
#4848=LINE('',#12239,#5961);
#4849=LINE('',#12241,#5962);
#4850=LINE('',#12243,#5963);
#4851=LINE('',#12245,#5964);
#4852=LINE('',#12247,#5965);
#4853=LINE('',#12249,#5966);
#4854=LINE('',#12251,#5967);
#4855=LINE('',#12253,#5968);
#4856=LINE('',#12255,#5969);
#4857=LINE('',#12257,#5970);
#4858=LINE('',#12260,#5971);
#4859=LINE('',#12262,#5972);
#4860=LINE('',#12264,#5973);
#4861=LINE('',#12266,#5974);
#4862=LINE('',#12268,#5975);
#4863=LINE('',#12270,#5976);
#4864=LINE('',#12272,#5977);
#4865=LINE('',#12274,#5978);
#4866=LINE('',#12276,#5979);
#4867=LINE('',#12278,#5980);
#4868=LINE('',#12280,#5981);
#4869=LINE('',#12282,#5982);
#4870=LINE('',#12284,#5983);
#4871=LINE('',#12286,#5984);
#4872=LINE('',#12288,#5985);
#4873=LINE('',#12290,#5986);
#4874=LINE('',#12293,#5987);
#4875=LINE('',#12295,#5988);
#4876=LINE('',#12297,#5989);
#4877=LINE('',#12299,#5990);
#4878=LINE('',#12301,#5991);
#4879=LINE('',#12303,#5992);
#4880=LINE('',#12305,#5993);
#4881=LINE('',#12307,#5994);
#4882=LINE('',#12309,#5995);
#4883=LINE('',#12311,#5996);
#4884=LINE('',#12313,#5997);
#4885=LINE('',#12315,#5998);
#4886=LINE('',#12317,#5999);
#4887=LINE('',#12319,#6000);
#4888=LINE('',#12321,#6001);
#4889=LINE('',#12323,#6002);
#4890=LINE('',#12326,#6003);
#4891=LINE('',#12328,#6004);
#4892=LINE('',#12330,#6005);
#4893=LINE('',#12332,#6006);
#4894=LINE('',#12334,#6007);
#4895=LINE('',#12336,#6008);
#4896=LINE('',#12338,#6009);
#4897=LINE('',#12340,#6010);
#4898=LINE('',#12342,#6011);
#4899=LINE('',#12344,#6012);
#4900=LINE('',#12346,#6013);
#4901=LINE('',#12348,#6014);
#4902=LINE('',#12350,#6015);
#4903=LINE('',#12352,#6016);
#4904=LINE('',#12354,#6017);
#4905=LINE('',#12356,#6018);
#4906=LINE('',#12359,#6019);
#4907=LINE('',#12361,#6020);
#4908=LINE('',#12363,#6021);
#4909=LINE('',#12365,#6022);
#4910=LINE('',#12367,#6023);
#4911=LINE('',#12369,#6024);
#4912=LINE('',#12371,#6025);
#4913=LINE('',#12373,#6026);
#4914=LINE('',#12375,#6027);
#4915=LINE('',#12377,#6028);
#4916=LINE('',#12379,#6029);
#4917=LINE('',#12381,#6030);
#4918=LINE('',#12383,#6031);
#4919=LINE('',#12385,#6032);
#4920=LINE('',#12387,#6033);
#4921=LINE('',#12389,#6034);
#4922=LINE('',#12392,#6035);
#4923=LINE('',#12394,#6036);
#4924=LINE('',#12396,#6037);
#4925=LINE('',#12398,#6038);
#4926=LINE('',#12400,#6039);
#4927=LINE('',#12402,#6040);
#4928=LINE('',#12404,#6041);
#4929=LINE('',#12406,#6042);
#4930=LINE('',#12408,#6043);
#4931=LINE('',#12410,#6044);
#4932=LINE('',#12412,#6045);
#4933=LINE('',#12414,#6046);
#4934=LINE('',#12416,#6047);
#4935=LINE('',#12418,#6048);
#4936=LINE('',#12420,#6049);
#4937=LINE('',#12422,#6050);
#4938=LINE('',#12425,#6051);
#4939=LINE('',#12427,#6052);
#4940=LINE('',#12429,#6053);
#4941=LINE('',#12431,#6054);
#4942=LINE('',#12433,#6055);
#4943=LINE('',#12435,#6056);
#4944=LINE('',#12437,#6057);
#4945=LINE('',#12439,#6058);
#4946=LINE('',#12441,#6059);
#4947=LINE('',#12443,#6060);
#4948=LINE('',#12445,#6061);
#4949=LINE('',#12447,#6062);
#4950=LINE('',#12449,#6063);
#4951=LINE('',#12451,#6064);
#4952=LINE('',#12453,#6065);
#4953=LINE('',#12455,#6066);
#4954=LINE('',#12458,#6067);
#4955=LINE('',#12460,#6068);
#4956=LINE('',#12462,#6069);
#4957=LINE('',#12464,#6070);
#4958=LINE('',#12466,#6071);
#4959=LINE('',#12468,#6072);
#4960=LINE('',#12470,#6073);
#4961=LINE('',#12472,#6074);
#4962=LINE('',#12474,#6075);
#4963=LINE('',#12476,#6076);
#4964=LINE('',#12478,#6077);
#4965=LINE('',#12480,#6078);
#4966=LINE('',#12482,#6079);
#4967=LINE('',#12484,#6080);
#4968=LINE('',#12486,#6081);
#4969=LINE('',#12488,#6082);
#4970=LINE('',#12491,#6083);
#4971=LINE('',#12493,#6084);
#4972=LINE('',#12495,#6085);
#4973=LINE('',#12497,#6086);
#4974=LINE('',#12499,#6087);
#4975=LINE('',#12501,#6088);
#4976=LINE('',#12503,#6089);
#4977=LINE('',#12505,#6090);
#4978=LINE('',#12507,#6091);
#4979=LINE('',#12509,#6092);
#4980=LINE('',#12511,#6093);
#4981=LINE('',#12513,#6094);
#4982=LINE('',#12515,#6095);
#4983=LINE('',#12517,#6096);
#4984=LINE('',#12519,#6097);
#4985=LINE('',#12521,#6098);
#4986=LINE('',#12524,#6099);
#4987=LINE('',#12526,#6100);
#4988=LINE('',#12528,#6101);
#4989=LINE('',#12530,#6102);
#4990=LINE('',#12532,#6103);
#4991=LINE('',#12534,#6104);
#4992=LINE('',#12536,#6105);
#4993=LINE('',#12538,#6106);
#4994=LINE('',#12540,#6107);
#4995=LINE('',#12542,#6108);
#4996=LINE('',#12544,#6109);
#4997=LINE('',#12546,#6110);
#4998=LINE('',#12548,#6111);
#4999=LINE('',#12550,#6112);
#5000=LINE('',#12552,#6113);
#5001=LINE('',#12554,#6114);
#5002=LINE('',#12557,#6115);
#5003=LINE('',#12559,#6116);
#5004=LINE('',#12561,#6117);
#5005=LINE('',#12563,#6118);
#5006=LINE('',#12565,#6119);
#5007=LINE('',#12567,#6120);
#5008=LINE('',#12569,#6121);
#5009=LINE('',#12571,#6122);
#5010=LINE('',#12573,#6123);
#5011=LINE('',#12575,#6124);
#5012=LINE('',#12577,#6125);
#5013=LINE('',#12579,#6126);
#5014=LINE('',#12581,#6127);
#5015=LINE('',#12583,#6128);
#5016=LINE('',#12585,#6129);
#5017=LINE('',#12587,#6130);
#5018=LINE('',#12590,#6131);
#5019=LINE('',#12592,#6132);
#5020=LINE('',#12594,#6133);
#5021=LINE('',#12596,#6134);
#5022=LINE('',#12598,#6135);
#5023=LINE('',#12600,#6136);
#5024=LINE('',#12602,#6137);
#5025=LINE('',#12604,#6138);
#5026=LINE('',#12606,#6139);
#5027=LINE('',#12608,#6140);
#5028=LINE('',#12610,#6141);
#5029=LINE('',#12612,#6142);
#5030=LINE('',#12614,#6143);
#5031=LINE('',#12616,#6144);
#5032=LINE('',#12618,#6145);
#5033=LINE('',#12620,#6146);
#5034=LINE('',#12623,#6147);
#5035=LINE('',#12625,#6148);
#5036=LINE('',#12627,#6149);
#5037=LINE('',#12629,#6150);
#5038=LINE('',#12631,#6151);
#5039=LINE('',#12633,#6152);
#5040=LINE('',#12635,#6153);
#5041=LINE('',#12637,#6154);
#5042=LINE('',#12639,#6155);
#5043=LINE('',#12641,#6156);
#5044=LINE('',#12643,#6157);
#5045=LINE('',#12645,#6158);
#5046=LINE('',#12647,#6159);
#5047=LINE('',#12649,#6160);
#5048=LINE('',#12651,#6161);
#5049=LINE('',#12653,#6162);
#5050=LINE('',#12654,#6163);
#5051=LINE('',#12656,#6164);
#5052=LINE('',#12657,#6165);
#5053=LINE('',#12659,#6166);
#5054=LINE('',#12660,#6167);
#5055=LINE('',#12662,#6168);
#5056=LINE('',#12663,#6169);
#5057=LINE('',#12665,#6170);
#5058=LINE('',#12666,#6171);
#5059=LINE('',#12668,#6172);
#5060=LINE('',#12669,#6173);
#5061=LINE('',#12671,#6174);
#5062=LINE('',#12672,#6175);
#5063=LINE('',#12674,#6176);
#5064=LINE('',#12675,#6177);
#5065=LINE('',#12677,#6178);
#5066=LINE('',#12678,#6179);
#5067=LINE('',#12680,#6180);
#5068=LINE('',#12681,#6181);
#5069=LINE('',#12683,#6182);
#5070=LINE('',#12684,#6183);
#5071=LINE('',#12686,#6184);
#5072=LINE('',#12687,#6185);
#5073=LINE('',#12689,#6186);
#5074=LINE('',#12690,#6187);
#5075=LINE('',#12692,#6188);
#5076=LINE('',#12693,#6189);
#5077=LINE('',#12695,#6190);
#5078=LINE('',#12696,#6191);
#5079=LINE('',#12698,#6192);
#5080=LINE('',#12699,#6193);
#5081=LINE('',#12701,#6194);
#5082=LINE('',#12702,#6195);
#5083=LINE('',#12704,#6196);
#5084=LINE('',#12705,#6197);
#5085=LINE('',#12707,#6198);
#5086=LINE('',#12708,#6199);
#5087=LINE('',#12710,#6200);
#5088=LINE('',#12711,#6201);
#5089=LINE('',#12713,#6202);
#5090=LINE('',#12714,#6203);
#5091=LINE('',#12716,#6204);
#5092=LINE('',#12717,#6205);
#5093=LINE('',#12719,#6206);
#5094=LINE('',#12720,#6207);
#5095=LINE('',#12722,#6208);
#5096=LINE('',#12723,#6209);
#5097=LINE('',#12725,#6210);
#5098=LINE('',#12726,#6211);
#5099=LINE('',#12728,#6212);
#5100=LINE('',#12729,#6213);
#5101=LINE('',#12731,#6214);
#5102=LINE('',#12732,#6215);
#5103=LINE('',#12734,#6216);
#5104=LINE('',#12735,#6217);
#5105=LINE('',#12737,#6218);
#5106=LINE('',#12738,#6219);
#5107=LINE('',#12740,#6220);
#5108=LINE('',#12741,#6221);
#5109=LINE('',#12743,#6222);
#5110=LINE('',#12744,#6223);
#5111=LINE('',#12746,#6224);
#5112=LINE('',#12747,#6225);
#5113=LINE('',#12749,#6226);
#5114=LINE('',#12752,#6227);
#5115=LINE('',#12754,#6228);
#5116=LINE('',#12756,#6229);
#5117=LINE('',#12758,#6230);
#5118=LINE('',#12759,#6231);
#5119=LINE('',#12760,#6232);
#5120=LINE('',#12761,#6233);
#5121=LINE('',#12763,#6234);
#5122=LINE('',#12764,#6235);
#5123=LINE('',#12765,#6236);
#5124=LINE('',#12766,#6237);
#5125=LINE('',#12773,#6238);
#5126=LINE('',#12776,#6239);
#5127=LINE('',#12778,#6240);
#5128=LINE('',#12780,#6241);
#5129=LINE('',#12782,#6242);
#5130=LINE('',#12785,#6243);
#5131=LINE('',#12787,#6244);
#5132=LINE('',#12789,#6245);
#5133=LINE('',#12791,#6246);
#5134=LINE('',#12794,#6247);
#5135=LINE('',#12796,#6248);
#5136=LINE('',#12798,#6249);
#5137=LINE('',#12800,#6250);
#5138=LINE('',#12803,#6251);
#5139=LINE('',#12805,#6252);
#5140=LINE('',#12807,#6253);
#5141=LINE('',#12809,#6254);
#5142=LINE('',#12811,#6255);
#5143=LINE('',#12813,#6256);
#5144=LINE('',#12815,#6257);
#5145=LINE('',#12817,#6258);
#5146=LINE('',#12819,#6259);
#5147=LINE('',#12821,#6260);
#5148=LINE('',#12822,#6261);
#5149=LINE('',#12824,#6262);
#5150=LINE('',#12827,#6263);
#5151=LINE('',#12829,#6264);
#5152=LINE('',#12831,#6265);
#5153=LINE('',#12833,#6266);
#5154=LINE('',#12834,#6267);
#5155=LINE('',#12835,#6268);
#5156=LINE('',#12836,#6269);
#5157=LINE('',#12838,#6270);
#5158=LINE('',#12839,#6271);
#5159=LINE('',#12840,#6272);
#5160=LINE('',#12841,#6273);
#5161=LINE('',#12848,#6274);
#5162=LINE('',#12851,#6275);
#5163=LINE('',#12853,#6276);
#5164=LINE('',#12855,#6277);
#5165=LINE('',#12857,#6278);
#5166=LINE('',#12859,#6279);
#5167=LINE('',#12861,#6280);
#5168=LINE('',#12863,#6281);
#5169=LINE('',#12865,#6282);
#5170=LINE('',#12867,#6283);
#5171=LINE('',#12869,#6284);
#5172=LINE('',#12871,#6285);
#5173=LINE('',#12873,#6286);
#5174=LINE('',#12875,#6287);
#5175=LINE('',#12877,#6288);
#5176=LINE('',#12879,#6289);
#5177=LINE('',#12881,#6290);
#5178=LINE('',#12883,#6291);
#5179=LINE('',#12885,#6292);
#5180=LINE('',#12887,#6293);
#5181=LINE('',#12889,#6294);
#5182=LINE('',#12891,#6295);
#5183=LINE('',#12893,#6296);
#5184=LINE('',#12896,#6297);
#5185=LINE('',#12898,#6298);
#5186=LINE('',#12900,#6299);
#5187=LINE('',#12902,#6300);
#5188=LINE('',#12904,#6301);
#5189=LINE('',#12906,#6302);
#5190=LINE('',#12908,#6303);
#5191=LINE('',#12910,#6304);
#5192=LINE('',#12912,#6305);
#5193=LINE('',#12934,#6306);
#5194=LINE('',#12935,#6307);
#5195=LINE('',#12937,#6308);
#5196=LINE('',#12938,#6309);
#5197=LINE('',#12943,#6310);
#5198=LINE('',#12946,#6311);
#5199=LINE('',#12948,#6312);
#5200=LINE('',#12950,#6313);
#5201=LINE('',#12952,#6314);
#5202=LINE('',#12955,#6315);
#5203=LINE('',#12957,#6316);
#5204=LINE('',#12959,#6317);
#5205=LINE('',#12961,#6318);
#5206=LINE('',#12964,#6319);
#5207=LINE('',#12966,#6320);
#5208=LINE('',#12968,#6321);
#5209=LINE('',#12970,#6322);
#5210=LINE('',#12973,#6323);
#5211=LINE('',#12975,#6324);
#5212=LINE('',#12977,#6325);
#5213=LINE('',#12979,#6326);
#5214=LINE('',#12982,#6327);
#5215=LINE('',#12984,#6328);
#5216=LINE('',#12986,#6329);
#5217=LINE('',#12988,#6330);
#5218=LINE('',#12991,#6331);
#5219=LINE('',#12993,#6332);
#5220=LINE('',#12995,#6333);
#5221=LINE('',#12997,#6334);
#5222=LINE('',#13000,#6335);
#5223=LINE('',#13002,#6336);
#5224=LINE('',#13004,#6337);
#5225=LINE('',#13006,#6338);
#5226=LINE('',#13009,#6339);
#5227=LINE('',#13011,#6340);
#5228=LINE('',#13013,#6341);
#5229=LINE('',#13015,#6342);
#5230=LINE('',#13018,#6343);
#5231=LINE('',#13020,#6344);
#5232=LINE('',#13022,#6345);
#5233=LINE('',#13024,#6346);
#5234=LINE('',#13026,#6347);
#5235=LINE('',#13027,#6348);
#5236=LINE('',#13029,#6349);
#5237=LINE('',#13031,#6350);
#5238=LINE('',#13035,#6351);
#5239=LINE('',#13039,#6352);
#5240=LINE('',#13041,#6353);
#5241=LINE('',#13043,#6354);
#5242=LINE('',#13045,#6355);
#5243=LINE('',#13047,#6356);
#5244=LINE('',#13048,#6357);
#5245=LINE('',#13050,#6358);
#5246=LINE('',#13052,#6359);
#5247=LINE('',#13056,#6360);
#5248=LINE('',#13060,#6361);
#5249=LINE('',#13062,#6362);
#5250=LINE('',#13064,#6363);
#5251=LINE('',#13066,#6364);
#5252=LINE('',#13068,#6365);
#5253=LINE('',#13069,#6366);
#5254=LINE('',#13071,#6367);
#5255=LINE('',#13073,#6368);
#5256=LINE('',#13077,#6369);
#5257=LINE('',#13081,#6370);
#5258=LINE('',#13083,#6371);
#5259=LINE('',#13085,#6372);
#5260=LINE('',#13087,#6373);
#5261=LINE('',#13089,#6374);
#5262=LINE('',#13090,#6375);
#5263=LINE('',#13092,#6376);
#5264=LINE('',#13094,#6377);
#5265=LINE('',#13096,#6378);
#5266=LINE('',#13099,#6379);
#5267=LINE('',#13101,#6380);
#5268=LINE('',#13103,#6381);
#5269=LINE('',#13105,#6382);
#5270=LINE('',#13108,#6383);
#5271=LINE('',#13109,#6384);
#5272=LINE('',#13111,#6385);
#5273=LINE('',#13114,#6386);
#5274=LINE('',#13115,#6387);
#5275=LINE('',#13117,#6388);
#5276=LINE('',#13120,#6389);
#5277=LINE('',#13122,#6390);
#5278=LINE('',#13124,#6391);
#5279=LINE('',#13126,#6392);
#5280=LINE('',#13129,#6393);
#5281=LINE('',#13130,#6394);
#5282=LINE('',#13132,#6395);
#5283=LINE('',#13135,#6396);
#5284=LINE('',#13136,#6397);
#5285=LINE('',#13138,#6398);
#5286=LINE('',#13141,#6399);
#5287=LINE('',#13143,#6400);
#5288=LINE('',#13145,#6401);
#5289=LINE('',#13147,#6402);
#5290=LINE('',#13149,#6403);
#5291=LINE('',#13151,#6404);
#5292=LINE('',#13153,#6405);
#5293=LINE('',#13155,#6406);
#5294=LINE('',#13157,#6407);
#5295=LINE('',#13159,#6408);
#5296=LINE('',#13161,#6409);
#5297=LINE('',#13163,#6410);
#5298=LINE('',#13166,#6411);
#5299=LINE('',#13168,#6412);
#5300=LINE('',#13170,#6413);
#5301=LINE('',#13172,#6414);
#5302=LINE('',#13175,#6415);
#5303=LINE('',#13176,#6416);
#5304=LINE('',#13178,#6417);
#5305=LINE('',#13181,#6418);
#5306=LINE('',#13182,#6419);
#5307=LINE('',#13184,#6420);
#5308=LINE('',#13185,#6421);
#5309=LINE('',#13187,#6422);
#5310=LINE('',#13188,#6423);
#5311=LINE('',#13190,#6424);
#5312=LINE('',#13192,#6425);
#5313=LINE('',#13194,#6426);
#5314=LINE('',#13195,#6427);
#5315=LINE('',#13197,#6428);
#5316=LINE('',#13198,#6429);
#5317=LINE('',#13203,#6430);
#5318=LINE('',#13208,#6431);
#5319=LINE('',#13212,#6432);
#5320=LINE('',#13216,#6433);
#5321=LINE('',#13220,#6434);
#5322=LINE('',#13223,#6435);
#5323=LINE('',#13225,#6436);
#5324=LINE('',#13227,#6437);
#5325=LINE('',#13228,#6438);
#5326=LINE('',#13230,#6439);
#5327=LINE('',#13232,#6440);
#5328=LINE('',#13234,#6441);
#5329=LINE('',#13236,#6442);
#5330=LINE('',#13238,#6443);
#5331=LINE('',#13241,#6444);
#5332=LINE('',#13242,#6445);
#5333=LINE('',#13244,#6446);
#5334=LINE('',#13246,#6447);
#5335=LINE('',#13248,#6448);
#5336=LINE('',#13249,#6449);
#5337=LINE('',#13251,#6450);
#5338=LINE('',#13253,#6451);
#5339=LINE('',#13255,#6452);
#5340=LINE('',#13257,#6453);
#5341=LINE('',#13259,#6454);
#5342=LINE('',#13262,#6455);
#5343=LINE('',#13264,#6456);
#5344=LINE('',#13266,#6457);
#5345=LINE('',#13267,#6458);
#5346=LINE('',#13269,#6459);
#5347=LINE('',#13271,#6460);
#5348=LINE('',#13273,#6461);
#5349=LINE('',#13275,#6462);
#5350=LINE('',#13277,#6463);
#5351=LINE('',#13280,#6464);
#5352=LINE('',#13281,#6465);
#5353=LINE('',#13283,#6466);
#5354=LINE('',#13285,#6467);
#5355=LINE('',#13287,#6468);
#5356=LINE('',#13288,#6469);
#5357=LINE('',#13290,#6470);
#5358=LINE('',#13292,#6471);
#5359=LINE('',#13294,#6472);
#5360=LINE('',#13296,#6473);
#5361=LINE('',#13298,#6474);
#5362=LINE('',#13301,#6475);
#5363=LINE('',#13303,#6476);
#5364=LINE('',#13305,#6477);
#5365=LINE('',#13307,#6478);
#5366=LINE('',#13309,#6479);
#5367=LINE('',#13311,#6480);
#5368=LINE('',#13312,#6481);
#5369=LINE('',#13314,#6482);
#5370=LINE('',#13316,#6483);
#5371=LINE('',#13318,#6484);
#5372=LINE('',#13320,#6485);
#5373=LINE('',#13322,#6486);
#5374=LINE('',#13325,#6487);
#5375=LINE('',#13326,#6488);
#5376=LINE('',#13328,#6489);
#5377=LINE('',#13331,#6490);
#5378=LINE('',#13333,#6491);
#5379=LINE('',#13335,#6492);
#5380=LINE('',#13336,#6493);
#5381=LINE('',#13338,#6494);
#5382=LINE('',#13340,#6495);
#5383=LINE('',#13342,#6496);
#5384=LINE('',#13344,#6497);
#5385=LINE('',#13346,#6498);
#5386=LINE('',#13349,#6499);
#5387=LINE('',#13350,#6500);
#5388=LINE('',#13352,#6501);
#5389=LINE('',#13354,#6502);
#5390=LINE('',#13356,#6503);
#5391=LINE('',#13357,#6504);
#5392=LINE('',#13359,#6505);
#5393=LINE('',#13361,#6506);
#5394=LINE('',#13363,#6507);
#5395=LINE('',#13365,#6508);
#5396=LINE('',#13367,#6509);
#5397=LINE('',#13372,#6510);
#5398=LINE('',#13376,#6511);
#5399=LINE('',#13378,#6512);
#5400=LINE('',#13380,#6513);
#5401=LINE('',#13382,#6514);
#5402=LINE('',#13385,#6515);
#5403=LINE('',#13387,#6516);
#5404=LINE('',#13389,#6517);
#5405=LINE('',#13391,#6518);
#5406=LINE('',#13392,#6519);
#5407=LINE('',#13394,#6520);
#5408=LINE('',#13396,#6521);
#5409=LINE('',#13398,#6522);
#5410=LINE('',#13400,#6523);
#5411=LINE('',#13403,#6524);
#5412=LINE('',#13405,#6525);
#5413=LINE('',#13407,#6526);
#5414=LINE('',#13409,#6527);
#5415=LINE('',#13415,#6528);
#5416=LINE('',#13417,#6529);
#5417=LINE('',#13419,#6530);
#5418=LINE('',#13421,#6531);
#5419=LINE('',#13424,#6532);
#5420=LINE('',#13426,#6533);
#5421=LINE('',#13428,#6534);
#5422=LINE('',#13430,#6535);
#5423=LINE('',#13432,#6536);
#5424=LINE('',#13434,#6537);
#5425=LINE('',#13435,#6538);
#5426=LINE('',#13437,#6539);
#5427=LINE('',#13439,#6540);
#5428=LINE('',#13442,#6541);
#5429=LINE('',#13444,#6542);
#5430=LINE('',#13446,#6543);
#5431=LINE('',#13448,#6544);
#5432=LINE('',#13454,#6545);
#5433=LINE('',#13456,#6546);
#5434=LINE('',#13458,#6547);
#5435=LINE('',#13460,#6548);
#5436=LINE('',#13463,#6549);
#5437=LINE('',#13465,#6550);
#5438=LINE('',#13467,#6551);
#5439=LINE('',#13469,#6552);
#5440=LINE('',#13471,#6553);
#5441=LINE('',#13473,#6554);
#5442=LINE('',#13474,#6555);
#5443=LINE('',#13476,#6556);
#5444=LINE('',#13478,#6557);
#5445=LINE('',#13481,#6558);
#5446=LINE('',#13483,#6559);
#5447=LINE('',#13485,#6560);
#5448=LINE('',#13487,#6561);
#5449=LINE('',#13493,#6562);
#5450=LINE('',#13495,#6563);
#5451=LINE('',#13497,#6564);
#5452=LINE('',#13499,#6565);
#5453=LINE('',#13502,#6566);
#5454=LINE('',#13504,#6567);
#5455=LINE('',#13506,#6568);
#5456=LINE('',#13508,#6569);
#5457=LINE('',#13509,#6570);
#5458=LINE('',#13511,#6571);
#5459=LINE('',#13513,#6572);
#5460=LINE('',#13515,#6573);
#5461=LINE('',#13517,#6574);
#5462=LINE('',#13518,#6575);
#5463=LINE('',#13520,#6576);
#5464=LINE('',#13521,#6577);
#5465=LINE('',#13523,#6578);
#5466=LINE('',#13525,#6579);
#5467=LINE('',#13527,#6580);
#5468=LINE('',#13528,#6581);
#5469=LINE('',#13530,#6582);
#5470=LINE('',#13532,#6583);
#5471=LINE('',#13533,#6584);
#5472=LINE('',#13535,#6585);
#5473=LINE('',#13536,#6586);
#5474=LINE('',#13558,#6587);
#5475=LINE('',#13560,#6588);
#5476=LINE('',#13562,#6589);
#5477=LINE('',#13584,#6590);
#5478=LINE('',#13585,#6591);
#5479=LINE('',#13586,#6592);
#5480=LINE('',#13587,#6593);
#5481=LINE('',#13589,#6594);
#5482=LINE('',#13590,#6595);
#5483=LINE('',#13592,#6596);
#5484=LINE('',#13593,#6597);
#5485=LINE('',#13595,#6598);
#5486=LINE('',#13596,#6599);
#5487=LINE('',#13598,#6600);
#5488=LINE('',#13599,#6601);
#5489=LINE('',#13601,#6602);
#5490=LINE('',#13602,#6603);
#5491=LINE('',#13604,#6604);
#5492=LINE('',#13605,#6605);
#5493=LINE('',#13607,#6606);
#5494=LINE('',#13608,#6607);
#5495=LINE('',#13610,#6608);
#5496=LINE('',#13611,#6609);
#5497=LINE('',#13613,#6610);
#5498=LINE('',#13614,#6611);
#5499=LINE('',#13616,#6612);
#5500=LINE('',#13617,#6613);
#5501=LINE('',#13619,#6614);
#5502=LINE('',#13620,#6615);
#5503=LINE('',#13622,#6616);
#5504=LINE('',#13623,#6617);
#5505=LINE('',#13625,#6618);
#5506=LINE('',#13626,#6619);
#5507=LINE('',#13628,#6620);
#5508=LINE('',#13629,#6621);
#5509=LINE('',#13631,#6622);
#5510=LINE('',#13632,#6623);
#5511=LINE('',#13634,#6624);
#5512=LINE('',#13635,#6625);
#5513=LINE('',#13637,#6626);
#5514=LINE('',#13638,#6627);
#5515=LINE('',#13640,#6628);
#5516=LINE('',#13641,#6629);
#5517=LINE('',#13643,#6630);
#5518=LINE('',#13644,#6631);
#5519=LINE('',#13646,#6632);
#5520=LINE('',#13647,#6633);
#5521=LINE('',#13665,#6634);
#5522=LINE('',#13667,#6635);
#5523=LINE('',#13670,#6636);
#5524=LINE('',#13672,#6637);
#5525=LINE('',#13675,#6638);
#5526=LINE('',#13677,#6639);
#5527=LINE('',#13680,#6640);
#5528=LINE('',#13682,#6641);
#5529=LINE('',#13757,#6642);
#5530=LINE('',#13758,#6643);
#5531=LINE('',#13760,#6644);
#5532=LINE('',#13762,#6645);
#5533=LINE('',#13764,#6646);
#5534=LINE('',#13766,#6647);
#5535=LINE('',#13768,#6648);
#5536=LINE('',#13770,#6649);
#5537=LINE('',#13776,#6650);
#5538=LINE('',#13778,#6651);
#5539=LINE('',#13780,#6652);
#5540=LINE('',#13782,#6653);
#5541=LINE('',#13784,#6654);
#5542=LINE('',#13796,#6655);
#5543=LINE('',#13799,#6656);
#5544=LINE('',#13801,#6657);
#5545=LINE('',#13803,#6658);
#5546=LINE('',#13805,#6659);
#5547=LINE('',#13807,#6660);
#5548=LINE('',#13809,#6661);
#5549=LINE('',#13811,#6662);
#5550=LINE('',#13813,#6663);
#5551=LINE('',#13815,#6664);
#5552=LINE('',#13817,#6665);
#5553=LINE('',#13820,#6666);
#5554=LINE('',#13822,#6667);
#5555=LINE('',#13824,#6668);
#5556=LINE('',#13826,#6669);
#5557=LINE('',#13829,#6670);
#5558=LINE('',#13831,#6671);
#5559=LINE('',#13833,#6672);
#5560=LINE('',#13835,#6673);
#5561=LINE('',#13838,#6674);
#5562=LINE('',#13840,#6675);
#5563=LINE('',#13842,#6676);
#5564=LINE('',#13859,#6677);
#5565=LINE('',#13860,#6678);
#5566=LINE('',#13862,#6679);
#5567=LINE('',#13865,#6680);
#5568=LINE('',#13867,#6681);
#5569=LINE('',#13869,#6682);
#5570=LINE('',#13876,#6683);
#5571=LINE('',#13877,#6684);
#5572=LINE('',#13878,#6685);
#5573=LINE('',#13879,#6686);
#5574=LINE('',#13881,#6687);
#5575=LINE('',#13882,#6688);
#5576=LINE('',#13883,#6689);
#5577=LINE('',#13884,#6690);
#5578=LINE('',#13891,#6691);
#5579=LINE('',#13894,#6692);
#5580=LINE('',#13896,#6693);
#5581=LINE('',#13898,#6694);
#5582=LINE('',#13900,#6695);
#5583=LINE('',#13903,#6696);
#5584=LINE('',#13905,#6697);
#5585=LINE('',#13907,#6698);
#5586=LINE('',#13909,#6699);
#5587=LINE('',#13912,#6700);
#5588=LINE('',#13914,#6701);
#5589=LINE('',#13916,#6702);
#5590=LINE('',#13918,#6703);
#5591=LINE('',#13921,#6704);
#5592=LINE('',#13923,#6705);
#5593=LINE('',#13925,#6706);
#5594=LINE('',#13927,#6707);
#5595=LINE('',#13928,#6708);
#5596=LINE('',#13929,#6709);
#5597=LINE('',#13930,#6710);
#5598=LINE('',#13932,#6711);
#5599=LINE('',#13933,#6712);
#5600=LINE('',#13934,#6713);
#5601=LINE('',#13935,#6714);
#5602=LINE('',#13942,#6715);
#5603=LINE('',#13945,#6716);
#5604=LINE('',#13947,#6717);
#5605=LINE('',#13949,#6718);
#5606=LINE('',#13951,#6719);
#5607=LINE('',#13954,#6720);
#5608=LINE('',#13956,#6721);
#5609=LINE('',#13958,#6722);
#5610=LINE('',#13960,#6723);
#5611=LINE('',#13963,#6724);
#5612=LINE('',#13965,#6725);
#5613=LINE('',#13967,#6726);
#5614=LINE('',#13974,#6727);
#5615=LINE('',#13977,#6728);
#5616=LINE('',#13979,#6729);
#5617=LINE('',#13981,#6730);
#5618=LINE('',#13983,#6731);
#5619=LINE('',#13986,#6732);
#5620=LINE('',#13988,#6733);
#5621=LINE('',#13990,#6734);
#5622=LINE('',#13992,#6735);
#5623=LINE('',#13994,#6736);
#5624=LINE('',#13996,#6737);
#5625=LINE('',#13998,#6738);
#5626=LINE('',#14000,#6739);
#5627=LINE('',#14001,#6740);
#5628=LINE('',#14002,#6741);
#5629=LINE('',#14003,#6742);
#5630=LINE('',#14005,#6743);
#5631=LINE('',#14006,#6744);
#5632=LINE('',#14008,#6745);
#5633=LINE('',#14009,#6746);
#5634=LINE('',#14011,#6747);
#5635=LINE('',#14012,#6748);
#5636=LINE('',#14014,#6749);
#5637=LINE('',#14015,#6750);
#5638=VECTOR('',#9397,1.);
#5639=VECTOR('',#9398,1.);
#5640=VECTOR('',#9399,1.);
#5641=VECTOR('',#9400,1.);
#5642=VECTOR('',#9403,1.);
#5643=VECTOR('',#9404,1.);
#5644=VECTOR('',#9405,1.);
#5645=VECTOR('',#9406,1.);
#5646=VECTOR('',#9409,1.);
#5647=VECTOR('',#9410,1.);
#5648=VECTOR('',#9411,1.);
#5649=VECTOR('',#9412,1.);
#5650=VECTOR('',#9415,1.);
#5651=VECTOR('',#9416,1.);
#5652=VECTOR('',#9417,1.);
#5653=VECTOR('',#9418,1.);
#5654=VECTOR('',#9421,1.);
#5655=VECTOR('',#9422,1.);
#5656=VECTOR('',#9423,1.);
#5657=VECTOR('',#9426,1.);
#5658=VECTOR('',#9427,1.);
#5659=VECTOR('',#9428,1.);
#5660=VECTOR('',#9431,1.);
#5661=VECTOR('',#9432,1.);
#5662=VECTOR('',#9433,1.);
#5663=VECTOR('',#9436,1.);
#5664=VECTOR('',#9437,1.);
#5665=VECTOR('',#9438,1.);
#5666=VECTOR('',#9441,1.);
#5667=VECTOR('',#9442,1.);
#5668=VECTOR('',#9443,1.);
#5669=VECTOR('',#9444,1.);
#5670=VECTOR('',#9447,1.);
#5671=VECTOR('',#9448,1.);
#5672=VECTOR('',#9449,1.);
#5673=VECTOR('',#9452,1.);
#5674=VECTOR('',#9453,1.);
#5675=VECTOR('',#9454,1.);
#5676=VECTOR('',#9457,1.);
#5677=VECTOR('',#9458,1.);
#5678=VECTOR('',#9459,1.);
#5679=VECTOR('',#9462,1.);
#5680=VECTOR('',#9463,1.);
#5681=VECTOR('',#9464,1.);
#5682=VECTOR('',#9467,1.);
#5683=VECTOR('',#9468,1.);
#5684=VECTOR('',#9469,1.);
#5685=VECTOR('',#9470,1.);
#5686=VECTOR('',#9473,1.);
#5687=VECTOR('',#9474,1.);
#5688=VECTOR('',#9475,1.);
#5689=VECTOR('',#9478,1.);
#5690=VECTOR('',#9479,1.);
#5691=VECTOR('',#9480,1.);
#5692=VECTOR('',#9483,1.);
#5693=VECTOR('',#9484,1.);
#5694=VECTOR('',#9485,1.);
#5695=VECTOR('',#9488,1.);
#5696=VECTOR('',#9489,1.);
#5697=VECTOR('',#9490,1.);
#5698=VECTOR('',#9493,1.);
#5699=VECTOR('',#9494,1.);
#5700=VECTOR('',#9495,1.);
#5701=VECTOR('',#9496,1.);
#5702=VECTOR('',#9499,1.);
#5703=VECTOR('',#9500,1.);
#5704=VECTOR('',#9501,1.);
#5705=VECTOR('',#9504,1.);
#5706=VECTOR('',#9505,1.);
#5707=VECTOR('',#9506,1.);
#5708=VECTOR('',#9509,1.);
#5709=VECTOR('',#9510,1.);
#5710=VECTOR('',#9511,1.);
#5711=VECTOR('',#9514,1.);
#5712=VECTOR('',#9515,1.);
#5713=VECTOR('',#9516,1.);
#5714=VECTOR('',#9519,1.);
#5715=VECTOR('',#9520,1.);
#5716=VECTOR('',#9521,1.);
#5717=VECTOR('',#9522,1.);
#5718=VECTOR('',#9525,1.);
#5719=VECTOR('',#9526,1.);
#5720=VECTOR('',#9527,1.);
#5721=VECTOR('',#9530,1.);
#5722=VECTOR('',#9531,1.);
#5723=VECTOR('',#9532,1.);
#5724=VECTOR('',#9535,1.);
#5725=VECTOR('',#9536,1.);
#5726=VECTOR('',#9537,1.);
#5727=VECTOR('',#9540,1.);
#5728=VECTOR('',#9541,1.);
#5729=VECTOR('',#9542,1.);
#5730=VECTOR('',#9545,1.);
#5731=VECTOR('',#9546,1.);
#5732=VECTOR('',#9547,1.);
#5733=VECTOR('',#9548,1.);
#5734=VECTOR('',#9551,1.);
#5735=VECTOR('',#9552,1.);
#5736=VECTOR('',#9553,1.);
#5737=VECTOR('',#9556,1.);
#5738=VECTOR('',#9557,1.);
#5739=VECTOR('',#9558,1.);
#5740=VECTOR('',#9561,1.);
#5741=VECTOR('',#9562,1.);
#5742=VECTOR('',#9563,1.);
#5743=VECTOR('',#9566,1.);
#5744=VECTOR('',#9567,1.);
#5745=VECTOR('',#9568,1.);
#5746=VECTOR('',#9571,1.);
#5747=VECTOR('',#9572,1.);
#5748=VECTOR('',#9573,1.);
#5749=VECTOR('',#9574,1.);
#5750=VECTOR('',#9577,1.);
#5751=VECTOR('',#9578,1.);
#5752=VECTOR('',#9579,1.);
#5753=VECTOR('',#9582,1.);
#5754=VECTOR('',#9583,1.);
#5755=VECTOR('',#9584,1.);
#5756=VECTOR('',#9587,1.);
#5757=VECTOR('',#9588,1.);
#5758=VECTOR('',#9589,1.);
#5759=VECTOR('',#9592,1.);
#5760=VECTOR('',#9593,1.);
#5761=VECTOR('',#9594,1.);
#5762=VECTOR('',#9597,1.);
#5763=VECTOR('',#9598,1.);
#5764=VECTOR('',#9599,1.);
#5765=VECTOR('',#9600,1.);
#5766=VECTOR('',#9603,1.);
#5767=VECTOR('',#9604,1.);
#5768=VECTOR('',#9605,1.);
#5769=VECTOR('',#9608,1.);
#5770=VECTOR('',#9609,1.);
#5771=VECTOR('',#9610,1.);
#5772=VECTOR('',#9613,1.);
#5773=VECTOR('',#9614,1.);
#5774=VECTOR('',#9615,1.);
#5775=VECTOR('',#9618,1.);
#5776=VECTOR('',#9619,1.);
#5777=VECTOR('',#9620,1.);
#5778=VECTOR('',#9623,1.);
#5779=VECTOR('',#9624,1.);
#5780=VECTOR('',#9625,1.);
#5781=VECTOR('',#9626,1.);
#5782=VECTOR('',#9629,1.);
#5783=VECTOR('',#9630,1.);
#5784=VECTOR('',#9631,1.);
#5785=VECTOR('',#9634,1.);
#5786=VECTOR('',#9635,1.);
#5787=VECTOR('',#9636,1.);
#5788=VECTOR('',#9639,1.);
#5789=VECTOR('',#9640,1.);
#5790=VECTOR('',#9641,1.);
#5791=VECTOR('',#9644,1.);
#5792=VECTOR('',#9645,1.);
#5793=VECTOR('',#9646,1.);
#5794=VECTOR('',#9649,1.);
#5795=VECTOR('',#9650,1.);
#5796=VECTOR('',#9651,1.);
#5797=VECTOR('',#9652,1.);
#5798=VECTOR('',#9655,1.);
#5799=VECTOR('',#9656,1.);
#5800=VECTOR('',#9657,1.);
#5801=VECTOR('',#9660,1.);
#5802=VECTOR('',#9661,1.);
#5803=VECTOR('',#9662,1.);
#5804=VECTOR('',#9665,1.);
#5805=VECTOR('',#9666,1.);
#5806=VECTOR('',#9667,1.);
#5807=VECTOR('',#9670,1.);
#5808=VECTOR('',#9671,1.);
#5809=VECTOR('',#9672,1.);
#5810=VECTOR('',#9675,1.);
#5811=VECTOR('',#9676,1.);
#5812=VECTOR('',#9677,1.);
#5813=VECTOR('',#9678,1.);
#5814=VECTOR('',#9681,1.);
#5815=VECTOR('',#9682,1.);
#5816=VECTOR('',#9683,1.);
#5817=VECTOR('',#9686,1.);
#5818=VECTOR('',#9687,1.);
#5819=VECTOR('',#9688,1.);
#5820=VECTOR('',#9691,1.);
#5821=VECTOR('',#9692,1.);
#5822=VECTOR('',#9693,1.);
#5823=VECTOR('',#9696,1.);
#5824=VECTOR('',#9697,1.);
#5825=VECTOR('',#9698,1.);
#5826=VECTOR('',#9701,1.);
#5827=VECTOR('',#9702,1.);
#5828=VECTOR('',#9703,1.);
#5829=VECTOR('',#9704,1.);
#5830=VECTOR('',#9707,1.);
#5831=VECTOR('',#9708,1.);
#5832=VECTOR('',#9709,1.);
#5833=VECTOR('',#9712,1.);
#5834=VECTOR('',#9713,1.);
#5835=VECTOR('',#9714,1.);
#5836=VECTOR('',#9717,1.);
#5837=VECTOR('',#9718,1.);
#5838=VECTOR('',#9719,1.);
#5839=VECTOR('',#9722,1.);
#5840=VECTOR('',#9723,1.);
#5841=VECTOR('',#9724,1.);
#5842=VECTOR('',#9727,1.);
#5843=VECTOR('',#9728,1.);
#5844=VECTOR('',#9729,1.);
#5845=VECTOR('',#9730,1.);
#5846=VECTOR('',#9733,1.);
#5847=VECTOR('',#9734,1.);
#5848=VECTOR('',#9735,1.);
#5849=VECTOR('',#9738,1.);
#5850=VECTOR('',#9739,1.);
#5851=VECTOR('',#9740,1.);
#5852=VECTOR('',#9743,1.);
#5853=VECTOR('',#9744,1.);
#5854=VECTOR('',#9745,1.);
#5855=VECTOR('',#9748,1.);
#5856=VECTOR('',#9749,1.);
#5857=VECTOR('',#9750,1.);
#5858=VECTOR('',#9753,1.);
#5859=VECTOR('',#9754,1.);
#5860=VECTOR('',#9755,1.);
#5861=VECTOR('',#9756,1.);
#5862=VECTOR('',#9759,1.);
#5863=VECTOR('',#9760,1.);
#5864=VECTOR('',#9761,1.);
#5865=VECTOR('',#9764,1.);
#5866=VECTOR('',#9765,1.);
#5867=VECTOR('',#9766,1.);
#5868=VECTOR('',#9769,1.);
#5869=VECTOR('',#9770,1.);
#5870=VECTOR('',#9771,1.);
#5871=VECTOR('',#9774,1.);
#5872=VECTOR('',#9775,1.);
#5873=VECTOR('',#9776,1.);
#5874=VECTOR('',#9779,1.);
#5875=VECTOR('',#9780,1.);
#5876=VECTOR('',#9781,1.);
#5877=VECTOR('',#9782,1.);
#5878=VECTOR('',#9785,1.);
#5879=VECTOR('',#9786,1.);
#5880=VECTOR('',#9787,1.);
#5881=VECTOR('',#9790,1.);
#5882=VECTOR('',#9791,1.);
#5883=VECTOR('',#9792,1.);
#5884=VECTOR('',#9795,1.);
#5885=VECTOR('',#9796,1.);
#5886=VECTOR('',#9797,1.);
#5887=VECTOR('',#9800,1.);
#5888=VECTOR('',#9801,1.);
#5889=VECTOR('',#9802,1.);
#5890=VECTOR('',#9805,1.);
#5891=VECTOR('',#9806,1.);
#5892=VECTOR('',#9807,1.);
#5893=VECTOR('',#9808,1.);
#5894=VECTOR('',#9811,1.);
#5895=VECTOR('',#9812,1.);
#5896=VECTOR('',#9813,1.);
#5897=VECTOR('',#9816,1.);
#5898=VECTOR('',#9817,1.);
#5899=VECTOR('',#9818,1.);
#5900=VECTOR('',#9821,1.);
#5901=VECTOR('',#9822,1.);
#5902=VECTOR('',#9823,1.);
#5903=VECTOR('',#9826,1.);
#5904=VECTOR('',#9827,1.);
#5905=VECTOR('',#9828,1.);
#5906=VECTOR('',#9831,1.);
#5907=VECTOR('',#9832,1.);
#5908=VECTOR('',#9833,1.);
#5909=VECTOR('',#9834,1.);
#5910=VECTOR('',#9837,1.);
#5911=VECTOR('',#9838,1.);
#5912=VECTOR('',#9839,1.);
#5913=VECTOR('',#9842,1.);
#5914=VECTOR('',#9843,1.);
#5915=VECTOR('',#9844,1.);
#5916=VECTOR('',#9847,1.);
#5917=VECTOR('',#9848,1.);
#5918=VECTOR('',#9849,1.);
#5919=VECTOR('',#9852,1.);
#5920=VECTOR('',#9853,1.);
#5921=VECTOR('',#9854,1.);
#5922=VECTOR('',#9857,1.);
#5923=VECTOR('',#9858,1.);
#5924=VECTOR('',#9859,1.);
#5925=VECTOR('',#9860,1.);
#5926=VECTOR('',#9863,1.);
#5927=VECTOR('',#9864,1.);
#5928=VECTOR('',#9865,1.);
#5929=VECTOR('',#9868,1.);
#5930=VECTOR('',#9869,1.);
#5931=VECTOR('',#9870,1.);
#5932=VECTOR('',#9873,1.);
#5933=VECTOR('',#9874,1.);
#5934=VECTOR('',#9875,1.);
#5935=VECTOR('',#9878,1.);
#5936=VECTOR('',#9879,1.);
#5937=VECTOR('',#9880,1.);
#5938=VECTOR('',#9883,1.);
#5939=VECTOR('',#9884,1.);
#5940=VECTOR('',#9885,1.);
#5941=VECTOR('',#9886,1.);
#5942=VECTOR('',#9889,1.);
#5943=VECTOR('',#9890,1.);
#5944=VECTOR('',#9891,1.);
#5945=VECTOR('',#9894,1.);
#5946=VECTOR('',#9895,1.);
#5947=VECTOR('',#9896,1.);
#5948=VECTOR('',#9899,1.);
#5949=VECTOR('',#9900,1.);
#5950=VECTOR('',#9901,1.);
#5951=VECTOR('',#9904,1.);
#5952=VECTOR('',#9905,1.);
#5953=VECTOR('',#9906,1.);
#5954=VECTOR('',#9909,1.);
#5955=VECTOR('',#9910,1.);
#5956=VECTOR('',#9911,1.);
#5957=VECTOR('',#9912,1.);
#5958=VECTOR('',#9915,1.);
#5959=VECTOR('',#9916,1.);
#5960=VECTOR('',#9917,1.);
#5961=VECTOR('',#9920,1.);
#5962=VECTOR('',#9921,1.);
#5963=VECTOR('',#9922,1.);
#5964=VECTOR('',#9925,1.);
#5965=VECTOR('',#9926,1.);
#5966=VECTOR('',#9927,1.);
#5967=VECTOR('',#9930,1.);
#5968=VECTOR('',#9931,1.);
#5969=VECTOR('',#9932,1.);
#5970=VECTOR('',#9935,1.);
#5971=VECTOR('',#9936,1.);
#5972=VECTOR('',#9937,1.);
#5973=VECTOR('',#9938,1.);
#5974=VECTOR('',#9941,1.);
#5975=VECTOR('',#9942,1.);
#5976=VECTOR('',#9943,1.);
#5977=VECTOR('',#9946,1.);
#5978=VECTOR('',#9947,1.);
#5979=VECTOR('',#9948,1.);
#5980=VECTOR('',#9951,1.);
#5981=VECTOR('',#9952,1.);
#5982=VECTOR('',#9953,1.);
#5983=VECTOR('',#9956,1.);
#5984=VECTOR('',#9957,1.);
#5985=VECTOR('',#9958,1.);
#5986=VECTOR('',#9961,1.);
#5987=VECTOR('',#9962,1.);
#5988=VECTOR('',#9963,1.);
#5989=VECTOR('',#9964,1.);
#5990=VECTOR('',#9967,1.);
#5991=VECTOR('',#9968,1.);
#5992=VECTOR('',#9969,1.);
#5993=VECTOR('',#9972,1.);
#5994=VECTOR('',#9973,1.);
#5995=VECTOR('',#9974,1.);
#5996=VECTOR('',#9977,1.);
#5997=VECTOR('',#9978,1.);
#5998=VECTOR('',#9979,1.);
#5999=VECTOR('',#9982,1.);
#6000=VECTOR('',#9983,1.);
#6001=VECTOR('',#9984,1.);
#6002=VECTOR('',#9987,1.);
#6003=VECTOR('',#9988,1.);
#6004=VECTOR('',#9989,1.);
#6005=VECTOR('',#9990,1.);
#6006=VECTOR('',#9993,1.);
#6007=VECTOR('',#9994,1.);
#6008=VECTOR('',#9995,1.);
#6009=VECTOR('',#9998,1.);
#6010=VECTOR('',#9999,1.);
#6011=VECTOR('',#10000,1.);
#6012=VECTOR('',#10003,1.);
#6013=VECTOR('',#10004,1.);
#6014=VECTOR('',#10005,1.);
#6015=VECTOR('',#10008,1.);
#6016=VECTOR('',#10009,1.);
#6017=VECTOR('',#10010,1.);
#6018=VECTOR('',#10013,1.);
#6019=VECTOR('',#10014,1.);
#6020=VECTOR('',#10015,1.);
#6021=VECTOR('',#10016,1.);
#6022=VECTOR('',#10019,1.);
#6023=VECTOR('',#10020,1.);
#6024=VECTOR('',#10021,1.);
#6025=VECTOR('',#10024,1.);
#6026=VECTOR('',#10025,1.);
#6027=VECTOR('',#10026,1.);
#6028=VECTOR('',#10029,1.);
#6029=VECTOR('',#10030,1.);
#6030=VECTOR('',#10031,1.);
#6031=VECTOR('',#10034,1.);
#6032=VECTOR('',#10035,1.);
#6033=VECTOR('',#10036,1.);
#6034=VECTOR('',#10039,1.);
#6035=VECTOR('',#10040,1.);
#6036=VECTOR('',#10041,1.);
#6037=VECTOR('',#10042,1.);
#6038=VECTOR('',#10045,1.);
#6039=VECTOR('',#10046,1.);
#6040=VECTOR('',#10047,1.);
#6041=VECTOR('',#10050,1.);
#6042=VECTOR('',#10051,1.);
#6043=VECTOR('',#10052,1.);
#6044=VECTOR('',#10055,1.);
#6045=VECTOR('',#10056,1.);
#6046=VECTOR('',#10057,1.);
#6047=VECTOR('',#10060,1.);
#6048=VECTOR('',#10061,1.);
#6049=VECTOR('',#10062,1.);
#6050=VECTOR('',#10065,1.);
#6051=VECTOR('',#10066,1.);
#6052=VECTOR('',#10067,1.);
#6053=VECTOR('',#10068,1.);
#6054=VECTOR('',#10071,1.);
#6055=VECTOR('',#10072,1.);
#6056=VECTOR('',#10073,1.);
#6057=VECTOR('',#10076,1.);
#6058=VECTOR('',#10077,1.);
#6059=VECTOR('',#10078,1.);
#6060=VECTOR('',#10081,1.);
#6061=VECTOR('',#10082,1.);
#6062=VECTOR('',#10083,1.);
#6063=VECTOR('',#10086,1.);
#6064=VECTOR('',#10087,1.);
#6065=VECTOR('',#10088,1.);
#6066=VECTOR('',#10091,1.);
#6067=VECTOR('',#10092,1.);
#6068=VECTOR('',#10093,1.);
#6069=VECTOR('',#10094,1.);
#6070=VECTOR('',#10097,1.);
#6071=VECTOR('',#10098,1.);
#6072=VECTOR('',#10099,1.);
#6073=VECTOR('',#10102,1.);
#6074=VECTOR('',#10103,1.);
#6075=VECTOR('',#10104,1.);
#6076=VECTOR('',#10107,1.);
#6077=VECTOR('',#10108,1.);
#6078=VECTOR('',#10109,1.);
#6079=VECTOR('',#10112,1.);
#6080=VECTOR('',#10113,1.);
#6081=VECTOR('',#10114,1.);
#6082=VECTOR('',#10117,1.);
#6083=VECTOR('',#10118,1.);
#6084=VECTOR('',#10119,1.);
#6085=VECTOR('',#10120,1.);
#6086=VECTOR('',#10123,1.);
#6087=VECTOR('',#10124,1.);
#6088=VECTOR('',#10125,1.);
#6089=VECTOR('',#10128,1.);
#6090=VECTOR('',#10129,1.);
#6091=VECTOR('',#10130,1.);
#6092=VECTOR('',#10133,1.);
#6093=VECTOR('',#10134,1.);
#6094=VECTOR('',#10135,1.);
#6095=VECTOR('',#10138,1.);
#6096=VECTOR('',#10139,1.);
#6097=VECTOR('',#10140,1.);
#6098=VECTOR('',#10143,1.);
#6099=VECTOR('',#10144,1.);
#6100=VECTOR('',#10145,1.);
#6101=VECTOR('',#10146,1.);
#6102=VECTOR('',#10149,1.);
#6103=VECTOR('',#10150,1.);
#6104=VECTOR('',#10151,1.);
#6105=VECTOR('',#10154,1.);
#6106=VECTOR('',#10155,1.);
#6107=VECTOR('',#10156,1.);
#6108=VECTOR('',#10159,1.);
#6109=VECTOR('',#10160,1.);
#6110=VECTOR('',#10161,1.);
#6111=VECTOR('',#10164,1.);
#6112=VECTOR('',#10165,1.);
#6113=VECTOR('',#10166,1.);
#6114=VECTOR('',#10169,1.);
#6115=VECTOR('',#10170,1.);
#6116=VECTOR('',#10171,1.);
#6117=VECTOR('',#10172,1.);
#6118=VECTOR('',#10175,1.);
#6119=VECTOR('',#10176,1.);
#6120=VECTOR('',#10177,1.);
#6121=VECTOR('',#10180,1.);
#6122=VECTOR('',#10181,1.);
#6123=VECTOR('',#10182,1.);
#6124=VECTOR('',#10185,1.);
#6125=VECTOR('',#10186,1.);
#6126=VECTOR('',#10187,1.);
#6127=VECTOR('',#10190,1.);
#6128=VECTOR('',#10191,1.);
#6129=VECTOR('',#10192,1.);
#6130=VECTOR('',#10195,1.);
#6131=VECTOR('',#10196,1.);
#6132=VECTOR('',#10197,1.);
#6133=VECTOR('',#10198,1.);
#6134=VECTOR('',#10201,1.);
#6135=VECTOR('',#10202,1.);
#6136=VECTOR('',#10203,1.);
#6137=VECTOR('',#10206,1.);
#6138=VECTOR('',#10207,1.);
#6139=VECTOR('',#10208,1.);
#6140=VECTOR('',#10211,1.);
#6141=VECTOR('',#10212,1.);
#6142=VECTOR('',#10213,1.);
#6143=VECTOR('',#10216,1.);
#6144=VECTOR('',#10217,1.);
#6145=VECTOR('',#10218,1.);
#6146=VECTOR('',#10221,1.);
#6147=VECTOR('',#10222,1.);
#6148=VECTOR('',#10223,1.);
#6149=VECTOR('',#10224,1.);
#6150=VECTOR('',#10227,1.);
#6151=VECTOR('',#10228,1.);
#6152=VECTOR('',#10229,1.);
#6153=VECTOR('',#10232,1.);
#6154=VECTOR('',#10233,1.);
#6155=VECTOR('',#10234,1.);
#6156=VECTOR('',#10237,1.);
#6157=VECTOR('',#10238,1.);
#6158=VECTOR('',#10239,1.);
#6159=VECTOR('',#10242,1.);
#6160=VECTOR('',#10243,1.);
#6161=VECTOR('',#10244,1.);
#6162=VECTOR('',#10247,1.);
#6163=VECTOR('',#10248,1.);
#6164=VECTOR('',#10251,1.);
#6165=VECTOR('',#10252,1.);
#6166=VECTOR('',#10255,1.);
#6167=VECTOR('',#10256,1.);
#6168=VECTOR('',#10259,1.);
#6169=VECTOR('',#10260,1.);
#6170=VECTOR('',#10263,1.);
#6171=VECTOR('',#10264,1.);
#6172=VECTOR('',#10267,1.);
#6173=VECTOR('',#10268,1.);
#6174=VECTOR('',#10271,1.);
#6175=VECTOR('',#10272,1.);
#6176=VECTOR('',#10275,1.);
#6177=VECTOR('',#10276,1.);
#6178=VECTOR('',#10279,1.);
#6179=VECTOR('',#10280,1.);
#6180=VECTOR('',#10283,1.);
#6181=VECTOR('',#10284,1.);
#6182=VECTOR('',#10287,1.);
#6183=VECTOR('',#10288,1.);
#6184=VECTOR('',#10291,1.);
#6185=VECTOR('',#10292,1.);
#6186=VECTOR('',#10295,1.);
#6187=VECTOR('',#10296,1.);
#6188=VECTOR('',#10299,1.);
#6189=VECTOR('',#10300,1.);
#6190=VECTOR('',#10303,1.);
#6191=VECTOR('',#10304,1.);
#6192=VECTOR('',#10307,1.);
#6193=VECTOR('',#10308,1.);
#6194=VECTOR('',#10311,1.);
#6195=VECTOR('',#10312,1.);
#6196=VECTOR('',#10315,1.);
#6197=VECTOR('',#10316,1.);
#6198=VECTOR('',#10319,1.);
#6199=VECTOR('',#10320,1.);
#6200=VECTOR('',#10323,1.);
#6201=VECTOR('',#10324,1.);
#6202=VECTOR('',#10327,1.);
#6203=VECTOR('',#10328,1.);
#6204=VECTOR('',#10331,1.);
#6205=VECTOR('',#10332,1.);
#6206=VECTOR('',#10335,1.);
#6207=VECTOR('',#10336,1.);
#6208=VECTOR('',#10339,1.);
#6209=VECTOR('',#10340,1.);
#6210=VECTOR('',#10343,1.);
#6211=VECTOR('',#10344,1.);
#6212=VECTOR('',#10347,1.);
#6213=VECTOR('',#10348,1.);
#6214=VECTOR('',#10351,1.);
#6215=VECTOR('',#10352,1.);
#6216=VECTOR('',#10355,1.);
#6217=VECTOR('',#10356,1.);
#6218=VECTOR('',#10359,1.);
#6219=VECTOR('',#10360,1.);
#6220=VECTOR('',#10363,1.);
#6221=VECTOR('',#10364,1.);
#6222=VECTOR('',#10367,1.);
#6223=VECTOR('',#10368,1.);
#6224=VECTOR('',#10371,1.);
#6225=VECTOR('',#10372,1.);
#6226=VECTOR('',#10375,1.);
#6227=VECTOR('',#10376,1.);
#6228=VECTOR('',#10377,1.);
#6229=VECTOR('',#10378,1.);
#6230=VECTOR('',#10381,1.);
#6231=VECTOR('',#10382,1.);
#6232=VECTOR('',#10383,1.);
#6233=VECTOR('',#10384,1.);
#6234=VECTOR('',#10387,1.);
#6235=VECTOR('',#10388,1.);
#6236=VECTOR('',#10389,1.);
#6237=VECTOR('',#10390,1.);
#6238=VECTOR('',#10403,1.);
#6239=VECTOR('',#10404,1.);
#6240=VECTOR('',#10405,1.);
#6241=VECTOR('',#10406,1.);
#6242=VECTOR('',#10409,1.);
#6243=VECTOR('',#10410,1.);
#6244=VECTOR('',#10411,1.);
#6245=VECTOR('',#10412,1.);
#6246=VECTOR('',#10415,1.);
#6247=VECTOR('',#10416,1.);
#6248=VECTOR('',#10417,1.);
#6249=VECTOR('',#10418,1.);
#6250=VECTOR('',#10421,1.);
#6251=VECTOR('',#10422,1.);
#6252=VECTOR('',#10423,1.);
#6253=VECTOR('',#10424,1.);
#6254=VECTOR('',#10427,1.);
#6255=VECTOR('',#10428,1.);
#6256=VECTOR('',#10429,1.);
#6257=VECTOR('',#10432,1.);
#6258=VECTOR('',#10433,1.);
#6259=VECTOR('',#10434,1.);
#6260=VECTOR('',#10437,1.);
#6261=VECTOR('',#10438,1.);
#6262=VECTOR('',#10441,1.);
#6263=VECTOR('',#10442,1.);
#6264=VECTOR('',#10443,1.);
#6265=VECTOR('',#10444,1.);
#6266=VECTOR('',#10447,1.);
#6267=VECTOR('',#10448,1.);
#6268=VECTOR('',#10449,1.);
#6269=VECTOR('',#10450,1.);
#6270=VECTOR('',#10453,1.);
#6271=VECTOR('',#10454,1.);
#6272=VECTOR('',#10455,1.);
#6273=VECTOR('',#10456,1.);
#6274=VECTOR('',#10469,1.);
#6275=VECTOR('',#10470,1.);
#6276=VECTOR('',#10471,1.);
#6277=VECTOR('',#10472,1.);
#6278=VECTOR('',#10475,1.);
#6279=VECTOR('',#10476,1.);
#6280=VECTOR('',#10477,1.);
#6281=VECTOR('',#10480,1.);
#6282=VECTOR('',#10481,1.);
#6283=VECTOR('',#10482,1.);
#6284=VECTOR('',#10485,1.);
#6285=VECTOR('',#10486,1.);
#6286=VECTOR('',#10487,1.);
#6287=VECTOR('',#10490,1.);
#6288=VECTOR('',#10491,1.);
#6289=VECTOR('',#10492,1.);
#6290=VECTOR('',#10495,1.);
#6291=VECTOR('',#10496,1.);
#6292=VECTOR('',#10497,1.);
#6293=VECTOR('',#10500,1.);
#6294=VECTOR('',#10501,1.);
#6295=VECTOR('',#10502,1.);
#6296=VECTOR('',#10505,1.);
#6297=VECTOR('',#10506,1.);
#6298=VECTOR('',#10507,1.);
#6299=VECTOR('',#10508,1.);
#6300=VECTOR('',#10511,1.);
#6301=VECTOR('',#10512,1.);
#6302=VECTOR('',#10513,1.);
#6303=VECTOR('',#10516,1.);
#6304=VECTOR('',#10517,1.);
#6305=VECTOR('',#10518,1.);
#6306=VECTOR('',#10545,1.);
#6307=VECTOR('',#10546,1.);
#6308=VECTOR('',#10549,1.);
#6309=VECTOR('',#10550,1.);
#6310=VECTOR('',#10559,1.);
#6311=VECTOR('',#10560,1.);
#6312=VECTOR('',#10561,1.);
#6313=VECTOR('',#10562,1.);
#6314=VECTOR('',#10565,1.);
#6315=VECTOR('',#10566,1.);
#6316=VECTOR('',#10567,1.);
#6317=VECTOR('',#10568,1.);
#6318=VECTOR('',#10571,1.);
#6319=VECTOR('',#10572,1.);
#6320=VECTOR('',#10573,1.);
#6321=VECTOR('',#10574,1.);
#6322=VECTOR('',#10577,1.);
#6323=VECTOR('',#10578,1.);
#6324=VECTOR('',#10579,1.);
#6325=VECTOR('',#10580,1.);
#6326=VECTOR('',#10583,1.);
#6327=VECTOR('',#10584,1.);
#6328=VECTOR('',#10585,1.);
#6329=VECTOR('',#10586,1.);
#6330=VECTOR('',#10589,1.);
#6331=VECTOR('',#10590,1.);
#6332=VECTOR('',#10591,1.);
#6333=VECTOR('',#10592,1.);
#6334=VECTOR('',#10595,1.);
#6335=VECTOR('',#10596,1.);
#6336=VECTOR('',#10597,1.);
#6337=VECTOR('',#10598,1.);
#6338=VECTOR('',#10601,1.);
#6339=VECTOR('',#10602,1.);
#6340=VECTOR('',#10603,1.);
#6341=VECTOR('',#10604,1.);
#6342=VECTOR('',#10607,1.);
#6343=VECTOR('',#10608,1.);
#6344=VECTOR('',#10609,1.);
#6345=VECTOR('',#10610,1.);
#6346=VECTOR('',#10611,1.);
#6347=VECTOR('',#10612,1.);
#6348=VECTOR('',#10613,1.);
#6349=VECTOR('',#10614,1.);
#6350=VECTOR('',#10615,1.);
#6351=VECTOR('',#10620,1.);
#6352=VECTOR('',#10625,1.);
#6353=VECTOR('',#10626,1.);
#6354=VECTOR('',#10627,1.);
#6355=VECTOR('',#10628,1.);
#6356=VECTOR('',#10629,1.);
#6357=VECTOR('',#10630,1.);
#6358=VECTOR('',#10631,1.);
#6359=VECTOR('',#10632,1.);
#6360=VECTOR('',#10637,1.);
#6361=VECTOR('',#10642,1.);
#6362=VECTOR('',#10643,1.);
#6363=VECTOR('',#10644,1.);
#6364=VECTOR('',#10645,1.);
#6365=VECTOR('',#10646,1.);
#6366=VECTOR('',#10647,1.);
#6367=VECTOR('',#10648,1.);
#6368=VECTOR('',#10649,1.);
#6369=VECTOR('',#10654,1.);
#6370=VECTOR('',#10659,1.);
#6371=VECTOR('',#10660,1.);
#6372=VECTOR('',#10661,1.);
#6373=VECTOR('',#10662,1.);
#6374=VECTOR('',#10663,1.);
#6375=VECTOR('',#10664,1.);
#6376=VECTOR('',#10665,1.);
#6377=VECTOR('',#10666,1.);
#6378=VECTOR('',#10669,1.);
#6379=VECTOR('',#10670,1.);
#6380=VECTOR('',#10671,1.);
#6381=VECTOR('',#10672,1.);
#6382=VECTOR('',#10675,1.);
#6383=VECTOR('',#10676,1.);
#6384=VECTOR('',#10677,1.);
#6385=VECTOR('',#10680,1.);
#6386=VECTOR('',#10681,1.);
#6387=VECTOR('',#10682,1.);
#6388=VECTOR('',#10685,1.);
#6389=VECTOR('',#10686,1.);
#6390=VECTOR('',#10687,1.);
#6391=VECTOR('',#10688,1.);
#6392=VECTOR('',#10691,1.);
#6393=VECTOR('',#10692,1.);
#6394=VECTOR('',#10693,1.);
#6395=VECTOR('',#10696,1.);
#6396=VECTOR('',#10697,1.);
#6397=VECTOR('',#10698,1.);
#6398=VECTOR('',#10701,1.);
#6399=VECTOR('',#10702,1.);
#6400=VECTOR('',#10703,1.);
#6401=VECTOR('',#10704,1.);
#6402=VECTOR('',#10705,1.);
#6403=VECTOR('',#10706,1.);
#6404=VECTOR('',#10709,1.);
#6405=VECTOR('',#10710,1.);
#6406=VECTOR('',#10711,1.);
#6407=VECTOR('',#10714,1.);
#6408=VECTOR('',#10715,1.);
#6409=VECTOR('',#10716,1.);
#6410=VECTOR('',#10719,1.);
#6411=VECTOR('',#10720,1.);
#6412=VECTOR('',#10721,1.);
#6413=VECTOR('',#10722,1.);
#6414=VECTOR('',#10725,1.);
#6415=VECTOR('',#10726,1.);
#6416=VECTOR('',#10727,1.);
#6417=VECTOR('',#10730,1.);
#6418=VECTOR('',#10731,1.);
#6419=VECTOR('',#10732,1.);
#6420=VECTOR('',#10735,1.);
#6421=VECTOR('',#10736,1.);
#6422=VECTOR('',#10739,1.);
#6423=VECTOR('',#10740,1.);
#6424=VECTOR('',#10743,1.);
#6425=VECTOR('',#10744,1.);
#6426=VECTOR('',#10745,1.);
#6427=VECTOR('',#10746,1.);
#6428=VECTOR('',#10749,1.);
#6429=VECTOR('',#10750,1.);
#6430=VECTOR('',#10759,1.);
#6431=VECTOR('',#10762,1.);
#6432=VECTOR('',#10765,1.);
#6433=VECTOR('',#10768,1.);
#6434=VECTOR('',#10773,1.);
#6435=VECTOR('',#10774,1.);
#6436=VECTOR('',#10775,1.);
#6437=VECTOR('',#10776,1.);
#6438=VECTOR('',#10777,1.);
#6439=VECTOR('',#10778,1.);
#6440=VECTOR('',#10779,1.);
#6441=VECTOR('',#10780,1.);
#6442=VECTOR('',#10781,1.);
#6443=VECTOR('',#10784,1.);
#6444=VECTOR('',#10785,1.);
#6445=VECTOR('',#10786,1.);
#6446=VECTOR('',#10789,1.);
#6447=VECTOR('',#10790,1.);
#6448=VECTOR('',#10791,1.);
#6449=VECTOR('',#10792,1.);
#6450=VECTOR('',#10793,1.);
#6451=VECTOR('',#10794,1.);
#6452=VECTOR('',#10795,1.);
#6453=VECTOR('',#10796,1.);
#6454=VECTOR('',#10799,1.);
#6455=VECTOR('',#10800,1.);
#6456=VECTOR('',#10801,1.);
#6457=VECTOR('',#10802,1.);
#6458=VECTOR('',#10803,1.);
#6459=VECTOR('',#10804,1.);
#6460=VECTOR('',#10805,1.);
#6461=VECTOR('',#10806,1.);
#6462=VECTOR('',#10807,1.);
#6463=VECTOR('',#10810,1.);
#6464=VECTOR('',#10811,1.);
#6465=VECTOR('',#10812,1.);
#6466=VECTOR('',#10815,1.);
#6467=VECTOR('',#10816,1.);
#6468=VECTOR('',#10817,1.);
#6469=VECTOR('',#10818,1.);
#6470=VECTOR('',#10819,1.);
#6471=VECTOR('',#10820,1.);
#6472=VECTOR('',#10821,1.);
#6473=VECTOR('',#10822,1.);
#6474=VECTOR('',#10825,1.);
#6475=VECTOR('',#10826,1.);
#6476=VECTOR('',#10827,1.);
#6477=VECTOR('',#10828,1.);
#6478=VECTOR('',#10831,1.);
#6479=VECTOR('',#10832,1.);
#6480=VECTOR('',#10833,1.);
#6481=VECTOR('',#10834,1.);
#6482=VECTOR('',#10835,1.);
#6483=VECTOR('',#10836,1.);
#6484=VECTOR('',#10837,1.);
#6485=VECTOR('',#10838,1.);
#6486=VECTOR('',#10841,1.);
#6487=VECTOR('',#10842,1.);
#6488=VECTOR('',#10843,1.);
#6489=VECTOR('',#10846,1.);
#6490=VECTOR('',#10847,1.);
#6491=VECTOR('',#10848,1.);
#6492=VECTOR('',#10849,1.);
#6493=VECTOR('',#10850,1.);
#6494=VECTOR('',#10851,1.);
#6495=VECTOR('',#10852,1.);
#6496=VECTOR('',#10853,1.);
#6497=VECTOR('',#10854,1.);
#6498=VECTOR('',#10857,1.);
#6499=VECTOR('',#10858,1.);
#6500=VECTOR('',#10859,1.);
#6501=VECTOR('',#10862,1.);
#6502=VECTOR('',#10863,1.);
#6503=VECTOR('',#10864,1.);
#6504=VECTOR('',#10865,1.);
#6505=VECTOR('',#10866,1.);
#6506=VECTOR('',#10867,1.);
#6507=VECTOR('',#10868,1.);
#6508=VECTOR('',#10869,1.);
#6509=VECTOR('',#10872,1.);
#6510=VECTOR('',#10875,1.);
#6511=VECTOR('',#10880,1.);
#6512=VECTOR('',#10881,1.);
#6513=VECTOR('',#10882,1.);
#6514=VECTOR('',#10885,1.);
#6515=VECTOR('',#10886,1.);
#6516=VECTOR('',#10887,1.);
#6517=VECTOR('',#10888,1.);
#6518=VECTOR('',#10889,1.);
#6519=VECTOR('',#10890,1.);
#6520=VECTOR('',#10891,1.);
#6521=VECTOR('',#10892,1.);
#6522=VECTOR('',#10893,1.);
#6523=VECTOR('',#10896,1.);
#6524=VECTOR('',#10897,1.);
#6525=VECTOR('',#10898,1.);
#6526=VECTOR('',#10899,1.);
#6527=VECTOR('',#10902,1.);
#6528=VECTOR('',#10909,1.);
#6529=VECTOR('',#10910,1.);
#6530=VECTOR('',#10911,1.);
#6531=VECTOR('',#10914,1.);
#6532=VECTOR('',#10915,1.);
#6533=VECTOR('',#10916,1.);
#6534=VECTOR('',#10917,1.);
#6535=VECTOR('',#10918,1.);
#6536=VECTOR('',#10919,1.);
#6537=VECTOR('',#10920,1.);
#6538=VECTOR('',#10921,1.);
#6539=VECTOR('',#10922,1.);
#6540=VECTOR('',#10925,1.);
#6541=VECTOR('',#10926,1.);
#6542=VECTOR('',#10927,1.);
#6543=VECTOR('',#10928,1.);
#6544=VECTOR('',#10931,1.);
#6545=VECTOR('',#10938,1.);
#6546=VECTOR('',#10939,1.);
#6547=VECTOR('',#10940,1.);
#6548=VECTOR('',#10943,1.);
#6549=VECTOR('',#10944,1.);
#6550=VECTOR('',#10945,1.);
#6551=VECTOR('',#10946,1.);
#6552=VECTOR('',#10947,1.);
#6553=VECTOR('',#10948,1.);
#6554=VECTOR('',#10949,1.);
#6555=VECTOR('',#10950,1.);
#6556=VECTOR('',#10951,1.);
#6557=VECTOR('',#10954,1.);
#6558=VECTOR('',#10955,1.);
#6559=VECTOR('',#10956,1.);
#6560=VECTOR('',#10957,1.);
#6561=VECTOR('',#10960,1.);
#6562=VECTOR('',#10967,1.);
#6563=VECTOR('',#10968,1.);
#6564=VECTOR('',#10969,1.);
#6565=VECTOR('',#10972,1.);
#6566=VECTOR('',#10973,1.);
#6567=VECTOR('',#10974,1.);
#6568=VECTOR('',#10975,1.);
#6569=VECTOR('',#10976,1.);
#6570=VECTOR('',#10977,1.);
#6571=VECTOR('',#10978,1.);
#6572=VECTOR('',#10979,1.);
#6573=VECTOR('',#10980,1.);
#6574=VECTOR('',#10983,1.);
#6575=VECTOR('',#10984,1.);
#6576=VECTOR('',#10987,1.);
#6577=VECTOR('',#10988,1.);
#6578=VECTOR('',#10991,1.);
#6579=VECTOR('',#10992,1.);
#6580=VECTOR('',#10993,1.);
#6581=VECTOR('',#10994,1.);
#6582=VECTOR('',#10995,1.);
#6583=VECTOR('',#10996,1.);
#6584=VECTOR('',#10997,1.);
#6585=VECTOR('',#11000,1.);
#6586=VECTOR('',#11001,1.);
#6587=VECTOR('',#11028,1.);
#6588=VECTOR('',#11029,1.);
#6589=VECTOR('',#11030,1.);
#6590=VECTOR('',#11057,1.);
#6591=VECTOR('',#11058,1.);
#6592=VECTOR('',#11059,1.);
#6593=VECTOR('',#11060,1.);
#6594=VECTOR('',#11063,1.);
#6595=VECTOR('',#11064,1.);
#6596=VECTOR('',#11067,1.);
#6597=VECTOR('',#11068,1.);
#6598=VECTOR('',#11071,1.);
#6599=VECTOR('',#11072,1.);
#6600=VECTOR('',#11075,1.);
#6601=VECTOR('',#11076,1.);
#6602=VECTOR('',#11079,1.);
#6603=VECTOR('',#11080,1.);
#6604=VECTOR('',#11083,1.);
#6605=VECTOR('',#11084,1.);
#6606=VECTOR('',#11087,1.);
#6607=VECTOR('',#11088,1.);
#6608=VECTOR('',#11091,1.);
#6609=VECTOR('',#11092,1.);
#6610=VECTOR('',#11095,1.);
#6611=VECTOR('',#11096,1.);
#6612=VECTOR('',#11099,1.);
#6613=VECTOR('',#11100,1.);
#6614=VECTOR('',#11103,1.);
#6615=VECTOR('',#11104,1.);
#6616=VECTOR('',#11107,1.);
#6617=VECTOR('',#11108,1.);
#6618=VECTOR('',#11111,1.);
#6619=VECTOR('',#11112,1.);
#6620=VECTOR('',#11115,1.);
#6621=VECTOR('',#11116,1.);
#6622=VECTOR('',#11119,1.);
#6623=VECTOR('',#11120,1.);
#6624=VECTOR('',#11123,1.);
#6625=VECTOR('',#11124,1.);
#6626=VECTOR('',#11127,1.);
#6627=VECTOR('',#11128,1.);
#6628=VECTOR('',#11131,1.);
#6629=VECTOR('',#11132,1.);
#6630=VECTOR('',#11135,1.);
#6631=VECTOR('',#11136,1.);
#6632=VECTOR('',#11139,1.);
#6633=VECTOR('',#11140,1.);
#6634=VECTOR('',#11175,1.);
#6635=VECTOR('',#11178,1.);
#6636=VECTOR('',#11183,1.);
#6637=VECTOR('',#11186,1.);
#6638=VECTOR('',#11191,1.);
#6639=VECTOR('',#11194,1.);
#6640=VECTOR('',#11199,1.);
#6641=VECTOR('',#11202,1.);
#6642=VECTOR('',#11303,1.);
#6643=VECTOR('',#11304,1.);
#6644=VECTOR('',#11307,1.);
#6645=VECTOR('',#11310,1.);
#6646=VECTOR('',#11313,1.);
#6647=VECTOR('',#11316,1.);
#6648=VECTOR('',#11319,1.);
#6649=VECTOR('',#11322,1.);
#6650=VECTOR('',#11333,1.);
#6651=VECTOR('',#11334,1.);
#6652=VECTOR('',#11337,1.);
#6653=VECTOR('',#11338,1.);
#6654=VECTOR('',#11341,1.);
#6655=VECTOR('',#11364,1.);
#6656=VECTOR('',#11365,1.);
#6657=VECTOR('',#11366,1.);
#6658=VECTOR('',#11367,1.);
#6659=VECTOR('',#11370,1.);
#6660=VECTOR('',#11371,1.);
#6661=VECTOR('',#11372,1.);
#6662=VECTOR('',#11375,1.);
#6663=VECTOR('',#11376,1.);
#6664=VECTOR('',#11377,1.);
#6665=VECTOR('',#11380,1.);
#6666=VECTOR('',#11381,1.);
#6667=VECTOR('',#11382,1.);
#6668=VECTOR('',#11383,1.);
#6669=VECTOR('',#11386,1.);
#6670=VECTOR('',#11387,1.);
#6671=VECTOR('',#11388,1.);
#6672=VECTOR('',#11389,1.);
#6673=VECTOR('',#11392,1.);
#6674=VECTOR('',#11393,1.);
#6675=VECTOR('',#11394,1.);
#6676=VECTOR('',#11395,1.);
#6677=VECTOR('',#11416,1.);
#6678=VECTOR('',#11417,1.);
#6679=VECTOR('',#11420,1.);
#6680=VECTOR('',#11421,1.);
#6681=VECTOR('',#11422,1.);
#6682=VECTOR('',#11423,1.);
#6683=VECTOR('',#11432,1.);
#6684=VECTOR('',#11433,1.);
#6685=VECTOR('',#11434,1.);
#6686=VECTOR('',#11435,1.);
#6687=VECTOR('',#11438,1.);
#6688=VECTOR('',#11439,1.);
#6689=VECTOR('',#11440,1.);
#6690=VECTOR('',#11441,1.);
#6691=VECTOR('',#11454,1.);
#6692=VECTOR('',#11455,1.);
#6693=VECTOR('',#11456,1.);
#6694=VECTOR('',#11457,1.);
#6695=VECTOR('',#11460,1.);
#6696=VECTOR('',#11461,1.);
#6697=VECTOR('',#11462,1.);
#6698=VECTOR('',#11463,1.);
#6699=VECTOR('',#11466,1.);
#6700=VECTOR('',#11467,1.);
#6701=VECTOR('',#11468,1.);
#6702=VECTOR('',#11469,1.);
#6703=VECTOR('',#11472,1.);
#6704=VECTOR('',#11473,1.);
#6705=VECTOR('',#11474,1.);
#6706=VECTOR('',#11475,1.);
#6707=VECTOR('',#11478,1.);
#6708=VECTOR('',#11479,1.);
#6709=VECTOR('',#11480,1.);
#6710=VECTOR('',#11481,1.);
#6711=VECTOR('',#11484,1.);
#6712=VECTOR('',#11485,1.);
#6713=VECTOR('',#11486,1.);
#6714=VECTOR('',#11487,1.);
#6715=VECTOR('',#11500,1.);
#6716=VECTOR('',#11501,1.);
#6717=VECTOR('',#11502,1.);
#6718=VECTOR('',#11503,1.);
#6719=VECTOR('',#11506,1.);
#6720=VECTOR('',#11507,1.);
#6721=VECTOR('',#11508,1.);
#6722=VECTOR('',#11509,1.);
#6723=VECTOR('',#11512,1.);
#6724=VECTOR('',#11513,1.);
#6725=VECTOR('',#11514,1.);
#6726=VECTOR('',#11515,1.);
#6727=VECTOR('',#11524,1.);
#6728=VECTOR('',#11525,1.);
#6729=VECTOR('',#11526,1.);
#6730=VECTOR('',#11527,1.);
#6731=VECTOR('',#11530,1.);
#6732=VECTOR('',#11531,1.);
#6733=VECTOR('',#11532,1.);
#6734=VECTOR('',#11533,1.);
#6735=VECTOR('',#11534,1.);
#6736=VECTOR('',#11535,1.);
#6737=VECTOR('',#11536,1.);
#6738=VECTOR('',#11537,1.);
#6739=VECTOR('',#11540,1.);
#6740=VECTOR('',#11541,1.);
#6741=VECTOR('',#11542,1.);
#6742=VECTOR('',#11543,1.);
#6743=VECTOR('',#11546,1.);
#6744=VECTOR('',#11547,1.);
#6745=VECTOR('',#11550,1.);
#6746=VECTOR('',#11551,1.);
#6747=VECTOR('',#11554,1.);
#6748=VECTOR('',#11555,1.);
#6749=VECTOR('',#11558,1.);
#6750=VECTOR('',#11559,1.);
#6751=EDGE_LOOP('',(#144,#145,#146,#147));
#6752=EDGE_LOOP('',(#148,#149,#150,#151));
#6753=EDGE_LOOP('',(#152,#153,#154,#155));
#6754=EDGE_LOOP('',(#156,#157,#158,#159));
#6755=EDGE_LOOP('',(#160,#161,#162,#163));
#6756=EDGE_LOOP('',(#164,#165,#166,#167));
#6757=EDGE_LOOP('',(#168,#169,#170,#171));
#6758=EDGE_LOOP('',(#172,#173,#174,#175));
#6759=EDGE_LOOP('',(#176,#177,#178,#179));
#6760=EDGE_LOOP('',(#180,#181,#182,#183));
#6761=EDGE_LOOP('',(#184,#185,#186,#187));
#6762=EDGE_LOOP('',(#188,#189,#190,#191));
#6763=EDGE_LOOP('',(#192,#193,#194,#195));
#6764=EDGE_LOOP('',(#196,#197,#198,#199));
#6765=EDGE_LOOP('',(#200,#201,#202,#203));
#6766=EDGE_LOOP('',(#204,#205,#206,#207));
#6767=EDGE_LOOP('',(#208,#209,#210,#211));
#6768=EDGE_LOOP('',(#212,#213,#214,#215));
#6769=EDGE_LOOP('',(#216,#217,#218,#219));
#6770=EDGE_LOOP('',(#220,#221,#222,#223));
#6771=EDGE_LOOP('',(#224,#225,#226,#227));
#6772=EDGE_LOOP('',(#228,#229,#230,#231));
#6773=EDGE_LOOP('',(#232,#233,#234,#235));
#6774=EDGE_LOOP('',(#236,#237,#238,#239));
#6775=EDGE_LOOP('',(#240,#241,#242,#243));
#6776=EDGE_LOOP('',(#244,#245,#246,#247));
#6777=EDGE_LOOP('',(#248,#249,#250,#251));
#6778=EDGE_LOOP('',(#252,#253,#254,#255));
#6779=EDGE_LOOP('',(#256,#257,#258,#259));
#6780=EDGE_LOOP('',(#260,#261,#262,#263));
#6781=EDGE_LOOP('',(#264,#265,#266,#267));
#6782=EDGE_LOOP('',(#268,#269,#270,#271));
#6783=EDGE_LOOP('',(#272,#273,#274,#275));
#6784=EDGE_LOOP('',(#276,#277,#278,#279));
#6785=EDGE_LOOP('',(#280,#281,#282,#283));
#6786=EDGE_LOOP('',(#284,#285,#286,#287));
#6787=EDGE_LOOP('',(#288,#289,#290,#291));
#6788=EDGE_LOOP('',(#292,#293,#294,#295));
#6789=EDGE_LOOP('',(#296,#297,#298,#299));
#6790=EDGE_LOOP('',(#300,#301,#302,#303));
#6791=EDGE_LOOP('',(#304,#305,#306,#307));
#6792=EDGE_LOOP('',(#308,#309,#310,#311));
#6793=EDGE_LOOP('',(#312,#313,#314,#315));
#6794=EDGE_LOOP('',(#316,#317,#318,#319));
#6795=EDGE_LOOP('',(#320,#321,#322,#323));
#6796=EDGE_LOOP('',(#324,#325,#326,#327));
#6797=EDGE_LOOP('',(#328,#329,#330,#331));
#6798=EDGE_LOOP('',(#332,#333,#334,#335));
#6799=EDGE_LOOP('',(#336,#337,#338,#339));
#6800=EDGE_LOOP('',(#340,#341,#342,#343));
#6801=EDGE_LOOP('',(#344,#345,#346,#347));
#6802=EDGE_LOOP('',(#348,#349,#350,#351));
#6803=EDGE_LOOP('',(#352,#353,#354,#355));
#6804=EDGE_LOOP('',(#356,#357,#358,#359));
#6805=EDGE_LOOP('',(#360,#361,#362,#363));
#6806=EDGE_LOOP('',(#364,#365,#366,#367));
#6807=EDGE_LOOP('',(#368,#369,#370,#371));
#6808=EDGE_LOOP('',(#372,#373,#374,#375));
#6809=EDGE_LOOP('',(#376,#377,#378,#379));
#6810=EDGE_LOOP('',(#380,#381,#382,#383));
#6811=EDGE_LOOP('',(#384,#385,#386,#387));
#6812=EDGE_LOOP('',(#388,#389,#390,#391));
#6813=EDGE_LOOP('',(#392,#393,#394,#395));
#6814=EDGE_LOOP('',(#396,#397,#398,#399));
#6815=EDGE_LOOP('',(#400,#401,#402,#403));
#6816=EDGE_LOOP('',(#404,#405,#406,#407));
#6817=EDGE_LOOP('',(#408,#409,#410,#411));
#6818=EDGE_LOOP('',(#412,#413,#414,#415));
#6819=EDGE_LOOP('',(#416,#417,#418,#419));
#6820=EDGE_LOOP('',(#420,#421,#422,#423));
#6821=EDGE_LOOP('',(#424,#425,#426,#427));
#6822=EDGE_LOOP('',(#428,#429,#430,#431));
#6823=EDGE_LOOP('',(#432,#433,#434,#435));
#6824=EDGE_LOOP('',(#436,#437,#438,#439));
#6825=EDGE_LOOP('',(#440,#441,#442,#443));
#6826=EDGE_LOOP('',(#444,#445,#446,#447));
#6827=EDGE_LOOP('',(#448,#449,#450,#451));
#6828=EDGE_LOOP('',(#452,#453,#454,#455));
#6829=EDGE_LOOP('',(#456,#457,#458,#459));
#6830=EDGE_LOOP('',(#460,#461,#462,#463));
#6831=EDGE_LOOP('',(#464,#465,#466,#467));
#6832=EDGE_LOOP('',(#468,#469,#470,#471));
#6833=EDGE_LOOP('',(#472,#473,#474,#475));
#6834=EDGE_LOOP('',(#476,#477,#478,#479));
#6835=EDGE_LOOP('',(#480,#481,#482,#483));
#6836=EDGE_LOOP('',(#484,#485,#486,#487));
#6837=EDGE_LOOP('',(#488,#489,#490,#491));
#6838=EDGE_LOOP('',(#492,#493,#494,#495));
#6839=EDGE_LOOP('',(#496,#497,#498,#499));
#6840=EDGE_LOOP('',(#500,#501,#502,#503));
#6841=EDGE_LOOP('',(#504,#505,#506,#507));
#6842=EDGE_LOOP('',(#508,#509,#510,#511));
#6843=EDGE_LOOP('',(#512,#513,#514,#515));
#6844=EDGE_LOOP('',(#516,#517,#518,#519));
#6845=EDGE_LOOP('',(#520,#521,#522,#523));
#6846=EDGE_LOOP('',(#524,#525,#526,#527));
#6847=EDGE_LOOP('',(#528,#529,#530,#531));
#6848=EDGE_LOOP('',(#532,#533,#534,#535));
#6849=EDGE_LOOP('',(#536,#537,#538,#539));
#6850=EDGE_LOOP('',(#540,#541,#542,#543));
#6851=EDGE_LOOP('',(#544,#545,#546,#547));
#6852=EDGE_LOOP('',(#548,#549,#550,#551));
#6853=EDGE_LOOP('',(#552,#553,#554,#555));
#6854=EDGE_LOOP('',(#556,#557,#558,#559));
#6855=EDGE_LOOP('',(#560,#561,#562,#563));
#6856=EDGE_LOOP('',(#564,#565,#566,#567));
#6857=EDGE_LOOP('',(#568,#569,#570,#571));
#6858=EDGE_LOOP('',(#572,#573,#574,#575));
#6859=EDGE_LOOP('',(#576,#577,#578,#579));
#6860=EDGE_LOOP('',(#580,#581,#582,#583));
#6861=EDGE_LOOP('',(#584,#585,#586,#587));
#6862=EDGE_LOOP('',(#588,#589,#590,#591));
#6863=EDGE_LOOP('',(#592,#593,#594,#595));
#6864=EDGE_LOOP('',(#596,#597,#598,#599));
#6865=EDGE_LOOP('',(#600,#601,#602,#603));
#6866=EDGE_LOOP('',(#604,#605,#606,#607));
#6867=EDGE_LOOP('',(#608,#609,#610,#611));
#6868=EDGE_LOOP('',(#612,#613,#614,#615));
#6869=EDGE_LOOP('',(#616,#617,#618,#619));
#6870=EDGE_LOOP('',(#620,#621,#622,#623));
#6871=EDGE_LOOP('',(#624,#625,#626,#627));
#6872=EDGE_LOOP('',(#628,#629,#630,#631));
#6873=EDGE_LOOP('',(#632,#633,#634,#635));
#6874=EDGE_LOOP('',(#636,#637,#638,#639));
#6875=EDGE_LOOP('',(#640,#641,#642,#643));
#6876=EDGE_LOOP('',(#644,#645,#646,#647));
#6877=EDGE_LOOP('',(#648,#649,#650,#651));
#6878=EDGE_LOOP('',(#652,#653,#654,#655));
#6879=EDGE_LOOP('',(#656,#657,#658,#659));
#6880=EDGE_LOOP('',(#660,#661,#662,#663));
#6881=EDGE_LOOP('',(#664,#665,#666,#667));
#6882=EDGE_LOOP('',(#668,#669,#670,#671));
#6883=EDGE_LOOP('',(#672,#673,#674,#675));
#6884=EDGE_LOOP('',(#676,#677,#678,#679));
#6885=EDGE_LOOP('',(#680,#681,#682,#683));
#6886=EDGE_LOOP('',(#684,#685,#686,#687));
#6887=EDGE_LOOP('',(#688,#689,#690,#691));
#6888=EDGE_LOOP('',(#692,#693,#694,#695));
#6889=EDGE_LOOP('',(#696,#697,#698,#699));
#6890=EDGE_LOOP('',(#700,#701,#702,#703));
#6891=EDGE_LOOP('',(#704,#705,#706,#707));
#6892=EDGE_LOOP('',(#708,#709,#710,#711));
#6893=EDGE_LOOP('',(#712,#713,#714,#715));
#6894=EDGE_LOOP('',(#716,#717,#718,#719));
#6895=EDGE_LOOP('',(#720,#721,#722,#723));
#6896=EDGE_LOOP('',(#724,#725,#726,#727));
#6897=EDGE_LOOP('',(#728,#729,#730,#731));
#6898=EDGE_LOOP('',(#732,#733,#734,#735));
#6899=EDGE_LOOP('',(#736,#737,#738,#739));
#6900=EDGE_LOOP('',(#740,#741,#742,#743));
#6901=EDGE_LOOP('',(#744,#745,#746,#747));
#6902=EDGE_LOOP('',(#748,#749,#750,#751));
#6903=EDGE_LOOP('',(#752,#753,#754,#755));
#6904=EDGE_LOOP('',(#756,#757,#758,#759));
#6905=EDGE_LOOP('',(#760,#761,#762,#763));
#6906=EDGE_LOOP('',(#764,#765,#766,#767));
#6907=EDGE_LOOP('',(#768,#769,#770,#771));
#6908=EDGE_LOOP('',(#772,#773,#774,#775));
#6909=EDGE_LOOP('',(#776,#777,#778,#779));
#6910=EDGE_LOOP('',(#780,#781,#782,#783));
#6911=EDGE_LOOP('',(#784,#785,#786,#787));
#6912=EDGE_LOOP('',(#788,#789,#790,#791));
#6913=EDGE_LOOP('',(#792,#793,#794,#795));
#6914=EDGE_LOOP('',(#796,#797,#798,#799));
#6915=EDGE_LOOP('',(#800,#801,#802,#803));
#6916=EDGE_LOOP('',(#804,#805,#806,#807));
#6917=EDGE_LOOP('',(#808,#809,#810,#811));
#6918=EDGE_LOOP('',(#812,#813,#814,#815));
#6919=EDGE_LOOP('',(#816,#817,#818,#819));
#6920=EDGE_LOOP('',(#820,#821,#822,#823));
#6921=EDGE_LOOP('',(#824,#825,#826,#827));
#6922=EDGE_LOOP('',(#828,#829,#830,#831));
#6923=EDGE_LOOP('',(#832,#833,#834,#835));
#6924=EDGE_LOOP('',(#836,#837,#838,#839));
#6925=EDGE_LOOP('',(#840,#841,#842,#843));
#6926=EDGE_LOOP('',(#844,#845,#846,#847));
#6927=EDGE_LOOP('',(#848,#849,#850,#851));
#6928=EDGE_LOOP('',(#852,#853,#854,#855));
#6929=EDGE_LOOP('',(#856,#857,#858,#859));
#6930=EDGE_LOOP('',(#860,#861,#862,#863));
#6931=EDGE_LOOP('',(#864,#865,#866,#867));
#6932=EDGE_LOOP('',(#868,#869,#870,#871));
#6933=EDGE_LOOP('',(#872,#873,#874,#875));
#6934=EDGE_LOOP('',(#876,#877,#878,#879));
#6935=EDGE_LOOP('',(#880,#881,#882,#883));
#6936=EDGE_LOOP('',(#884,#885,#886,#887));
#6937=EDGE_LOOP('',(#888,#889,#890,#891));
#6938=EDGE_LOOP('',(#892,#893,#894,#895));
#6939=EDGE_LOOP('',(#896,#897,#898,#899));
#6940=EDGE_LOOP('',(#900,#901,#902,#903));
#6941=EDGE_LOOP('',(#904,#905,#906,#907));
#6942=EDGE_LOOP('',(#908,#909,#910,#911));
#6943=EDGE_LOOP('',(#912,#913,#914,#915));
#6944=EDGE_LOOP('',(#916,#917,#918,#919));
#6945=EDGE_LOOP('',(#920,#921,#922,#923));
#6946=EDGE_LOOP('',(#924,#925,#926,#927));
#6947=EDGE_LOOP('',(#928,#929,#930,#931,#932,#933));
#6948=EDGE_LOOP('',(#934,#935,#936,#937,#938,#939));
#6949=EDGE_LOOP('',(#940,#941,#942,#943,#944,#945));
#6950=EDGE_LOOP('',(#946,#947,#948,#949,#950,#951));
#6951=EDGE_LOOP('',(#952,#953,#954,#955,#956,#957));
#6952=EDGE_LOOP('',(#958,#959,#960,#961,#962,#963));
#6953=EDGE_LOOP('',(#964,#965,#966,#967,#968,#969));
#6954=EDGE_LOOP('',(#970,#971,#972,#973,#974,#975));
#6955=EDGE_LOOP('',(#976,#977,#978,#979,#980,#981));
#6956=EDGE_LOOP('',(#982,#983,#984,#985,#986,#987));
#6957=EDGE_LOOP('',(#988,#989,#990,#991,#992,#993));
#6958=EDGE_LOOP('',(#994,#995,#996,#997,#998,#999));
#6959=EDGE_LOOP('',(#1000,#1001,#1002,#1003,#1004,#1005));
#6960=EDGE_LOOP('',(#1006,#1007,#1008,#1009,#1010,#1011));
#6961=EDGE_LOOP('',(#1012,#1013,#1014,#1015,#1016,#1017));
#6962=EDGE_LOOP('',(#1018,#1019,#1020,#1021,#1022,#1023));
#6963=EDGE_LOOP('',(#1024,#1025,#1026,#1027,#1028,#1029));
#6964=EDGE_LOOP('',(#1030,#1031,#1032,#1033,#1034,#1035));
#6965=EDGE_LOOP('',(#1036,#1037,#1038,#1039,#1040,#1041));
#6966=EDGE_LOOP('',(#1042,#1043,#1044,#1045,#1046,#1047));
#6967=EDGE_LOOP('',(#1048,#1049,#1050,#1051,#1052,#1053));
#6968=EDGE_LOOP('',(#1054,#1055,#1056,#1057,#1058,#1059));
#6969=EDGE_LOOP('',(#1060,#1061,#1062,#1063,#1064,#1065));
#6970=EDGE_LOOP('',(#1066,#1067,#1068,#1069,#1070,#1071));
#6971=EDGE_LOOP('',(#1072,#1073,#1074,#1075,#1076,#1077));
#6972=EDGE_LOOP('',(#1078,#1079,#1080,#1081,#1082,#1083));
#6973=EDGE_LOOP('',(#1084,#1085,#1086,#1087,#1088,#1089));
#6974=EDGE_LOOP('',(#1090,#1091,#1092,#1093,#1094,#1095));
#6975=EDGE_LOOP('',(#1096,#1097,#1098,#1099,#1100,#1101));
#6976=EDGE_LOOP('',(#1102,#1103,#1104,#1105,#1106,#1107));
#6977=EDGE_LOOP('',(#1108,#1109,#1110,#1111,#1112,#1113));
#6978=EDGE_LOOP('',(#1114,#1115,#1116,#1117,#1118,#1119));
#6979=EDGE_LOOP('',(#1120,#1121,#1122,#1123,#1124,#1125,#1126,#1127));
#6980=EDGE_LOOP('',(#1128,#1129,#1130,#1131,#1132,#1133));
#6981=EDGE_LOOP('',(#1134,#1135,#1136,#1137,#1138,#1139));
#6982=EDGE_LOOP('',(#1140,#1141,#1142,#1143,#1144,#1145));
#6983=EDGE_LOOP('',(#1146,#1147,#1148,#1149,#1150,#1151));
#6984=EDGE_LOOP('',(#1152,#1153,#1154,#1155,#1156,#1157));
#6985=EDGE_LOOP('',(#1158,#1159,#1160,#1161,#1162,#1163));
#6986=EDGE_LOOP('',(#1164,#1165,#1166,#1167,#1168,#1169));
#6987=EDGE_LOOP('',(#1170,#1171,#1172,#1173,#1174,#1175));
#6988=EDGE_LOOP('',(#1176,#1177,#1178,#1179,#1180,#1181));
#6989=EDGE_LOOP('',(#1182,#1183,#1184,#1185,#1186,#1187));
#6990=EDGE_LOOP('',(#1188,#1189,#1190,#1191,#1192,#1193));
#6991=EDGE_LOOP('',(#1194,#1195,#1196,#1197,#1198,#1199));
#6992=EDGE_LOOP('',(#1200,#1201,#1202,#1203,#1204,#1205));
#6993=EDGE_LOOP('',(#1206,#1207,#1208,#1209,#1210,#1211));
#6994=EDGE_LOOP('',(#1212,#1213,#1214,#1215,#1216,#1217));
#6995=EDGE_LOOP('',(#1218,#1219,#1220,#1221,#1222,#1223));
#6996=EDGE_LOOP('',(#1224,#1225,#1226,#1227,#1228,#1229));
#6997=EDGE_LOOP('',(#1230,#1231,#1232,#1233,#1234,#1235));
#6998=EDGE_LOOP('',(#1236,#1237,#1238,#1239,#1240,#1241));
#6999=EDGE_LOOP('',(#1242,#1243,#1244,#1245,#1246,#1247));
#7000=EDGE_LOOP('',(#1248,#1249,#1250,#1251,#1252,#1253));
#7001=EDGE_LOOP('',(#1254,#1255,#1256,#1257,#1258,#1259));
#7002=EDGE_LOOP('',(#1260,#1261,#1262,#1263,#1264,#1265));
#7003=EDGE_LOOP('',(#1266,#1267,#1268,#1269,#1270,#1271));
#7004=EDGE_LOOP('',(#1272,#1273,#1274,#1275,#1276,#1277));
#7005=EDGE_LOOP('',(#1278,#1279,#1280,#1281,#1282,#1283));
#7006=EDGE_LOOP('',(#1284,#1285,#1286,#1287,#1288,#1289));
#7007=EDGE_LOOP('',(#1290,#1291,#1292,#1293,#1294,#1295));
#7008=EDGE_LOOP('',(#1296,#1297,#1298,#1299,#1300,#1301));
#7009=EDGE_LOOP('',(#1302,#1303,#1304,#1305,#1306,#1307));
#7010=EDGE_LOOP('',(#1308,#1309,#1310,#1311,#1312,#1313));
#7011=EDGE_LOOP('',(#1314,#1315,#1316,#1317,#1318,#1319));
#7012=EDGE_LOOP('',(#1320,#1321,#1322,#1323,#1324,#1325,#1326,#1327));
#7013=EDGE_LOOP('',(#1328,#1329,#1330,#1331));
#7014=EDGE_LOOP('',(#1332,#1333,#1334,#1335));
#7015=EDGE_LOOP('',(#1336,#1337,#1338,#1339));
#7016=EDGE_LOOP('',(#1340,#1341,#1342,#1343));
#7017=EDGE_LOOP('',(#1344,#1345,#1346,#1347));
#7018=EDGE_LOOP('',(#1348,#1349,#1350,#1351));
#7019=EDGE_LOOP('',(#1352,#1353,#1354,#1355));
#7020=EDGE_LOOP('',(#1356,#1357,#1358,#1359));
#7021=EDGE_LOOP('',(#1360,#1361,#1362,#1363));
#7022=EDGE_LOOP('',(#1364,#1365,#1366,#1367));
#7023=EDGE_LOOP('',(#1368,#1369,#1370,#1371));
#7024=EDGE_LOOP('',(#1372,#1373,#1374,#1375));
#7025=EDGE_LOOP('',(#1376,#1377,#1378,#1379));
#7026=EDGE_LOOP('',(#1380,#1381,#1382,#1383,#1384,#1385,#1386,#1387));
#7027=EDGE_LOOP('',(#1388,#1389,#1390,#1391));
#7028=EDGE_LOOP('',(#1392,#1393,#1394,#1395,#1396,#1397,#1398,#1399));
#7029=EDGE_LOOP('',(#1400,#1401,#1402,#1403));
#7030=EDGE_LOOP('',(#1404,#1405,#1406,#1407));
#7031=EDGE_LOOP('',(#1408,#1409,#1410,#1411));
#7032=EDGE_LOOP('',(#1412,#1413,#1414,#1415));
#7033=EDGE_LOOP('',(#1416,#1417,#1418,#1419));
#7034=EDGE_LOOP('',(#1420,#1421,#1422,#1423));
#7035=EDGE_LOOP('',(#1424,#1425,#1426,#1427));
#7036=EDGE_LOOP('',(#1428,#1429,#1430,#1431));
#7037=EDGE_LOOP('',(#1432,#1433,#1434,#1435));
#7038=EDGE_LOOP('',(#1436,#1437,#1438,#1439));
#7039=EDGE_LOOP('',(#1440,#1441,#1442,#1443));
#7040=EDGE_LOOP('',(#1444,#1445,#1446,#1447));
#7041=EDGE_LOOP('',(#1448,#1449,#1450,#1451));
#7042=EDGE_LOOP('',(#1452,#1453,#1454,#1455));
#7043=EDGE_LOOP('',(#1456));
#7044=EDGE_LOOP('',(#1457));
#7045=EDGE_LOOP('',(#1458));
#7046=EDGE_LOOP('',(#1459));
#7047=EDGE_LOOP('',(#1460));
#7048=EDGE_LOOP('',(#1461));
#7049=EDGE_LOOP('',(#1462));
#7050=EDGE_LOOP('',(#1463));
#7051=EDGE_LOOP('',(#1464,#1465,#1466,#1467));
#7052=EDGE_LOOP('',(#1468,#1469,#1470,#1471));
#7053=EDGE_LOOP('',(#1472,#1473,#1474,#1475));
#7054=EDGE_LOOP('',(#1476));
#7055=EDGE_LOOP('',(#1477));
#7056=EDGE_LOOP('',(#1478));
#7057=EDGE_LOOP('',(#1479));
#7058=EDGE_LOOP('',(#1480,#1481,#1482,#1483,#1484,#1485,#1486,#1487));
#7059=EDGE_LOOP('',(#1488,#1489,#1490,#1491));
#7060=EDGE_LOOP('',(#1492));
#7061=EDGE_LOOP('',(#1493));
#7062=EDGE_LOOP('',(#1494));
#7063=EDGE_LOOP('',(#1495));
#7064=EDGE_LOOP('',(#1496,#1497,#1498,#1499,#1500,#1501,#1502,#1503));
#7065=EDGE_LOOP('',(#1504,#1505,#1506,#1507));
#7066=EDGE_LOOP('',(#1508,#1509,#1510,#1511));
#7067=EDGE_LOOP('',(#1512,#1513,#1514,#1515));
#7068=EDGE_LOOP('',(#1516,#1517,#1518,#1519));
#7069=EDGE_LOOP('',(#1520,#1521,#1522,#1523));
#7070=EDGE_LOOP('',(#1524,#1525,#1526,#1527));
#7071=EDGE_LOOP('',(#1528,#1529,#1530,#1531));
#7072=EDGE_LOOP('',(#1532,#1533,#1534,#1535));
#7073=EDGE_LOOP('',(#1536,#1537,#1538,#1539,#1540,#1541,#1542,#1543,#1544,
#1545));
#7074=EDGE_LOOP('',(#1546,#1547,#1548,#1549));
#7075=EDGE_LOOP('',(#1550,#1551,#1552,#1553,#1554,#1555,#1556,#1557,#1558,
#1559));
#7076=EDGE_LOOP('',(#1560,#1561,#1562,#1563));
#7077=EDGE_LOOP('',(#1564,#1565,#1566,#1567,#1568,#1569,#1570,#1571,#1572,
#1573));
#7078=EDGE_LOOP('',(#1574,#1575,#1576,#1577));
#7079=EDGE_LOOP('',(#1578,#1579,#1580,#1581,#1582,#1583,#1584,#1585,#1586,
#1587));
#7080=EDGE_LOOP('',(#1588,#1589,#1590,#1591));
#7081=EDGE_LOOP('',(#1592,#1593,#1594,#1595));
#7082=EDGE_LOOP('',(#1596,#1597,#1598,#1599));
#7083=EDGE_LOOP('',(#1600,#1601,#1602,#1603));
#7084=EDGE_LOOP('',(#1604,#1605,#1606,#1607));
#7085=EDGE_LOOP('',(#1608,#1609,#1610,#1611));
#7086=EDGE_LOOP('',(#1612,#1613,#1614,#1615,#1616,#1617));
#7087=EDGE_LOOP('',(#1618,#1619,#1620,#1621));
#7088=EDGE_LOOP('',(#1622,#1623,#1624,#1625));
#7089=EDGE_LOOP('',(#1626,#1627,#1628,#1629));
#7090=EDGE_LOOP('',(#1630,#1631,#1632,#1633));
#7091=EDGE_LOOP('',(#1634,#1635,#1636,#1637));
#7092=EDGE_LOOP('',(#1638,#1639,#1640,#1641));
#7093=EDGE_LOOP('',(#1642,#1643,#1644,#1645));
#7094=EDGE_LOOP('',(#1646,#1647,#1648,#1649,#1650,#1651));
#7095=EDGE_LOOP('',(#1652,#1653,#1654,#1655));
#7096=EDGE_LOOP('',(#1656,#1657,#1658,#1659));
#7097=EDGE_LOOP('',(#1660,#1661,#1662,#1663,#1664,#1665,#1666,#1667));
#7098=EDGE_LOOP('',(#1668,#1669,#1670,#1671));
#7099=EDGE_LOOP('',(#1672,#1673,#1674,#1675));
#7100=EDGE_LOOP('',(#1676,#1677,#1678,#1679));
#7101=EDGE_LOOP('',(#1680,#1681,#1682,#1683));
#7102=EDGE_LOOP('',(#1684,#1685,#1686,#1687,#1688,#1689,#1690,#1691,#1692,
#1693));
#7103=EDGE_LOOP('',(#1694,#1695,#1696,#1697));
#7104=EDGE_LOOP('',(#1698,#1699,#1700,#1701,#1702,#1703,#1704,#1705,#1706,
#1707));
#7105=EDGE_LOOP('',(#1708,#1709,#1710,#1711,#1712,#1713,#1714,#1715,#1716,
#1717));
#7106=EDGE_LOOP('',(#1718,#1719,#1720,#1721));
#7107=EDGE_LOOP('',(#1722,#1723,#1724,#1725,#1726,#1727,#1728,#1729,#1730,
#1731));
#7108=EDGE_LOOP('',(#1732,#1733,#1734,#1735));
#7109=EDGE_LOOP('',(#1736,#1737,#1738,#1739,#1740,#1741,#1742,#1743,#1744,
#1745));
#7110=EDGE_LOOP('',(#1746,#1747,#1748,#1749));
#7111=EDGE_LOOP('',(#1750,#1751,#1752,#1753,#1754,#1755,#1756,#1757,#1758,
#1759));
#7112=EDGE_LOOP('',(#1760,#1761,#1762,#1763));
#7113=EDGE_LOOP('',(#1764,#1765,#1766,#1767,#1768,#1769,#1770,#1771,#1772,
#1773));
#7114=EDGE_LOOP('',(#1774,#1775,#1776,#1777));
#7115=EDGE_LOOP('',(#1778,#1779,#1780,#1781));
#7116=EDGE_LOOP('',(#1782,#1783,#1784,#1785,#1786,#1787,#1788,#1789,#1790,
#1791));
#7117=EDGE_LOOP('',(#1792,#1793,#1794,#1795));
#7118=EDGE_LOOP('',(#1796,#1797,#1798,#1799));
#7119=EDGE_LOOP('',(#1800,#1801,#1802,#1803));
#7120=EDGE_LOOP('',(#1804,#1805,#1806,#1807,#1808,#1809,#1810,#1811,#1812,
#1813));
#7121=EDGE_LOOP('',(#1814,#1815,#1816,#1817));
#7122=EDGE_LOOP('',(#1818,#1819,#1820,#1821));
#7123=EDGE_LOOP('',(#1822,#1823,#1824,#1825));
#7124=EDGE_LOOP('',(#1826,#1827,#1828,#1829,#1830,#1831,#1832,#1833,#1834,
#1835));
#7125=EDGE_LOOP('',(#1836,#1837,#1838,#1839));
#7126=EDGE_LOOP('',(#1840,#1841,#1842,#1843));
#7127=EDGE_LOOP('',(#1844,#1845,#1846,#1847));
#7128=EDGE_LOOP('',(#1848,#1849,#1850,#1851,#1852,#1853,#1854,#1855,#1856,
#1857));
#7129=EDGE_LOOP('',(#1858,#1859,#1860,#1861));
#7130=EDGE_LOOP('',(#1862,#1863,#1864,#1865));
#7131=EDGE_LOOP('',(#1866,#1867,#1868,#1869,#1870,#1871,#1872,#1873,#1874,
#1875));
#7132=EDGE_LOOP('',(#1876,#1877,#1878,#1879));
#7133=EDGE_LOOP('',(#1880));
#7134=EDGE_LOOP('',(#1881));
#7135=EDGE_LOOP('',(#1882));
#7136=EDGE_LOOP('',(#1883));
#7137=EDGE_LOOP('',(#1884));
#7138=EDGE_LOOP('',(#1885));
#7139=EDGE_LOOP('',(#1886));
#7140=EDGE_LOOP('',(#1887));
#7141=EDGE_LOOP('',(#1888,#1889,#1890,#1891));
#7142=EDGE_LOOP('',(#1892,#1893,#1894,#1895));
#7143=EDGE_LOOP('',(#1896,#1897,#1898,#1899));
#7144=EDGE_LOOP('',(#1900,#1901,#1902,#1903));
#7145=EDGE_LOOP('',(#1904,#1905,#1906,#1907));
#7146=EDGE_LOOP('',(#1908));
#7147=EDGE_LOOP('',(#1909));
#7148=EDGE_LOOP('',(#1910));
#7149=EDGE_LOOP('',(#1911));
#7150=EDGE_LOOP('',(#1912));
#7151=EDGE_LOOP('',(#1913));
#7152=EDGE_LOOP('',(#1914));
#7153=EDGE_LOOP('',(#1915));
#7154=EDGE_LOOP('',(#1916,#1917,#1918,#1919,#1920,#1921,#1922,#1923,#1924,
#1925,#1926,#1927,#1928,#1929,#1930,#1931));
#7155=EDGE_LOOP('',(#1932,#1933,#1934,#1935));
#7156=EDGE_LOOP('',(#1936,#1937,#1938,#1939));
#7157=EDGE_LOOP('',(#1940,#1941,#1942,#1943));
#7158=EDGE_LOOP('',(#1944,#1945,#1946,#1947));
#7159=EDGE_LOOP('',(#1948,#1949,#1950,#1951,#1952,#1953,#1954,#1955,#1956,
#1957,#1958,#1959,#1960,#1961,#1962,#1963,#1964,#1965,#1966,#1967));
#7160=EDGE_LOOP('',(#1968));
#7161=EDGE_LOOP('',(#1969,#1970,#1971,#1972));
#7162=EDGE_LOOP('',(#1973,#1974,#1975,#1976));
#7163=EDGE_LOOP('',(#1977,#1978,#1979,#1980));
#7164=EDGE_LOOP('',(#1981,#1982,#1983,#1984));
#7165=EDGE_LOOP('',(#1985));
#7166=EDGE_LOOP('',(#1986,#1987,#1988,#1989,#1990,#1991,#1992,#1993,#1994,
#1995,#1996,#1997,#1998,#1999,#2000,#2001,#2002,#2003,#2004,#2005));
#7167=EDGE_LOOP('',(#2006,#2007,#2008,#2009));
#7168=EDGE_LOOP('',(#2010,#2011,#2012,#2013));
#7169=EDGE_LOOP('',(#2014,#2015,#2016,#2017));
#7170=EDGE_LOOP('',(#2018,#2019,#2020,#2021));
#7171=EDGE_LOOP('',(#2022,#2023,#2024,#2025,#2026,#2027,#2028,#2029,#2030,
#2031,#2032,#2033,#2034,#2035,#2036,#2037,#2038,#2039,#2040,#2041));
#7172=EDGE_LOOP('',(#2042));
#7173=EDGE_LOOP('',(#2043,#2044,#2045,#2046));
#7174=EDGE_LOOP('',(#2047,#2048,#2049,#2050));
#7175=EDGE_LOOP('',(#2051,#2052,#2053,#2054));
#7176=EDGE_LOOP('',(#2055,#2056,#2057,#2058));
#7177=EDGE_LOOP('',(#2059));
#7178=EDGE_LOOP('',(#2060,#2061,#2062,#2063,#2064,#2065,#2066,#2067,#2068,
#2069,#2070,#2071,#2072,#2073,#2074,#2075,#2076,#2077,#2078,#2079));
#7179=EDGE_LOOP('',(#2080,#2081,#2082,#2083));
#7180=EDGE_LOOP('',(#2084,#2085,#2086,#2087));
#7181=EDGE_LOOP('',(#2088,#2089,#2090,#2091));
#7182=EDGE_LOOP('',(#2092,#2093,#2094,#2095));
#7183=EDGE_LOOP('',(#2096,#2097,#2098,#2099));
#7184=EDGE_LOOP('',(#2100,#2101,#2102,#2103));
#7185=EDGE_LOOP('',(#2104,#2105,#2106,#2107));
#7186=EDGE_LOOP('',(#2108,#2109,#2110,#2111));
#7187=EDGE_LOOP('',(#2112,#2113,#2114,#2115));
#7188=EDGE_LOOP('',(#2116,#2117,#2118,#2119));
#7189=EDGE_LOOP('',(#2120,#2121,#2122,#2123));
#7190=EDGE_LOOP('',(#2124,#2125,#2126,#2127));
#7191=EDGE_LOOP('',(#2128,#2129,#2130,#2131));
#7192=EDGE_LOOP('',(#2132,#2133,#2134,#2135));
#7193=EDGE_LOOP('',(#2136,#2137,#2138,#2139));
#7194=EDGE_LOOP('',(#2140,#2141,#2142,#2143));
#7195=EDGE_LOOP('',(#2144,#2145,#2146,#2147));
#7196=EDGE_LOOP('',(#2148,#2149,#2150,#2151));
#7197=EDGE_LOOP('',(#2152,#2153,#2154,#2155));
#7198=EDGE_LOOP('',(#2156,#2157,#2158,#2159));
#7199=EDGE_LOOP('',(#2160,#2161,#2162,#2163));
#7200=EDGE_LOOP('',(#2164,#2165,#2166,#2167));
#7201=EDGE_LOOP('',(#2168,#2169,#2170,#2171));
#7202=EDGE_LOOP('',(#2172,#2173,#2174,#2175));
#7203=EDGE_LOOP('',(#2176,#2177,#2178,#2179));
#7204=EDGE_LOOP('',(#2180,#2181,#2182,#2183));
#7205=EDGE_LOOP('',(#2184,#2185,#2186,#2187));
#7206=EDGE_LOOP('',(#2188,#2189,#2190,#2191));
#7207=EDGE_LOOP('',(#2192));
#7208=EDGE_LOOP('',(#2193));
#7209=EDGE_LOOP('',(#2194));
#7210=EDGE_LOOP('',(#2195));
#7211=EDGE_LOOP('',(#2196));
#7212=EDGE_LOOP('',(#2197));
#7213=EDGE_LOOP('',(#2198));
#7214=EDGE_LOOP('',(#2199));
#7215=EDGE_LOOP('',(#2200));
#7216=EDGE_LOOP('',(#2201));
#7217=EDGE_LOOP('',(#2202));
#7218=EDGE_LOOP('',(#2203));
#7219=EDGE_LOOP('',(#2204));
#7220=EDGE_LOOP('',(#2205));
#7221=EDGE_LOOP('',(#2206));
#7222=EDGE_LOOP('',(#2207));
#7223=EDGE_LOOP('',(#2208));
#7224=EDGE_LOOP('',(#2209));
#7225=EDGE_LOOP('',(#2210));
#7226=EDGE_LOOP('',(#2211));
#7227=EDGE_LOOP('',(#2212));
#7228=EDGE_LOOP('',(#2213));
#7229=EDGE_LOOP('',(#2214));
#7230=EDGE_LOOP('',(#2215));
#7231=EDGE_LOOP('',(#2216));
#7232=EDGE_LOOP('',(#2217));
#7233=EDGE_LOOP('',(#2218));
#7234=EDGE_LOOP('',(#2219));
#7235=EDGE_LOOP('',(#2220));
#7236=EDGE_LOOP('',(#2221));
#7237=EDGE_LOOP('',(#2222));
#7238=EDGE_LOOP('',(#2223));
#7239=EDGE_LOOP('',(#2224));
#7240=EDGE_LOOP('',(#2225));
#7241=EDGE_LOOP('',(#2226));
#7242=EDGE_LOOP('',(#2227));
#7243=EDGE_LOOP('',(#2228));
#7244=EDGE_LOOP('',(#2229));
#7245=EDGE_LOOP('',(#2230));
#7246=EDGE_LOOP('',(#2231));
#7247=EDGE_LOOP('',(#2232,#2233,#2234,#2235));
#7248=EDGE_LOOP('',(#2236,#2237,#2238,#2239));
#7249=EDGE_LOOP('',(#2240,#2241,#2242,#2243));
#7250=EDGE_LOOP('',(#2244,#2245,#2246,#2247));
#7251=EDGE_LOOP('',(#2248,#2249,#2250,#2251));
#7252=EDGE_LOOP('',(#2252,#2253,#2254,#2255));
#7253=EDGE_LOOP('',(#2256,#2257,#2258,#2259));
#7254=EDGE_LOOP('',(#2260,#2261,#2262,#2263));
#7255=EDGE_LOOP('',(#2264));
#7256=EDGE_LOOP('',(#2265,#2266,#2267,#2268));
#7257=EDGE_LOOP('',(#2269));
#7258=EDGE_LOOP('',(#2270,#2271,#2272,#2273));
#7259=EDGE_LOOP('',(#2274));
#7260=EDGE_LOOP('',(#2275,#2276,#2277,#2278));
#7261=EDGE_LOOP('',(#2279,#2280,#2281,#2282,#2283,#2284));
#7262=EDGE_LOOP('',(#2285,#2286,#2287,#2288));
#7263=EDGE_LOOP('',(#2289,#2290,#2291,#2292));
#7264=EDGE_LOOP('',(#2293));
#7265=EDGE_LOOP('',(#2294,#2295,#2296,#2297));
#7266=EDGE_LOOP('',(#2298));
#7267=EDGE_LOOP('',(#2299));
#7268=EDGE_LOOP('',(#2300));
#7269=EDGE_LOOP('',(#2301));
#7270=EDGE_LOOP('',(#2302));
#7271=EDGE_LOOP('',(#2303));
#7272=EDGE_LOOP('',(#2304));
#7273=EDGE_LOOP('',(#2305));
#7274=EDGE_LOOP('',(#2306));
#7275=EDGE_LOOP('',(#2307));
#7276=EDGE_LOOP('',(#2308));
#7277=EDGE_LOOP('',(#2309));
#7278=EDGE_LOOP('',(#2310));
#7279=EDGE_LOOP('',(#2311));
#7280=EDGE_LOOP('',(#2312));
#7281=EDGE_LOOP('',(#2313));
#7282=EDGE_LOOP('',(#2314,#2315,#2316,#2317));
#7283=EDGE_LOOP('',(#2318,#2319,#2320,#2321));
#7284=EDGE_LOOP('',(#2322,#2323,#2324,#2325));
#7285=EDGE_LOOP('',(#2326,#2327,#2328,#2329));
#7286=EDGE_LOOP('',(#2330,#2331,#2332,#2333));
#7287=EDGE_LOOP('',(#2334,#2335,#2336,#2337));
#7288=EDGE_LOOP('',(#2338));
#7289=EDGE_LOOP('',(#2339));
#7290=EDGE_LOOP('',(#2340));
#7291=EDGE_LOOP('',(#2341));
#7292=EDGE_LOOP('',(#2342));
#7293=EDGE_LOOP('',(#2343));
#7294=EDGE_LOOP('',(#2344,#2345,#2346,#2347));
#7295=EDGE_LOOP('',(#2348,#2349,#2350,#2351));
#7296=EDGE_LOOP('',(#2352));
#7297=EDGE_LOOP('',(#2353));
#7298=EDGE_LOOP('',(#2354,#2355,#2356,#2357,#2358,#2359,#2360,#2361));
#7299=EDGE_LOOP('',(#2362,#2363,#2364,#2365));
#7300=EDGE_LOOP('',(#2366));
#7301=EDGE_LOOP('',(#2367));
#7302=EDGE_LOOP('',(#2368));
#7303=EDGE_LOOP('',(#2369));
#7304=EDGE_LOOP('',(#2370,#2371,#2372,#2373,#2374,#2375,#2376,#2377));
#7305=EDGE_LOOP('',(#2378,#2379,#2380,#2381));
#7306=EDGE_LOOP('',(#2382));
#7307=EDGE_LOOP('',(#2383));
#7308=EDGE_LOOP('',(#2384));
#7309=EDGE_LOOP('',(#2385));
#7310=EDGE_LOOP('',(#2386,#2387,#2388,#2389));
#7311=EDGE_LOOP('',(#2390,#2391,#2392,#2393));
#7312=EDGE_LOOP('',(#2394,#2395,#2396,#2397));
#7313=EDGE_LOOP('',(#2398,#2399,#2400,#2401));
#7314=EDGE_LOOP('',(#2402,#2403,#2404,#2405));
#7315=EDGE_LOOP('',(#2406,#2407,#2408,#2409));
#7316=EDGE_LOOP('',(#2410,#2411,#2412,#2413));
#7317=EDGE_LOOP('',(#2414,#2415,#2416,#2417));
#7318=EDGE_LOOP('',(#2418,#2419,#2420,#2421,#2422,#2423,#2424,#2425));
#7319=EDGE_LOOP('',(#2426,#2427,#2428,#2429,#2430,#2431,#2432,#2433));
#7320=EDGE_LOOP('',(#2434,#2435,#2436,#2437));
#7321=EDGE_LOOP('',(#2438,#2439,#2440,#2441));
#7322=EDGE_LOOP('',(#2442,#2443,#2444,#2445));
#7323=EDGE_LOOP('',(#2446,#2447,#2448,#2449));
#7324=EDGE_LOOP('',(#2450,#2451,#2452,#2453));
#7325=EDGE_LOOP('',(#2454,#2455,#2456,#2457));
#7326=EDGE_LOOP('',(#2458,#2459,#2460,#2461));
#7327=EDGE_LOOP('',(#2462));
#7328=EDGE_LOOP('',(#2463));
#7329=EDGE_LOOP('',(#2464,#2465,#2466,#2467));
#7330=EDGE_LOOP('',(#2468,#2469,#2470,#2471,#2472,#2473,#2474,#2475));
#7331=EDGE_LOOP('',(#2476));
#7332=EDGE_LOOP('',(#2477));
#7333=EDGE_LOOP('',(#2478,#2479,#2480,#2481,#2482,#2483,#2484,#2485));
#7334=EDGE_LOOP('',(#2486,#2487,#2488,#2489));
#7335=EDGE_LOOP('',(#2490,#2491,#2492,#2493));
#7336=EDGE_LOOP('',(#2494,#2495,#2496,#2497));
#7337=EDGE_LOOP('',(#2498,#2499,#2500,#2501));
#7338=EDGE_LOOP('',(#2502,#2503,#2504,#2505,#2506,#2507));
#7339=EDGE_LOOP('',(#2508,#2509,#2510,#2511,#2512,#2513));
#7340=EDGE_LOOP('',(#2514,#2515,#2516,#2517,#2518,#2519));
#7341=EDGE_LOOP('',(#2520,#2521,#2522,#2523,#2524,#2525));
#7342=FACE_BOUND('',#6751,.T.);
#7343=FACE_BOUND('',#6752,.T.);
#7344=FACE_BOUND('',#6753,.T.);
#7345=FACE_BOUND('',#6754,.T.);
#7346=FACE_BOUND('',#6755,.T.);
#7347=FACE_BOUND('',#6756,.T.);
#7348=FACE_BOUND('',#6757,.T.);
#7349=FACE_BOUND('',#6758,.T.);
#7350=FACE_BOUND('',#6759,.T.);
#7351=FACE_BOUND('',#6760,.T.);
#7352=FACE_BOUND('',#6761,.T.);
#7353=FACE_BOUND('',#6762,.T.);
#7354=FACE_BOUND('',#6763,.T.);
#7355=FACE_BOUND('',#6764,.T.);
#7356=FACE_BOUND('',#6765,.T.);
#7357=FACE_BOUND('',#6766,.T.);
#7358=FACE_BOUND('',#6767,.T.);
#7359=FACE_BOUND('',#6768,.T.);
#7360=FACE_BOUND('',#6769,.T.);
#7361=FACE_BOUND('',#6770,.T.);
#7362=FACE_BOUND('',#6771,.T.);
#7363=FACE_BOUND('',#6772,.T.);
#7364=FACE_BOUND('',#6773,.T.);
#7365=FACE_BOUND('',#6774,.T.);
#7366=FACE_BOUND('',#6775,.T.);
#7367=FACE_BOUND('',#6776,.T.);
#7368=FACE_BOUND('',#6777,.T.);
#7369=FACE_BOUND('',#6778,.T.);
#7370=FACE_BOUND('',#6779,.T.);
#7371=FACE_BOUND('',#6780,.T.);
#7372=FACE_BOUND('',#6781,.T.);
#7373=FACE_BOUND('',#6782,.T.);
#7374=FACE_BOUND('',#6783,.T.);
#7375=FACE_BOUND('',#6784,.T.);
#7376=FACE_BOUND('',#6785,.T.);
#7377=FACE_BOUND('',#6786,.T.);
#7378=FACE_BOUND('',#6787,.T.);
#7379=FACE_BOUND('',#6788,.T.);
#7380=FACE_BOUND('',#6789,.T.);
#7381=FACE_BOUND('',#6790,.T.);
#7382=FACE_BOUND('',#6791,.T.);
#7383=FACE_BOUND('',#6792,.T.);
#7384=FACE_BOUND('',#6793,.T.);
#7385=FACE_BOUND('',#6794,.T.);
#7386=FACE_BOUND('',#6795,.T.);
#7387=FACE_BOUND('',#6796,.T.);
#7388=FACE_BOUND('',#6797,.T.);
#7389=FACE_BOUND('',#6798,.T.);
#7390=FACE_BOUND('',#6799,.T.);
#7391=FACE_BOUND('',#6800,.T.);
#7392=FACE_BOUND('',#6801,.T.);
#7393=FACE_BOUND('',#6802,.T.);
#7394=FACE_BOUND('',#6803,.T.);
#7395=FACE_BOUND('',#6804,.T.);
#7396=FACE_BOUND('',#6805,.T.);
#7397=FACE_BOUND('',#6806,.T.);
#7398=FACE_BOUND('',#6807,.T.);
#7399=FACE_BOUND('',#6808,.T.);
#7400=FACE_BOUND('',#6809,.T.);
#7401=FACE_BOUND('',#6810,.T.);
#7402=FACE_BOUND('',#6811,.T.);
#7403=FACE_BOUND('',#6812,.T.);
#7404=FACE_BOUND('',#6813,.T.);
#7405=FACE_BOUND('',#6814,.T.);
#7406=FACE_BOUND('',#6815,.T.);
#7407=FACE_BOUND('',#6816,.T.);
#7408=FACE_BOUND('',#6817,.T.);
#7409=FACE_BOUND('',#6818,.T.);
#7410=FACE_BOUND('',#6819,.T.);
#7411=FACE_BOUND('',#6820,.T.);
#7412=FACE_BOUND('',#6821,.T.);
#7413=FACE_BOUND('',#6822,.T.);
#7414=FACE_BOUND('',#6823,.T.);
#7415=FACE_BOUND('',#6824,.T.);
#7416=FACE_BOUND('',#6825,.T.);
#7417=FACE_BOUND('',#6826,.T.);
#7418=FACE_BOUND('',#6827,.T.);
#7419=FACE_BOUND('',#6828,.T.);
#7420=FACE_BOUND('',#6829,.T.);
#7421=FACE_BOUND('',#6830,.T.);
#7422=FACE_BOUND('',#6831,.T.);
#7423=FACE_BOUND('',#6832,.T.);
#7424=FACE_BOUND('',#6833,.T.);
#7425=FACE_BOUND('',#6834,.T.);
#7426=FACE_BOUND('',#6835,.T.);
#7427=FACE_BOUND('',#6836,.T.);
#7428=FACE_BOUND('',#6837,.T.);
#7429=FACE_BOUND('',#6838,.T.);
#7430=FACE_BOUND('',#6839,.T.);
#7431=FACE_BOUND('',#6840,.T.);
#7432=FACE_BOUND('',#6841,.T.);
#7433=FACE_BOUND('',#6842,.T.);
#7434=FACE_BOUND('',#6843,.T.);
#7435=FACE_BOUND('',#6844,.T.);
#7436=FACE_BOUND('',#6845,.T.);
#7437=FACE_BOUND('',#6846,.T.);
#7438=FACE_BOUND('',#6847,.T.);
#7439=FACE_BOUND('',#6848,.T.);
#7440=FACE_BOUND('',#6849,.T.);
#7441=FACE_BOUND('',#6850,.T.);
#7442=FACE_BOUND('',#6851,.T.);
#7443=FACE_BOUND('',#6852,.T.);
#7444=FACE_BOUND('',#6853,.T.);
#7445=FACE_BOUND('',#6854,.T.);
#7446=FACE_BOUND('',#6855,.T.);
#7447=FACE_BOUND('',#6856,.T.);
#7448=FACE_BOUND('',#6857,.T.);
#7449=FACE_BOUND('',#6858,.T.);
#7450=FACE_BOUND('',#6859,.T.);
#7451=FACE_BOUND('',#6860,.T.);
#7452=FACE_BOUND('',#6861,.T.);
#7453=FACE_BOUND('',#6862,.T.);
#7454=FACE_BOUND('',#6863,.T.);
#7455=FACE_BOUND('',#6864,.T.);
#7456=FACE_BOUND('',#6865,.T.);
#7457=FACE_BOUND('',#6866,.T.);
#7458=FACE_BOUND('',#6867,.T.);
#7459=FACE_BOUND('',#6868,.T.);
#7460=FACE_BOUND('',#6869,.T.);
#7461=FACE_BOUND('',#6870,.T.);
#7462=FACE_BOUND('',#6871,.T.);
#7463=FACE_BOUND('',#6872,.T.);
#7464=FACE_BOUND('',#6873,.T.);
#7465=FACE_BOUND('',#6874,.T.);
#7466=FACE_BOUND('',#6875,.T.);
#7467=FACE_BOUND('',#6876,.T.);
#7468=FACE_BOUND('',#6877,.T.);
#7469=FACE_BOUND('',#6878,.T.);
#7470=FACE_BOUND('',#6879,.T.);
#7471=FACE_BOUND('',#6880,.T.);
#7472=FACE_BOUND('',#6881,.T.);
#7473=FACE_BOUND('',#6882,.T.);
#7474=FACE_BOUND('',#6883,.T.);
#7475=FACE_BOUND('',#6884,.T.);
#7476=FACE_BOUND('',#6885,.T.);
#7477=FACE_BOUND('',#6886,.T.);
#7478=FACE_BOUND('',#6887,.T.);
#7479=FACE_BOUND('',#6888,.T.);
#7480=FACE_BOUND('',#6889,.T.);
#7481=FACE_BOUND('',#6890,.T.);
#7482=FACE_BOUND('',#6891,.T.);
#7483=FACE_BOUND('',#6892,.T.);
#7484=FACE_BOUND('',#6893,.T.);
#7485=FACE_BOUND('',#6894,.T.);
#7486=FACE_BOUND('',#6895,.T.);
#7487=FACE_BOUND('',#6896,.T.);
#7488=FACE_BOUND('',#6897,.T.);
#7489=FACE_BOUND('',#6898,.T.);
#7490=FACE_BOUND('',#6899,.T.);
#7491=FACE_BOUND('',#6900,.T.);
#7492=FACE_BOUND('',#6901,.T.);
#7493=FACE_BOUND('',#6902,.T.);
#7494=FACE_BOUND('',#6903,.T.);
#7495=FACE_BOUND('',#6904,.T.);
#7496=FACE_BOUND('',#6905,.T.);
#7497=FACE_BOUND('',#6906,.T.);
#7498=FACE_BOUND('',#6907,.T.);
#7499=FACE_BOUND('',#6908,.T.);
#7500=FACE_BOUND('',#6909,.T.);
#7501=FACE_BOUND('',#6910,.T.);
#7502=FACE_BOUND('',#6911,.T.);
#7503=FACE_BOUND('',#6912,.T.);
#7504=FACE_BOUND('',#6913,.T.);
#7505=FACE_BOUND('',#6914,.T.);
#7506=FACE_BOUND('',#6915,.T.);
#7507=FACE_BOUND('',#6916,.T.);
#7508=FACE_BOUND('',#6917,.T.);
#7509=FACE_BOUND('',#6918,.T.);
#7510=FACE_BOUND('',#6919,.T.);
#7511=FACE_BOUND('',#6920,.T.);
#7512=FACE_BOUND('',#6921,.T.);
#7513=FACE_BOUND('',#6922,.T.);
#7514=FACE_BOUND('',#6923,.T.);
#7515=FACE_BOUND('',#6924,.T.);
#7516=FACE_BOUND('',#6925,.T.);
#7517=FACE_BOUND('',#6926,.T.);
#7518=FACE_BOUND('',#6927,.T.);
#7519=FACE_BOUND('',#6928,.T.);
#7520=FACE_BOUND('',#6929,.T.);
#7521=FACE_BOUND('',#6930,.T.);
#7522=FACE_BOUND('',#6931,.T.);
#7523=FACE_BOUND('',#6932,.T.);
#7524=FACE_BOUND('',#6933,.T.);
#7525=FACE_BOUND('',#6934,.T.);
#7526=FACE_BOUND('',#6935,.T.);
#7527=FACE_BOUND('',#6936,.T.);
#7528=FACE_BOUND('',#6937,.T.);
#7529=FACE_BOUND('',#6938,.T.);
#7530=FACE_BOUND('',#6939,.T.);
#7531=FACE_BOUND('',#6940,.T.);
#7532=FACE_BOUND('',#6941,.T.);
#7533=FACE_BOUND('',#6942,.T.);
#7534=FACE_BOUND('',#6943,.T.);
#7535=FACE_BOUND('',#6944,.T.);
#7536=FACE_BOUND('',#6945,.T.);
#7537=FACE_BOUND('',#6946,.T.);
#7538=FACE_BOUND('',#6947,.T.);
#7539=FACE_BOUND('',#6948,.T.);
#7540=FACE_BOUND('',#6949,.T.);
#7541=FACE_BOUND('',#6950,.T.);
#7542=FACE_BOUND('',#6951,.T.);
#7543=FACE_BOUND('',#6952,.T.);
#7544=FACE_BOUND('',#6953,.T.);
#7545=FACE_BOUND('',#6954,.T.);
#7546=FACE_BOUND('',#6955,.T.);
#7547=FACE_BOUND('',#6956,.T.);
#7548=FACE_BOUND('',#6957,.T.);
#7549=FACE_BOUND('',#6958,.T.);
#7550=FACE_BOUND('',#6959,.T.);
#7551=FACE_BOUND('',#6960,.T.);
#7552=FACE_BOUND('',#6961,.T.);
#7553=FACE_BOUND('',#6962,.T.);
#7554=FACE_BOUND('',#6963,.T.);
#7555=FACE_BOUND('',#6964,.T.);
#7556=FACE_BOUND('',#6965,.T.);
#7557=FACE_BOUND('',#6966,.T.);
#7558=FACE_BOUND('',#6967,.T.);
#7559=FACE_BOUND('',#6968,.T.);
#7560=FACE_BOUND('',#6969,.T.);
#7561=FACE_BOUND('',#6970,.T.);
#7562=FACE_BOUND('',#6971,.T.);
#7563=FACE_BOUND('',#6972,.T.);
#7564=FACE_BOUND('',#6973,.T.);
#7565=FACE_BOUND('',#6974,.T.);
#7566=FACE_BOUND('',#6975,.T.);
#7567=FACE_BOUND('',#6976,.T.);
#7568=FACE_BOUND('',#6977,.T.);
#7569=FACE_BOUND('',#6978,.T.);
#7570=FACE_BOUND('',#6979,.T.);
#7571=FACE_BOUND('',#6980,.T.);
#7572=FACE_BOUND('',#6981,.T.);
#7573=FACE_BOUND('',#6982,.T.);
#7574=FACE_BOUND('',#6983,.T.);
#7575=FACE_BOUND('',#6984,.T.);
#7576=FACE_BOUND('',#6985,.T.);
#7577=FACE_BOUND('',#6986,.T.);
#7578=FACE_BOUND('',#6987,.T.);
#7579=FACE_BOUND('',#6988,.T.);
#7580=FACE_BOUND('',#6989,.T.);
#7581=FACE_BOUND('',#6990,.T.);
#7582=FACE_BOUND('',#6991,.T.);
#7583=FACE_BOUND('',#6992,.T.);
#7584=FACE_BOUND('',#6993,.T.);
#7585=FACE_BOUND('',#6994,.T.);
#7586=FACE_BOUND('',#6995,.T.);
#7587=FACE_BOUND('',#6996,.T.);
#7588=FACE_BOUND('',#6997,.T.);
#7589=FACE_BOUND('',#6998,.T.);
#7590=FACE_BOUND('',#6999,.T.);
#7591=FACE_BOUND('',#7000,.T.);
#7592=FACE_BOUND('',#7001,.T.);
#7593=FACE_BOUND('',#7002,.T.);
#7594=FACE_BOUND('',#7003,.T.);
#7595=FACE_BOUND('',#7004,.T.);
#7596=FACE_BOUND('',#7005,.T.);
#7597=FACE_BOUND('',#7006,.T.);
#7598=FACE_BOUND('',#7007,.T.);
#7599=FACE_BOUND('',#7008,.T.);
#7600=FACE_BOUND('',#7009,.T.);
#7601=FACE_BOUND('',#7010,.T.);
#7602=FACE_BOUND('',#7011,.T.);
#7603=FACE_BOUND('',#7012,.T.);
#7604=FACE_BOUND('',#7013,.T.);
#7605=FACE_BOUND('',#7014,.T.);
#7606=FACE_BOUND('',#7015,.T.);
#7607=FACE_BOUND('',#7016,.T.);
#7608=FACE_BOUND('',#7017,.T.);
#7609=FACE_BOUND('',#7018,.T.);
#7610=FACE_BOUND('',#7019,.T.);
#7611=FACE_BOUND('',#7020,.T.);
#7612=FACE_BOUND('',#7021,.T.);
#7613=FACE_BOUND('',#7022,.T.);
#7614=FACE_BOUND('',#7023,.T.);
#7615=FACE_BOUND('',#7024,.T.);
#7616=FACE_BOUND('',#7025,.T.);
#7617=FACE_BOUND('',#7026,.T.);
#7618=FACE_BOUND('',#7027,.T.);
#7619=FACE_BOUND('',#7028,.T.);
#7620=FACE_BOUND('',#7029,.T.);
#7621=FACE_BOUND('',#7030,.T.);
#7622=FACE_BOUND('',#7031,.T.);
#7623=FACE_BOUND('',#7032,.T.);
#7624=FACE_BOUND('',#7033,.T.);
#7625=FACE_BOUND('',#7034,.T.);
#7626=FACE_BOUND('',#7035,.T.);
#7627=FACE_BOUND('',#7036,.T.);
#7628=FACE_BOUND('',#7037,.T.);
#7629=FACE_BOUND('',#7038,.T.);
#7630=FACE_BOUND('',#7039,.T.);
#7631=FACE_BOUND('',#7040,.T.);
#7632=FACE_BOUND('',#7041,.T.);
#7633=FACE_BOUND('',#7042,.T.);
#7634=FACE_BOUND('',#7043,.T.);
#7635=FACE_BOUND('',#7044,.T.);
#7636=FACE_BOUND('',#7045,.T.);
#7637=FACE_BOUND('',#7046,.T.);
#7638=FACE_BOUND('',#7047,.T.);
#7639=FACE_BOUND('',#7048,.T.);
#7640=FACE_BOUND('',#7049,.T.);
#7641=FACE_BOUND('',#7050,.T.);
#7642=FACE_BOUND('',#7051,.T.);
#7643=FACE_BOUND('',#7052,.T.);
#7644=FACE_BOUND('',#7053,.T.);
#7645=FACE_BOUND('',#7054,.T.);
#7646=FACE_BOUND('',#7055,.T.);
#7647=FACE_BOUND('',#7056,.T.);
#7648=FACE_BOUND('',#7057,.T.);
#7649=FACE_BOUND('',#7058,.T.);
#7650=FACE_BOUND('',#7059,.T.);
#7651=FACE_BOUND('',#7060,.T.);
#7652=FACE_BOUND('',#7061,.T.);
#7653=FACE_BOUND('',#7062,.T.);
#7654=FACE_BOUND('',#7063,.T.);
#7655=FACE_BOUND('',#7064,.T.);
#7656=FACE_BOUND('',#7065,.T.);
#7657=FACE_BOUND('',#7066,.T.);
#7658=FACE_BOUND('',#7067,.T.);
#7659=FACE_BOUND('',#7068,.T.);
#7660=FACE_BOUND('',#7069,.T.);
#7661=FACE_BOUND('',#7070,.T.);
#7662=FACE_BOUND('',#7071,.T.);
#7663=FACE_BOUND('',#7072,.T.);
#7664=FACE_BOUND('',#7073,.T.);
#7665=FACE_BOUND('',#7074,.T.);
#7666=FACE_BOUND('',#7075,.T.);
#7667=FACE_BOUND('',#7076,.T.);
#7668=FACE_BOUND('',#7077,.T.);
#7669=FACE_BOUND('',#7078,.T.);
#7670=FACE_BOUND('',#7079,.T.);
#7671=FACE_BOUND('',#7080,.T.);
#7672=FACE_BOUND('',#7081,.T.);
#7673=FACE_BOUND('',#7082,.T.);
#7674=FACE_BOUND('',#7083,.T.);
#7675=FACE_BOUND('',#7084,.T.);
#7676=FACE_BOUND('',#7085,.T.);
#7677=FACE_BOUND('',#7086,.T.);
#7678=FACE_BOUND('',#7087,.T.);
#7679=FACE_BOUND('',#7088,.T.);
#7680=FACE_BOUND('',#7089,.T.);
#7681=FACE_BOUND('',#7090,.T.);
#7682=FACE_BOUND('',#7091,.T.);
#7683=FACE_BOUND('',#7092,.T.);
#7684=FACE_BOUND('',#7093,.T.);
#7685=FACE_BOUND('',#7094,.T.);
#7686=FACE_BOUND('',#7095,.T.);
#7687=FACE_BOUND('',#7096,.T.);
#7688=FACE_BOUND('',#7097,.T.);
#7689=FACE_BOUND('',#7098,.T.);
#7690=FACE_BOUND('',#7099,.T.);
#7691=FACE_BOUND('',#7100,.T.);
#7692=FACE_BOUND('',#7101,.T.);
#7693=FACE_BOUND('',#7102,.T.);
#7694=FACE_BOUND('',#7103,.T.);
#7695=FACE_BOUND('',#7104,.T.);
#7696=FACE_BOUND('',#7105,.T.);
#7697=FACE_BOUND('',#7106,.T.);
#7698=FACE_BOUND('',#7107,.T.);
#7699=FACE_BOUND('',#7108,.T.);
#7700=FACE_BOUND('',#7109,.T.);
#7701=FACE_BOUND('',#7110,.T.);
#7702=FACE_BOUND('',#7111,.T.);
#7703=FACE_BOUND('',#7112,.T.);
#7704=FACE_BOUND('',#7113,.T.);
#7705=FACE_BOUND('',#7114,.T.);
#7706=FACE_BOUND('',#7115,.T.);
#7707=FACE_BOUND('',#7116,.T.);
#7708=FACE_BOUND('',#7117,.T.);
#7709=FACE_BOUND('',#7118,.T.);
#7710=FACE_BOUND('',#7119,.T.);
#7711=FACE_BOUND('',#7120,.T.);
#7712=FACE_BOUND('',#7121,.T.);
#7713=FACE_BOUND('',#7122,.T.);
#7714=FACE_BOUND('',#7123,.T.);
#7715=FACE_BOUND('',#7124,.T.);
#7716=FACE_BOUND('',#7125,.T.);
#7717=FACE_BOUND('',#7126,.T.);
#7718=FACE_BOUND('',#7127,.T.);
#7719=FACE_BOUND('',#7128,.T.);
#7720=FACE_BOUND('',#7129,.T.);
#7721=FACE_BOUND('',#7130,.T.);
#7722=FACE_BOUND('',#7131,.T.);
#7723=FACE_BOUND('',#7132,.T.);
#7724=FACE_BOUND('',#7133,.T.);
#7725=FACE_BOUND('',#7134,.T.);
#7726=FACE_BOUND('',#7135,.T.);
#7727=FACE_BOUND('',#7136,.T.);
#7728=FACE_BOUND('',#7137,.T.);
#7729=FACE_BOUND('',#7138,.T.);
#7730=FACE_BOUND('',#7139,.T.);
#7731=FACE_BOUND('',#7140,.T.);
#7732=FACE_BOUND('',#7141,.T.);
#7733=FACE_BOUND('',#7142,.T.);
#7734=FACE_BOUND('',#7143,.T.);
#7735=FACE_BOUND('',#7144,.T.);
#7736=FACE_BOUND('',#7145,.T.);
#7737=FACE_BOUND('',#7146,.T.);
#7738=FACE_BOUND('',#7147,.T.);
#7739=FACE_BOUND('',#7148,.T.);
#7740=FACE_BOUND('',#7149,.T.);
#7741=FACE_BOUND('',#7150,.T.);
#7742=FACE_BOUND('',#7151,.T.);
#7743=FACE_BOUND('',#7152,.T.);
#7744=FACE_BOUND('',#7153,.T.);
#7745=FACE_BOUND('',#7154,.T.);
#7746=FACE_BOUND('',#7155,.T.);
#7747=FACE_BOUND('',#7156,.T.);
#7748=FACE_BOUND('',#7157,.T.);
#7749=FACE_BOUND('',#7158,.T.);
#7750=FACE_BOUND('',#7159,.T.);
#7751=FACE_BOUND('',#7160,.T.);
#7752=FACE_BOUND('',#7161,.T.);
#7753=FACE_BOUND('',#7162,.T.);
#7754=FACE_BOUND('',#7163,.T.);
#7755=FACE_BOUND('',#7164,.T.);
#7756=FACE_BOUND('',#7165,.T.);
#7757=FACE_BOUND('',#7166,.T.);
#7758=FACE_BOUND('',#7167,.T.);
#7759=FACE_BOUND('',#7168,.T.);
#7760=FACE_BOUND('',#7169,.T.);
#7761=FACE_BOUND('',#7170,.T.);
#7762=FACE_BOUND('',#7171,.T.);
#7763=FACE_BOUND('',#7172,.T.);
#7764=FACE_BOUND('',#7173,.T.);
#7765=FACE_BOUND('',#7174,.T.);
#7766=FACE_BOUND('',#7175,.T.);
#7767=FACE_BOUND('',#7176,.T.);
#7768=FACE_BOUND('',#7177,.T.);
#7769=FACE_BOUND('',#7178,.T.);
#7770=FACE_BOUND('',#7179,.T.);
#7771=FACE_BOUND('',#7180,.T.);
#7772=FACE_BOUND('',#7181,.T.);
#7773=FACE_BOUND('',#7182,.T.);
#7774=FACE_BOUND('',#7183,.T.);
#7775=FACE_BOUND('',#7184,.T.);
#7776=FACE_BOUND('',#7185,.T.);
#7777=FACE_BOUND('',#7186,.T.);
#7778=FACE_BOUND('',#7187,.T.);
#7779=FACE_BOUND('',#7188,.T.);
#7780=FACE_BOUND('',#7189,.T.);
#7781=FACE_BOUND('',#7190,.T.);
#7782=FACE_BOUND('',#7191,.T.);
#7783=FACE_BOUND('',#7192,.T.);
#7784=FACE_BOUND('',#7193,.T.);
#7785=FACE_BOUND('',#7194,.T.);
#7786=FACE_BOUND('',#7195,.T.);
#7787=FACE_BOUND('',#7196,.T.);
#7788=FACE_BOUND('',#7197,.T.);
#7789=FACE_BOUND('',#7198,.T.);
#7790=FACE_BOUND('',#7199,.T.);
#7791=FACE_BOUND('',#7200,.T.);
#7792=FACE_BOUND('',#7201,.T.);
#7793=FACE_BOUND('',#7202,.T.);
#7794=FACE_BOUND('',#7203,.T.);
#7795=FACE_BOUND('',#7204,.T.);
#7796=FACE_BOUND('',#7205,.T.);
#7797=FACE_BOUND('',#7206,.T.);
#7798=FACE_BOUND('',#7207,.T.);
#7799=FACE_BOUND('',#7208,.T.);
#7800=FACE_BOUND('',#7209,.T.);
#7801=FACE_BOUND('',#7210,.T.);
#7802=FACE_BOUND('',#7211,.T.);
#7803=FACE_BOUND('',#7212,.T.);
#7804=FACE_BOUND('',#7213,.T.);
#7805=FACE_BOUND('',#7214,.T.);
#7806=FACE_BOUND('',#7215,.T.);
#7807=FACE_BOUND('',#7216,.T.);
#7808=FACE_BOUND('',#7217,.T.);
#7809=FACE_BOUND('',#7218,.T.);
#7810=FACE_BOUND('',#7219,.T.);
#7811=FACE_BOUND('',#7220,.T.);
#7812=FACE_BOUND('',#7221,.T.);
#7813=FACE_BOUND('',#7222,.T.);
#7814=FACE_BOUND('',#7223,.T.);
#7815=FACE_BOUND('',#7224,.T.);
#7816=FACE_BOUND('',#7225,.T.);
#7817=FACE_BOUND('',#7226,.T.);
#7818=FACE_BOUND('',#7227,.T.);
#7819=FACE_BOUND('',#7228,.T.);
#7820=FACE_BOUND('',#7229,.T.);
#7821=FACE_BOUND('',#7230,.T.);
#7822=FACE_BOUND('',#7231,.T.);
#7823=FACE_BOUND('',#7232,.T.);
#7824=FACE_BOUND('',#7233,.T.);
#7825=FACE_BOUND('',#7234,.T.);
#7826=FACE_BOUND('',#7235,.T.);
#7827=FACE_BOUND('',#7236,.T.);
#7828=FACE_BOUND('',#7237,.T.);
#7829=FACE_BOUND('',#7238,.T.);
#7830=FACE_BOUND('',#7239,.T.);
#7831=FACE_BOUND('',#7240,.T.);
#7832=FACE_BOUND('',#7241,.T.);
#7833=FACE_BOUND('',#7242,.T.);
#7834=FACE_BOUND('',#7243,.T.);
#7835=FACE_BOUND('',#7244,.T.);
#7836=FACE_BOUND('',#7245,.T.);
#7837=FACE_BOUND('',#7246,.T.);
#7838=FACE_BOUND('',#7247,.T.);
#7839=FACE_BOUND('',#7248,.T.);
#7840=FACE_BOUND('',#7249,.T.);
#7841=FACE_BOUND('',#7250,.T.);
#7842=FACE_BOUND('',#7251,.T.);
#7843=FACE_BOUND('',#7252,.T.);
#7844=FACE_BOUND('',#7253,.T.);
#7845=FACE_BOUND('',#7254,.T.);
#7846=FACE_BOUND('',#7255,.T.);
#7847=FACE_BOUND('',#7256,.T.);
#7848=FACE_BOUND('',#7257,.T.);
#7849=FACE_BOUND('',#7258,.T.);
#7850=FACE_BOUND('',#7259,.T.);
#7851=FACE_BOUND('',#7260,.T.);
#7852=FACE_BOUND('',#7261,.T.);
#7853=FACE_BOUND('',#7262,.T.);
#7854=FACE_BOUND('',#7263,.T.);
#7855=FACE_BOUND('',#7264,.T.);
#7856=FACE_BOUND('',#7265,.T.);
#7857=FACE_BOUND('',#7266,.T.);
#7858=FACE_BOUND('',#7267,.T.);
#7859=FACE_BOUND('',#7268,.T.);
#7860=FACE_BOUND('',#7269,.T.);
#7861=FACE_BOUND('',#7270,.T.);
#7862=FACE_BOUND('',#7271,.T.);
#7863=FACE_BOUND('',#7272,.T.);
#7864=FACE_BOUND('',#7273,.T.);
#7865=FACE_BOUND('',#7274,.T.);
#7866=FACE_BOUND('',#7275,.T.);
#7867=FACE_BOUND('',#7276,.T.);
#7868=FACE_BOUND('',#7277,.T.);
#7869=FACE_BOUND('',#7278,.T.);
#7870=FACE_BOUND('',#7279,.T.);
#7871=FACE_BOUND('',#7280,.T.);
#7872=FACE_BOUND('',#7281,.T.);
#7873=FACE_BOUND('',#7282,.T.);
#7874=FACE_BOUND('',#7283,.T.);
#7875=FACE_BOUND('',#7284,.T.);
#7876=FACE_BOUND('',#7285,.T.);
#7877=FACE_BOUND('',#7286,.T.);
#7878=FACE_BOUND('',#7287,.T.);
#7879=FACE_BOUND('',#7288,.T.);
#7880=FACE_BOUND('',#7289,.T.);
#7881=FACE_BOUND('',#7290,.T.);
#7882=FACE_BOUND('',#7291,.T.);
#7883=FACE_BOUND('',#7292,.T.);
#7884=FACE_BOUND('',#7293,.T.);
#7885=FACE_BOUND('',#7294,.T.);
#7886=FACE_BOUND('',#7295,.T.);
#7887=FACE_BOUND('',#7296,.T.);
#7888=FACE_BOUND('',#7297,.T.);
#7889=FACE_BOUND('',#7298,.T.);
#7890=FACE_BOUND('',#7299,.T.);
#7891=FACE_BOUND('',#7300,.T.);
#7892=FACE_BOUND('',#7301,.T.);
#7893=FACE_BOUND('',#7302,.T.);
#7894=FACE_BOUND('',#7303,.T.);
#7895=FACE_BOUND('',#7304,.T.);
#7896=FACE_BOUND('',#7305,.T.);
#7897=FACE_BOUND('',#7306,.T.);
#7898=FACE_BOUND('',#7307,.T.);
#7899=FACE_BOUND('',#7308,.T.);
#7900=FACE_BOUND('',#7309,.T.);
#7901=FACE_BOUND('',#7310,.T.);
#7902=FACE_BOUND('',#7311,.T.);
#7903=FACE_BOUND('',#7312,.T.);
#7904=FACE_BOUND('',#7313,.T.);
#7905=FACE_BOUND('',#7314,.T.);
#7906=FACE_BOUND('',#7315,.T.);
#7907=FACE_BOUND('',#7316,.T.);
#7908=FACE_BOUND('',#7317,.T.);
#7909=FACE_BOUND('',#7318,.T.);
#7910=FACE_BOUND('',#7319,.T.);
#7911=FACE_BOUND('',#7320,.T.);
#7912=FACE_BOUND('',#7321,.T.);
#7913=FACE_BOUND('',#7322,.T.);
#7914=FACE_BOUND('',#7323,.T.);
#7915=FACE_BOUND('',#7324,.T.);
#7916=FACE_BOUND('',#7325,.T.);
#7917=FACE_BOUND('',#7326,.T.);
#7918=FACE_BOUND('',#7327,.T.);
#7919=FACE_BOUND('',#7328,.T.);
#7920=FACE_BOUND('',#7329,.T.);
#7921=FACE_BOUND('',#7330,.T.);
#7922=FACE_BOUND('',#7331,.T.);
#7923=FACE_BOUND('',#7332,.T.);
#7924=FACE_BOUND('',#7333,.T.);
#7925=FACE_BOUND('',#7334,.T.);
#7926=FACE_BOUND('',#7335,.T.);
#7927=FACE_BOUND('',#7336,.T.);
#7928=FACE_BOUND('',#7337,.T.);
#7929=FACE_BOUND('',#7338,.T.);
#7930=FACE_BOUND('',#7339,.T.);
#7931=FACE_BOUND('',#7340,.T.);
#7932=FACE_BOUND('',#7341,.T.);
#7933=PLANE('',#8863);
#7934=PLANE('',#8864);
#7935=PLANE('',#8865);
#7936=PLANE('',#8866);
#7937=PLANE('',#8867);
#7938=PLANE('',#8868);
#7939=PLANE('',#8869);
#7940=PLANE('',#8870);
#7941=PLANE('',#8871);
#7942=PLANE('',#8872);
#7943=PLANE('',#8873);
#7944=PLANE('',#8874);
#7945=PLANE('',#8875);
#7946=PLANE('',#8876);
#7947=PLANE('',#8877);
#7948=PLANE('',#8878);
#7949=PLANE('',#8879);
#7950=PLANE('',#8880);
#7951=PLANE('',#8881);
#7952=PLANE('',#8882);
#7953=PLANE('',#8883);
#7954=PLANE('',#8884);
#7955=PLANE('',#8885);
#7956=PLANE('',#8886);
#7957=PLANE('',#8887);
#7958=PLANE('',#8888);
#7959=PLANE('',#8889);
#7960=PLANE('',#8890);
#7961=PLANE('',#8891);
#7962=PLANE('',#8892);
#7963=PLANE('',#8893);
#7964=PLANE('',#8894);
#7965=PLANE('',#8895);
#7966=PLANE('',#8896);
#7967=PLANE('',#8897);
#7968=PLANE('',#8898);
#7969=PLANE('',#8899);
#7970=PLANE('',#8900);
#7971=PLANE('',#8901);
#7972=PLANE('',#8902);
#7973=PLANE('',#8903);
#7974=PLANE('',#8904);
#7975=PLANE('',#8905);
#7976=PLANE('',#8906);
#7977=PLANE('',#8907);
#7978=PLANE('',#8908);
#7979=PLANE('',#8909);
#7980=PLANE('',#8910);
#7981=PLANE('',#8911);
#7982=PLANE('',#8912);
#7983=PLANE('',#8913);
#7984=PLANE('',#8914);
#7985=PLANE('',#8915);
#7986=PLANE('',#8916);
#7987=PLANE('',#8917);
#7988=PLANE('',#8918);
#7989=PLANE('',#8919);
#7990=PLANE('',#8920);
#7991=PLANE('',#8921);
#7992=PLANE('',#8922);
#7993=PLANE('',#8923);
#7994=PLANE('',#8924);
#7995=PLANE('',#8925);
#7996=PLANE('',#8926);
#7997=PLANE('',#8927);
#7998=PLANE('',#8928);
#7999=PLANE('',#8929);
#8000=PLANE('',#8930);
#8001=PLANE('',#8931);
#8002=PLANE('',#8932);
#8003=PLANE('',#8933);
#8004=PLANE('',#8934);
#8005=PLANE('',#8935);
#8006=PLANE('',#8936);
#8007=PLANE('',#8937);
#8008=PLANE('',#8938);
#8009=PLANE('',#8939);
#8010=PLANE('',#8940);
#8011=PLANE('',#8941);
#8012=PLANE('',#8942);
#8013=PLANE('',#8943);
#8014=PLANE('',#8944);
#8015=PLANE('',#8945);
#8016=PLANE('',#8946);
#8017=PLANE('',#8947);
#8018=PLANE('',#8948);
#8019=PLANE('',#8949);
#8020=PLANE('',#8950);
#8021=PLANE('',#8951);
#8022=PLANE('',#8952);
#8023=PLANE('',#8953);
#8024=PLANE('',#8954);
#8025=PLANE('',#8955);
#8026=PLANE('',#8956);
#8027=PLANE('',#8957);
#8028=PLANE('',#8958);
#8029=PLANE('',#8959);
#8030=PLANE('',#8960);
#8031=PLANE('',#8961);
#8032=PLANE('',#8962);
#8033=PLANE('',#8963);
#8034=PLANE('',#8964);
#8035=PLANE('',#8965);
#8036=PLANE('',#8966);
#8037=PLANE('',#8967);
#8038=PLANE('',#8968);
#8039=PLANE('',#8969);
#8040=PLANE('',#8970);
#8041=PLANE('',#8971);
#8042=PLANE('',#8972);
#8043=PLANE('',#8973);
#8044=PLANE('',#8974);
#8045=PLANE('',#8975);
#8046=PLANE('',#8976);
#8047=PLANE('',#8977);
#8048=PLANE('',#8978);
#8049=PLANE('',#8979);
#8050=PLANE('',#8980);
#8051=PLANE('',#8981);
#8052=PLANE('',#8982);
#8053=PLANE('',#8983);
#8054=PLANE('',#8984);
#8055=PLANE('',#8985);
#8056=PLANE('',#8986);
#8057=PLANE('',#8987);
#8058=PLANE('',#8988);
#8059=PLANE('',#8989);
#8060=PLANE('',#8990);
#8061=PLANE('',#8991);
#8062=PLANE('',#8992);
#8063=PLANE('',#8993);
#8064=PLANE('',#8994);
#8065=PLANE('',#8995);
#8066=PLANE('',#8996);
#8067=PLANE('',#8997);
#8068=PLANE('',#8998);
#8069=PLANE('',#8999);
#8070=PLANE('',#9000);
#8071=PLANE('',#9001);
#8072=PLANE('',#9002);
#8073=PLANE('',#9003);
#8074=PLANE('',#9004);
#8075=PLANE('',#9005);
#8076=PLANE('',#9006);
#8077=PLANE('',#9007);
#8078=PLANE('',#9008);
#8079=PLANE('',#9009);
#8080=PLANE('',#9010);
#8081=PLANE('',#9011);
#8082=PLANE('',#9012);
#8083=PLANE('',#9013);
#8084=PLANE('',#9014);
#8085=PLANE('',#9015);
#8086=PLANE('',#9016);
#8087=PLANE('',#9017);
#8088=PLANE('',#9018);
#8089=PLANE('',#9019);
#8090=PLANE('',#9020);
#8091=PLANE('',#9021);
#8092=PLANE('',#9022);
#8093=PLANE('',#9023);
#8094=PLANE('',#9024);
#8095=PLANE('',#9025);
#8096=PLANE('',#9026);
#8097=PLANE('',#9027);
#8098=PLANE('',#9028);
#8099=PLANE('',#9029);
#8100=PLANE('',#9030);
#8101=PLANE('',#9031);
#8102=PLANE('',#9032);
#8103=PLANE('',#9033);
#8104=PLANE('',#9034);
#8105=PLANE('',#9035);
#8106=PLANE('',#9036);
#8107=PLANE('',#9037);
#8108=PLANE('',#9038);
#8109=PLANE('',#9039);
#8110=PLANE('',#9040);
#8111=PLANE('',#9041);
#8112=PLANE('',#9042);
#8113=PLANE('',#9043);
#8114=PLANE('',#9044);
#8115=PLANE('',#9045);
#8116=PLANE('',#9046);
#8117=PLANE('',#9047);
#8118=PLANE('',#9048);
#8119=PLANE('',#9049);
#8120=PLANE('',#9050);
#8121=PLANE('',#9051);
#8122=PLANE('',#9052);
#8123=PLANE('',#9053);
#8124=PLANE('',#9054);
#8125=PLANE('',#9055);
#8126=PLANE('',#9056);
#8127=PLANE('',#9057);
#8128=PLANE('',#9058);
#8129=PLANE('',#9059);
#8130=PLANE('',#9060);
#8131=PLANE('',#9061);
#8132=PLANE('',#9062);
#8133=PLANE('',#9063);
#8134=PLANE('',#9064);
#8135=PLANE('',#9066);
#8136=PLANE('',#9067);
#8137=PLANE('',#9068);
#8138=PLANE('',#9069);
#8139=PLANE('',#9070);
#8140=PLANE('',#9071);
#8141=PLANE('',#9072);
#8142=PLANE('',#9073);
#8143=PLANE('',#9074);
#8144=PLANE('',#9075);
#8145=PLANE('',#9076);
#8146=PLANE('',#9077);
#8147=PLANE('',#9078);
#8148=PLANE('',#9079);
#8149=PLANE('',#9081);
#8150=PLANE('',#9082);
#8151=PLANE('',#9083);
#8152=PLANE('',#9084);
#8153=PLANE('',#9085);
#8154=PLANE('',#9086);
#8155=PLANE('',#9087);
#8156=PLANE('',#9088);
#8157=PLANE('',#9089);
#8158=PLANE('',#9090);
#8159=PLANE('',#9103);
#8160=PLANE('',#9104);
#8161=PLANE('',#9105);
#8162=PLANE('',#9106);
#8163=PLANE('',#9108);
#8164=PLANE('',#9109);
#8165=PLANE('',#9110);
#8166=PLANE('',#9111);
#8167=PLANE('',#9112);
#8168=PLANE('',#9113);
#8169=PLANE('',#9114);
#8170=PLANE('',#9115);
#8171=PLANE('',#9116);
#8172=PLANE('',#9120);
#8173=PLANE('',#9124);
#8174=PLANE('',#9128);
#8175=PLANE('',#9129);
#8176=PLANE('',#9130);
#8177=PLANE('',#9131);
#8178=PLANE('',#9132);
#8179=PLANE('',#9133);
#8180=PLANE('',#9134);
#8181=PLANE('',#9135);
#8182=PLANE('',#9136);
#8183=PLANE('',#9137);
#8184=PLANE('',#9138);
#8185=PLANE('',#9139);
#8186=PLANE('',#9140);
#8187=PLANE('',#9141);
#8188=PLANE('',#9142);
#8189=PLANE('',#9143);
#8190=PLANE('',#9144);
#8191=PLANE('',#9148);
#8192=PLANE('',#9153);
#8193=PLANE('',#9154);
#8194=PLANE('',#9155);
#8195=PLANE('',#9156);
#8196=PLANE('',#9157);
#8197=PLANE('',#9158);
#8198=PLANE('',#9159);
#8199=PLANE('',#9160);
#8200=PLANE('',#9161);
#8201=PLANE('',#9162);
#8202=PLANE('',#9163);
#8203=PLANE('',#9164);
#8204=PLANE('',#9168);
#8205=PLANE('',#9169);
#8206=PLANE('',#9170);
#8207=PLANE('',#9174);
#8208=PLANE('',#9175);
#8209=PLANE('',#9176);
#8210=PLANE('',#9180);
#8211=PLANE('',#9181);
#8212=PLANE('',#9182);
#8213=PLANE('',#9186);
#8214=PLANE('',#9187);
#8215=PLANE('',#9188);
#8216=PLANE('',#9189);
#8217=PLANE('',#9190);
#8218=PLANE('',#9191);
#8219=PLANE('',#9204);
#8220=PLANE('',#9205);
#8221=PLANE('',#9206);
#8222=PLANE('',#9207);
#8223=PLANE('',#9208);
#8224=PLANE('',#9209);
#8225=PLANE('',#9218);
#8226=PLANE('',#9219);
#8227=PLANE('',#9220);
#8228=PLANE('',#9221);
#8229=PLANE('',#9222);
#8230=PLANE('',#9223);
#8231=PLANE('',#9224);
#8232=PLANE('',#9225);
#8233=PLANE('',#9226);
#8234=PLANE('',#9227);
#8235=PLANE('',#9228);
#8236=PLANE('',#9229);
#8237=PLANE('',#9230);
#8238=PLANE('',#9231);
#8239=PLANE('',#9232);
#8240=PLANE('',#9233);
#8241=PLANE('',#9234);
#8242=PLANE('',#9235);
#8243=PLANE('',#9236);
#8244=PLANE('',#9237);
#8245=PLANE('',#9238);
#8246=PLANE('',#9239);
#8247=PLANE('',#9240);
#8248=PLANE('',#9241);
#8249=PLANE('',#9242);
#8250=PLANE('',#9243);
#8251=PLANE('',#9244);
#8252=PLANE('',#9245);
#8253=PLANE('',#9246);
#8254=PLANE('',#9247);
#8255=PLANE('',#9248);
#8256=PLANE('',#9249);
#8257=PLANE('',#9250);
#8258=PLANE('',#9251);
#8259=PLANE('',#9252);
#8260=PLANE('',#9253);
#8261=PLANE('',#9254);
#8262=PLANE('',#9255);
#8263=PLANE('',#9256);
#8264=PLANE('',#9257);
#8265=PLANE('',#9258);
#8266=PLANE('',#9259);
#8267=PLANE('',#9260);
#8268=PLANE('',#9261);
#8269=PLANE('',#9262);
#8270=PLANE('',#9263);
#8271=PLANE('',#9264);
#8272=PLANE('',#9265);
#8273=PLANE('',#9269);
#8274=PLANE('',#9271);
#8275=PLANE('',#9275);
#8276=PLANE('',#9277);
#8277=PLANE('',#9281);
#8278=PLANE('',#9283);
#8279=PLANE('',#9287);
#8280=PLANE('',#9289);
#8281=PLANE('',#9293);
#8282=PLANE('',#9295);
#8283=PLANE('',#9299);
#8284=PLANE('',#9301);
#8285=PLANE('',#9305);
#8286=PLANE('',#9307);
#8287=PLANE('',#9311);
#8288=PLANE('',#9313);
#8289=PLANE('',#9315);
#8290=PLANE('',#9316);
#8291=PLANE('',#9319);
#8292=PLANE('',#9320);
#8293=PLANE('',#9322);
#8294=PLANE('',#9323);
#8295=PLANE('',#9324);
#8296=PLANE('',#9325);
#8297=PLANE('',#9326);
#8298=PLANE('',#9327);
#8299=PLANE('',#9328);
#8300=PLANE('',#9338);
#8301=PLANE('',#9339);
#8302=PLANE('',#9340);
#8303=PLANE('',#9341);
#8304=PLANE('',#9342);
#8305=PLANE('',#9343);
#8306=PLANE('',#9353);
#8307=PLANE('',#9354);
#8308=PLANE('',#9358);
#8309=PLANE('',#9359);
#8310=PLANE('',#9360);
#8311=PLANE('',#9361);
#8312=PLANE('',#9362);
#8313=PLANE('',#9363);
#8314=PLANE('',#9365);
#8315=PLANE('',#9366);
#8316=PLANE('',#9367);
#8317=PLANE('',#9368);
#8318=PLANE('',#9369);
#8319=PLANE('',#9370);
#8320=PLANE('',#9371);
#8321=PLANE('',#9372);
#8322=PLANE('',#9373);
#8323=PLANE('',#9374);
#8324=PLANE('',#9376);
#8325=PLANE('',#9377);
#8326=PLANE('',#9378);
#8327=PLANE('',#9382);
#8328=PLANE('',#9383);
#8329=PLANE('',#9384);
#8330=PLANE('',#9385);
#8331=PLANE('',#9386);
#8332=PLANE('',#9387);
#8333=PLANE('',#9388);
#8334=PLANE('',#9389);
#8335=PLANE('',#9390);
#8336=PLANE('',#9391);
#8337=PLANE('',#9392);
#8338=ADVANCED_FACE('',(#7342),#7933,.T.);
#8339=ADVANCED_FACE('',(#7343),#7934,.F.);
#8340=ADVANCED_FACE('',(#7344),#7935,.F.);
#8341=ADVANCED_FACE('',(#7345),#7936,.T.);
#8342=ADVANCED_FACE('',(#7346),#7937,.T.);
#8343=ADVANCED_FACE('',(#7347),#7938,.T.);
#8344=ADVANCED_FACE('',(#7348),#7939,.T.);
#8345=ADVANCED_FACE('',(#7349),#7940,.T.);
#8346=ADVANCED_FACE('',(#7350),#7941,.T.);
#8347=ADVANCED_FACE('',(#7351),#7942,.T.);
#8348=ADVANCED_FACE('',(#7352),#7943,.T.);
#8349=ADVANCED_FACE('',(#7353),#7944,.T.);
#8350=ADVANCED_FACE('',(#7354),#7945,.T.);
#8351=ADVANCED_FACE('',(#7355),#7946,.T.);
#8352=ADVANCED_FACE('',(#7356),#7947,.T.);
#8353=ADVANCED_FACE('',(#7357),#7948,.T.);
#8354=ADVANCED_FACE('',(#7358),#7949,.T.);
#8355=ADVANCED_FACE('',(#7359),#7950,.T.);
#8356=ADVANCED_FACE('',(#7360),#7951,.T.);
#8357=ADVANCED_FACE('',(#7361),#7952,.T.);
#8358=ADVANCED_FACE('',(#7362),#7953,.T.);
#8359=ADVANCED_FACE('',(#7363),#7954,.T.);
#8360=ADVANCED_FACE('',(#7364),#7955,.T.);
#8361=ADVANCED_FACE('',(#7365),#7956,.T.);
#8362=ADVANCED_FACE('',(#7366),#7957,.T.);
#8363=ADVANCED_FACE('',(#7367),#7958,.T.);
#8364=ADVANCED_FACE('',(#7368),#7959,.T.);
#8365=ADVANCED_FACE('',(#7369),#7960,.T.);
#8366=ADVANCED_FACE('',(#7370),#7961,.T.);
#8367=ADVANCED_FACE('',(#7371),#7962,.T.);
#8368=ADVANCED_FACE('',(#7372),#7963,.T.);
#8369=ADVANCED_FACE('',(#7373),#7964,.T.);
#8370=ADVANCED_FACE('',(#7374),#7965,.T.);
#8371=ADVANCED_FACE('',(#7375),#7966,.T.);
#8372=ADVANCED_FACE('',(#7376),#7967,.T.);
#8373=ADVANCED_FACE('',(#7377),#7968,.T.);
#8374=ADVANCED_FACE('',(#7378),#7969,.T.);
#8375=ADVANCED_FACE('',(#7379),#7970,.T.);
#8376=ADVANCED_FACE('',(#7380),#7971,.T.);
#8377=ADVANCED_FACE('',(#7381),#7972,.T.);
#8378=ADVANCED_FACE('',(#7382),#7973,.T.);
#8379=ADVANCED_FACE('',(#7383),#7974,.T.);
#8380=ADVANCED_FACE('',(#7384),#7975,.T.);
#8381=ADVANCED_FACE('',(#7385),#7976,.T.);
#8382=ADVANCED_FACE('',(#7386),#7977,.T.);
#8383=ADVANCED_FACE('',(#7387),#7978,.T.);
#8384=ADVANCED_FACE('',(#7388),#7979,.T.);
#8385=ADVANCED_FACE('',(#7389),#7980,.T.);
#8386=ADVANCED_FACE('',(#7390),#7981,.T.);
#8387=ADVANCED_FACE('',(#7391),#7982,.T.);
#8388=ADVANCED_FACE('',(#7392),#7983,.T.);
#8389=ADVANCED_FACE('',(#7393),#7984,.T.);
#8390=ADVANCED_FACE('',(#7394),#7985,.T.);
#8391=ADVANCED_FACE('',(#7395),#7986,.T.);
#8392=ADVANCED_FACE('',(#7396),#7987,.T.);
#8393=ADVANCED_FACE('',(#7397),#7988,.T.);
#8394=ADVANCED_FACE('',(#7398),#7989,.T.);
#8395=ADVANCED_FACE('',(#7399),#7990,.T.);
#8396=ADVANCED_FACE('',(#7400),#7991,.T.);
#8397=ADVANCED_FACE('',(#7401),#7992,.T.);
#8398=ADVANCED_FACE('',(#7402),#7993,.T.);
#8399=ADVANCED_FACE('',(#7403),#7994,.T.);
#8400=ADVANCED_FACE('',(#7404),#7995,.T.);
#8401=ADVANCED_FACE('',(#7405),#7996,.T.);
#8402=ADVANCED_FACE('',(#7406),#7997,.T.);
#8403=ADVANCED_FACE('',(#7407),#7998,.T.);
#8404=ADVANCED_FACE('',(#7408),#7999,.T.);
#8405=ADVANCED_FACE('',(#7409),#8000,.T.);
#8406=ADVANCED_FACE('',(#7410),#8001,.T.);
#8407=ADVANCED_FACE('',(#7411),#8002,.T.);
#8408=ADVANCED_FACE('',(#7412),#8003,.T.);
#8409=ADVANCED_FACE('',(#7413),#8004,.T.);
#8410=ADVANCED_FACE('',(#7414),#8005,.T.);
#8411=ADVANCED_FACE('',(#7415),#8006,.T.);
#8412=ADVANCED_FACE('',(#7416),#8007,.T.);
#8413=ADVANCED_FACE('',(#7417),#8008,.T.);
#8414=ADVANCED_FACE('',(#7418),#8009,.T.);
#8415=ADVANCED_FACE('',(#7419),#8010,.T.);
#8416=ADVANCED_FACE('',(#7420),#8011,.T.);
#8417=ADVANCED_FACE('',(#7421),#8012,.T.);
#8418=ADVANCED_FACE('',(#7422),#8013,.T.);
#8419=ADVANCED_FACE('',(#7423),#8014,.T.);
#8420=ADVANCED_FACE('',(#7424),#8015,.T.);
#8421=ADVANCED_FACE('',(#7425),#8016,.T.);
#8422=ADVANCED_FACE('',(#7426),#8017,.T.);
#8423=ADVANCED_FACE('',(#7427),#8018,.T.);
#8424=ADVANCED_FACE('',(#7428),#8019,.T.);
#8425=ADVANCED_FACE('',(#7429),#8020,.T.);
#8426=ADVANCED_FACE('',(#7430),#8021,.T.);
#8427=ADVANCED_FACE('',(#7431),#8022,.T.);
#8428=ADVANCED_FACE('',(#7432),#8023,.T.);
#8429=ADVANCED_FACE('',(#7433),#8024,.T.);
#8430=ADVANCED_FACE('',(#7434),#8025,.T.);
#8431=ADVANCED_FACE('',(#7435),#8026,.T.);
#8432=ADVANCED_FACE('',(#7436),#8027,.T.);
#8433=ADVANCED_FACE('',(#7437),#8028,.T.);
#8434=ADVANCED_FACE('',(#7438),#8029,.T.);
#8435=ADVANCED_FACE('',(#7439),#8030,.T.);
#8436=ADVANCED_FACE('',(#7440),#8031,.T.);
#8437=ADVANCED_FACE('',(#7441),#8032,.T.);
#8438=ADVANCED_FACE('',(#7442),#8033,.T.);
#8439=ADVANCED_FACE('',(#7443),#8034,.T.);
#8440=ADVANCED_FACE('',(#7444),#8035,.T.);
#8441=ADVANCED_FACE('',(#7445),#8036,.T.);
#8442=ADVANCED_FACE('',(#7446),#8037,.T.);
#8443=ADVANCED_FACE('',(#7447),#8038,.T.);
#8444=ADVANCED_FACE('',(#7448),#8039,.T.);
#8445=ADVANCED_FACE('',(#7449),#8040,.T.);
#8446=ADVANCED_FACE('',(#7450),#8041,.T.);
#8447=ADVANCED_FACE('',(#7451),#8042,.T.);
#8448=ADVANCED_FACE('',(#7452),#8043,.T.);
#8449=ADVANCED_FACE('',(#7453),#8044,.T.);
#8450=ADVANCED_FACE('',(#7454),#8045,.T.);
#8451=ADVANCED_FACE('',(#7455),#8046,.T.);
#8452=ADVANCED_FACE('',(#7456),#8047,.T.);
#8453=ADVANCED_FACE('',(#7457),#8048,.T.);
#8454=ADVANCED_FACE('',(#7458),#8049,.T.);
#8455=ADVANCED_FACE('',(#7459),#8050,.T.);
#8456=ADVANCED_FACE('',(#7460),#8051,.T.);
#8457=ADVANCED_FACE('',(#7461),#8052,.T.);
#8458=ADVANCED_FACE('',(#7462),#8053,.T.);
#8459=ADVANCED_FACE('',(#7463),#8054,.T.);
#8460=ADVANCED_FACE('',(#7464),#8055,.T.);
#8461=ADVANCED_FACE('',(#7465),#8056,.T.);
#8462=ADVANCED_FACE('',(#7466),#8057,.T.);
#8463=ADVANCED_FACE('',(#7467),#8058,.T.);
#8464=ADVANCED_FACE('',(#7468),#8059,.T.);
#8465=ADVANCED_FACE('',(#7469),#8060,.T.);
#8466=ADVANCED_FACE('',(#7470),#8061,.T.);
#8467=ADVANCED_FACE('',(#7471),#8062,.T.);
#8468=ADVANCED_FACE('',(#7472),#8063,.T.);
#8469=ADVANCED_FACE('',(#7473),#8064,.T.);
#8470=ADVANCED_FACE('',(#7474),#8065,.T.);
#8471=ADVANCED_FACE('',(#7475),#8066,.T.);
#8472=ADVANCED_FACE('',(#7476),#8067,.T.);
#8473=ADVANCED_FACE('',(#7477),#8068,.T.);
#8474=ADVANCED_FACE('',(#7478),#8069,.T.);
#8475=ADVANCED_FACE('',(#7479),#8070,.T.);
#8476=ADVANCED_FACE('',(#7480),#8071,.T.);
#8477=ADVANCED_FACE('',(#7481),#8072,.T.);
#8478=ADVANCED_FACE('',(#7482),#8073,.T.);
#8479=ADVANCED_FACE('',(#7483),#8074,.T.);
#8480=ADVANCED_FACE('',(#7484),#8075,.T.);
#8481=ADVANCED_FACE('',(#7485),#8076,.T.);
#8482=ADVANCED_FACE('',(#7486),#8077,.T.);
#8483=ADVANCED_FACE('',(#7487),#8078,.T.);
#8484=ADVANCED_FACE('',(#7488),#8079,.T.);
#8485=ADVANCED_FACE('',(#7489),#8080,.T.);
#8486=ADVANCED_FACE('',(#7490),#8081,.T.);
#8487=ADVANCED_FACE('',(#7491),#8082,.T.);
#8488=ADVANCED_FACE('',(#7492),#8083,.T.);
#8489=ADVANCED_FACE('',(#7493),#8084,.T.);
#8490=ADVANCED_FACE('',(#7494),#8085,.T.);
#8491=ADVANCED_FACE('',(#7495),#8086,.T.);
#8492=ADVANCED_FACE('',(#7496),#8087,.T.);
#8493=ADVANCED_FACE('',(#7497),#8088,.T.);
#8494=ADVANCED_FACE('',(#7498),#8089,.T.);
#8495=ADVANCED_FACE('',(#7499),#8090,.T.);
#8496=ADVANCED_FACE('',(#7500),#8091,.T.);
#8497=ADVANCED_FACE('',(#7501),#8092,.T.);
#8498=ADVANCED_FACE('',(#7502),#8093,.T.);
#8499=ADVANCED_FACE('',(#7503),#8094,.T.);
#8500=ADVANCED_FACE('',(#7504),#8095,.T.);
#8501=ADVANCED_FACE('',(#7505),#8096,.T.);
#8502=ADVANCED_FACE('',(#7506),#8097,.T.);
#8503=ADVANCED_FACE('',(#7507),#8098,.T.);
#8504=ADVANCED_FACE('',(#7508),#8099,.T.);
#8505=ADVANCED_FACE('',(#7509),#8100,.T.);
#8506=ADVANCED_FACE('',(#7510),#8101,.T.);
#8507=ADVANCED_FACE('',(#7511),#8102,.T.);
#8508=ADVANCED_FACE('',(#7512),#8103,.T.);
#8509=ADVANCED_FACE('',(#7513),#8104,.T.);
#8510=ADVANCED_FACE('',(#7514),#8105,.T.);
#8511=ADVANCED_FACE('',(#7515),#8106,.T.);
#8512=ADVANCED_FACE('',(#7516),#8107,.T.);
#8513=ADVANCED_FACE('',(#7517),#8108,.T.);
#8514=ADVANCED_FACE('',(#7518),#8109,.T.);
#8515=ADVANCED_FACE('',(#7519),#8110,.T.);
#8516=ADVANCED_FACE('',(#7520),#8111,.T.);
#8517=ADVANCED_FACE('',(#7521),#8112,.T.);
#8518=ADVANCED_FACE('',(#7522),#8113,.T.);
#8519=ADVANCED_FACE('',(#7523),#8114,.T.);
#8520=ADVANCED_FACE('',(#7524),#8115,.T.);
#8521=ADVANCED_FACE('',(#7525),#8116,.T.);
#8522=ADVANCED_FACE('',(#7526),#8117,.T.);
#8523=ADVANCED_FACE('',(#7527),#8118,.T.);
#8524=ADVANCED_FACE('',(#7528),#8119,.T.);
#8525=ADVANCED_FACE('',(#7529),#8120,.T.);
#8526=ADVANCED_FACE('',(#7530),#8121,.T.);
#8527=ADVANCED_FACE('',(#7531),#8122,.T.);
#8528=ADVANCED_FACE('',(#7532),#8123,.T.);
#8529=ADVANCED_FACE('',(#7533),#8124,.T.);
#8530=ADVANCED_FACE('',(#7534),#8125,.T.);
#8531=ADVANCED_FACE('',(#7535),#8126,.T.);
#8532=ADVANCED_FACE('',(#7536),#8127,.T.);
#8533=ADVANCED_FACE('',(#7537),#8128,.T.);
#8534=ADVANCED_FACE('',(#7538,#7539,#7540,#7541,#7542,#7543,#7544,#7545,
#7546,#7547,#7548,#7549,#7550,#7551,#7552,#7553,#7554,#7555,#7556,#7557,
#7558,#7559,#7560,#7561,#7562,#7563,#7564,#7565,#7566,#7567,#7568,#7569,
#7570),#8129,.T.);
#8535=ADVANCED_FACE('',(#7571,#7572,#7573,#7574,#7575,#7576,#7577,#7578,
#7579,#7580,#7581,#7582,#7583,#7584,#7585,#7586,#7587,#7588,#7589,#7590,
#7591,#7592,#7593,#7594,#7595,#7596,#7597,#7598,#7599,#7600,#7601,#7602,
#7603),#8130,.F.);
#8536=ADVANCED_FACE('',(#7604),#8131,.T.);
#8537=ADVANCED_FACE('',(#7605),#8132,.F.);
#8538=ADVANCED_FACE('',(#7606),#8133,.F.);
#8539=ADVANCED_FACE('',(#7607),#8134,.T.);
#8540=ADVANCED_FACE('',(#7608),#8135,.T.);
#8541=ADVANCED_FACE('',(#7609),#8136,.F.);
#8542=ADVANCED_FACE('',(#7610),#8137,.F.);
#8543=ADVANCED_FACE('',(#7611),#8138,.T.);
#8544=ADVANCED_FACE('',(#7612),#8139,.F.);
#8545=ADVANCED_FACE('',(#7613),#8140,.F.);
#8546=ADVANCED_FACE('',(#7614),#8141,.T.);
#8547=ADVANCED_FACE('',(#7615),#8142,.T.);
#8548=ADVANCED_FACE('',(#7616,#7617),#8143,.T.);
#8549=ADVANCED_FACE('',(#7618,#7619),#8144,.F.);
#8550=ADVANCED_FACE('',(#7620),#8145,.T.);
#8551=ADVANCED_FACE('',(#7621),#8146,.F.);
#8552=ADVANCED_FACE('',(#7622),#8147,.F.);
#8553=ADVANCED_FACE('',(#7623),#8148,.T.);
#8554=ADVANCED_FACE('',(#7624),#8149,.T.);
#8555=ADVANCED_FACE('',(#7625),#8150,.F.);
#8556=ADVANCED_FACE('',(#7626),#8151,.F.);
#8557=ADVANCED_FACE('',(#7627),#8152,.F.);
#8558=ADVANCED_FACE('',(#7628),#8153,.F.);
#8559=ADVANCED_FACE('',(#7629),#8154,.T.);
#8560=ADVANCED_FACE('',(#7630),#8155,.T.);
#8561=ADVANCED_FACE('',(#7631),#8156,.T.);
#8562=ADVANCED_FACE('',(#7632),#8157,.F.);
#8563=ADVANCED_FACE('',(#7633),#8158,.F.);
#8564=ADVANCED_FACE('',(#7634,#7635),#101,.F.);
#8565=ADVANCED_FACE('',(#7636,#7637),#102,.F.);
#8566=ADVANCED_FACE('',(#7638,#7639),#103,.F.);
#8567=ADVANCED_FACE('',(#7640,#7641),#104,.F.);
#8568=ADVANCED_FACE('',(#7642),#8159,.T.);
#8569=ADVANCED_FACE('',(#7643),#8160,.T.);
#8570=ADVANCED_FACE('',(#7644,#7645,#7646,#7647,#7648,#7649),#8161,.T.);
#8571=ADVANCED_FACE('',(#7650,#7651,#7652,#7653,#7654,#7655),#8162,.F.);
#8572=ADVANCED_FACE('',(#7656),#8163,.T.);
#8573=ADVANCED_FACE('',(#7657),#8164,.T.);
#8574=ADVANCED_FACE('',(#7658),#8165,.T.);
#8575=ADVANCED_FACE('',(#7659),#8166,.T.);
#8576=ADVANCED_FACE('',(#7660),#8167,.T.);
#8577=ADVANCED_FACE('',(#7661),#8168,.T.);
#8578=ADVANCED_FACE('',(#7662),#8169,.T.);
#8579=ADVANCED_FACE('',(#7663),#8170,.T.);
#8580=ADVANCED_FACE('',(#7664),#8171,.F.);
#8581=ADVANCED_FACE('',(#7665),#105,.T.);
#8582=ADVANCED_FACE('',(#7666),#8172,.F.);
#8583=ADVANCED_FACE('',(#7667),#106,.T.);
#8584=ADVANCED_FACE('',(#7668),#8173,.T.);
#8585=ADVANCED_FACE('',(#7669),#107,.T.);
#8586=ADVANCED_FACE('',(#7670),#8174,.T.);
#8587=ADVANCED_FACE('',(#7671),#8175,.F.);
#8588=ADVANCED_FACE('',(#7672),#8176,.T.);
#8589=ADVANCED_FACE('',(#7673),#8177,.T.);
#8590=ADVANCED_FACE('',(#7674),#8178,.F.);
#8591=ADVANCED_FACE('',(#7675),#8179,.T.);
#8592=ADVANCED_FACE('',(#7676),#8180,.T.);
#8593=ADVANCED_FACE('',(#7677),#8181,.F.);
#8594=ADVANCED_FACE('',(#7678),#8182,.T.);
#8595=ADVANCED_FACE('',(#7679),#8183,.T.);
#8596=ADVANCED_FACE('',(#7680),#8184,.F.);
#8597=ADVANCED_FACE('',(#7681),#8185,.T.);
#8598=ADVANCED_FACE('',(#7682),#8186,.T.);
#8599=ADVANCED_FACE('',(#7683),#8187,.F.);
#8600=ADVANCED_FACE('',(#7684),#8188,.F.);
#8601=ADVANCED_FACE('',(#7685),#8189,.F.);
#8602=ADVANCED_FACE('',(#7686),#8190,.F.);
#8603=ADVANCED_FACE('',(#7687),#108,.T.);
#8604=ADVANCED_FACE('',(#7688,#7689,#7690,#7691,#7692),#8191,.F.);
#8605=ADVANCED_FACE('',(#7693),#8192,.T.);
#8606=ADVANCED_FACE('',(#7694),#8193,.F.);
#8607=ADVANCED_FACE('',(#7695),#8194,.F.);
#8608=ADVANCED_FACE('',(#7696),#8195,.T.);
#8609=ADVANCED_FACE('',(#7697),#8196,.T.);
#8610=ADVANCED_FACE('',(#7698),#8197,.F.);
#8611=ADVANCED_FACE('',(#7699),#8198,.T.);
#8612=ADVANCED_FACE('',(#7700),#8199,.F.);
#8613=ADVANCED_FACE('',(#7701),#8200,.F.);
#8614=ADVANCED_FACE('',(#7702),#8201,.T.);
#8615=ADVANCED_FACE('',(#7703),#8202,.F.);
#8616=ADVANCED_FACE('',(#7704),#8203,.F.);
#8617=ADVANCED_FACE('',(#7705),#109,.T.);
#8618=ADVANCED_FACE('',(#7706),#8204,.F.);
#8619=ADVANCED_FACE('',(#7707),#8205,.F.);
#8620=ADVANCED_FACE('',(#7708),#8206,.F.);
#8621=ADVANCED_FACE('',(#7709),#110,.T.);
#8622=ADVANCED_FACE('',(#7710),#8207,.T.);
#8623=ADVANCED_FACE('',(#7711),#8208,.T.);
#8624=ADVANCED_FACE('',(#7712),#8209,.F.);
#8625=ADVANCED_FACE('',(#7713),#111,.T.);
#8626=ADVANCED_FACE('',(#7714),#8210,.F.);
#8627=ADVANCED_FACE('',(#7715),#8211,.T.);
#8628=ADVANCED_FACE('',(#7716),#8212,.T.);
#8629=ADVANCED_FACE('',(#7717),#112,.T.);
#8630=ADVANCED_FACE('',(#7718),#8213,.T.);
#8631=ADVANCED_FACE('',(#7719),#8214,.F.);
#8632=ADVANCED_FACE('',(#7720),#8215,.T.);
#8633=ADVANCED_FACE('',(#7721),#8216,.F.);
#8634=ADVANCED_FACE('',(#7722),#8217,.T.);
#8635=ADVANCED_FACE('',(#7723),#8218,.T.);
#8636=ADVANCED_FACE('',(#7724,#7725),#113,.F.);
#8637=ADVANCED_FACE('',(#7726,#7727),#114,.F.);
#8638=ADVANCED_FACE('',(#7728,#7729),#115,.F.);
#8639=ADVANCED_FACE('',(#7730,#7731),#116,.F.);
#8640=ADVANCED_FACE('',(#7732),#8219,.F.);
#8641=ADVANCED_FACE('',(#7733),#8220,.T.);
#8642=ADVANCED_FACE('',(#7734),#8221,.T.);
#8643=ADVANCED_FACE('',(#7735),#8222,.T.);
#8644=ADVANCED_FACE('',(#7736),#8223,.T.);
#8645=ADVANCED_FACE('',(#7737,#7738,#7739,#7740,#7741,#7742,#7743,#7744,
#7745),#8224,.T.);
#8646=ADVANCED_FACE('',(#7746),#8225,.T.);
#8647=ADVANCED_FACE('',(#7747),#8226,.T.);
#8648=ADVANCED_FACE('',(#7748),#8227,.T.);
#8649=ADVANCED_FACE('',(#7749),#8228,.T.);
#8650=ADVANCED_FACE('',(#7750,#7751),#8229,.T.);
#8651=ADVANCED_FACE('',(#7752),#8230,.F.);
#8652=ADVANCED_FACE('',(#7753),#8231,.F.);
#8653=ADVANCED_FACE('',(#7754),#8232,.F.);
#8654=ADVANCED_FACE('',(#7755),#8233,.F.);
#8655=ADVANCED_FACE('',(#7756,#7757),#8234,.T.);
#8656=ADVANCED_FACE('',(#7758),#8235,.T.);
#8657=ADVANCED_FACE('',(#7759),#8236,.T.);
#8658=ADVANCED_FACE('',(#7760),#8237,.T.);
#8659=ADVANCED_FACE('',(#7761),#8238,.T.);
#8660=ADVANCED_FACE('',(#7762,#7763),#8239,.T.);
#8661=ADVANCED_FACE('',(#7764),#8240,.F.);
#8662=ADVANCED_FACE('',(#7765),#8241,.F.);
#8663=ADVANCED_FACE('',(#7766),#8242,.F.);
#8664=ADVANCED_FACE('',(#7767),#8243,.F.);
#8665=ADVANCED_FACE('',(#7768,#7769),#8244,.T.);
#8666=ADVANCED_FACE('',(#7770),#8245,.F.);
#8667=ADVANCED_FACE('',(#7771),#8246,.F.);
#8668=ADVANCED_FACE('',(#7772),#8247,.F.);
#8669=ADVANCED_FACE('',(#7773),#8248,.T.);
#8670=ADVANCED_FACE('',(#7774),#8249,.T.);
#8671=ADVANCED_FACE('',(#7775),#8250,.T.);
#8672=ADVANCED_FACE('',(#7776),#8251,.F.);
#8673=ADVANCED_FACE('',(#7777),#8252,.T.);
#8674=ADVANCED_FACE('',(#7778),#8253,.F.);
#8675=ADVANCED_FACE('',(#7779),#8254,.F.);
#8676=ADVANCED_FACE('',(#7780),#8255,.F.);
#8677=ADVANCED_FACE('',(#7781),#8256,.F.);
#8678=ADVANCED_FACE('',(#7782),#8257,.T.);
#8679=ADVANCED_FACE('',(#7783),#8258,.T.);
#8680=ADVANCED_FACE('',(#7784),#8259,.T.);
#8681=ADVANCED_FACE('',(#7785),#8260,.T.);
#8682=ADVANCED_FACE('',(#7786),#8261,.F.);
#8683=ADVANCED_FACE('',(#7787),#8262,.T.);
#8684=ADVANCED_FACE('',(#7788),#8263,.T.);
#8685=ADVANCED_FACE('',(#7789),#8264,.F.);
#8686=ADVANCED_FACE('',(#7790),#8265,.F.);
#8687=ADVANCED_FACE('',(#7791),#8266,.T.);
#8688=ADVANCED_FACE('',(#7792),#8267,.T.);
#8689=ADVANCED_FACE('',(#7793),#8268,.F.);
#8690=ADVANCED_FACE('',(#7794),#8269,.T.);
#8691=ADVANCED_FACE('',(#7795),#8270,.T.);
#8692=ADVANCED_FACE('',(#7796),#8271,.T.);
#8693=ADVANCED_FACE('',(#7797),#8272,.F.);
#8694=ADVANCED_FACE('',(#7798,#7799),#117,.F.);
#8695=ADVANCED_FACE('',(#7800,#7801),#8273,.T.);
#8696=ADVANCED_FACE('',(#7802),#8274,.T.);
#8697=ADVANCED_FACE('',(#7803,#7804),#118,.F.);
#8698=ADVANCED_FACE('',(#7805,#7806),#8275,.T.);
#8699=ADVANCED_FACE('',(#7807),#8276,.T.);
#8700=ADVANCED_FACE('',(#7808,#7809),#119,.F.);
#8701=ADVANCED_FACE('',(#7810,#7811),#8277,.T.);
#8702=ADVANCED_FACE('',(#7812),#8278,.T.);
#8703=ADVANCED_FACE('',(#7813,#7814),#120,.F.);
#8704=ADVANCED_FACE('',(#7815,#7816),#8279,.T.);
#8705=ADVANCED_FACE('',(#7817),#8280,.T.);
#8706=ADVANCED_FACE('',(#7818,#7819),#121,.F.);
#8707=ADVANCED_FACE('',(#7820,#7821),#8281,.T.);
#8708=ADVANCED_FACE('',(#7822),#8282,.T.);
#8709=ADVANCED_FACE('',(#7823,#7824),#122,.F.);
#8710=ADVANCED_FACE('',(#7825,#7826),#8283,.T.);
#8711=ADVANCED_FACE('',(#7827),#8284,.T.);
#8712=ADVANCED_FACE('',(#7828,#7829),#123,.F.);
#8713=ADVANCED_FACE('',(#7830,#7831),#8285,.T.);
#8714=ADVANCED_FACE('',(#7832),#8286,.T.);
#8715=ADVANCED_FACE('',(#7833,#7834),#124,.F.);
#8716=ADVANCED_FACE('',(#7835,#7836),#8287,.T.);
#8717=ADVANCED_FACE('',(#7837),#8288,.T.);
#8718=ADVANCED_FACE('',(#7838),#11,.T.);
#8719=ADVANCED_FACE('',(#7839),#8289,.F.);
#8720=ADVANCED_FACE('',(#7840),#8290,.F.);
#8721=ADVANCED_FACE('',(#7841),#12,.T.);
#8722=ADVANCED_FACE('',(#7842),#13,.T.);
#8723=ADVANCED_FACE('',(#7843),#8291,.T.);
#8724=ADVANCED_FACE('',(#7844),#8292,.T.);
#8725=ADVANCED_FACE('',(#7845),#14,.T.);
#8726=ADVANCED_FACE('',(#7846,#7847),#8293,.F.);
#8727=ADVANCED_FACE('',(#7848,#7849),#8294,.F.);
#8728=ADVANCED_FACE('',(#7850,#7851),#8295,.F.);
#8729=ADVANCED_FACE('',(#7852),#8296,.T.);
#8730=ADVANCED_FACE('',(#7853),#8297,.F.);
#8731=ADVANCED_FACE('',(#7854),#8298,.T.);
#8732=ADVANCED_FACE('',(#7855,#7856),#8299,.F.);
#8733=ADVANCED_FACE('',(#7857,#7858),#15,.T.);
#8734=ADVANCED_FACE('',(#7859,#7860),#16,.T.);
#8735=ADVANCED_FACE('',(#7861,#7862),#17,.T.);
#8736=ADVANCED_FACE('',(#7863,#7864),#18,.T.);
#8737=ADVANCED_FACE('',(#7865,#7866),#19,.T.);
#8738=ADVANCED_FACE('',(#7867,#7868),#20,.T.);
#8739=ADVANCED_FACE('',(#7869,#7870),#21,.T.);
#8740=ADVANCED_FACE('',(#7871,#7872),#22,.T.);
#8741=ADVANCED_FACE('',(#7873),#8300,.T.);
#8742=ADVANCED_FACE('',(#7874),#8301,.F.);
#8743=ADVANCED_FACE('',(#7875),#8302,.F.);
#8744=ADVANCED_FACE('',(#7876),#8303,.T.);
#8745=ADVANCED_FACE('',(#7877),#8304,.T.);
#8746=ADVANCED_FACE('',(#7878),#8305,.T.);
#8747=ADVANCED_FACE('',(#7879,#7880),#125,.F.);
#8748=ADVANCED_FACE('',(#7881,#7882),#126,.F.);
#8749=ADVANCED_FACE('',(#7883,#7884),#127,.F.);
#8750=ADVANCED_FACE('',(#7885),#8306,.T.);
#8751=ADVANCED_FACE('',(#7886),#8307,.T.);
#8752=ADVANCED_FACE('',(#7887,#7888),#128,.F.);
#8753=ADVANCED_FACE('',(#7889,#7890,#7891,#7892,#7893,#7894),#8308,.T.);
#8754=ADVANCED_FACE('',(#7895,#7896,#7897,#7898,#7899,#7900),#8309,.F.);
#8755=ADVANCED_FACE('',(#7901),#8310,.F.);
#8756=ADVANCED_FACE('',(#7902),#8311,.F.);
#8757=ADVANCED_FACE('',(#7903),#8312,.F.);
#8758=ADVANCED_FACE('',(#7904),#8313,.F.);
#8759=ADVANCED_FACE('',(#7905),#8314,.T.);
#8760=ADVANCED_FACE('',(#7906),#8315,.F.);
#8761=ADVANCED_FACE('',(#7907),#8316,.F.);
#8762=ADVANCED_FACE('',(#7908),#8317,.T.);
#8763=ADVANCED_FACE('',(#7909),#8318,.T.);
#8764=ADVANCED_FACE('',(#7910),#8319,.F.);
#8765=ADVANCED_FACE('',(#7911),#8320,.T.);
#8766=ADVANCED_FACE('',(#7912),#8321,.F.);
#8767=ADVANCED_FACE('',(#7913),#8322,.F.);
#8768=ADVANCED_FACE('',(#7914),#8323,.T.);
#8769=ADVANCED_FACE('',(#7915),#8324,.T.);
#8770=ADVANCED_FACE('',(#7916),#8325,.F.);
#8771=ADVANCED_FACE('',(#7917),#8326,.F.);
#8772=ADVANCED_FACE('',(#7918,#7919),#129,.F.);
#8773=ADVANCED_FACE('',(#7920),#8327,.T.);
#8774=ADVANCED_FACE('',(#7921,#7922),#8328,.T.);
#8775=ADVANCED_FACE('',(#7923,#7924),#8329,.F.);
#8776=ADVANCED_FACE('',(#7925),#8330,.T.);
#8777=ADVANCED_FACE('',(#7926),#8331,.F.);
#8778=ADVANCED_FACE('',(#7927),#8332,.T.);
#8779=ADVANCED_FACE('',(#7928),#8333,.F.);
#8780=ADVANCED_FACE('',(#7929),#8334,.T.);
#8781=ADVANCED_FACE('',(#7930),#8335,.F.);
#8782=ADVANCED_FACE('',(#7931),#8336,.F.);
#8783=ADVANCED_FACE('',(#7932),#8337,.T.);
#8784=CLOSED_SHELL('',(#8338,#8339,#8340,#8341,#8342,#8343,#8344,#8345,
#8346,#8347,#8348,#8349,#8350,#8351,#8352,#8353,#8354,#8355,#8356,#8357,
#8358,#8359,#8360,#8361,#8362,#8363,#8364,#8365,#8366,#8367,#8368,#8369,
#8370,#8371,#8372,#8373,#8374,#8375,#8376,#8377,#8378,#8379,#8380,#8381,
#8382,#8383,#8384,#8385,#8386,#8387,#8388,#8389,#8390,#8391,#8392,#8393,
#8394,#8395,#8396,#8397,#8398,#8399,#8400,#8401,#8402,#8403,#8404,#8405,
#8406,#8407,#8408,#8409,#8410,#8411,#8412,#8413,#8414,#8415,#8416,#8417,
#8418,#8419,#8420,#8421,#8422,#8423,#8424,#8425,#8426,#8427,#8428,#8429,
#8430,#8431,#8432,#8433,#8434,#8435,#8436,#8437,#8438,#8439,#8440,#8441,
#8442,#8443,#8444,#8445,#8446,#8447,#8448,#8449,#8450,#8451,#8452,#8453,
#8454,#8455,#8456,#8457,#8458,#8459,#8460,#8461,#8462,#8463,#8464,#8465,
#8466,#8467,#8468,#8469,#8470,#8471,#8472,#8473,#8474,#8475,#8476,#8477,
#8478,#8479,#8480,#8481,#8482,#8483,#8484,#8485,#8486,#8487,#8488,#8489,
#8490,#8491,#8492,#8493,#8494,#8495,#8496,#8497,#8498,#8499,#8500,#8501,
#8502,#8503,#8504,#8505,#8506,#8507,#8508,#8509,#8510,#8511,#8512,#8513,
#8514,#8515,#8516,#8517,#8518,#8519,#8520,#8521,#8522,#8523,#8524,#8525,
#8526,#8527,#8528,#8529,#8530,#8531,#8532,#8533,#8534,#8535,#8536,#8537,
#8538,#8539));
#8785=CLOSED_SHELL('',(#8540,#8541,#8542,#8543,#8544,#8545,#8546,#8547,
#8548,#8549,#8550,#8551,#8552,#8553));
#8786=CLOSED_SHELL('',(#8554,#8555,#8556,#8557,#8558,#8559,#8560,#8561,
#8562,#8563,#8564,#8565,#8566,#8567,#8568,#8569,#8570,#8571));
#8787=CLOSED_SHELL('',(#8572,#8573,#8574,#8575,#8576,#8577,#8578,#8579,
#8580,#8581,#8582,#8583,#8584,#8585,#8586,#8587,#8588,#8589,#8590,#8591,
#8592,#8593,#8594,#8595,#8596,#8597,#8598,#8599,#8600,#8601,#8602,#8603,
#8604,#8605,#8606,#8607,#8608,#8609,#8610,#8611,#8612,#8613,#8614,#8615,
#8616,#8617,#8618,#8619,#8620,#8621,#8622,#8623,#8624,#8625,#8626,#8627,
#8628,#8629,#8630,#8631,#8632,#8633,#8634,#8635,#8636,#8637,#8638,#8639,
#8640,#8641,#8642,#8643,#8644,#8645,#8646,#8647,#8648,#8649,#8650,#8651,
#8652,#8653,#8654,#8655,#8656,#8657,#8658,#8659,#8660,#8661,#8662,#8663,
#8664,#8665,#8666,#8667,#8668,#8669,#8670,#8671,#8672,#8673,#8674,#8675,
#8676,#8677,#8678,#8679,#8680,#8681,#8682,#8683,#8684,#8685,#8686,#8687,
#8688,#8689,#8690,#8691,#8692,#8693,#8694,#8695,#8696,#8697,#8698,#8699,
#8700,#8701,#8702,#8703,#8704,#8705,#8706,#8707,#8708,#8709,#8710,#8711,
#8712,#8713,#8714,#8715,#8716,#8717,#8718,#8719,#8720,#8721,#8722,#8723,
#8724,#8725,#8726,#8727,#8728,#8729,#8730,#8731,#8732,#8733,#8734,#8735,
#8736,#8737,#8738,#8739,#8740));
#8788=CLOSED_SHELL('',(#8741,#8742,#8743,#8744,#8745,#8746,#8747,#8748,
#8749,#8750,#8751,#8752,#8753,#8754,#8755,#8756,#8757,#8758));
#8789=CLOSED_SHELL('',(#8759,#8760,#8761,#8762,#8763,#8764,#8765,#8766,
#8767,#8768));
#8790=CLOSED_SHELL('',(#8769,#8770,#8771,#8772,#8773,#8774,#8775,#8776,
#8777,#8778,#8779,#8780,#8781,#8782,#8783));
#8791=STYLED_ITEM('',(#8798),#8841);
#8792=STYLED_ITEM('',(#8799),#8842);
#8793=STYLED_ITEM('',(#8800),#8843);
#8794=STYLED_ITEM('',(#8801),#8844);
#8795=STYLED_ITEM('',(#8802),#8845);
#8796=STYLED_ITEM('',(#8803),#8846);
#8797=STYLED_ITEM('',(#8804),#8847);
#8798=PRESENTATION_STYLE_ASSIGNMENT((#8805));
#8799=PRESENTATION_STYLE_ASSIGNMENT((#8806));
#8800=PRESENTATION_STYLE_ASSIGNMENT((#8807));
#8801=PRESENTATION_STYLE_ASSIGNMENT((#8808));
#8802=PRESENTATION_STYLE_ASSIGNMENT((#8809));
#8803=PRESENTATION_STYLE_ASSIGNMENT((#8810));
#8804=PRESENTATION_STYLE_ASSIGNMENT((#8811));
#8805=SURFACE_STYLE_USAGE(.BOTH.,#8812);
#8806=SURFACE_STYLE_USAGE(.BOTH.,#8813);
#8807=SURFACE_STYLE_USAGE(.BOTH.,#8814);
#8808=SURFACE_STYLE_USAGE(.BOTH.,#8815);
#8809=SURFACE_STYLE_USAGE(.BOTH.,#8816);
#8810=SURFACE_STYLE_USAGE(.BOTH.,#8817);
#8811=SURFACE_STYLE_USAGE(.BOTH.,#8818);
#8812=SURFACE_SIDE_STYLE('',(#8819));
#8813=SURFACE_SIDE_STYLE('',(#8820));
#8814=SURFACE_SIDE_STYLE('',(#8821));
#8815=SURFACE_SIDE_STYLE('',(#8822));
#8816=SURFACE_SIDE_STYLE('',(#8823));
#8817=SURFACE_SIDE_STYLE('',(#8824));
#8818=SURFACE_SIDE_STYLE('',(#8825));
#8819=SURFACE_STYLE_FILL_AREA(#8826);
#8820=SURFACE_STYLE_FILL_AREA(#8827);
#8821=SURFACE_STYLE_FILL_AREA(#8828);
#8822=SURFACE_STYLE_FILL_AREA(#8829);
#8823=SURFACE_STYLE_FILL_AREA(#8830);
#8824=SURFACE_STYLE_FILL_AREA(#8831);
#8825=SURFACE_STYLE_FILL_AREA(#8832);
#8826=FILL_AREA_STYLE('',(#8833));
#8827=FILL_AREA_STYLE('',(#8834));
#8828=FILL_AREA_STYLE('',(#8835));
#8829=FILL_AREA_STYLE('',(#8836));
#8830=FILL_AREA_STYLE('',(#8837));
#8831=FILL_AREA_STYLE('',(#8838));
#8832=FILL_AREA_STYLE('',(#8839));
#8833=FILL_AREA_STYLE_COLOUR('',#8840);
#8834=FILL_AREA_STYLE_COLOUR('',#8840);
#8835=FILL_AREA_STYLE_COLOUR('',#8840);
#8836=FILL_AREA_STYLE_COLOUR('',#8840);
#8837=FILL_AREA_STYLE_COLOUR('',#8840);
#8838=FILL_AREA_STYLE_COLOUR('',#8840);
#8839=FILL_AREA_STYLE_COLOUR('',#10);
#8840=DRAUGHTING_PRE_DEFINED_COLOUR('white');
#8841=MANIFOLD_SOLID_BREP('TopPlateVenting',#8784);
#8842=MANIFOLD_SOLID_BREP('BottomPlateFans',#8785);
#8843=MANIFOLD_SOLID_BREP('Padding',#8786);
#8844=MANIFOLD_SOLID_BREP('Frame',#8787);
#8845=MANIFOLD_SOLID_BREP('SidePlateMounting',#8788);
#8846=MANIFOLD_SOLID_BREP('SidePlateSolid',#8789);
#8847=MANIFOLD_SOLID_BREP('NutPlut',#8790);
#8848=SHAPE_DEFINITION_REPRESENTATION(#14062,#8855);
#8849=SHAPE_DEFINITION_REPRESENTATION(#14063,#8856);
#8850=SHAPE_DEFINITION_REPRESENTATION(#14064,#8857);
#8851=SHAPE_DEFINITION_REPRESENTATION(#14065,#8858);
#8852=SHAPE_DEFINITION_REPRESENTATION(#14066,#8859);
#8853=SHAPE_DEFINITION_REPRESENTATION(#14067,#8860);
#8854=SHAPE_DEFINITION_REPRESENTATION(#14068,#8861);
#8855=SHAPE_REPRESENTATION('TopPlateVenting',(#8862),#14027);
#8856=SHAPE_REPRESENTATION('BottomPlateFans',(#9065),#14028);
#8857=SHAPE_REPRESENTATION('Padding',(#9080),#14029);
#8858=SHAPE_REPRESENTATION('Frame',(#9107),#14030);
#8859=SHAPE_REPRESENTATION('SidePlateMounting',(#9337),#14031);
#8860=SHAPE_REPRESENTATION('SidePlateSolid',(#9364),#14032);
#8861=SHAPE_REPRESENTATION('NutPlut',(#9375),#14033);
#8862=AXIS2_PLACEMENT_3D('',#11568,#9393,#9394);
#8863=AXIS2_PLACEMENT_3D('',#11569,#9395,#9396);
#8864=AXIS2_PLACEMENT_3D('',#11578,#9401,#9402);
#8865=AXIS2_PLACEMENT_3D('',#11587,#9407,#9408);
#8866=AXIS2_PLACEMENT_3D('',#11596,#9413,#9414);
#8867=AXIS2_PLACEMENT_3D('',#11605,#9419,#9420);
#8868=AXIS2_PLACEMENT_3D('',#11611,#9424,#9425);
#8869=AXIS2_PLACEMENT_3D('',#11617,#9429,#9430);
#8870=AXIS2_PLACEMENT_3D('',#11623,#9434,#9435);
#8871=AXIS2_PLACEMENT_3D('',#11629,#9439,#9440);
#8872=AXIS2_PLACEMENT_3D('',#11638,#9445,#9446);
#8873=AXIS2_PLACEMENT_3D('',#11644,#9450,#9451);
#8874=AXIS2_PLACEMENT_3D('',#11650,#9455,#9456);
#8875=AXIS2_PLACEMENT_3D('',#11656,#9460,#9461);
#8876=AXIS2_PLACEMENT_3D('',#11662,#9465,#9466);
#8877=AXIS2_PLACEMENT_3D('',#11671,#9471,#9472);
#8878=AXIS2_PLACEMENT_3D('',#11677,#9476,#9477);
#8879=AXIS2_PLACEMENT_3D('',#11683,#9481,#9482);
#8880=AXIS2_PLACEMENT_3D('',#11689,#9486,#9487);
#8881=AXIS2_PLACEMENT_3D('',#11695,#9491,#9492);
#8882=AXIS2_PLACEMENT_3D('',#11704,#9497,#9498);
#8883=AXIS2_PLACEMENT_3D('',#11710,#9502,#9503);
#8884=AXIS2_PLACEMENT_3D('',#11716,#9507,#9508);
#8885=AXIS2_PLACEMENT_3D('',#11722,#9512,#9513);
#8886=AXIS2_PLACEMENT_3D('',#11728,#9517,#9518);
#8887=AXIS2_PLACEMENT_3D('',#11737,#9523,#9524);
#8888=AXIS2_PLACEMENT_3D('',#11743,#9528,#9529);
#8889=AXIS2_PLACEMENT_3D('',#11749,#9533,#9534);
#8890=AXIS2_PLACEMENT_3D('',#11755,#9538,#9539);
#8891=AXIS2_PLACEMENT_3D('',#11761,#9543,#9544);
#8892=AXIS2_PLACEMENT_3D('',#11770,#9549,#9550);
#8893=AXIS2_PLACEMENT_3D('',#11776,#9554,#9555);
#8894=AXIS2_PLACEMENT_3D('',#11782,#9559,#9560);
#8895=AXIS2_PLACEMENT_3D('',#11788,#9564,#9565);
#8896=AXIS2_PLACEMENT_3D('',#11794,#9569,#9570);
#8897=AXIS2_PLACEMENT_3D('',#11803,#9575,#9576);
#8898=AXIS2_PLACEMENT_3D('',#11809,#9580,#9581);
#8899=AXIS2_PLACEMENT_3D('',#11815,#9585,#9586);
#8900=AXIS2_PLACEMENT_3D('',#11821,#9590,#9591);
#8901=AXIS2_PLACEMENT_3D('',#11827,#9595,#9596);
#8902=AXIS2_PLACEMENT_3D('',#11836,#9601,#9602);
#8903=AXIS2_PLACEMENT_3D('',#11842,#9606,#9607);
#8904=AXIS2_PLACEMENT_3D('',#11848,#9611,#9612);
#8905=AXIS2_PLACEMENT_3D('',#11854,#9616,#9617);
#8906=AXIS2_PLACEMENT_3D('',#11860,#9621,#9622);
#8907=AXIS2_PLACEMENT_3D('',#11869,#9627,#9628);
#8908=AXIS2_PLACEMENT_3D('',#11875,#9632,#9633);
#8909=AXIS2_PLACEMENT_3D('',#11881,#9637,#9638);
#8910=AXIS2_PLACEMENT_3D('',#11887,#9642,#9643);
#8911=AXIS2_PLACEMENT_3D('',#11893,#9647,#9648);
#8912=AXIS2_PLACEMENT_3D('',#11902,#9653,#9654);
#8913=AXIS2_PLACEMENT_3D('',#11908,#9658,#9659);
#8914=AXIS2_PLACEMENT_3D('',#11914,#9663,#9664);
#8915=AXIS2_PLACEMENT_3D('',#11920,#9668,#9669);
#8916=AXIS2_PLACEMENT_3D('',#11926,#9673,#9674);
#8917=AXIS2_PLACEMENT_3D('',#11935,#9679,#9680);
#8918=AXIS2_PLACEMENT_3D('',#11941,#9684,#9685);
#8919=AXIS2_PLACEMENT_3D('',#11947,#9689,#9690);
#8920=AXIS2_PLACEMENT_3D('',#11953,#9694,#9695);
#8921=AXIS2_PLACEMENT_3D('',#11959,#9699,#9700);
#8922=AXIS2_PLACEMENT_3D('',#11968,#9705,#9706);
#8923=AXIS2_PLACEMENT_3D('',#11974,#9710,#9711);
#8924=AXIS2_PLACEMENT_3D('',#11980,#9715,#9716);
#8925=AXIS2_PLACEMENT_3D('',#11986,#9720,#9721);
#8926=AXIS2_PLACEMENT_3D('',#11992,#9725,#9726);
#8927=AXIS2_PLACEMENT_3D('',#12001,#9731,#9732);
#8928=AXIS2_PLACEMENT_3D('',#12007,#9736,#9737);
#8929=AXIS2_PLACEMENT_3D('',#12013,#9741,#9742);
#8930=AXIS2_PLACEMENT_3D('',#12019,#9746,#9747);
#8931=AXIS2_PLACEMENT_3D('',#12025,#9751,#9752);
#8932=AXIS2_PLACEMENT_3D('',#12034,#9757,#9758);
#8933=AXIS2_PLACEMENT_3D('',#12040,#9762,#9763);
#8934=AXIS2_PLACEMENT_3D('',#12046,#9767,#9768);
#8935=AXIS2_PLACEMENT_3D('',#12052,#9772,#9773);
#8936=AXIS2_PLACEMENT_3D('',#12058,#9777,#9778);
#8937=AXIS2_PLACEMENT_3D('',#12067,#9783,#9784);
#8938=AXIS2_PLACEMENT_3D('',#12073,#9788,#9789);
#8939=AXIS2_PLACEMENT_3D('',#12079,#9793,#9794);
#8940=AXIS2_PLACEMENT_3D('',#12085,#9798,#9799);
#8941=AXIS2_PLACEMENT_3D('',#12091,#9803,#9804);
#8942=AXIS2_PLACEMENT_3D('',#12100,#9809,#9810);
#8943=AXIS2_PLACEMENT_3D('',#12106,#9814,#9815);
#8944=AXIS2_PLACEMENT_3D('',#12112,#9819,#9820);
#8945=AXIS2_PLACEMENT_3D('',#12118,#9824,#9825);
#8946=AXIS2_PLACEMENT_3D('',#12124,#9829,#9830);
#8947=AXIS2_PLACEMENT_3D('',#12133,#9835,#9836);
#8948=AXIS2_PLACEMENT_3D('',#12139,#9840,#9841);
#8949=AXIS2_PLACEMENT_3D('',#12145,#9845,#9846);
#8950=AXIS2_PLACEMENT_3D('',#12151,#9850,#9851);
#8951=AXIS2_PLACEMENT_3D('',#12157,#9855,#9856);
#8952=AXIS2_PLACEMENT_3D('',#12166,#9861,#9862);
#8953=AXIS2_PLACEMENT_3D('',#12172,#9866,#9867);
#8954=AXIS2_PLACEMENT_3D('',#12178,#9871,#9872);
#8955=AXIS2_PLACEMENT_3D('',#12184,#9876,#9877);
#8956=AXIS2_PLACEMENT_3D('',#12190,#9881,#9882);
#8957=AXIS2_PLACEMENT_3D('',#12199,#9887,#9888);
#8958=AXIS2_PLACEMENT_3D('',#12205,#9892,#9893);
#8959=AXIS2_PLACEMENT_3D('',#12211,#9897,#9898);
#8960=AXIS2_PLACEMENT_3D('',#12217,#9902,#9903);
#8961=AXIS2_PLACEMENT_3D('',#12223,#9907,#9908);
#8962=AXIS2_PLACEMENT_3D('',#12232,#9913,#9914);
#8963=AXIS2_PLACEMENT_3D('',#12238,#9918,#9919);
#8964=AXIS2_PLACEMENT_3D('',#12244,#9923,#9924);
#8965=AXIS2_PLACEMENT_3D('',#12250,#9928,#9929);
#8966=AXIS2_PLACEMENT_3D('',#12256,#9933,#9934);
#8967=AXIS2_PLACEMENT_3D('',#12265,#9939,#9940);
#8968=AXIS2_PLACEMENT_3D('',#12271,#9944,#9945);
#8969=AXIS2_PLACEMENT_3D('',#12277,#9949,#9950);
#8970=AXIS2_PLACEMENT_3D('',#12283,#9954,#9955);
#8971=AXIS2_PLACEMENT_3D('',#12289,#9959,#9960);
#8972=AXIS2_PLACEMENT_3D('',#12298,#9965,#9966);
#8973=AXIS2_PLACEMENT_3D('',#12304,#9970,#9971);
#8974=AXIS2_PLACEMENT_3D('',#12310,#9975,#9976);
#8975=AXIS2_PLACEMENT_3D('',#12316,#9980,#9981);
#8976=AXIS2_PLACEMENT_3D('',#12322,#9985,#9986);
#8977=AXIS2_PLACEMENT_3D('',#12331,#9991,#9992);
#8978=AXIS2_PLACEMENT_3D('',#12337,#9996,#9997);
#8979=AXIS2_PLACEMENT_3D('',#12343,#10001,#10002);
#8980=AXIS2_PLACEMENT_3D('',#12349,#10006,#10007);
#8981=AXIS2_PLACEMENT_3D('',#12355,#10011,#10012);
#8982=AXIS2_PLACEMENT_3D('',#12364,#10017,#10018);
#8983=AXIS2_PLACEMENT_3D('',#12370,#10022,#10023);
#8984=AXIS2_PLACEMENT_3D('',#12376,#10027,#10028);
#8985=AXIS2_PLACEMENT_3D('',#12382,#10032,#10033);
#8986=AXIS2_PLACEMENT_3D('',#12388,#10037,#10038);
#8987=AXIS2_PLACEMENT_3D('',#12397,#10043,#10044);
#8988=AXIS2_PLACEMENT_3D('',#12403,#10048,#10049);
#8989=AXIS2_PLACEMENT_3D('',#12409,#10053,#10054);
#8990=AXIS2_PLACEMENT_3D('',#12415,#10058,#10059);
#8991=AXIS2_PLACEMENT_3D('',#12421,#10063,#10064);
#8992=AXIS2_PLACEMENT_3D('',#12430,#10069,#10070);
#8993=AXIS2_PLACEMENT_3D('',#12436,#10074,#10075);
#8994=AXIS2_PLACEMENT_3D('',#12442,#10079,#10080);
#8995=AXIS2_PLACEMENT_3D('',#12448,#10084,#10085);
#8996=AXIS2_PLACEMENT_3D('',#12454,#10089,#10090);
#8997=AXIS2_PLACEMENT_3D('',#12463,#10095,#10096);
#8998=AXIS2_PLACEMENT_3D('',#12469,#10100,#10101);
#8999=AXIS2_PLACEMENT_3D('',#12475,#10105,#10106);
#9000=AXIS2_PLACEMENT_3D('',#12481,#10110,#10111);
#9001=AXIS2_PLACEMENT_3D('',#12487,#10115,#10116);
#9002=AXIS2_PLACEMENT_3D('',#12496,#10121,#10122);
#9003=AXIS2_PLACEMENT_3D('',#12502,#10126,#10127);
#9004=AXIS2_PLACEMENT_3D('',#12508,#10131,#10132);
#9005=AXIS2_PLACEMENT_3D('',#12514,#10136,#10137);
#9006=AXIS2_PLACEMENT_3D('',#12520,#10141,#10142);
#9007=AXIS2_PLACEMENT_3D('',#12529,#10147,#10148);
#9008=AXIS2_PLACEMENT_3D('',#12535,#10152,#10153);
#9009=AXIS2_PLACEMENT_3D('',#12541,#10157,#10158);
#9010=AXIS2_PLACEMENT_3D('',#12547,#10162,#10163);
#9011=AXIS2_PLACEMENT_3D('',#12553,#10167,#10168);
#9012=AXIS2_PLACEMENT_3D('',#12562,#10173,#10174);
#9013=AXIS2_PLACEMENT_3D('',#12568,#10178,#10179);
#9014=AXIS2_PLACEMENT_3D('',#12574,#10183,#10184);
#9015=AXIS2_PLACEMENT_3D('',#12580,#10188,#10189);
#9016=AXIS2_PLACEMENT_3D('',#12586,#10193,#10194);
#9017=AXIS2_PLACEMENT_3D('',#12595,#10199,#10200);
#9018=AXIS2_PLACEMENT_3D('',#12601,#10204,#10205);
#9019=AXIS2_PLACEMENT_3D('',#12607,#10209,#10210);
#9020=AXIS2_PLACEMENT_3D('',#12613,#10214,#10215);
#9021=AXIS2_PLACEMENT_3D('',#12619,#10219,#10220);
#9022=AXIS2_PLACEMENT_3D('',#12628,#10225,#10226);
#9023=AXIS2_PLACEMENT_3D('',#12634,#10230,#10231);
#9024=AXIS2_PLACEMENT_3D('',#12640,#10235,#10236);
#9025=AXIS2_PLACEMENT_3D('',#12646,#10240,#10241);
#9026=AXIS2_PLACEMENT_3D('',#12652,#10245,#10246);
#9027=AXIS2_PLACEMENT_3D('',#12655,#10249,#10250);
#9028=AXIS2_PLACEMENT_3D('',#12658,#10253,#10254);
#9029=AXIS2_PLACEMENT_3D('',#12661,#10257,#10258);
#9030=AXIS2_PLACEMENT_3D('',#12664,#10261,#10262);
#9031=AXIS2_PLACEMENT_3D('',#12667,#10265,#10266);
#9032=AXIS2_PLACEMENT_3D('',#12670,#10269,#10270);
#9033=AXIS2_PLACEMENT_3D('',#12673,#10273,#10274);
#9034=AXIS2_PLACEMENT_3D('',#12676,#10277,#10278);
#9035=AXIS2_PLACEMENT_3D('',#12679,#10281,#10282);
#9036=AXIS2_PLACEMENT_3D('',#12682,#10285,#10286);
#9037=AXIS2_PLACEMENT_3D('',#12685,#10289,#10290);
#9038=AXIS2_PLACEMENT_3D('',#12688,#10293,#10294);
#9039=AXIS2_PLACEMENT_3D('',#12691,#10297,#10298);
#9040=AXIS2_PLACEMENT_3D('',#12694,#10301,#10302);
#9041=AXIS2_PLACEMENT_3D('',#12697,#10305,#10306);
#9042=AXIS2_PLACEMENT_3D('',#12700,#10309,#10310);
#9043=AXIS2_PLACEMENT_3D('',#12703,#10313,#10314);
#9044=AXIS2_PLACEMENT_3D('',#12706,#10317,#10318);
#9045=AXIS2_PLACEMENT_3D('',#12709,#10321,#10322);
#9046=AXIS2_PLACEMENT_3D('',#12712,#10325,#10326);
#9047=AXIS2_PLACEMENT_3D('',#12715,#10329,#10330);
#9048=AXIS2_PLACEMENT_3D('',#12718,#10333,#10334);
#9049=AXIS2_PLACEMENT_3D('',#12721,#10337,#10338);
#9050=AXIS2_PLACEMENT_3D('',#12724,#10341,#10342);
#9051=AXIS2_PLACEMENT_3D('',#12727,#10345,#10346);
#9052=AXIS2_PLACEMENT_3D('',#12730,#10349,#10350);
#9053=AXIS2_PLACEMENT_3D('',#12733,#10353,#10354);
#9054=AXIS2_PLACEMENT_3D('',#12736,#10357,#10358);
#9055=AXIS2_PLACEMENT_3D('',#12739,#10361,#10362);
#9056=AXIS2_PLACEMENT_3D('',#12742,#10365,#10366);
#9057=AXIS2_PLACEMENT_3D('',#12745,#10369,#10370);
#9058=AXIS2_PLACEMENT_3D('',#12748,#10373,#10374);
#9059=AXIS2_PLACEMENT_3D('',#12757,#10379,#10380);
#9060=AXIS2_PLACEMENT_3D('',#12762,#10385,#10386);
#9061=AXIS2_PLACEMENT_3D('',#12767,#10391,#10392);
#9062=AXIS2_PLACEMENT_3D('',#12768,#10393,#10394);
#9063=AXIS2_PLACEMENT_3D('',#12769,#10395,#10396);
#9064=AXIS2_PLACEMENT_3D('',#12770,#10397,#10398);
#9065=AXIS2_PLACEMENT_3D('',#12771,#10399,#10400);
#9066=AXIS2_PLACEMENT_3D('',#12772,#10401,#10402);
#9067=AXIS2_PLACEMENT_3D('',#12781,#10407,#10408);
#9068=AXIS2_PLACEMENT_3D('',#12790,#10413,#10414);
#9069=AXIS2_PLACEMENT_3D('',#12799,#10419,#10420);
#9070=AXIS2_PLACEMENT_3D('',#12808,#10425,#10426);
#9071=AXIS2_PLACEMENT_3D('',#12814,#10430,#10431);
#9072=AXIS2_PLACEMENT_3D('',#12820,#10435,#10436);
#9073=AXIS2_PLACEMENT_3D('',#12823,#10439,#10440);
#9074=AXIS2_PLACEMENT_3D('',#12832,#10445,#10446);
#9075=AXIS2_PLACEMENT_3D('',#12837,#10451,#10452);
#9076=AXIS2_PLACEMENT_3D('',#12842,#10457,#10458);
#9077=AXIS2_PLACEMENT_3D('',#12843,#10459,#10460);
#9078=AXIS2_PLACEMENT_3D('',#12844,#10461,#10462);
#9079=AXIS2_PLACEMENT_3D('',#12845,#10463,#10464);
#9080=AXIS2_PLACEMENT_3D('',#12846,#10465,#10466);
#9081=AXIS2_PLACEMENT_3D('',#12847,#10467,#10468);
#9082=AXIS2_PLACEMENT_3D('',#12856,#10473,#10474);
#9083=AXIS2_PLACEMENT_3D('',#12862,#10478,#10479);
#9084=AXIS2_PLACEMENT_3D('',#12868,#10483,#10484);
#9085=AXIS2_PLACEMENT_3D('',#12874,#10488,#10489);
#9086=AXIS2_PLACEMENT_3D('',#12880,#10493,#10494);
#9087=AXIS2_PLACEMENT_3D('',#12886,#10498,#10499);
#9088=AXIS2_PLACEMENT_3D('',#12892,#10503,#10504);
#9089=AXIS2_PLACEMENT_3D('',#12901,#10509,#10510);
#9090=AXIS2_PLACEMENT_3D('',#12907,#10514,#10515);
#9091=AXIS2_PLACEMENT_3D('',#12913,#10519,#10520);
#9092=AXIS2_PLACEMENT_3D('',#12914,#10521,#10522);
#9093=AXIS2_PLACEMENT_3D('',#12916,#10523,#10524);
#9094=AXIS2_PLACEMENT_3D('',#12918,#10525,#10526);
#9095=AXIS2_PLACEMENT_3D('',#12919,#10527,#10528);
#9096=AXIS2_PLACEMENT_3D('',#12921,#10529,#10530);
#9097=AXIS2_PLACEMENT_3D('',#12923,#10531,#10532);
#9098=AXIS2_PLACEMENT_3D('',#12924,#10533,#10534);
#9099=AXIS2_PLACEMENT_3D('',#12926,#10535,#10536);
#9100=AXIS2_PLACEMENT_3D('',#12928,#10537,#10538);
#9101=AXIS2_PLACEMENT_3D('',#12929,#10539,#10540);
#9102=AXIS2_PLACEMENT_3D('',#12931,#10541,#10542);
#9103=AXIS2_PLACEMENT_3D('',#12933,#10543,#10544);
#9104=AXIS2_PLACEMENT_3D('',#12936,#10547,#10548);
#9105=AXIS2_PLACEMENT_3D('',#12939,#10551,#10552);
#9106=AXIS2_PLACEMENT_3D('',#12940,#10553,#10554);
#9107=AXIS2_PLACEMENT_3D('',#12941,#10555,#10556);
#9108=AXIS2_PLACEMENT_3D('',#12942,#10557,#10558);
#9109=AXIS2_PLACEMENT_3D('',#12951,#10563,#10564);
#9110=AXIS2_PLACEMENT_3D('',#12960,#10569,#10570);
#9111=AXIS2_PLACEMENT_3D('',#12969,#10575,#10576);
#9112=AXIS2_PLACEMENT_3D('',#12978,#10581,#10582);
#9113=AXIS2_PLACEMENT_3D('',#12987,#10587,#10588);
#9114=AXIS2_PLACEMENT_3D('',#12996,#10593,#10594);
#9115=AXIS2_PLACEMENT_3D('',#13005,#10599,#10600);
#9116=AXIS2_PLACEMENT_3D('',#13014,#10605,#10606);
#9117=AXIS2_PLACEMENT_3D('',#13032,#10616,#10617);
#9118=AXIS2_PLACEMENT_3D('',#13033,#10618,#10619);
#9119=AXIS2_PLACEMENT_3D('',#13037,#10621,#10622);
#9120=AXIS2_PLACEMENT_3D('',#13038,#10623,#10624);
#9121=AXIS2_PLACEMENT_3D('',#13053,#10633,#10634);
#9122=AXIS2_PLACEMENT_3D('',#13054,#10635,#10636);
#9123=AXIS2_PLACEMENT_3D('',#13058,#10638,#10639);
#9124=AXIS2_PLACEMENT_3D('',#13059,#10640,#10641);
#9125=AXIS2_PLACEMENT_3D('',#13074,#10650,#10651);
#9126=AXIS2_PLACEMENT_3D('',#13075,#10652,#10653);
#9127=AXIS2_PLACEMENT_3D('',#13079,#10655,#10656);
#9128=AXIS2_PLACEMENT_3D('',#13080,#10657,#10658);
#9129=AXIS2_PLACEMENT_3D('',#13095,#10667,#10668);
#9130=AXIS2_PLACEMENT_3D('',#13104,#10673,#10674);
#9131=AXIS2_PLACEMENT_3D('',#13110,#10678,#10679);
#9132=AXIS2_PLACEMENT_3D('',#13116,#10683,#10684);
#9133=AXIS2_PLACEMENT_3D('',#13125,#10689,#10690);
#9134=AXIS2_PLACEMENT_3D('',#13131,#10694,#10695);
#9135=AXIS2_PLACEMENT_3D('',#13137,#10699,#10700);
#9136=AXIS2_PLACEMENT_3D('',#13150,#10707,#10708);
#9137=AXIS2_PLACEMENT_3D('',#13156,#10712,#10713);
#9138=AXIS2_PLACEMENT_3D('',#13162,#10717,#10718);
#9139=AXIS2_PLACEMENT_3D('',#13171,#10723,#10724);
#9140=AXIS2_PLACEMENT_3D('',#13177,#10728,#10729);
#9141=AXIS2_PLACEMENT_3D('',#13183,#10733,#10734);
#9142=AXIS2_PLACEMENT_3D('',#13186,#10737,#10738);
#9143=AXIS2_PLACEMENT_3D('',#13189,#10741,#10742);
#9144=AXIS2_PLACEMENT_3D('',#13196,#10747,#10748);
#9145=AXIS2_PLACEMENT_3D('',#13199,#10751,#10752);
#9146=AXIS2_PLACEMENT_3D('',#13200,#10753,#10754);
#9147=AXIS2_PLACEMENT_3D('',#13201,#10755,#10756);
#9148=AXIS2_PLACEMENT_3D('',#13202,#10757,#10758);
#9149=AXIS2_PLACEMENT_3D('',#13206,#10760,#10761);
#9150=AXIS2_PLACEMENT_3D('',#13210,#10763,#10764);
#9151=AXIS2_PLACEMENT_3D('',#13214,#10766,#10767);
#9152=AXIS2_PLACEMENT_3D('',#13218,#10769,#10770);
#9153=AXIS2_PLACEMENT_3D('',#13219,#10771,#10772);
#9154=AXIS2_PLACEMENT_3D('',#13237,#10782,#10783);
#9155=AXIS2_PLACEMENT_3D('',#13243,#10787,#10788);
#9156=AXIS2_PLACEMENT_3D('',#13258,#10797,#10798);
#9157=AXIS2_PLACEMENT_3D('',#13276,#10808,#10809);
#9158=AXIS2_PLACEMENT_3D('',#13282,#10813,#10814);
#9159=AXIS2_PLACEMENT_3D('',#13297,#10823,#10824);
#9160=AXIS2_PLACEMENT_3D('',#13306,#10829,#10830);
#9161=AXIS2_PLACEMENT_3D('',#13321,#10839,#10840);
#9162=AXIS2_PLACEMENT_3D('',#13327,#10844,#10845);
#9163=AXIS2_PLACEMENT_3D('',#13345,#10855,#10856);
#9164=AXIS2_PLACEMENT_3D('',#13351,#10860,#10861);
#9165=AXIS2_PLACEMENT_3D('',#13366,#10870,#10871);
#9166=AXIS2_PLACEMENT_3D('',#13370,#10873,#10874);
#9167=AXIS2_PLACEMENT_3D('',#13374,#10876,#10877);
#9168=AXIS2_PLACEMENT_3D('',#13375,#10878,#10879);
#9169=AXIS2_PLACEMENT_3D('',#13381,#10883,#10884);
#9170=AXIS2_PLACEMENT_3D('',#13399,#10894,#10895);
#9171=AXIS2_PLACEMENT_3D('',#13408,#10900,#10901);
#9172=AXIS2_PLACEMENT_3D('',#13412,#10903,#10904);
#9173=AXIS2_PLACEMENT_3D('',#13413,#10905,#10906);
#9174=AXIS2_PLACEMENT_3D('',#13414,#10907,#10908);
#9175=AXIS2_PLACEMENT_3D('',#13420,#10912,#10913);
#9176=AXIS2_PLACEMENT_3D('',#13438,#10923,#10924);
#9177=AXIS2_PLACEMENT_3D('',#13447,#10929,#10930);
#9178=AXIS2_PLACEMENT_3D('',#13451,#10932,#10933);
#9179=AXIS2_PLACEMENT_3D('',#13452,#10934,#10935);
#9180=AXIS2_PLACEMENT_3D('',#13453,#10936,#10937);
#9181=AXIS2_PLACEMENT_3D('',#13459,#10941,#10942);
#9182=AXIS2_PLACEMENT_3D('',#13477,#10952,#10953);
#9183=AXIS2_PLACEMENT_3D('',#13486,#10958,#10959);
#9184=AXIS2_PLACEMENT_3D('',#13490,#10961,#10962);
#9185=AXIS2_PLACEMENT_3D('',#13491,#10963,#10964);
#9186=AXIS2_PLACEMENT_3D('',#13492,#10965,#10966);
#9187=AXIS2_PLACEMENT_3D('',#13498,#10970,#10971);
#9188=AXIS2_PLACEMENT_3D('',#13516,#10981,#10982);
#9189=AXIS2_PLACEMENT_3D('',#13519,#10985,#10986);
#9190=AXIS2_PLACEMENT_3D('',#13522,#10989,#10990);
#9191=AXIS2_PLACEMENT_3D('',#13534,#10998,#10999);
#9192=AXIS2_PLACEMENT_3D('',#13537,#11002,#11003);
#9193=AXIS2_PLACEMENT_3D('',#13538,#11004,#11005);
#9194=AXIS2_PLACEMENT_3D('',#13540,#11006,#11007);
#9195=AXIS2_PLACEMENT_3D('',#13542,#11008,#11009);
#9196=AXIS2_PLACEMENT_3D('',#13543,#11010,#11011);
#9197=AXIS2_PLACEMENT_3D('',#13545,#11012,#11013);
#9198=AXIS2_PLACEMENT_3D('',#13547,#11014,#11015);
#9199=AXIS2_PLACEMENT_3D('',#13548,#11016,#11017);
#9200=AXIS2_PLACEMENT_3D('',#13550,#11018,#11019);
#9201=AXIS2_PLACEMENT_3D('',#13552,#11020,#11021);
#9202=AXIS2_PLACEMENT_3D('',#13553,#11022,#11023);
#9203=AXIS2_PLACEMENT_3D('',#13555,#11024,#11025);
#9204=AXIS2_PLACEMENT_3D('',#13557,#11026,#11027);
#9205=AXIS2_PLACEMENT_3D('',#13563,#11031,#11032);
#9206=AXIS2_PLACEMENT_3D('',#13564,#11033,#11034);
#9207=AXIS2_PLACEMENT_3D('',#13565,#11035,#11036);
#9208=AXIS2_PLACEMENT_3D('',#13566,#11037,#11038);
#9209=AXIS2_PLACEMENT_3D('',#13567,#11039,#11040);
#9210=AXIS2_PLACEMENT_3D('',#13568,#11041,#11042);
#9211=AXIS2_PLACEMENT_3D('',#13570,#11043,#11044);
#9212=AXIS2_PLACEMENT_3D('',#13572,#11045,#11046);
#9213=AXIS2_PLACEMENT_3D('',#13574,#11047,#11048);
#9214=AXIS2_PLACEMENT_3D('',#13576,#11049,#11050);
#9215=AXIS2_PLACEMENT_3D('',#13578,#11051,#11052);
#9216=AXIS2_PLACEMENT_3D('',#13580,#11053,#11054);
#9217=AXIS2_PLACEMENT_3D('',#13582,#11055,#11056);
#9218=AXIS2_PLACEMENT_3D('',#13588,#11061,#11062);
#9219=AXIS2_PLACEMENT_3D('',#13591,#11065,#11066);
#9220=AXIS2_PLACEMENT_3D('',#13594,#11069,#11070);
#9221=AXIS2_PLACEMENT_3D('',#13597,#11073,#11074);
#9222=AXIS2_PLACEMENT_3D('',#13600,#11077,#11078);
#9223=AXIS2_PLACEMENT_3D('',#13603,#11081,#11082);
#9224=AXIS2_PLACEMENT_3D('',#13606,#11085,#11086);
#9225=AXIS2_PLACEMENT_3D('',#13609,#11089,#11090);
#9226=AXIS2_PLACEMENT_3D('',#13612,#11093,#11094);
#9227=AXIS2_PLACEMENT_3D('',#13615,#11097,#11098);
#9228=AXIS2_PLACEMENT_3D('',#13618,#11101,#11102);
#9229=AXIS2_PLACEMENT_3D('',#13621,#11105,#11106);
#9230=AXIS2_PLACEMENT_3D('',#13624,#11109,#11110);
#9231=AXIS2_PLACEMENT_3D('',#13627,#11113,#11114);
#9232=AXIS2_PLACEMENT_3D('',#13630,#11117,#11118);
#9233=AXIS2_PLACEMENT_3D('',#13633,#11121,#11122);
#9234=AXIS2_PLACEMENT_3D('',#13636,#11125,#11126);
#9235=AXIS2_PLACEMENT_3D('',#13639,#11129,#11130);
#9236=AXIS2_PLACEMENT_3D('',#13642,#11133,#11134);
#9237=AXIS2_PLACEMENT_3D('',#13645,#11137,#11138);
#9238=AXIS2_PLACEMENT_3D('',#13648,#11141,#11142);
#9239=AXIS2_PLACEMENT_3D('',#13649,#11143,#11144);
#9240=AXIS2_PLACEMENT_3D('',#13650,#11145,#11146);
#9241=AXIS2_PLACEMENT_3D('',#13651,#11147,#11148);
#9242=AXIS2_PLACEMENT_3D('',#13652,#11149,#11150);
#9243=AXIS2_PLACEMENT_3D('',#13653,#11151,#11152);
#9244=AXIS2_PLACEMENT_3D('',#13654,#11153,#11154);
#9245=AXIS2_PLACEMENT_3D('',#13655,#11155,#11156);
#9246=AXIS2_PLACEMENT_3D('',#13656,#11157,#11158);
#9247=AXIS2_PLACEMENT_3D('',#13657,#11159,#11160);
#9248=AXIS2_PLACEMENT_3D('',#13658,#11161,#11162);
#9249=AXIS2_PLACEMENT_3D('',#13659,#11163,#11164);
#9250=AXIS2_PLACEMENT_3D('',#13660,#11165,#11166);
#9251=AXIS2_PLACEMENT_3D('',#13661,#11167,#11168);
#9252=AXIS2_PLACEMENT_3D('',#13662,#11169,#11170);
#9253=AXIS2_PLACEMENT_3D('',#13663,#11171,#11172);
#9254=AXIS2_PLACEMENT_3D('',#13664,#11173,#11174);
#9255=AXIS2_PLACEMENT_3D('',#13666,#11176,#11177);
#9256=AXIS2_PLACEMENT_3D('',#13668,#11179,#11180);
#9257=AXIS2_PLACEMENT_3D('',#13669,#11181,#11182);
#9258=AXIS2_PLACEMENT_3D('',#13671,#11184,#11185);
#9259=AXIS2_PLACEMENT_3D('',#13673,#11187,#11188);
#9260=AXIS2_PLACEMENT_3D('',#13674,#11189,#11190);
#9261=AXIS2_PLACEMENT_3D('',#13676,#11192,#11193);
#9262=AXIS2_PLACEMENT_3D('',#13678,#11195,#11196);
#9263=AXIS2_PLACEMENT_3D('',#13679,#11197,#11198);
#9264=AXIS2_PLACEMENT_3D('',#13681,#11200,#11201);
#9265=AXIS2_PLACEMENT_3D('',#13683,#11203,#11204);
#9266=AXIS2_PLACEMENT_3D('',#13684,#11205,#11206);
#9267=AXIS2_PLACEMENT_3D('',#13685,#11207,#11208);
#9268=AXIS2_PLACEMENT_3D('',#13687,#11209,#11210);
#9269=AXIS2_PLACEMENT_3D('',#13689,#11211,#11212);
#9270=AXIS2_PLACEMENT_3D('',#13690,#11213,#11214);
#9271=AXIS2_PLACEMENT_3D('',#13692,#11215,#11216);
#9272=AXIS2_PLACEMENT_3D('',#13693,#11217,#11218);
#9273=AXIS2_PLACEMENT_3D('',#13694,#11219,#11220);
#9274=AXIS2_PLACEMENT_3D('',#13696,#11221,#11222);
#9275=AXIS2_PLACEMENT_3D('',#13698,#11223,#11224);
#9276=AXIS2_PLACEMENT_3D('',#13699,#11225,#11226);
#9277=AXIS2_PLACEMENT_3D('',#13701,#11227,#11228);
#9278=AXIS2_PLACEMENT_3D('',#13702,#11229,#11230);
#9279=AXIS2_PLACEMENT_3D('',#13703,#11231,#11232);
#9280=AXIS2_PLACEMENT_3D('',#13705,#11233,#11234);
#9281=AXIS2_PLACEMENT_3D('',#13707,#11235,#11236);
#9282=AXIS2_PLACEMENT_3D('',#13708,#11237,#11238);
#9283=AXIS2_PLACEMENT_3D('',#13710,#11239,#11240);
#9284=AXIS2_PLACEMENT_3D('',#13711,#11241,#11242);
#9285=AXIS2_PLACEMENT_3D('',#13712,#11243,#11244);
#9286=AXIS2_PLACEMENT_3D('',#13714,#11245,#11246);
#9287=AXIS2_PLACEMENT_3D('',#13716,#11247,#11248);
#9288=AXIS2_PLACEMENT_3D('',#13717,#11249,#11250);
#9289=AXIS2_PLACEMENT_3D('',#13719,#11251,#11252);
#9290=AXIS2_PLACEMENT_3D('',#13720,#11253,#11254);
#9291=AXIS2_PLACEMENT_3D('',#13721,#11255,#11256);
#9292=AXIS2_PLACEMENT_3D('',#13723,#11257,#11258);
#9293=AXIS2_PLACEMENT_3D('',#13725,#11259,#11260);
#9294=AXIS2_PLACEMENT_3D('',#13726,#11261,#11262);
#9295=AXIS2_PLACEMENT_3D('',#13728,#11263,#11264);
#9296=AXIS2_PLACEMENT_3D('',#13729,#11265,#11266);
#9297=AXIS2_PLACEMENT_3D('',#13730,#11267,#11268);
#9298=AXIS2_PLACEMENT_3D('',#13732,#11269,#11270);
#9299=AXIS2_PLACEMENT_3D('',#13734,#11271,#11272);
#9300=AXIS2_PLACEMENT_3D('',#13735,#11273,#11274);
#9301=AXIS2_PLACEMENT_3D('',#13737,#11275,#11276);
#9302=AXIS2_PLACEMENT_3D('',#13738,#11277,#11278);
#9303=AXIS2_PLACEMENT_3D('',#13739,#11279,#11280);
#9304=AXIS2_PLACEMENT_3D('',#13741,#11281,#11282);
#9305=AXIS2_PLACEMENT_3D('',#13743,#11283,#11284);
#9306=AXIS2_PLACEMENT_3D('',#13744,#11285,#11286);
#9307=AXIS2_PLACEMENT_3D('',#13746,#11287,#11288);
#9308=AXIS2_PLACEMENT_3D('',#13747,#11289,#11290);
#9309=AXIS2_PLACEMENT_3D('',#13748,#11291,#11292);
#9310=AXIS2_PLACEMENT_3D('',#13750,#11293,#11294);
#9311=AXIS2_PLACEMENT_3D('',#13752,#11295,#11296);
#9312=AXIS2_PLACEMENT_3D('',#13753,#11297,#11298);
#9313=AXIS2_PLACEMENT_3D('',#13755,#11299,#11300);
#9314=AXIS2_PLACEMENT_3D('',#13756,#11301,#11302);
#9315=AXIS2_PLACEMENT_3D('',#13759,#11305,#11306);
#9316=AXIS2_PLACEMENT_3D('',#13761,#11308,#11309);
#9317=AXIS2_PLACEMENT_3D('',#13763,#11311,#11312);
#9318=AXIS2_PLACEMENT_3D('',#13765,#11314,#11315);
#9319=AXIS2_PLACEMENT_3D('',#13767,#11317,#11318);
#9320=AXIS2_PLACEMENT_3D('',#13769,#11320,#11321);
#9321=AXIS2_PLACEMENT_3D('',#13771,#11323,#11324);
#9322=AXIS2_PLACEMENT_3D('',#13772,#11325,#11326);
#9323=AXIS2_PLACEMENT_3D('',#13773,#11327,#11328);
#9324=AXIS2_PLACEMENT_3D('',#13774,#11329,#11330);
#9325=AXIS2_PLACEMENT_3D('',#13775,#11331,#11332);
#9326=AXIS2_PLACEMENT_3D('',#13779,#11335,#11336);
#9327=AXIS2_PLACEMENT_3D('',#13783,#11339,#11340);
#9328=AXIS2_PLACEMENT_3D('',#13785,#11342,#11343);
#9329=AXIS2_PLACEMENT_3D('',#13786,#11344,#11345);
#9330=AXIS2_PLACEMENT_3D('',#13787,#11346,#11347);
#9331=AXIS2_PLACEMENT_3D('',#13788,#11348,#11349);
#9332=AXIS2_PLACEMENT_3D('',#13789,#11350,#11351);
#9333=AXIS2_PLACEMENT_3D('',#13790,#11352,#11353);
#9334=AXIS2_PLACEMENT_3D('',#13791,#11354,#11355);
#9335=AXIS2_PLACEMENT_3D('',#13792,#11356,#11357);
#9336=AXIS2_PLACEMENT_3D('',#13793,#11358,#11359);
#9337=AXIS2_PLACEMENT_3D('',#13794,#11360,#11361);
#9338=AXIS2_PLACEMENT_3D('',#13795,#11362,#11363);
#9339=AXIS2_PLACEMENT_3D('',#13804,#11368,#11369);
#9340=AXIS2_PLACEMENT_3D('',#13810,#11373,#11374);
#9341=AXIS2_PLACEMENT_3D('',#13816,#11378,#11379);
#9342=AXIS2_PLACEMENT_3D('',#13825,#11384,#11385);
#9343=AXIS2_PLACEMENT_3D('',#13834,#11390,#11391);
#9344=AXIS2_PLACEMENT_3D('',#13843,#11396,#11397);
#9345=AXIS2_PLACEMENT_3D('',#13844,#11398,#11399);
#9346=AXIS2_PLACEMENT_3D('',#13846,#11400,#11401);
#9347=AXIS2_PLACEMENT_3D('',#13848,#11402,#11403);
#9348=AXIS2_PLACEMENT_3D('',#13849,#11404,#11405);
#9349=AXIS2_PLACEMENT_3D('',#13851,#11406,#11407);
#9350=AXIS2_PLACEMENT_3D('',#13853,#11408,#11409);
#9351=AXIS2_PLACEMENT_3D('',#13854,#11410,#11411);
#9352=AXIS2_PLACEMENT_3D('',#13856,#11412,#11413);
#9353=AXIS2_PLACEMENT_3D('',#13858,#11414,#11415);
#9354=AXIS2_PLACEMENT_3D('',#13861,#11418,#11419);
#9355=AXIS2_PLACEMENT_3D('',#13870,#11424,#11425);
#9356=AXIS2_PLACEMENT_3D('',#13871,#11426,#11427);
#9357=AXIS2_PLACEMENT_3D('',#13873,#11428,#11429);
#9358=AXIS2_PLACEMENT_3D('',#13875,#11430,#11431);
#9359=AXIS2_PLACEMENT_3D('',#13880,#11436,#11437);
#9360=AXIS2_PLACEMENT_3D('',#13885,#11442,#11443);
#9361=AXIS2_PLACEMENT_3D('',#13886,#11444,#11445);
#9362=AXIS2_PLACEMENT_3D('',#13887,#11446,#11447);
#9363=AXIS2_PLACEMENT_3D('',#13888,#11448,#11449);
#9364=AXIS2_PLACEMENT_3D('',#13889,#11450,#11451);
#9365=AXIS2_PLACEMENT_3D('',#13890,#11452,#11453);
#9366=AXIS2_PLACEMENT_3D('',#13899,#11458,#11459);
#9367=AXIS2_PLACEMENT_3D('',#13908,#11464,#11465);
#9368=AXIS2_PLACEMENT_3D('',#13917,#11470,#11471);
#9369=AXIS2_PLACEMENT_3D('',#13926,#11476,#11477);
#9370=AXIS2_PLACEMENT_3D('',#13931,#11482,#11483);
#9371=AXIS2_PLACEMENT_3D('',#13936,#11488,#11489);
#9372=AXIS2_PLACEMENT_3D('',#13937,#11490,#11491);
#9373=AXIS2_PLACEMENT_3D('',#13938,#11492,#11493);
#9374=AXIS2_PLACEMENT_3D('',#13939,#11494,#11495);
#9375=AXIS2_PLACEMENT_3D('',#13940,#11496,#11497);
#9376=AXIS2_PLACEMENT_3D('',#13941,#11498,#11499);
#9377=AXIS2_PLACEMENT_3D('',#13950,#11504,#11505);
#9378=AXIS2_PLACEMENT_3D('',#13959,#11510,#11511);
#9379=AXIS2_PLACEMENT_3D('',#13968,#11516,#11517);
#9380=AXIS2_PLACEMENT_3D('',#13969,#11518,#11519);
#9381=AXIS2_PLACEMENT_3D('',#13971,#11520,#11521);
#9382=AXIS2_PLACEMENT_3D('',#13973,#11522,#11523);
#9383=AXIS2_PLACEMENT_3D('',#13982,#11528,#11529);
#9384=AXIS2_PLACEMENT_3D('',#13999,#11538,#11539);
#9385=AXIS2_PLACEMENT_3D('',#14004,#11544,#11545);
#9386=AXIS2_PLACEMENT_3D('',#14007,#11548,#11549);
#9387=AXIS2_PLACEMENT_3D('',#14010,#11552,#11553);
#9388=AXIS2_PLACEMENT_3D('',#14013,#11556,#11557);
#9389=AXIS2_PLACEMENT_3D('',#14016,#11560,#11561);
#9390=AXIS2_PLACEMENT_3D('',#14017,#11562,#11563);
#9391=AXIS2_PLACEMENT_3D('',#14018,#11564,#11565);
#9392=AXIS2_PLACEMENT_3D('',#14019,#11566,#11567);
#9393=DIRECTION('',(0.,0.,1.));
#9394=DIRECTION('',(1.,0.,0.));
#9395=DIRECTION('',(0.,1.,0.));
#9396=DIRECTION('',(0.,0.,1.));
#9397=DIRECTION('',(1.,0.,0.));
#9398=DIRECTION('',(0.,0.,-1.));
#9399=DIRECTION('',(1.,0.,0.));
#9400=DIRECTION('',(0.,0.,1.));
#9401=DIRECTION('',(1.,7.74430123203932E-17,0.));
#9402=DIRECTION('',(-7.74430123203932E-17,1.,0.));
#9403=DIRECTION('',(7.74430123203932E-17,-1.,0.));
#9404=DIRECTION('',(0.,0.,1.));
#9405=DIRECTION('',(7.74430123203932E-17,-1.,0.));
#9406=DIRECTION('',(0.,0.,-1.));
#9407=DIRECTION('',(0.,1.,0.));
#9408=DIRECTION('',(0.,0.,1.));
#9409=DIRECTION('',(1.,0.,0.));
#9410=DIRECTION('',(0.,0.,1.));
#9411=DIRECTION('',(1.,0.,0.));
#9412=DIRECTION('',(0.,0.,-1.));
#9413=DIRECTION('',(0.,1.,0.));
#9414=DIRECTION('',(0.,0.,1.));
#9415=DIRECTION('',(1.,0.,0.));
#9416=DIRECTION('',(0.,0.,-1.));
#9417=DIRECTION('',(1.,0.,0.));
#9418=DIRECTION('',(0.,0.,-1.));
#9419=DIRECTION('',(0.866025403784438,0.5,0.));
#9420=DIRECTION('',(-0.5,0.866025403784438,0.));
#9421=DIRECTION('',(0.5,-0.866025403784438,0.));
#9422=DIRECTION('',(0.,0.,-1.));
#9423=DIRECTION('',(0.5,-0.866025403784438,0.));
#9424=DIRECTION('',(0.866025403784439,-0.5,0.));
#9425=DIRECTION('',(0.5,0.866025403784439,0.));
#9426=DIRECTION('',(-0.5,-0.866025403784438,0.));
#9427=DIRECTION('',(0.,0.,-1.));
#9428=DIRECTION('',(-0.5,-0.866025403784438,0.));
#9429=DIRECTION('',(0.,-1.,0.));
#9430=DIRECTION('',(0.,0.,-1.));
#9431=DIRECTION('',(-1.,0.,0.));
#9432=DIRECTION('',(0.,0.,-1.));
#9433=DIRECTION('',(-1.,0.,0.));
#9434=DIRECTION('',(-0.866025403784439,-0.5,0.));
#9435=DIRECTION('',(0.5,-0.866025403784439,0.));
#9436=DIRECTION('',(-0.5,0.866025403784438,0.));
#9437=DIRECTION('',(0.,0.,-1.));
#9438=DIRECTION('',(-0.5,0.866025403784438,0.));
#9439=DIRECTION('',(0.,-1.,0.));
#9440=DIRECTION('',(0.,0.,-1.));
#9441=DIRECTION('',(-1.,0.,0.));
#9442=DIRECTION('',(0.,0.,-1.));
#9443=DIRECTION('',(-1.,0.,0.));
#9444=DIRECTION('',(0.,0.,-1.));
#9445=DIRECTION('',(-0.866025403784439,-0.5,0.));
#9446=DIRECTION('',(0.5,-0.866025403784439,0.));
#9447=DIRECTION('',(-0.5,0.866025403784438,0.));
#9448=DIRECTION('',(0.,0.,-1.));
#9449=DIRECTION('',(-0.5,0.866025403784438,0.));
#9450=DIRECTION('',(-0.866025403784439,0.5,0.));
#9451=DIRECTION('',(-0.5,-0.866025403784439,0.));
#9452=DIRECTION('',(0.5,0.866025403784439,0.));
#9453=DIRECTION('',(0.,0.,-1.));
#9454=DIRECTION('',(0.5,0.866025403784439,0.));
#9455=DIRECTION('',(0.,1.,0.));
#9456=DIRECTION('',(0.,0.,1.));
#9457=DIRECTION('',(1.,0.,0.));
#9458=DIRECTION('',(0.,0.,-1.));
#9459=DIRECTION('',(1.,0.,0.));
#9460=DIRECTION('',(0.866025403784438,0.5,0.));
#9461=DIRECTION('',(-0.5,0.866025403784438,0.));
#9462=DIRECTION('',(0.5,-0.866025403784438,0.));
#9463=DIRECTION('',(0.,0.,-1.));
#9464=DIRECTION('',(0.5,-0.866025403784438,0.));
#9465=DIRECTION('',(0.,-1.,0.));
#9466=DIRECTION('',(0.,0.,-1.));
#9467=DIRECTION('',(-1.,0.,0.));
#9468=DIRECTION('',(0.,0.,-1.));
#9469=DIRECTION('',(-1.,0.,0.));
#9470=DIRECTION('',(0.,0.,-1.));
#9471=DIRECTION('',(-0.866025403784438,-0.5,0.));
#9472=DIRECTION('',(0.5,-0.866025403784438,0.));
#9473=DIRECTION('',(-0.5,0.866025403784438,0.));
#9474=DIRECTION('',(0.,0.,-1.));
#9475=DIRECTION('',(-0.5,0.866025403784438,0.));
#9476=DIRECTION('',(-0.866025403784439,0.5,0.));
#9477=DIRECTION('',(-0.5,-0.86602540378444,0.));
#9478=DIRECTION('',(0.5,0.866025403784439,0.));
#9479=DIRECTION('',(0.,0.,-1.));
#9480=DIRECTION('',(0.5,0.866025403784439,0.));
#9481=DIRECTION('',(0.,1.,0.));
#9482=DIRECTION('',(0.,0.,1.));
#9483=DIRECTION('',(1.,0.,0.));
#9484=DIRECTION('',(0.,0.,-1.));
#9485=DIRECTION('',(1.,0.,0.));
#9486=DIRECTION('',(0.866025403784439,0.5,0.));
#9487=DIRECTION('',(-0.5,0.866025403784439,0.));
#9488=DIRECTION('',(0.5,-0.866025403784438,0.));
#9489=DIRECTION('',(0.,0.,-1.));
#9490=DIRECTION('',(0.5,-0.866025403784438,0.));
#9491=DIRECTION('',(0.,-1.,0.));
#9492=DIRECTION('',(0.,0.,-1.));
#9493=DIRECTION('',(-1.,0.,0.));
#9494=DIRECTION('',(0.,0.,-1.));
#9495=DIRECTION('',(-1.,0.,0.));
#9496=DIRECTION('',(0.,0.,-1.));
#9497=DIRECTION('',(-0.866025403784438,-0.5,0.));
#9498=DIRECTION('',(0.5,-0.866025403784438,0.));
#9499=DIRECTION('',(-0.5,0.866025403784438,0.));
#9500=DIRECTION('',(0.,0.,-1.));
#9501=DIRECTION('',(-0.5,0.866025403784438,0.));
#9502=DIRECTION('',(-0.866025403784439,0.5,0.));
#9503=DIRECTION('',(-0.5,-0.866025403784439,0.));
#9504=DIRECTION('',(0.5,0.866025403784438,0.));
#9505=DIRECTION('',(0.,0.,-1.));
#9506=DIRECTION('',(0.5,0.866025403784438,0.));
#9507=DIRECTION('',(0.,1.,0.));
#9508=DIRECTION('',(0.,0.,1.));
#9509=DIRECTION('',(1.,0.,0.));
#9510=DIRECTION('',(0.,0.,-1.));
#9511=DIRECTION('',(1.,0.,0.));
#9512=DIRECTION('',(0.866025403784438,0.5,0.));
#9513=DIRECTION('',(-0.5,0.866025403784438,0.));
#9514=DIRECTION('',(0.5,-0.866025403784438,0.));
#9515=DIRECTION('',(0.,0.,-1.));
#9516=DIRECTION('',(0.5,-0.866025403784438,0.));
#9517=DIRECTION('',(0.,-1.,0.));
#9518=DIRECTION('',(0.,0.,-1.));
#9519=DIRECTION('',(-1.,0.,0.));
#9520=DIRECTION('',(0.,0.,-1.));
#9521=DIRECTION('',(-1.,0.,0.));
#9522=DIRECTION('',(0.,0.,-1.));
#9523=DIRECTION('',(-0.866025403784439,-0.5,0.));
#9524=DIRECTION('',(0.5,-0.866025403784439,0.));
#9525=DIRECTION('',(-0.5,0.866025403784439,0.));
#9526=DIRECTION('',(0.,0.,-1.));
#9527=DIRECTION('',(-0.5,0.866025403784439,0.));
#9528=DIRECTION('',(-0.866025403784439,0.5,0.));
#9529=DIRECTION('',(-0.5,-0.866025403784439,0.));
#9530=DIRECTION('',(0.5,0.866025403784439,0.));
#9531=DIRECTION('',(0.,0.,-1.));
#9532=DIRECTION('',(0.5,0.866025403784439,0.));
#9533=DIRECTION('',(0.,1.,0.));
#9534=DIRECTION('',(0.,0.,1.));
#9535=DIRECTION('',(1.,0.,0.));
#9536=DIRECTION('',(0.,0.,-1.));
#9537=DIRECTION('',(1.,0.,0.));
#9538=DIRECTION('',(0.866025403784438,0.5,0.));
#9539=DIRECTION('',(-0.5,0.866025403784438,0.));
#9540=DIRECTION('',(0.5,-0.866025403784438,0.));
#9541=DIRECTION('',(0.,0.,-1.));
#9542=DIRECTION('',(0.5,-0.866025403784438,0.));
#9543=DIRECTION('',(0.,-1.,0.));
#9544=DIRECTION('',(0.,0.,-1.));
#9545=DIRECTION('',(-1.,0.,0.));
#9546=DIRECTION('',(0.,0.,-1.));
#9547=DIRECTION('',(-1.,0.,0.));
#9548=DIRECTION('',(0.,0.,-1.));
#9549=DIRECTION('',(-0.866025403784439,-0.5,0.));
#9550=DIRECTION('',(0.5,-0.866025403784439,0.));
#9551=DIRECTION('',(-0.5,0.866025403784438,0.));
#9552=DIRECTION('',(0.,0.,-1.));
#9553=DIRECTION('',(-0.5,0.866025403784438,0.));
#9554=DIRECTION('',(-0.866025403784439,0.5,0.));
#9555=DIRECTION('',(-0.5,-0.866025403784439,0.));
#9556=DIRECTION('',(0.5,0.866025403784439,0.));
#9557=DIRECTION('',(0.,0.,-1.));
#9558=DIRECTION('',(0.5,0.866025403784439,0.));
#9559=DIRECTION('',(0.,1.,0.));
#9560=DIRECTION('',(0.,0.,1.));
#9561=DIRECTION('',(1.,0.,0.));
#9562=DIRECTION('',(0.,0.,-1.));
#9563=DIRECTION('',(1.,0.,0.));
#9564=DIRECTION('',(0.866025403784439,0.5,0.));
#9565=DIRECTION('',(-0.5,0.866025403784439,0.));
#9566=DIRECTION('',(0.5,-0.866025403784438,0.));
#9567=DIRECTION('',(0.,0.,-1.));
#9568=DIRECTION('',(0.5,-0.866025403784438,0.));
#9569=DIRECTION('',(0.,-1.,0.));
#9570=DIRECTION('',(0.,0.,-1.));
#9571=DIRECTION('',(-1.,0.,0.));
#9572=DIRECTION('',(0.,0.,-1.));
#9573=DIRECTION('',(-1.,0.,0.));
#9574=DIRECTION('',(0.,0.,-1.));
#9575=DIRECTION('',(-0.866025403784439,-0.5,0.));
#9576=DIRECTION('',(0.5,-0.866025403784439,0.));
#9577=DIRECTION('',(-0.5,0.866025403784439,0.));
#9578=DIRECTION('',(0.,0.,-1.));
#9579=DIRECTION('',(-0.5,0.866025403784439,0.));
#9580=DIRECTION('',(-0.866025403784438,0.5,0.));
#9581=DIRECTION('',(-0.5,-0.866025403784438,0.));
#9582=DIRECTION('',(0.5,0.866025403784438,0.));
#9583=DIRECTION('',(0.,0.,-1.));
#9584=DIRECTION('',(0.5,0.866025403784438,0.));
#9585=DIRECTION('',(0.,1.,0.));
#9586=DIRECTION('',(0.,0.,1.));
#9587=DIRECTION('',(1.,0.,0.));
#9588=DIRECTION('',(0.,0.,-1.));
#9589=DIRECTION('',(1.,0.,0.));
#9590=DIRECTION('',(0.866025403784438,0.5,0.));
#9591=DIRECTION('',(-0.5,0.866025403784439,0.));
#9592=DIRECTION('',(0.5,-0.866025403784439,0.));
#9593=DIRECTION('',(0.,0.,-1.));
#9594=DIRECTION('',(0.5,-0.866025403784439,0.));
#9595=DIRECTION('',(0.,-1.,0.));
#9596=DIRECTION('',(0.,0.,-1.));
#9597=DIRECTION('',(-1.,0.,0.));
#9598=DIRECTION('',(0.,0.,-1.));
#9599=DIRECTION('',(-1.,0.,0.));
#9600=DIRECTION('',(0.,0.,-1.));
#9601=DIRECTION('',(-0.866025403784438,-0.5,0.));
#9602=DIRECTION('',(0.5,-0.866025403784438,0.));
#9603=DIRECTION('',(-0.5,0.866025403784438,0.));
#9604=DIRECTION('',(0.,0.,-1.));
#9605=DIRECTION('',(-0.5,0.866025403784438,0.));
#9606=DIRECTION('',(-0.86602540378444,0.5,0.));
#9607=DIRECTION('',(-0.5,-0.86602540378444,0.));
#9608=DIRECTION('',(0.5,0.86602540378444,0.));
#9609=DIRECTION('',(0.,0.,-1.));
#9610=DIRECTION('',(0.5,0.86602540378444,0.));
#9611=DIRECTION('',(0.,1.,0.));
#9612=DIRECTION('',(0.,0.,1.));
#9613=DIRECTION('',(1.,0.,0.));
#9614=DIRECTION('',(0.,0.,-1.));
#9615=DIRECTION('',(1.,0.,0.));
#9616=DIRECTION('',(0.866025403784438,0.5,0.));
#9617=DIRECTION('',(-0.5,0.866025403784438,0.));
#9618=DIRECTION('',(0.5,-0.866025403784438,0.));
#9619=DIRECTION('',(0.,0.,-1.));
#9620=DIRECTION('',(0.5,-0.866025403784438,0.));
#9621=DIRECTION('',(0.,-1.,0.));
#9622=DIRECTION('',(0.,0.,-1.));
#9623=DIRECTION('',(-1.,0.,0.));
#9624=DIRECTION('',(0.,0.,-1.));
#9625=DIRECTION('',(-1.,0.,0.));
#9626=DIRECTION('',(0.,0.,-1.));
#9627=DIRECTION('',(-0.866025403784438,-0.5,0.));
#9628=DIRECTION('',(0.5,-0.866025403784438,0.));
#9629=DIRECTION('',(-0.5,0.866025403784438,0.));
#9630=DIRECTION('',(0.,0.,-1.));
#9631=DIRECTION('',(-0.5,0.866025403784438,0.));
#9632=DIRECTION('',(-0.866025403784439,0.5,0.));
#9633=DIRECTION('',(-0.5,-0.866025403784439,0.));
#9634=DIRECTION('',(0.5,0.866025403784439,0.));
#9635=DIRECTION('',(0.,0.,-1.));
#9636=DIRECTION('',(0.5,0.866025403784439,0.));
#9637=DIRECTION('',(0.,1.,0.));
#9638=DIRECTION('',(0.,0.,1.));
#9639=DIRECTION('',(1.,0.,0.));
#9640=DIRECTION('',(0.,0.,-1.));
#9641=DIRECTION('',(1.,0.,0.));
#9642=DIRECTION('',(0.866025403784438,0.5,0.));
#9643=DIRECTION('',(-0.5,0.866025403784438,0.));
#9644=DIRECTION('',(0.5,-0.866025403784438,0.));
#9645=DIRECTION('',(0.,0.,-1.));
#9646=DIRECTION('',(0.5,-0.866025403784438,0.));
#9647=DIRECTION('',(0.,-1.,0.));
#9648=DIRECTION('',(0.,0.,-1.));
#9649=DIRECTION('',(-1.,0.,0.));
#9650=DIRECTION('',(0.,0.,-1.));
#9651=DIRECTION('',(-1.,0.,0.));
#9652=DIRECTION('',(0.,0.,-1.));
#9653=DIRECTION('',(-0.866025403784438,-0.5,0.));
#9654=DIRECTION('',(0.5,-0.866025403784438,0.));
#9655=DIRECTION('',(-0.5,0.866025403784438,0.));
#9656=DIRECTION('',(0.,0.,-1.));
#9657=DIRECTION('',(-0.5,0.866025403784438,0.));
#9658=DIRECTION('',(-0.866025403784439,0.5,0.));
#9659=DIRECTION('',(-0.5,-0.866025403784439,0.));
#9660=DIRECTION('',(0.5,0.866025403784439,0.));
#9661=DIRECTION('',(0.,0.,-1.));
#9662=DIRECTION('',(0.5,0.866025403784439,0.));
#9663=DIRECTION('',(0.,1.,0.));
#9664=DIRECTION('',(0.,0.,1.));
#9665=DIRECTION('',(1.,0.,0.));
#9666=DIRECTION('',(0.,0.,-1.));
#9667=DIRECTION('',(1.,0.,0.));
#9668=DIRECTION('',(0.866025403784438,0.5,0.));
#9669=DIRECTION('',(-0.5,0.866025403784438,0.));
#9670=DIRECTION('',(0.5,-0.866025403784438,0.));
#9671=DIRECTION('',(0.,0.,-1.));
#9672=DIRECTION('',(0.5,-0.866025403784438,0.));
#9673=DIRECTION('',(0.,-1.,0.));
#9674=DIRECTION('',(0.,0.,-1.));
#9675=DIRECTION('',(-1.,0.,0.));
#9676=DIRECTION('',(0.,0.,-1.));
#9677=DIRECTION('',(-1.,0.,0.));
#9678=DIRECTION('',(0.,0.,-1.));
#9679=DIRECTION('',(-0.866025403784439,-0.5,0.));
#9680=DIRECTION('',(0.5,-0.866025403784439,0.));
#9681=DIRECTION('',(-0.5,0.866025403784438,0.));
#9682=DIRECTION('',(0.,0.,-1.));
#9683=DIRECTION('',(-0.5,0.866025403784438,0.));
#9684=DIRECTION('',(-0.866025403784439,0.5,0.));
#9685=DIRECTION('',(-0.5,-0.866025403784439,0.));
#9686=DIRECTION('',(0.5,0.866025403784439,0.));
#9687=DIRECTION('',(0.,0.,-1.));
#9688=DIRECTION('',(0.5,0.866025403784439,0.));
#9689=DIRECTION('',(0.,1.,0.));
#9690=DIRECTION('',(0.,0.,1.));
#9691=DIRECTION('',(1.,0.,0.));
#9692=DIRECTION('',(0.,0.,-1.));
#9693=DIRECTION('',(1.,0.,0.));
#9694=DIRECTION('',(0.866025403784439,0.5,0.));
#9695=DIRECTION('',(-0.5,0.866025403784439,0.));
#9696=DIRECTION('',(0.5,-0.866025403784438,0.));
#9697=DIRECTION('',(0.,0.,-1.));
#9698=DIRECTION('',(0.5,-0.866025403784438,0.));
#9699=DIRECTION('',(0.,-1.,0.));
#9700=DIRECTION('',(0.,0.,-1.));
#9701=DIRECTION('',(-1.,0.,0.));
#9702=DIRECTION('',(0.,0.,-1.));
#9703=DIRECTION('',(-1.,0.,0.));
#9704=DIRECTION('',(0.,0.,-1.));
#9705=DIRECTION('',(-0.866025403784439,-0.5,0.));
#9706=DIRECTION('',(0.5,-0.866025403784439,0.));
#9707=DIRECTION('',(-0.5,0.866025403784438,0.));
#9708=DIRECTION('',(0.,0.,-1.));
#9709=DIRECTION('',(-0.5,0.866025403784438,0.));
#9710=DIRECTION('',(-0.866025403784439,0.5,0.));
#9711=DIRECTION('',(-0.5,-0.866025403784439,0.));
#9712=DIRECTION('',(0.5,0.866025403784439,0.));
#9713=DIRECTION('',(0.,0.,-1.));
#9714=DIRECTION('',(0.5,0.866025403784439,0.));
#9715=DIRECTION('',(0.,1.,0.));
#9716=DIRECTION('',(0.,0.,1.));
#9717=DIRECTION('',(1.,0.,0.));
#9718=DIRECTION('',(0.,0.,-1.));
#9719=DIRECTION('',(1.,0.,0.));
#9720=DIRECTION('',(0.866025403784438,0.5,0.));
#9721=DIRECTION('',(-0.5,0.866025403784438,0.));
#9722=DIRECTION('',(0.5,-0.866025403784438,0.));
#9723=DIRECTION('',(0.,0.,-1.));
#9724=DIRECTION('',(0.5,-0.866025403784438,0.));
#9725=DIRECTION('',(0.,-1.,0.));
#9726=DIRECTION('',(0.,0.,-1.));
#9727=DIRECTION('',(-1.,0.,0.));
#9728=DIRECTION('',(0.,0.,-1.));
#9729=DIRECTION('',(-1.,0.,0.));
#9730=DIRECTION('',(0.,0.,-1.));
#9731=DIRECTION('',(-0.866025403784438,-0.5,0.));
#9732=DIRECTION('',(0.5,-0.866025403784438,0.));
#9733=DIRECTION('',(-0.5,0.866025403784438,0.));
#9734=DIRECTION('',(0.,0.,-1.));
#9735=DIRECTION('',(-0.5,0.866025403784438,0.));
#9736=DIRECTION('',(-0.866025403784439,0.5,0.));
#9737=DIRECTION('',(-0.5,-0.866025403784439,0.));
#9738=DIRECTION('',(0.5,0.866025403784439,0.));
#9739=DIRECTION('',(0.,0.,-1.));
#9740=DIRECTION('',(0.5,0.866025403784439,0.));
#9741=DIRECTION('',(0.,1.,0.));
#9742=DIRECTION('',(0.,0.,1.));
#9743=DIRECTION('',(1.,0.,0.));
#9744=DIRECTION('',(0.,0.,-1.));
#9745=DIRECTION('',(1.,0.,0.));
#9746=DIRECTION('',(0.866025403784439,0.5,0.));
#9747=DIRECTION('',(-0.5,0.866025403784439,0.));
#9748=DIRECTION('',(0.5,-0.866025403784438,0.));
#9749=DIRECTION('',(0.,0.,-1.));
#9750=DIRECTION('',(0.5,-0.866025403784438,0.));
#9751=DIRECTION('',(0.,-1.,0.));
#9752=DIRECTION('',(0.,0.,-1.));
#9753=DIRECTION('',(-1.,0.,0.));
#9754=DIRECTION('',(0.,0.,-1.));
#9755=DIRECTION('',(-1.,0.,0.));
#9756=DIRECTION('',(0.,0.,-1.));
#9757=DIRECTION('',(-0.866025403784438,-0.5,0.));
#9758=DIRECTION('',(0.5,-0.866025403784438,0.));
#9759=DIRECTION('',(-0.5,0.866025403784438,0.));
#9760=DIRECTION('',(0.,0.,-1.));
#9761=DIRECTION('',(-0.5,0.866025403784438,0.));
#9762=DIRECTION('',(-0.866025403784439,0.5,0.));
#9763=DIRECTION('',(-0.5,-0.866025403784439,0.));
#9764=DIRECTION('',(0.5,0.866025403784439,0.));
#9765=DIRECTION('',(0.,0.,-1.));
#9766=DIRECTION('',(0.5,0.866025403784439,0.));
#9767=DIRECTION('',(0.,1.,0.));
#9768=DIRECTION('',(0.,0.,1.));
#9769=DIRECTION('',(1.,0.,0.));
#9770=DIRECTION('',(0.,0.,-1.));
#9771=DIRECTION('',(1.,0.,0.));
#9772=DIRECTION('',(0.866025403784438,0.5,0.));
#9773=DIRECTION('',(-0.5,0.866025403784438,0.));
#9774=DIRECTION('',(0.5,-0.866025403784438,0.));
#9775=DIRECTION('',(0.,0.,-1.));
#9776=DIRECTION('',(0.5,-0.866025403784438,0.));
#9777=DIRECTION('',(0.,-1.,0.));
#9778=DIRECTION('',(0.,0.,-1.));
#9779=DIRECTION('',(-1.,0.,0.));
#9780=DIRECTION('',(0.,0.,-1.));
#9781=DIRECTION('',(-1.,0.,0.));
#9782=DIRECTION('',(0.,0.,-1.));
#9783=DIRECTION('',(-0.866025403784438,-0.5,0.));
#9784=DIRECTION('',(0.5,-0.866025403784439,0.));
#9785=DIRECTION('',(-0.5,0.866025403784439,0.));
#9786=DIRECTION('',(0.,0.,-1.));
#9787=DIRECTION('',(-0.5,0.866025403784439,0.));
#9788=DIRECTION('',(-0.866025403784439,0.5,0.));
#9789=DIRECTION('',(-0.5,-0.866025403784439,0.));
#9790=DIRECTION('',(0.5,0.866025403784439,0.));
#9791=DIRECTION('',(0.,0.,-1.));
#9792=DIRECTION('',(0.5,0.866025403784439,0.));
#9793=DIRECTION('',(0.,1.,0.));
#9794=DIRECTION('',(0.,0.,1.));
#9795=DIRECTION('',(1.,0.,0.));
#9796=DIRECTION('',(0.,0.,-1.));
#9797=DIRECTION('',(1.,0.,0.));
#9798=DIRECTION('',(0.866025403784438,0.5,0.));
#9799=DIRECTION('',(-0.5,0.866025403784439,0.));
#9800=DIRECTION('',(0.5,-0.866025403784439,0.));
#9801=DIRECTION('',(0.,0.,-1.));
#9802=DIRECTION('',(0.5,-0.866025403784439,0.));
#9803=DIRECTION('',(0.,-1.,0.));
#9804=DIRECTION('',(0.,0.,-1.));
#9805=DIRECTION('',(-1.,0.,0.));
#9806=DIRECTION('',(0.,0.,-1.));
#9807=DIRECTION('',(-1.,0.,0.));
#9808=DIRECTION('',(0.,0.,-1.));
#9809=DIRECTION('',(-0.866025403784439,-0.5,0.));
#9810=DIRECTION('',(0.5,-0.866025403784439,0.));
#9811=DIRECTION('',(-0.5,0.866025403784438,0.));
#9812=DIRECTION('',(0.,0.,-1.));
#9813=DIRECTION('',(-0.5,0.866025403784438,0.));
#9814=DIRECTION('',(-0.866025403784439,0.5,0.));
#9815=DIRECTION('',(-0.5,-0.866025403784439,0.));
#9816=DIRECTION('',(0.5,0.866025403784439,0.));
#9817=DIRECTION('',(0.,0.,-1.));
#9818=DIRECTION('',(0.5,0.866025403784439,0.));
#9819=DIRECTION('',(0.,1.,0.));
#9820=DIRECTION('',(0.,0.,1.));
#9821=DIRECTION('',(1.,0.,0.));
#9822=DIRECTION('',(0.,0.,-1.));
#9823=DIRECTION('',(1.,0.,0.));
#9824=DIRECTION('',(0.866025403784438,0.5,0.));
#9825=DIRECTION('',(-0.5,0.866025403784438,0.));
#9826=DIRECTION('',(0.5,-0.866025403784438,0.));
#9827=DIRECTION('',(0.,0.,-1.));
#9828=DIRECTION('',(0.5,-0.866025403784438,0.));
#9829=DIRECTION('',(0.,-1.,0.));
#9830=DIRECTION('',(0.,0.,-1.));
#9831=DIRECTION('',(-1.,0.,0.));
#9832=DIRECTION('',(0.,0.,-1.));
#9833=DIRECTION('',(-1.,0.,0.));
#9834=DIRECTION('',(0.,0.,-1.));
#9835=DIRECTION('',(-0.866025403784439,-0.5,0.));
#9836=DIRECTION('',(0.5,-0.866025403784439,0.));
#9837=DIRECTION('',(-0.5,0.866025403784438,0.));
#9838=DIRECTION('',(0.,0.,-1.));
#9839=DIRECTION('',(-0.5,0.866025403784438,0.));
#9840=DIRECTION('',(-0.866025403784439,0.5,0.));
#9841=DIRECTION('',(-0.5,-0.866025403784439,0.));
#9842=DIRECTION('',(0.5,0.866025403784439,0.));
#9843=DIRECTION('',(0.,0.,-1.));
#9844=DIRECTION('',(0.5,0.866025403784439,0.));
#9845=DIRECTION('',(0.,1.,0.));
#9846=DIRECTION('',(0.,0.,1.));
#9847=DIRECTION('',(1.,0.,0.));
#9848=DIRECTION('',(0.,0.,-1.));
#9849=DIRECTION('',(1.,0.,0.));
#9850=DIRECTION('',(0.866025403784438,0.5,0.));
#9851=DIRECTION('',(-0.5,0.866025403784438,0.));
#9852=DIRECTION('',(0.5,-0.866025403784438,0.));
#9853=DIRECTION('',(0.,0.,-1.));
#9854=DIRECTION('',(0.5,-0.866025403784438,0.));
#9855=DIRECTION('',(0.,-1.,0.));
#9856=DIRECTION('',(0.,0.,-1.));
#9857=DIRECTION('',(-1.,0.,0.));
#9858=DIRECTION('',(0.,0.,-1.));
#9859=DIRECTION('',(-1.,0.,0.));
#9860=DIRECTION('',(0.,0.,-1.));
#9861=DIRECTION('',(-0.866025403784439,-0.5,0.));
#9862=DIRECTION('',(0.5,-0.866025403784439,0.));
#9863=DIRECTION('',(-0.5,0.866025403784438,0.));
#9864=DIRECTION('',(0.,0.,-1.));
#9865=DIRECTION('',(-0.5,0.866025403784438,0.));
#9866=DIRECTION('',(-0.866025403784439,0.5,0.));
#9867=DIRECTION('',(-0.5,-0.866025403784439,0.));
#9868=DIRECTION('',(0.5,0.866025403784438,0.));
#9869=DIRECTION('',(0.,0.,-1.));
#9870=DIRECTION('',(0.5,0.866025403784438,0.));
#9871=DIRECTION('',(0.,1.,0.));
#9872=DIRECTION('',(0.,0.,1.));
#9873=DIRECTION('',(1.,0.,0.));
#9874=DIRECTION('',(0.,0.,-1.));
#9875=DIRECTION('',(1.,0.,0.));
#9876=DIRECTION('',(0.866025403784439,0.5,0.));
#9877=DIRECTION('',(-0.5,0.866025403784439,0.));
#9878=DIRECTION('',(0.5,-0.866025403784438,0.));
#9879=DIRECTION('',(0.,0.,-1.));
#9880=DIRECTION('',(0.5,-0.866025403784438,0.));
#9881=DIRECTION('',(0.,-1.,0.));
#9882=DIRECTION('',(0.,0.,-1.));
#9883=DIRECTION('',(-1.,0.,0.));
#9884=DIRECTION('',(0.,0.,-1.));
#9885=DIRECTION('',(-1.,0.,0.));
#9886=DIRECTION('',(0.,0.,-1.));
#9887=DIRECTION('',(-0.866025403784438,-0.5,0.));
#9888=DIRECTION('',(0.5,-0.866025403784439,0.));
#9889=DIRECTION('',(-0.5,0.866025403784439,0.));
#9890=DIRECTION('',(0.,0.,-1.));
#9891=DIRECTION('',(-0.5,0.866025403784439,0.));
#9892=DIRECTION('',(-0.866025403784439,0.5,0.));
#9893=DIRECTION('',(-0.5,-0.866025403784439,0.));
#9894=DIRECTION('',(0.5,0.866025403784439,0.));
#9895=DIRECTION('',(0.,0.,-1.));
#9896=DIRECTION('',(0.5,0.866025403784439,0.));
#9897=DIRECTION('',(0.,1.,0.));
#9898=DIRECTION('',(0.,0.,1.));
#9899=DIRECTION('',(1.,0.,0.));
#9900=DIRECTION('',(0.,0.,-1.));
#9901=DIRECTION('',(1.,0.,0.));
#9902=DIRECTION('',(0.866025403784438,0.5,0.));
#9903=DIRECTION('',(-0.5,0.866025403784438,0.));
#9904=DIRECTION('',(0.5,-0.866025403784438,0.));
#9905=DIRECTION('',(0.,0.,-1.));
#9906=DIRECTION('',(0.5,-0.866025403784438,0.));
#9907=DIRECTION('',(0.,-1.,0.));
#9908=DIRECTION('',(0.,0.,-1.));
#9909=DIRECTION('',(-1.,0.,0.));
#9910=DIRECTION('',(0.,0.,-1.));
#9911=DIRECTION('',(-1.,0.,0.));
#9912=DIRECTION('',(0.,0.,-1.));
#9913=DIRECTION('',(-0.866025403784438,-0.5,0.));
#9914=DIRECTION('',(0.5,-0.866025403784438,0.));
#9915=DIRECTION('',(-0.5,0.866025403784438,0.));
#9916=DIRECTION('',(0.,0.,-1.));
#9917=DIRECTION('',(-0.5,0.866025403784438,0.));
#9918=DIRECTION('',(-0.866025403784439,0.5,0.));
#9919=DIRECTION('',(-0.5,-0.866025403784439,0.));
#9920=DIRECTION('',(0.5,0.866025403784439,0.));
#9921=DIRECTION('',(0.,0.,-1.));
#9922=DIRECTION('',(0.5,0.866025403784439,0.));
#9923=DIRECTION('',(0.,1.,0.));
#9924=DIRECTION('',(0.,0.,1.));
#9925=DIRECTION('',(1.,0.,0.));
#9926=DIRECTION('',(0.,0.,-1.));
#9927=DIRECTION('',(1.,0.,0.));
#9928=DIRECTION('',(0.866025403784438,0.5,0.));
#9929=DIRECTION('',(-0.5,0.866025403784438,0.));
#9930=DIRECTION('',(0.5,-0.866025403784438,0.));
#9931=DIRECTION('',(0.,0.,-1.));
#9932=DIRECTION('',(0.5,-0.866025403784438,0.));
#9933=DIRECTION('',(-0.866025403784436,0.5,0.));
#9934=DIRECTION('',(-0.5,-0.866025403784436,0.));
#9935=DIRECTION('',(0.5,0.866025403784436,0.));
#9936=DIRECTION('',(0.,0.,-1.));
#9937=DIRECTION('',(0.5,0.866025403784436,0.));
#9938=DIRECTION('',(0.,0.,-1.));
#9939=DIRECTION('',(0.,1.,0.));
#9940=DIRECTION('',(0.,0.,1.));
#9941=DIRECTION('',(1.,0.,0.));
#9942=DIRECTION('',(0.,0.,-1.));
#9943=DIRECTION('',(1.,0.,0.));
#9944=DIRECTION('',(0.866025403784444,0.499999999999991,0.));
#9945=DIRECTION('',(-0.499999999999991,0.866025403784444,0.));
#9946=DIRECTION('',(0.499999999999991,-0.866025403784444,0.));
#9947=DIRECTION('',(0.,0.,-1.));
#9948=DIRECTION('',(0.499999999999991,-0.866025403784444,0.));
#9949=DIRECTION('',(0.866025403784436,-0.5,0.));
#9950=DIRECTION('',(0.5,0.866025403784436,0.));
#9951=DIRECTION('',(-0.5,-0.866025403784436,0.));
#9952=DIRECTION('',(0.,0.,-1.));
#9953=DIRECTION('',(-0.5,-0.866025403784436,0.));
#9954=DIRECTION('',(0.,-1.,0.));
#9955=DIRECTION('',(0.,0.,-1.));
#9956=DIRECTION('',(-1.,0.,0.));
#9957=DIRECTION('',(0.,0.,-1.));
#9958=DIRECTION('',(-1.,0.,0.));
#9959=DIRECTION('',(0.,-1.,0.));
#9960=DIRECTION('',(0.,0.,-1.));
#9961=DIRECTION('',(-1.,0.,0.));
#9962=DIRECTION('',(0.,0.,-1.));
#9963=DIRECTION('',(-1.,0.,0.));
#9964=DIRECTION('',(0.,0.,-1.));
#9965=DIRECTION('',(-0.866025403784438,-0.5,0.));
#9966=DIRECTION('',(0.5,-0.866025403784438,0.));
#9967=DIRECTION('',(-0.5,0.866025403784438,0.));
#9968=DIRECTION('',(0.,0.,-1.));
#9969=DIRECTION('',(-0.5,0.866025403784438,0.));
#9970=DIRECTION('',(-0.866025403784439,0.5,0.));
#9971=DIRECTION('',(-0.5,-0.866025403784439,0.));
#9972=DIRECTION('',(0.5,0.866025403784439,0.));
#9973=DIRECTION('',(0.,0.,-1.));
#9974=DIRECTION('',(0.5,0.866025403784439,0.));
#9975=DIRECTION('',(0.,1.,0.));
#9976=DIRECTION('',(0.,0.,1.));
#9977=DIRECTION('',(1.,0.,0.));
#9978=DIRECTION('',(0.,0.,-1.));
#9979=DIRECTION('',(1.,0.,0.));
#9980=DIRECTION('',(0.866025403784438,0.5,0.));
#9981=DIRECTION('',(-0.5,0.866025403784439,0.));
#9982=DIRECTION('',(0.5,-0.866025403784439,0.));
#9983=DIRECTION('',(0.,0.,-1.));
#9984=DIRECTION('',(0.5,-0.866025403784439,0.));
#9985=DIRECTION('',(0.,-1.,0.));
#9986=DIRECTION('',(0.,0.,-1.));
#9987=DIRECTION('',(-1.,0.,0.));
#9988=DIRECTION('',(0.,0.,-1.));
#9989=DIRECTION('',(-1.,0.,0.));
#9990=DIRECTION('',(0.,0.,-1.));
#9991=DIRECTION('',(-0.866025403784438,-0.5,0.));
#9992=DIRECTION('',(0.5,-0.866025403784438,0.));
#9993=DIRECTION('',(-0.5,0.866025403784438,0.));
#9994=DIRECTION('',(0.,0.,-1.));
#9995=DIRECTION('',(-0.5,0.866025403784438,0.));
#9996=DIRECTION('',(-0.866025403784439,0.5,0.));
#9997=DIRECTION('',(-0.5,-0.866025403784439,0.));
#9998=DIRECTION('',(0.5,0.866025403784439,0.));
#9999=DIRECTION('',(0.,0.,-1.));
#10000=DIRECTION('',(0.5,0.866025403784439,0.));
#10001=DIRECTION('',(0.,1.,0.));
#10002=DIRECTION('',(0.,0.,1.));
#10003=DIRECTION('',(1.,0.,0.));
#10004=DIRECTION('',(0.,0.,-1.));
#10005=DIRECTION('',(1.,0.,0.));
#10006=DIRECTION('',(0.866025403784438,0.5,0.));
#10007=DIRECTION('',(-0.5,0.866025403784439,0.));
#10008=DIRECTION('',(0.5,-0.866025403784439,0.));
#10009=DIRECTION('',(0.,0.,-1.));
#10010=DIRECTION('',(0.5,-0.866025403784439,0.));
#10011=DIRECTION('',(0.,-1.,0.));
#10012=DIRECTION('',(0.,0.,-1.));
#10013=DIRECTION('',(-1.,0.,0.));
#10014=DIRECTION('',(0.,0.,-1.));
#10015=DIRECTION('',(-1.,0.,0.));
#10016=DIRECTION('',(0.,0.,-1.));
#10017=DIRECTION('',(-0.866025403784438,-0.5,0.));
#10018=DIRECTION('',(0.5,-0.866025403784438,0.));
#10019=DIRECTION('',(-0.5,0.866025403784438,0.));
#10020=DIRECTION('',(0.,0.,-1.));
#10021=DIRECTION('',(-0.5,0.866025403784438,0.));
#10022=DIRECTION('',(-0.866025403784439,0.5,0.));
#10023=DIRECTION('',(-0.5,-0.866025403784439,0.));
#10024=DIRECTION('',(0.5,0.866025403784439,0.));
#10025=DIRECTION('',(0.,0.,-1.));
#10026=DIRECTION('',(0.5,0.866025403784439,0.));
#10027=DIRECTION('',(0.,1.,0.));
#10028=DIRECTION('',(0.,0.,1.));
#10029=DIRECTION('',(1.,0.,0.));
#10030=DIRECTION('',(0.,0.,-1.));
#10031=DIRECTION('',(1.,0.,0.));
#10032=DIRECTION('',(0.866025403784438,0.5,0.));
#10033=DIRECTION('',(-0.5,0.866025403784439,0.));
#10034=DIRECTION('',(0.5,-0.866025403784439,0.));
#10035=DIRECTION('',(0.,0.,-1.));
#10036=DIRECTION('',(0.5,-0.866025403784439,0.));
#10037=DIRECTION('',(0.,-1.,0.));
#10038=DIRECTION('',(0.,0.,-1.));
#10039=DIRECTION('',(-1.,0.,0.));
#10040=DIRECTION('',(0.,0.,-1.));
#10041=DIRECTION('',(-1.,0.,0.));
#10042=DIRECTION('',(0.,0.,-1.));
#10043=DIRECTION('',(-0.866025403784438,-0.5,0.));
#10044=DIRECTION('',(0.5,-0.866025403784438,0.));
#10045=DIRECTION('',(-0.5,0.866025403784438,0.));
#10046=DIRECTION('',(0.,0.,-1.));
#10047=DIRECTION('',(-0.5,0.866025403784438,0.));
#10048=DIRECTION('',(-0.866025403784439,0.5,0.));
#10049=DIRECTION('',(-0.5,-0.866025403784439,0.));
#10050=DIRECTION('',(0.5,0.866025403784439,0.));
#10051=DIRECTION('',(0.,0.,-1.));
#10052=DIRECTION('',(0.5,0.866025403784439,0.));
#10053=DIRECTION('',(0.,1.,0.));
#10054=DIRECTION('',(0.,0.,1.));
#10055=DIRECTION('',(1.,0.,0.));
#10056=DIRECTION('',(0.,0.,-1.));
#10057=DIRECTION('',(1.,0.,0.));
#10058=DIRECTION('',(0.866025403784438,0.5,0.));
#10059=DIRECTION('',(-0.5,0.866025403784439,0.));
#10060=DIRECTION('',(0.5,-0.866025403784439,0.));
#10061=DIRECTION('',(0.,0.,-1.));
#10062=DIRECTION('',(0.5,-0.866025403784439,0.));
#10063=DIRECTION('',(0.,-1.,0.));
#10064=DIRECTION('',(0.,0.,-1.));
#10065=DIRECTION('',(-1.,0.,0.));
#10066=DIRECTION('',(0.,0.,-1.));
#10067=DIRECTION('',(-1.,0.,0.));
#10068=DIRECTION('',(0.,0.,-1.));
#10069=DIRECTION('',(-0.866025403784438,-0.5,0.));
#10070=DIRECTION('',(0.5,-0.866025403784438,0.));
#10071=DIRECTION('',(-0.5,0.866025403784438,0.));
#10072=DIRECTION('',(0.,0.,-1.));
#10073=DIRECTION('',(-0.5,0.866025403784438,0.));
#10074=DIRECTION('',(-0.866025403784439,0.5,0.));
#10075=DIRECTION('',(-0.5,-0.866025403784439,0.));
#10076=DIRECTION('',(0.5,0.866025403784439,0.));
#10077=DIRECTION('',(0.,0.,-1.));
#10078=DIRECTION('',(0.5,0.866025403784439,0.));
#10079=DIRECTION('',(0.,1.,0.));
#10080=DIRECTION('',(0.,0.,1.));
#10081=DIRECTION('',(1.,0.,0.));
#10082=DIRECTION('',(0.,0.,-1.));
#10083=DIRECTION('',(1.,0.,0.));
#10084=DIRECTION('',(0.866025403784438,0.5,0.));
#10085=DIRECTION('',(-0.5,0.866025403784439,0.));
#10086=DIRECTION('',(0.5,-0.866025403784439,0.));
#10087=DIRECTION('',(0.,0.,-1.));
#10088=DIRECTION('',(0.5,-0.866025403784439,0.));
#10089=DIRECTION('',(3.96508223080416E-15,-1.,0.));
#10090=DIRECTION('',(1.,3.96508223080416E-15,0.));
#10091=DIRECTION('',(-1.,-3.96508223080416E-15,0.));
#10092=DIRECTION('',(0.,0.,-1.));
#10093=DIRECTION('',(-1.,-3.96508223080416E-15,0.));
#10094=DIRECTION('',(0.,0.,-1.));
#10095=DIRECTION('',(-0.866025403784439,-0.5,0.));
#10096=DIRECTION('',(0.5,-0.866025403784439,0.));
#10097=DIRECTION('',(-0.5,0.866025403784438,0.));
#10098=DIRECTION('',(0.,0.,-1.));
#10099=DIRECTION('',(-0.5,0.866025403784438,0.));
#10100=DIRECTION('',(-0.866025403784439,0.5,0.));
#10101=DIRECTION('',(-0.5,-0.866025403784439,0.));
#10102=DIRECTION('',(0.5,0.866025403784439,0.));
#10103=DIRECTION('',(0.,0.,-1.));
#10104=DIRECTION('',(0.5,0.866025403784439,0.));
#10105=DIRECTION('',(0.,1.,0.));
#10106=DIRECTION('',(0.,0.,1.));
#10107=DIRECTION('',(1.,0.,0.));
#10108=DIRECTION('',(0.,0.,-1.));
#10109=DIRECTION('',(1.,0.,0.));
#10110=DIRECTION('',(0.866025403784438,0.5,0.));
#10111=DIRECTION('',(-0.5,0.866025403784438,0.));
#10112=DIRECTION('',(0.5,-0.866025403784438,0.));
#10113=DIRECTION('',(0.,0.,-1.));
#10114=DIRECTION('',(0.5,-0.866025403784438,0.));
#10115=DIRECTION('',(3.96508223080416E-15,-1.,0.));
#10116=DIRECTION('',(1.,3.96508223080416E-15,0.));
#10117=DIRECTION('',(-1.,-3.96508223080416E-15,0.));
#10118=DIRECTION('',(0.,0.,-1.));
#10119=DIRECTION('',(-1.,-3.96508223080416E-15,0.));
#10120=DIRECTION('',(0.,0.,-1.));
#10121=DIRECTION('',(-0.866025403784438,-0.5,0.));
#10122=DIRECTION('',(0.5,-0.866025403784438,0.));
#10123=DIRECTION('',(-0.5,0.866025403784438,0.));
#10124=DIRECTION('',(0.,0.,-1.));
#10125=DIRECTION('',(-0.5,0.866025403784438,0.));
#10126=DIRECTION('',(-0.866025403784439,0.5,0.));
#10127=DIRECTION('',(-0.5,-0.866025403784439,0.));
#10128=DIRECTION('',(0.5,0.866025403784439,0.));
#10129=DIRECTION('',(0.,0.,-1.));
#10130=DIRECTION('',(0.5,0.866025403784439,0.));
#10131=DIRECTION('',(0.,1.,0.));
#10132=DIRECTION('',(0.,0.,1.));
#10133=DIRECTION('',(1.,0.,0.));
#10134=DIRECTION('',(0.,0.,-1.));
#10135=DIRECTION('',(1.,0.,0.));
#10136=DIRECTION('',(0.866025403784438,0.5,0.));
#10137=DIRECTION('',(-0.5,0.866025403784439,0.));
#10138=DIRECTION('',(0.5,-0.866025403784438,0.));
#10139=DIRECTION('',(0.,0.,-1.));
#10140=DIRECTION('',(0.5,-0.866025403784438,0.));
#10141=DIRECTION('',(0.,-1.,0.));
#10142=DIRECTION('',(0.,0.,-1.));
#10143=DIRECTION('',(-1.,0.,0.));
#10144=DIRECTION('',(0.,0.,-1.));
#10145=DIRECTION('',(-1.,0.,0.));
#10146=DIRECTION('',(0.,0.,-1.));
#10147=DIRECTION('',(-0.866025403784438,-0.5,0.));
#10148=DIRECTION('',(0.5,-0.866025403784438,0.));
#10149=DIRECTION('',(-0.5,0.866025403784438,0.));
#10150=DIRECTION('',(0.,0.,-1.));
#10151=DIRECTION('',(-0.5,0.866025403784438,0.));
#10152=DIRECTION('',(-0.866025403784439,0.5,0.));
#10153=DIRECTION('',(-0.5,-0.866025403784439,0.));
#10154=DIRECTION('',(0.5,0.866025403784439,0.));
#10155=DIRECTION('',(0.,0.,-1.));
#10156=DIRECTION('',(0.5,0.866025403784439,0.));
#10157=DIRECTION('',(0.,1.,0.));
#10158=DIRECTION('',(0.,0.,1.));
#10159=DIRECTION('',(1.,0.,0.));
#10160=DIRECTION('',(0.,0.,-1.));
#10161=DIRECTION('',(1.,0.,0.));
#10162=DIRECTION('',(0.866025403784438,0.5,0.));
#10163=DIRECTION('',(-0.5,0.866025403784438,0.));
#10164=DIRECTION('',(0.5,-0.866025403784438,0.));
#10165=DIRECTION('',(0.,0.,-1.));
#10166=DIRECTION('',(0.5,-0.866025403784438,0.));
#10167=DIRECTION('',(0.,-1.,0.));
#10168=DIRECTION('',(0.,0.,-1.));
#10169=DIRECTION('',(-1.,0.,0.));
#10170=DIRECTION('',(0.,0.,-1.));
#10171=DIRECTION('',(-1.,0.,0.));
#10172=DIRECTION('',(0.,0.,-1.));
#10173=DIRECTION('',(-0.866025403784438,-0.5,0.));
#10174=DIRECTION('',(0.5,-0.866025403784439,0.));
#10175=DIRECTION('',(-0.5,0.866025403784439,0.));
#10176=DIRECTION('',(0.,0.,-1.));
#10177=DIRECTION('',(-0.5,0.866025403784439,0.));
#10178=DIRECTION('',(-0.866025403784439,0.5,0.));
#10179=DIRECTION('',(-0.5,-0.866025403784439,0.));
#10180=DIRECTION('',(0.5,0.866025403784439,0.));
#10181=DIRECTION('',(0.,0.,-1.));
#10182=DIRECTION('',(0.5,0.866025403784439,0.));
#10183=DIRECTION('',(0.,1.,0.));
#10184=DIRECTION('',(0.,0.,1.));
#10185=DIRECTION('',(1.,0.,0.));
#10186=DIRECTION('',(0.,0.,-1.));
#10187=DIRECTION('',(1.,0.,0.));
#10188=DIRECTION('',(0.866025403784438,0.5,0.));
#10189=DIRECTION('',(-0.5,0.866025403784439,0.));
#10190=DIRECTION('',(0.5,-0.866025403784438,0.));
#10191=DIRECTION('',(0.,0.,-1.));
#10192=DIRECTION('',(0.5,-0.866025403784438,0.));
#10193=DIRECTION('',(3.96508223080416E-15,-1.,0.));
#10194=DIRECTION('',(1.,3.96508223080416E-15,0.));
#10195=DIRECTION('',(-1.,-3.96508223080416E-15,0.));
#10196=DIRECTION('',(0.,0.,-1.));
#10197=DIRECTION('',(-1.,-3.96508223080416E-15,0.));
#10198=DIRECTION('',(0.,0.,-1.));
#10199=DIRECTION('',(-0.866025403784438,-0.5,0.));
#10200=DIRECTION('',(0.5,-0.866025403784439,0.));
#10201=DIRECTION('',(-0.5,0.866025403784439,0.));
#10202=DIRECTION('',(0.,0.,-1.));
#10203=DIRECTION('',(-0.5,0.866025403784439,0.));
#10204=DIRECTION('',(-0.866025403784439,0.5,0.));
#10205=DIRECTION('',(-0.5,-0.866025403784439,0.));
#10206=DIRECTION('',(0.5,0.866025403784439,0.));
#10207=DIRECTION('',(0.,0.,-1.));
#10208=DIRECTION('',(0.5,0.866025403784439,0.));
#10209=DIRECTION('',(0.,1.,0.));
#10210=DIRECTION('',(0.,0.,1.));
#10211=DIRECTION('',(1.,0.,0.));
#10212=DIRECTION('',(0.,0.,-1.));
#10213=DIRECTION('',(1.,0.,0.));
#10214=DIRECTION('',(0.866025403784438,0.5,0.));
#10215=DIRECTION('',(-0.5,0.866025403784439,0.));
#10216=DIRECTION('',(0.5,-0.866025403784438,0.));
#10217=DIRECTION('',(0.,0.,-1.));
#10218=DIRECTION('',(0.5,-0.866025403784438,0.));
#10219=DIRECTION('',(3.96508223080416E-15,-1.,0.));
#10220=DIRECTION('',(1.,3.96508223080416E-15,0.));
#10221=DIRECTION('',(-1.,-3.96508223080416E-15,0.));
#10222=DIRECTION('',(0.,0.,-1.));
#10223=DIRECTION('',(-1.,-3.96508223080416E-15,0.));
#10224=DIRECTION('',(0.,0.,-1.));
#10225=DIRECTION('',(-0.866025403784439,-0.5,0.));
#10226=DIRECTION('',(0.5,-0.866025403784439,0.));
#10227=DIRECTION('',(-0.5,0.866025403784439,0.));
#10228=DIRECTION('',(0.,0.,-1.));
#10229=DIRECTION('',(-0.5,0.866025403784439,0.));
#10230=DIRECTION('',(-0.866025403784439,0.5,0.));
#10231=DIRECTION('',(-0.5,-0.866025403784439,0.));
#10232=DIRECTION('',(0.5,0.866025403784439,0.));
#10233=DIRECTION('',(0.,0.,-1.));
#10234=DIRECTION('',(0.5,0.866025403784439,0.));
#10235=DIRECTION('',(0.,1.,0.));
#10236=DIRECTION('',(0.,0.,1.));
#10237=DIRECTION('',(1.,0.,0.));
#10238=DIRECTION('',(0.,0.,-1.));
#10239=DIRECTION('',(1.,0.,0.));
#10240=DIRECTION('',(0.866025403784438,0.5,0.));
#10241=DIRECTION('',(-0.5,0.866025403784439,0.));
#10242=DIRECTION('',(0.5,-0.866025403784439,0.));
#10243=DIRECTION('',(0.,0.,-1.));
#10244=DIRECTION('',(0.5,-0.866025403784439,0.));
#10245=DIRECTION('',(-0.866025403784442,0.499999999999994,0.));
#10246=DIRECTION('',(-0.499999999999994,-0.866025403784442,0.));
#10247=DIRECTION('',(0.499999999999994,0.866025403784442,0.));
#10248=DIRECTION('',(0.499999999999994,0.866025403784442,0.));
#10249=DIRECTION('',(0.866025403784439,-0.5,0.));
#10250=DIRECTION('',(0.5,0.866025403784439,0.));
#10251=DIRECTION('',(-0.5,-0.866025403784439,0.));
#10252=DIRECTION('',(-0.5,-0.866025403784439,0.));
#10253=DIRECTION('',(0.866025403784439,-0.5,0.));
#10254=DIRECTION('',(0.5,0.866025403784439,0.));
#10255=DIRECTION('',(-0.5,-0.866025403784439,0.));
#10256=DIRECTION('',(-0.5,-0.866025403784439,0.));
#10257=DIRECTION('',(0.866025403784439,-0.5,0.));
#10258=DIRECTION('',(0.5,0.866025403784439,0.));
#10259=DIRECTION('',(-0.5,-0.866025403784439,0.));
#10260=DIRECTION('',(-0.5,-0.866025403784439,0.));
#10261=DIRECTION('',(0.866025403784439,-0.5,0.));
#10262=DIRECTION('',(0.5,0.86602540378444,0.));
#10263=DIRECTION('',(-0.5,-0.866025403784439,0.));
#10264=DIRECTION('',(-0.5,-0.866025403784439,0.));
#10265=DIRECTION('',(0.866025403784439,-0.5,0.));
#10266=DIRECTION('',(0.5,0.866025403784439,0.));
#10267=DIRECTION('',(-0.5,-0.866025403784439,0.));
#10268=DIRECTION('',(-0.5,-0.866025403784439,0.));
#10269=DIRECTION('',(0.866025403784439,-0.5,0.));
#10270=DIRECTION('',(0.5,0.866025403784439,0.));
#10271=DIRECTION('',(-0.5,-0.866025403784439,0.));
#10272=DIRECTION('',(-0.5,-0.866025403784439,0.));
#10273=DIRECTION('',(0.866025403784439,-0.5,0.));
#10274=DIRECTION('',(0.5,0.866025403784439,0.));
#10275=DIRECTION('',(-0.5,-0.866025403784439,0.));
#10276=DIRECTION('',(-0.5,-0.866025403784439,0.));
#10277=DIRECTION('',(0.866025403784439,-0.5,0.));
#10278=DIRECTION('',(0.5,0.866025403784439,0.));
#10279=DIRECTION('',(-0.5,-0.866025403784439,0.));
#10280=DIRECTION('',(-0.5,-0.866025403784439,0.));
#10281=DIRECTION('',(0.866025403784439,-0.5,0.));
#10282=DIRECTION('',(0.5,0.866025403784439,0.));
#10283=DIRECTION('',(-0.5,-0.866025403784439,0.));
#10284=DIRECTION('',(-0.5,-0.866025403784439,0.));
#10285=DIRECTION('',(0.866025403784439,-0.5,0.));
#10286=DIRECTION('',(0.5,0.866025403784439,0.));
#10287=DIRECTION('',(-0.5,-0.866025403784439,0.));
#10288=DIRECTION('',(-0.5,-0.866025403784439,0.));
#10289=DIRECTION('',(0.866025403784439,-0.5,0.));
#10290=DIRECTION('',(0.5,0.866025403784439,0.));
#10291=DIRECTION('',(-0.5,-0.866025403784439,0.));
#10292=DIRECTION('',(-0.5,-0.866025403784439,0.));
#10293=DIRECTION('',(0.866025403784439,-0.5,0.));
#10294=DIRECTION('',(0.5,0.866025403784439,0.));
#10295=DIRECTION('',(-0.5,-0.866025403784439,0.));
#10296=DIRECTION('',(-0.5,-0.866025403784439,0.));
#10297=DIRECTION('',(0.866025403784439,-0.5,0.));
#10298=DIRECTION('',(0.5,0.866025403784439,0.));
#10299=DIRECTION('',(-0.5,-0.866025403784439,0.));
#10300=DIRECTION('',(-0.5,-0.866025403784439,0.));
#10301=DIRECTION('',(0.866025403784439,-0.5,0.));
#10302=DIRECTION('',(0.5,0.866025403784439,0.));
#10303=DIRECTION('',(-0.5,-0.866025403784439,0.));
#10304=DIRECTION('',(-0.5,-0.866025403784439,0.));
#10305=DIRECTION('',(0.866025403784439,-0.5,0.));
#10306=DIRECTION('',(0.5,0.866025403784439,0.));
#10307=DIRECTION('',(-0.5,-0.866025403784439,0.));
#10308=DIRECTION('',(-0.5,-0.866025403784439,0.));
#10309=DIRECTION('',(0.866025403784439,-0.5,0.));
#10310=DIRECTION('',(0.5,0.866025403784439,0.));
#10311=DIRECTION('',(-0.5,-0.866025403784439,0.));
#10312=DIRECTION('',(-0.5,-0.866025403784439,0.));
#10313=DIRECTION('',(0.866025403784439,-0.5,0.));
#10314=DIRECTION('',(0.5,0.866025403784439,0.));
#10315=DIRECTION('',(-0.5,-0.866025403784439,0.));
#10316=DIRECTION('',(-0.5,-0.866025403784439,0.));
#10317=DIRECTION('',(0.866025403784439,-0.5,0.));
#10318=DIRECTION('',(0.5,0.86602540378444,0.));
#10319=DIRECTION('',(-0.5,-0.866025403784439,0.));
#10320=DIRECTION('',(-0.5,-0.866025403784439,0.));
#10321=DIRECTION('',(0.866025403784439,-0.5,0.));
#10322=DIRECTION('',(0.5,0.866025403784439,0.));
#10323=DIRECTION('',(-0.5,-0.866025403784439,0.));
#10324=DIRECTION('',(-0.5,-0.866025403784439,0.));
#10325=DIRECTION('',(-0.866025403784438,-0.5,0.));
#10326=DIRECTION('',(0.5,-0.866025403784439,0.));
#10327=DIRECTION('',(-0.5,0.866025403784439,0.));
#10328=DIRECTION('',(-0.5,0.866025403784439,0.));
#10329=DIRECTION('',(0.866025403784439,-0.5,0.));
#10330=DIRECTION('',(0.5,0.866025403784439,0.));
#10331=DIRECTION('',(-0.5,-0.866025403784439,0.));
#10332=DIRECTION('',(-0.5,-0.866025403784439,0.));
#10333=DIRECTION('',(0.866025403784439,-0.5,0.));
#10334=DIRECTION('',(0.5,0.866025403784439,0.));
#10335=DIRECTION('',(-0.5,-0.866025403784439,0.));
#10336=DIRECTION('',(-0.5,-0.866025403784439,0.));
#10337=DIRECTION('',(0.866025403784439,-0.5,0.));
#10338=DIRECTION('',(0.5,0.866025403784439,0.));
#10339=DIRECTION('',(-0.5,-0.866025403784439,0.));
#10340=DIRECTION('',(-0.5,-0.866025403784439,0.));
#10341=DIRECTION('',(0.866025403784439,-0.5,0.));
#10342=DIRECTION('',(0.5,0.866025403784439,0.));
#10343=DIRECTION('',(-0.5,-0.866025403784439,0.));
#10344=DIRECTION('',(-0.5,-0.866025403784439,0.));
#10345=DIRECTION('',(0.866025403784439,-0.5,0.));
#10346=DIRECTION('',(0.5,0.866025403784439,0.));
#10347=DIRECTION('',(-0.5,-0.866025403784439,0.));
#10348=DIRECTION('',(-0.5,-0.866025403784439,0.));
#10349=DIRECTION('',(0.866025403784439,-0.5,0.));
#10350=DIRECTION('',(0.5,0.866025403784439,0.));
#10351=DIRECTION('',(-0.5,-0.866025403784439,0.));
#10352=DIRECTION('',(-0.5,-0.866025403784439,0.));
#10353=DIRECTION('',(0.866025403784439,-0.5,0.));
#10354=DIRECTION('',(0.5,0.866025403784439,0.));
#10355=DIRECTION('',(-0.5,-0.866025403784439,0.));
#10356=DIRECTION('',(-0.5,-0.866025403784439,0.));
#10357=DIRECTION('',(0.866025403784439,-0.5,0.));
#10358=DIRECTION('',(0.5,0.866025403784439,0.));
#10359=DIRECTION('',(-0.5,-0.866025403784439,0.));
#10360=DIRECTION('',(-0.5,-0.866025403784439,0.));
#10361=DIRECTION('',(0.866025403784439,-0.5,0.));
#10362=DIRECTION('',(0.5,0.866025403784439,0.));
#10363=DIRECTION('',(-0.5,-0.866025403784439,0.));
#10364=DIRECTION('',(-0.5,-0.866025403784439,0.));
#10365=DIRECTION('',(0.866025403784439,-0.5,0.));
#10366=DIRECTION('',(0.5,0.866025403784439,0.));
#10367=DIRECTION('',(-0.5,-0.866025403784439,0.));
#10368=DIRECTION('',(-0.5,-0.866025403784439,0.));
#10369=DIRECTION('',(0.866025403784439,-0.5,0.));
#10370=DIRECTION('',(0.5,0.866025403784439,0.));
#10371=DIRECTION('',(-0.5,-0.866025403784439,0.));
#10372=DIRECTION('',(-0.5,-0.866025403784439,0.));
#10373=DIRECTION('',(1.,7.74430123203932E-17,0.));
#10374=DIRECTION('',(-7.74430123203932E-17,1.,0.));
#10375=DIRECTION('',(7.74430123203932E-17,-1.,0.));
#10376=DIRECTION('',(0.,0.,-1.));
#10377=DIRECTION('',(7.74430123203932E-17,-1.,0.));
#10378=DIRECTION('',(0.,0.,1.));
#10379=DIRECTION('',(0.,0.,1.));
#10380=DIRECTION('',(1.,0.,0.));
#10381=DIRECTION('',(0.707106781186548,0.707106781186548,0.));
#10382=DIRECTION('',(0.707106781186545,-0.70710678118655,0.));
#10383=DIRECTION('',(-0.70710678118655,-0.707106781186545,0.));
#10384=DIRECTION('',(-0.707106781186553,0.707106781186543,0.));
#10385=DIRECTION('',(0.,0.,1.));
#10386=DIRECTION('',(1.,0.,0.));
#10387=DIRECTION('',(-0.707106781186548,-0.707106781186548,0.));
#10388=DIRECTION('',(0.707106781186553,-0.707106781186543,0.));
#10389=DIRECTION('',(0.70710678118655,0.707106781186545,0.));
#10390=DIRECTION('',(-0.707106781186545,0.70710678118655,0.));
#10391=DIRECTION('',(0.707106781186548,-0.707106781186548,0.));
#10392=DIRECTION('',(0.,0.,1.));
#10393=DIRECTION('',(0.707106781186543,0.707106781186552,0.));
#10394=DIRECTION('',(0.,0.,-1.));
#10395=DIRECTION('',(-0.70710678118655,-0.707106781186545,0.));
#10396=DIRECTION('',(0.,0.,-1.));
#10397=DIRECTION('',(-0.707106781186545,0.70710678118655,0.));
#10398=DIRECTION('',(0.,0.,1.));
#10399=DIRECTION('',(0.,0.,1.));
#10400=DIRECTION('',(1.,0.,0.));
#10401=DIRECTION('',(0.,1.,0.));
#10402=DIRECTION('',(0.,0.,1.));
#10403=DIRECTION('',(1.,0.,0.));
#10404=DIRECTION('',(0.,0.,-1.));
#10405=DIRECTION('',(1.,0.,0.));
#10406=DIRECTION('',(0.,0.,1.));
#10407=DIRECTION('',(1.,7.74430123203932E-17,0.));
#10408=DIRECTION('',(-7.74430123203932E-17,1.,0.));
#10409=DIRECTION('',(7.74430123203932E-17,-1.,0.));
#10410=DIRECTION('',(0.,0.,1.));
#10411=DIRECTION('',(7.74430123203932E-17,-1.,0.));
#10412=DIRECTION('',(0.,0.,-1.));
#10413=DIRECTION('',(0.,1.,0.));
#10414=DIRECTION('',(0.,0.,1.));
#10415=DIRECTION('',(1.,0.,0.));
#10416=DIRECTION('',(0.,0.,1.));
#10417=DIRECTION('',(1.,0.,0.));
#10418=DIRECTION('',(0.,0.,-1.));
#10419=DIRECTION('',(1.,-1.7347234759768E-16,0.));
#10420=DIRECTION('',(1.7347234759768E-16,1.,0.));
#10421=DIRECTION('',(-1.7347234759768E-16,-1.,0.));
#10422=DIRECTION('',(0.,0.,-1.));
#10423=DIRECTION('',(-1.7347234759768E-16,-1.,0.));
#10424=DIRECTION('',(0.,0.,-1.));
#10425=DIRECTION('',(0.,1.,0.));
#10426=DIRECTION('',(0.,0.,1.));
#10427=DIRECTION('',(1.,0.,0.));
#10428=DIRECTION('',(0.,0.,-1.));
#10429=DIRECTION('',(1.,0.,0.));
#10430=DIRECTION('',(1.,-1.7347234759768E-16,0.));
#10431=DIRECTION('',(1.7347234759768E-16,1.,0.));
#10432=DIRECTION('',(-1.7347234759768E-16,-1.,0.));
#10433=DIRECTION('',(0.,0.,-1.));
#10434=DIRECTION('',(-1.7347234759768E-16,-1.,0.));
#10435=DIRECTION('',(0.,1.,0.));
#10436=DIRECTION('',(0.,0.,1.));
#10437=DIRECTION('',(1.,0.,0.));
#10438=DIRECTION('',(1.,0.,0.));
#10439=DIRECTION('',(1.,7.74430123203932E-17,0.));
#10440=DIRECTION('',(-7.74430123203932E-17,1.,0.));
#10441=DIRECTION('',(7.74430123203932E-17,-1.,0.));
#10442=DIRECTION('',(0.,0.,-1.));
#10443=DIRECTION('',(7.74430123203932E-17,-1.,0.));
#10444=DIRECTION('',(0.,0.,1.));
#10445=DIRECTION('',(0.,0.,1.));
#10446=DIRECTION('',(1.,0.,0.));
#10447=DIRECTION('',(0.70710678118654,0.707106781186555,0.));
#10448=DIRECTION('',(0.707106781186548,-0.707106781186548,0.));
#10449=DIRECTION('',(-0.70710678118655,-0.707106781186545,0.));
#10450=DIRECTION('',(-0.707106781186548,0.707106781186548,0.));
#10451=DIRECTION('',(0.,0.,1.));
#10452=DIRECTION('',(1.,0.,0.));
#10453=DIRECTION('',(-0.70710678118654,-0.707106781186555,0.));
#10454=DIRECTION('',(0.707106781186548,-0.707106781186548,0.));
#10455=DIRECTION('',(0.70710678118655,0.707106781186545,0.));
#10456=DIRECTION('',(-0.707106781186548,0.707106781186548,0.));
#10457=DIRECTION('',(0.707106781186555,-0.70710678118654,0.));
#10458=DIRECTION('',(0.,0.,1.));
#10459=DIRECTION('',(-0.707106781186548,-0.707106781186548,0.));
#10460=DIRECTION('',(0.,0.,-1.));
#10461=DIRECTION('',(0.707106781186548,0.707106781186548,0.));
#10462=DIRECTION('',(0.,0.,-1.));
#10463=DIRECTION('',(-0.707106781186545,0.70710678118655,0.));
#10464=DIRECTION('',(0.,0.,1.));
#10465=DIRECTION('',(0.,0.,1.));
#10466=DIRECTION('',(1.,0.,0.));
#10467=DIRECTION('',(0.,-1.,0.));
#10468=DIRECTION('',(0.,0.,-1.));
#10469=DIRECTION('',(0.,0.,1.));
#10470=DIRECTION('',(-1.,0.,0.));
#10471=DIRECTION('',(0.,0.,1.));
#10472=DIRECTION('',(-1.,0.,0.));
#10473=DIRECTION('',(0.,0.707106781186548,0.707106781186548));
#10474=DIRECTION('',(0.,-0.707106781186548,0.707106781186548));
#10475=DIRECTION('',(0.,0.707106781186548,-0.707106781186548));
#10476=DIRECTION('',(-1.,0.,0.));
#10477=DIRECTION('',(0.,0.707106781186548,-0.707106781186548));
#10478=DIRECTION('',(0.,0.,1.));
#10479=DIRECTION('',(1.,0.,0.));
#10480=DIRECTION('',(0.,1.,0.));
#10481=DIRECTION('',(-1.,0.,0.));
#10482=DIRECTION('',(0.,1.,0.));
#10483=DIRECTION('',(0.,-0.707106781186547,0.707106781186548));
#10484=DIRECTION('',(0.,-0.707106781186548,-0.707106781186547));
#10485=DIRECTION('',(0.,0.707106781186548,0.707106781186547));
#10486=DIRECTION('',(-1.,0.,0.));
#10487=DIRECTION('',(0.,0.707106781186548,0.707106781186547));
#10488=DIRECTION('',(0.,-1.,-6.38548518764468E-16));
#10489=DIRECTION('',(0.,6.38548518764468E-16,-1.));
#10490=DIRECTION('',(0.,-6.38548518764468E-16,1.));
#10491=DIRECTION('',(-1.,0.,0.));
#10492=DIRECTION('',(0.,-6.38548518764468E-16,1.));
#10493=DIRECTION('',(0.,0.707106781186548,0.707106781186548));
#10494=DIRECTION('',(0.,-0.707106781186548,0.707106781186548));
#10495=DIRECTION('',(0.,0.707106781186548,-0.707106781186548));
#10496=DIRECTION('',(-1.,0.,0.));
#10497=DIRECTION('',(0.,0.707106781186548,-0.707106781186548));
#10498=DIRECTION('',(0.,-1.14929919733453E-15,1.));
#10499=DIRECTION('',(0.,-1.,-1.14929919733453E-15));
#10500=DIRECTION('',(0.,1.,1.14929919733453E-15));
#10501=DIRECTION('',(-1.,0.,0.));
#10502=DIRECTION('',(0.,1.,1.14929919733453E-15));
#10503=DIRECTION('',(0.,0.,-1.));
#10504=DIRECTION('',(-1.,0.,0.));
#10505=DIRECTION('',(0.,-1.,0.));
#10506=DIRECTION('',(-1.,0.,0.));
#10507=DIRECTION('',(0.,-1.,0.));
#10508=DIRECTION('',(-1.,0.,0.));
#10509=DIRECTION('',(0.,1.,3.46944695195361E-16));
#10510=DIRECTION('',(0.,-3.46944695195361E-16,1.));
#10511=DIRECTION('',(0.,3.46944695195361E-16,-1.));
#10512=DIRECTION('',(-1.,0.,0.));
#10513=DIRECTION('',(0.,3.46944695195361E-16,-1.));
#10514=DIRECTION('',(0.,0.,-1.));
#10515=DIRECTION('',(-1.,0.,0.));
#10516=DIRECTION('',(0.,-1.,0.));
#10517=DIRECTION('',(-1.,0.,0.));
#10518=DIRECTION('',(0.,-1.,0.));
#10519=DIRECTION('',(-1.,0.,0.));
#10520=DIRECTION('',(0.,0.,1.));
#10521=DIRECTION('',(1.,0.,0.));
#10522=DIRECTION('',(0.,0.,-1.));
#10523=DIRECTION('',(1.,0.,0.));
#10524=DIRECTION('',(0.,0.,-1.));
#10525=DIRECTION('',(-1.,0.,0.));
#10526=DIRECTION('',(0.,0.,1.));
#10527=DIRECTION('',(1.,0.,0.));
#10528=DIRECTION('',(0.,0.,-1.));
#10529=DIRECTION('',(1.,0.,0.));
#10530=DIRECTION('',(0.,0.,-1.));
#10531=DIRECTION('',(-1.,0.,0.));
#10532=DIRECTION('',(0.,0.,1.));
#10533=DIRECTION('',(1.,0.,0.));
#10534=DIRECTION('',(0.,0.,-1.));
#10535=DIRECTION('',(1.,0.,0.));
#10536=DIRECTION('',(0.,0.,-1.));
#10537=DIRECTION('',(-1.,0.,0.));
#10538=DIRECTION('',(0.,0.,1.));
#10539=DIRECTION('',(1.,0.,0.));
#10540=DIRECTION('',(0.,0.,-1.));
#10541=DIRECTION('',(1.,0.,0.));
#10542=DIRECTION('',(0.,0.,-1.));
#10543=DIRECTION('',(0.,1.,1.7347234759768E-16));
#10544=DIRECTION('',(0.,-1.7347234759768E-16,1.));
#10545=DIRECTION('',(0.,1.7347234759768E-16,-1.));
#10546=DIRECTION('',(0.,1.7347234759768E-16,-1.));
#10547=DIRECTION('',(0.,-0.70710678118655,0.707106781186545));
#10548=DIRECTION('',(0.,-0.707106781186545,-0.70710678118655));
#10549=DIRECTION('',(0.,0.707106781186545,0.70710678118655));
#10550=DIRECTION('',(0.,0.707106781186545,0.70710678118655));
#10551=DIRECTION('',(1.,0.,0.));
#10552=DIRECTION('',(0.,1.,0.));
#10553=DIRECTION('',(1.,0.,0.));
#10554=DIRECTION('',(0.,1.,0.));
#10555=DIRECTION('',(0.,0.,1.));
#10556=DIRECTION('',(1.,0.,0.));
#10557=DIRECTION('',(0.,0.,1.));
#10558=DIRECTION('',(1.,0.,0.));
#10559=DIRECTION('',(1.28498035257541E-16,-1.,0.));
#10560=DIRECTION('',(-1.,0.,0.));
#10561=DIRECTION('',(0.,-1.,0.));
#10562=DIRECTION('',(1.,0.,0.));
#10563=DIRECTION('',(0.,0.,1.));
#10564=DIRECTION('',(1.,0.,0.));
#10565=DIRECTION('',(6.42490176287706E-17,-1.,0.));
#10566=DIRECTION('',(-1.,0.,0.));
#10567=DIRECTION('',(1.0842021724855E-16,-1.,0.));
#10568=DIRECTION('',(1.,0.,0.));
#10569=DIRECTION('',(0.,0.,1.));
#10570=DIRECTION('',(1.,0.,0.));
#10571=DIRECTION('',(1.,0.,0.));
#10572=DIRECTION('',(0.,-1.,0.));
#10573=DIRECTION('',(1.,0.,0.));
#10574=DIRECTION('',(0.,1.,0.));
#10575=DIRECTION('',(0.,0.,1.));
#10576=DIRECTION('',(1.,0.,0.));
#10577=DIRECTION('',(1.,0.,0.));
#10578=DIRECTION('',(0.,-1.,0.));
#10579=DIRECTION('',(1.,1.7347234759768E-16,0.));
#10580=DIRECTION('',(0.,1.,0.));
#10581=DIRECTION('',(0.,0.,1.));
#10582=DIRECTION('',(1.,0.,0.));
#10583=DIRECTION('',(1.0842021724855E-16,-1.,0.));
#10584=DIRECTION('',(-1.,0.,0.));
#10585=DIRECTION('',(0.,-1.,0.));
#10586=DIRECTION('',(1.,0.,0.));
#10587=DIRECTION('',(0.,0.,1.));
#10588=DIRECTION('',(1.,0.,0.));
#10589=DIRECTION('',(0.,-1.,0.));
#10590=DIRECTION('',(-1.,0.,0.));
#10591=DIRECTION('',(-1.28498035257541E-16,-1.,0.));
#10592=DIRECTION('',(1.,0.,0.));
#10593=DIRECTION('',(0.,0.,1.));
#10594=DIRECTION('',(1.,0.,0.));
#10595=DIRECTION('',(1.,0.,0.));
#10596=DIRECTION('',(0.,1.,0.));
#10597=DIRECTION('',(1.,0.,0.));
#10598=DIRECTION('',(0.,-1.,0.));
#10599=DIRECTION('',(0.,0.,1.));
#10600=DIRECTION('',(1.,0.,0.));
#10601=DIRECTION('',(1.,0.,0.));
#10602=DIRECTION('',(0.,1.,0.));
#10603=DIRECTION('',(1.,-1.7347234759768E-16,0.));
#10604=DIRECTION('',(0.,-1.,0.));
#10605=DIRECTION('',(-1.,-1.0842021724855E-16,0.));
#10606=DIRECTION('',(1.0842021724855E-16,-1.,0.));
#10607=DIRECTION('',(0.,0.,1.));
#10608=DIRECTION('',(-1.0842021724855E-16,1.,0.));
#10609=DIRECTION('',(0.,0.,1.));
#10610=DIRECTION('',(0.,1.,0.));
#10611=DIRECTION('',(0.,0.,-1.));
#10612=DIRECTION('',(-7.66646708341688E-17,0.707106781186549,0.707106781186547));
#10613=DIRECTION('',(7.66646708341688E-17,-0.707106781186549,0.707106781186547));
#10614=DIRECTION('',(0.,0.,-1.));
#10615=DIRECTION('',(0.,-1.,0.));
#10616=DIRECTION('',(0.,0.,1.));
#10617=DIRECTION('',(1.,0.,0.));
#10618=DIRECTION('',(0.,0.,1.));
#10619=DIRECTION('',(1.,0.,0.));
#10620=DIRECTION('',(0.,0.,1.));
#10621=DIRECTION('',(0.,0.,1.));
#10622=DIRECTION('',(1.,0.,0.));
#10623=DIRECTION('',(0.,-1.,0.));
#10624=DIRECTION('',(0.,0.,-1.));
#10625=DIRECTION('',(-1.,0.,0.));
#10626=DIRECTION('',(0.,0.,1.));
#10627=DIRECTION('',(-1.,0.,0.));
#10628=DIRECTION('',(0.,0.,-1.));
#10629=DIRECTION('',(0.707106781186549,0.,-0.707106781186547));
#10630=DIRECTION('',(-0.707106781186549,0.,-0.707106781186547));
#10631=DIRECTION('',(0.,0.,-1.));
#10632=DIRECTION('',(1.,0.,0.));
#10633=DIRECTION('',(0.,0.,1.));
#10634=DIRECTION('',(1.,0.,0.));
#10635=DIRECTION('',(0.,0.,1.));
#10636=DIRECTION('',(1.,0.,0.));
#10637=DIRECTION('',(0.,0.,1.));
#10638=DIRECTION('',(0.,0.,-1.));
#10639=DIRECTION('',(1.,0.,0.));
#10640=DIRECTION('',(-1.,2.16840434497101E-16,0.));
#10641=DIRECTION('',(-2.16840434497101E-16,-1.,0.));
#10642=DIRECTION('',(-2.16840434497101E-16,-1.,0.));
#10643=DIRECTION('',(0.,0.,1.));
#10644=DIRECTION('',(0.,-1.,0.));
#10645=DIRECTION('',(0.,0.,-1.));
#10646=DIRECTION('',(-1.53329341668337E-16,-0.707106781186549,0.707106781186547));
#10647=DIRECTION('',(1.53329341668337E-16,0.707106781186549,0.707106781186547));
#10648=DIRECTION('',(0.,0.,-1.));
#10649=DIRECTION('',(0.,1.,0.));
#10650=DIRECTION('',(0.,0.,1.));
#10651=DIRECTION('',(1.,0.,0.));
#10652=DIRECTION('',(0.,0.,1.));
#10653=DIRECTION('',(1.,0.,0.));
#10654=DIRECTION('',(0.,0.,1.));
#10655=DIRECTION('',(0.,0.,1.));
#10656=DIRECTION('',(1.,0.,0.));
#10657=DIRECTION('',(0.,-1.,0.));
#10658=DIRECTION('',(0.,0.,-1.));
#10659=DIRECTION('',(1.,0.,0.));
#10660=DIRECTION('',(0.,0.,1.));
#10661=DIRECTION('',(1.,0.,0.));
#10662=DIRECTION('',(0.,0.,-1.));
#10663=DIRECTION('',(-0.707106781186549,0.,-0.707106781186547));
#10664=DIRECTION('',(0.707106781186549,0.,-0.707106781186547));
#10665=DIRECTION('',(0.,0.,-1.));
#10666=DIRECTION('',(-1.,0.,0.));
#10667=DIRECTION('',(-1.,0.,0.));
#10668=DIRECTION('',(0.,0.,1.));
#10669=DIRECTION('',(0.,0.,1.));
#10670=DIRECTION('',(0.,-1.,0.));
#10671=DIRECTION('',(0.,0.,1.));
#10672=DIRECTION('',(0.,-1.,0.));
#10673=DIRECTION('',(0.,-1.,0.));
#10674=DIRECTION('',(0.,0.,-1.));
#10675=DIRECTION('',(0.,0.,1.));
#10676=DIRECTION('',(1.,0.,0.));
#10677=DIRECTION('',(1.,0.,0.));
#10678=DIRECTION('',(-1.,0.,0.));
#10679=DIRECTION('',(0.,0.,1.));
#10680=DIRECTION('',(0.,0.,1.));
#10681=DIRECTION('',(0.,-1.,0.));
#10682=DIRECTION('',(0.,-1.,0.));
#10683=DIRECTION('',(1.,0.,0.));
#10684=DIRECTION('',(0.,0.,-1.));
#10685=DIRECTION('',(0.,0.,1.));
#10686=DIRECTION('',(0.,-1.,0.));
#10687=DIRECTION('',(0.,0.,1.));
#10688=DIRECTION('',(0.,1.,0.));
#10689=DIRECTION('',(0.,1.,0.));
#10690=DIRECTION('',(0.,0.,1.));
#10691=DIRECTION('',(0.,0.,1.));
#10692=DIRECTION('',(1.,0.,0.));
#10693=DIRECTION('',(-1.,0.,0.));
#10694=DIRECTION('',(1.,0.,0.));
#10695=DIRECTION('',(0.,0.,-1.));
#10696=DIRECTION('',(0.,0.,1.));
#10697=DIRECTION('',(0.,-1.,0.));
#10698=DIRECTION('',(0.,1.,0.));
#10699=DIRECTION('',(0.,-1.,0.));
#10700=DIRECTION('',(0.,0.,-1.));
#10701=DIRECTION('',(0.,0.,1.));
#10702=DIRECTION('',(1.,0.,0.));
#10703=DIRECTION('',(0.,0.,-1.));
#10704=DIRECTION('',(1.,0.,0.));
#10705=DIRECTION('',(0.,0.,1.));
#10706=DIRECTION('',(1.,0.,0.));
#10707=DIRECTION('',(1.,0.,0.));
#10708=DIRECTION('',(0.,0.,-1.));
#10709=DIRECTION('',(0.,1.,0.));
#10710=DIRECTION('',(0.,1.,0.));
#10711=DIRECTION('',(0.,0.,1.));
#10712=DIRECTION('',(0.,-1.,0.));
#10713=DIRECTION('',(0.,0.,-1.));
#10714=DIRECTION('',(1.,0.,0.));
#10715=DIRECTION('',(1.,0.,0.));
#10716=DIRECTION('',(0.,0.,1.));
#10717=DIRECTION('',(0.,1.,0.));
#10718=DIRECTION('',(0.,0.,1.));
#10719=DIRECTION('',(0.,0.,1.));
#10720=DIRECTION('',(1.,0.,0.));
#10721=DIRECTION('',(0.,0.,1.));
#10722=DIRECTION('',(-1.,0.,0.));
#10723=DIRECTION('',(-1.,0.,0.));
#10724=DIRECTION('',(0.,0.,1.));
#10725=DIRECTION('',(0.,0.,1.));
#10726=DIRECTION('',(0.,-1.,0.));
#10727=DIRECTION('',(0.,-1.,0.));
#10728=DIRECTION('',(0.,1.,0.));
#10729=DIRECTION('',(0.,0.,1.));
#10730=DIRECTION('',(0.,0.,1.));
#10731=DIRECTION('',(1.,0.,0.));
#10732=DIRECTION('',(-1.,0.,0.));
#10733=DIRECTION('',(0.,-1.,0.));
#10734=DIRECTION('',(0.,0.,-1.));
#10735=DIRECTION('',(1.,0.,0.));
#10736=DIRECTION('',(1.,0.,0.));
#10737=DIRECTION('',(0.,1.,0.));
#10738=DIRECTION('',(0.,0.,1.));
#10739=DIRECTION('',(1.,0.,0.));
#10740=DIRECTION('',(-1.,0.,0.));
#10741=DIRECTION('',(1.,0.,0.));
#10742=DIRECTION('',(0.,0.,-1.));
#10743=DIRECTION('',(0.,-1.,0.));
#10744=DIRECTION('',(0.,0.,-1.));
#10745=DIRECTION('',(0.,-1.,0.));
#10746=DIRECTION('',(0.,1.,0.));
#10747=DIRECTION('',(-1.,-9.77309000550317E-16,0.));
#10748=DIRECTION('',(9.77309000550317E-16,-1.,0.));
#10749=DIRECTION('',(0.,-1.,0.));
#10750=DIRECTION('',(9.77309000550317E-16,-1.,0.));
#10751=DIRECTION('',(0.,0.,1.));
#10752=DIRECTION('',(1.,0.,0.));
#10753=DIRECTION('',(0.,0.,1.));
#10754=DIRECTION('',(1.,0.,0.));
#10755=DIRECTION('',(0.,0.,-1.));
#10756=DIRECTION('',(1.,0.,0.));
#10757=DIRECTION('',(0.,0.,1.));
#10758=DIRECTION('',(1.,0.,0.));
#10759=DIRECTION('',(-1.,0.,0.));
#10760=DIRECTION('',(0.,0.,1.));
#10761=DIRECTION('',(1.,0.,0.));
#10762=DIRECTION('',(2.16840434497101E-16,1.,0.));
#10763=DIRECTION('',(0.,0.,1.));
#10764=DIRECTION('',(1.,0.,0.));
#10765=DIRECTION('',(1.,0.,0.));
#10766=DIRECTION('',(0.,0.,1.));
#10767=DIRECTION('',(1.,0.,0.));
#10768=DIRECTION('',(1.0842021724855E-16,-1.,0.));
#10769=DIRECTION('',(0.,0.,1.));
#10770=DIRECTION('',(1.,0.,0.));
#10771=DIRECTION('',(1.,6.42490176287706E-17,0.));
#10772=DIRECTION('',(-6.42490176287706E-17,1.,0.));
#10773=DIRECTION('',(0.,0.,-1.));
#10774=DIRECTION('',(0.,1.,0.));
#10775=DIRECTION('',(0.,0.,-1.));
#10776=DIRECTION('',(4.54309160498778E-17,-0.707106781186549,-0.707106781186547));
#10777=DIRECTION('',(-4.54309160498778E-17,0.707106781186549,-0.707106781186547));
#10778=DIRECTION('',(0.,0.,-1.));
#10779=DIRECTION('',(0.,-1.,0.));
#10780=DIRECTION('',(0.,0.,-1.));
#10781=DIRECTION('',(6.42490176287706E-17,-1.,0.));
#10782=DIRECTION('',(0.,1.,0.));
#10783=DIRECTION('',(0.,0.,1.));
#10784=DIRECTION('',(0.,0.,-1.));
#10785=DIRECTION('',(1.,0.,0.));
#10786=DIRECTION('',(1.,0.,0.));
#10787=DIRECTION('',(1.,0.,0.));
#10788=DIRECTION('',(0.,0.,-1.));
#10789=DIRECTION('',(0.,0.707106781186549,0.707106781186547));
#10790=DIRECTION('',(0.,0.,-1.));
#10791=DIRECTION('',(0.,-1.,0.));
#10792=DIRECTION('',(0.,-1.,0.));
#10793=DIRECTION('',(0.,0.,-1.));
#10794=DIRECTION('',(0.,1.,0.));
#10795=DIRECTION('',(0.,0.,-1.));
#10796=DIRECTION('',(0.,-0.707106781186549,0.707106781186547));
#10797=DIRECTION('',(1.,0.,0.));
#10798=DIRECTION('',(0.,0.,-1.));
#10799=DIRECTION('',(0.,0.,-1.));
#10800=DIRECTION('',(0.,-1.,0.));
#10801=DIRECTION('',(0.,0.,-1.));
#10802=DIRECTION('',(0.,0.707106781186549,0.707106781186547));
#10803=DIRECTION('',(0.,-0.707106781186549,0.707106781186547));
#10804=DIRECTION('',(0.,0.,-1.));
#10805=DIRECTION('',(0.,1.,0.));
#10806=DIRECTION('',(0.,0.,-1.));
#10807=DIRECTION('',(0.,-1.,0.));
#10808=DIRECTION('',(0.,-1.,0.));
#10809=DIRECTION('',(0.,0.,-1.));
#10810=DIRECTION('',(0.,0.,-1.));
#10811=DIRECTION('',(-1.,0.,0.));
#10812=DIRECTION('',(-1.,0.,0.));
#10813=DIRECTION('',(1.,0.,0.));
#10814=DIRECTION('',(0.,0.,-1.));
#10815=DIRECTION('',(0.,-0.707106781186549,-0.707106781186547));
#10816=DIRECTION('',(0.,0.,-1.));
#10817=DIRECTION('',(0.,1.,0.));
#10818=DIRECTION('',(0.,-1.,0.));
#10819=DIRECTION('',(0.,0.,-1.));
#10820=DIRECTION('',(0.,-1.,0.));
#10821=DIRECTION('',(0.,0.,-1.));
#10822=DIRECTION('',(0.,0.707106781186549,-0.707106781186547));
#10823=DIRECTION('',(1.,0.,0.));
#10824=DIRECTION('',(0.,0.,-1.));
#10825=DIRECTION('',(0.,0.,-1.));
#10826=DIRECTION('',(0.,1.,0.));
#10827=DIRECTION('',(0.,0.,-1.));
#10828=DIRECTION('',(0.,-1.,0.));
#10829=DIRECTION('',(0.,1.,0.));
#10830=DIRECTION('',(0.,0.,1.));
#10831=DIRECTION('',(-0.707106781186549,0.,0.707106781186547));
#10832=DIRECTION('',(0.,0.,-1.));
#10833=DIRECTION('',(1.,0.,0.));
#10834=DIRECTION('',(1.,0.,0.));
#10835=DIRECTION('',(0.,0.,-1.));
#10836=DIRECTION('',(-1.,0.,0.));
#10837=DIRECTION('',(0.,0.,-1.));
#10838=DIRECTION('',(0.707106781186549,0.,0.707106781186547));
#10839=DIRECTION('',(1.,0.,0.));
#10840=DIRECTION('',(0.,0.,-1.));
#10841=DIRECTION('',(0.,0.,-1.));
#10842=DIRECTION('',(0.,1.,0.));
#10843=DIRECTION('',(0.,-1.,0.));
#10844=DIRECTION('',(0.,1.,0.));
#10845=DIRECTION('',(0.,0.,1.));
#10846=DIRECTION('',(0.,0.,-1.));
#10847=DIRECTION('',(1.,0.,0.));
#10848=DIRECTION('',(0.,0.,-1.));
#10849=DIRECTION('',(-0.707106781186549,0.,0.707106781186547));
#10850=DIRECTION('',(0.707106781186549,0.,0.707106781186547));
#10851=DIRECTION('',(0.,0.,-1.));
#10852=DIRECTION('',(-1.,0.,0.));
#10853=DIRECTION('',(0.,0.,-1.));
#10854=DIRECTION('',(1.,0.,0.));
#10855=DIRECTION('',(-1.,0.,0.));
#10856=DIRECTION('',(0.,0.,1.));
#10857=DIRECTION('',(0.,0.,-1.));
#10858=DIRECTION('',(0.,-1.,0.));
#10859=DIRECTION('',(0.,1.,0.));
#10860=DIRECTION('',(0.,1.,0.));
#10861=DIRECTION('',(0.,0.,1.));
#10862=DIRECTION('',(0.707106781186549,0.,-0.707106781186547));
#10863=DIRECTION('',(0.,0.,-1.));
#10864=DIRECTION('',(-1.,0.,0.));
#10865=DIRECTION('',(1.,0.,0.));
#10866=DIRECTION('',(0.,0.,-1.));
#10867=DIRECTION('',(1.,0.,0.));
#10868=DIRECTION('',(0.,0.,-1.));
#10869=DIRECTION('',(-0.707106781186549,0.,-0.707106781186547));
#10870=DIRECTION('',(0.,0.,-1.));
#10871=DIRECTION('',(-1.,0.,0.));
#10872=DIRECTION('',(0.,0.,-1.));
#10873=DIRECTION('',(0.,0.,1.));
#10874=DIRECTION('',(1.,0.,0.));
#10875=DIRECTION('',(0.,0.,-1.));
#10876=DIRECTION('',(0.,0.,1.));
#10877=DIRECTION('',(1.,0.,0.));
#10878=DIRECTION('',(0.,1.,0.));
#10879=DIRECTION('',(0.,0.,1.));
#10880=DIRECTION('',(1.,0.,0.));
#10881=DIRECTION('',(0.,0.,1.));
#10882=DIRECTION('',(-1.,0.,0.));
#10883=DIRECTION('',(1.,-1.28498035257541E-16,0.));
#10884=DIRECTION('',(1.28498035257541E-16,1.,0.));
#10885=DIRECTION('',(-1.28498035257541E-16,-1.,0.));
#10886=DIRECTION('',(0.,0.,1.));
#10887=DIRECTION('',(0.,-1.,0.));
#10888=DIRECTION('',(0.,0.,-1.));
#10889=DIRECTION('',(9.08618320997556E-17,0.707106781186549,-0.707106781186547));
#10890=DIRECTION('',(-9.08618320997556E-17,-0.707106781186549,-0.707106781186547));
#10891=DIRECTION('',(0.,0.,-1.));
#10892=DIRECTION('',(0.,1.,0.));
#10893=DIRECTION('',(0.,0.,-1.));
#10894=DIRECTION('',(0.,-1.,0.));
#10895=DIRECTION('',(0.,0.,-1.));
#10896=DIRECTION('',(-1.,0.,0.));
#10897=DIRECTION('',(0.,0.,-1.));
#10898=DIRECTION('',(-1.,0.,0.));
#10899=DIRECTION('',(0.,0.,-1.));
#10900=DIRECTION('',(0.,0.,-1.));
#10901=DIRECTION('',(-1.,0.,0.));
#10902=DIRECTION('',(0.,0.,-1.));
#10903=DIRECTION('',(0.,0.,-1.));
#10904=DIRECTION('',(1.,0.,0.));
#10905=DIRECTION('',(0.,0.,1.));
#10906=DIRECTION('',(1.,0.,0.));
#10907=DIRECTION('',(-1.,0.,0.));
#10908=DIRECTION('',(0.,0.,1.));
#10909=DIRECTION('',(0.,1.,0.));
#10910=DIRECTION('',(0.,0.,1.));
#10911=DIRECTION('',(0.,-1.,0.));
#10912=DIRECTION('',(1.7347234759768E-16,1.,0.));
#10913=DIRECTION('',(-1.,1.7347234759768E-16,0.));
#10914=DIRECTION('',(-1.,0.,0.));
#10915=DIRECTION('',(0.,0.,-1.));
#10916=DIRECTION('',(-1.,1.7347234759768E-16,0.));
#10917=DIRECTION('',(0.,0.,1.));
#10918=DIRECTION('',(1.,0.,0.));
#10919=DIRECTION('',(0.,0.,-1.));
#10920=DIRECTION('',(-0.707106781186549,1.2266347333467E-16,0.707106781186547));
#10921=DIRECTION('',(0.707106781186549,-1.2266347333467E-16,0.707106781186547));
#10922=DIRECTION('',(0.,0.,-1.));
#10923=DIRECTION('',(-1.,0.,0.));
#10924=DIRECTION('',(0.,0.,1.));
#10925=DIRECTION('',(0.,-1.,0.));
#10926=DIRECTION('',(0.,0.,-1.));
#10927=DIRECTION('',(0.,1.,0.));
#10928=DIRECTION('',(0.,0.,-1.));
#10929=DIRECTION('',(0.,0.,-1.));
#10930=DIRECTION('',(-1.,0.,0.));
#10931=DIRECTION('',(0.,0.,-1.));
#10932=DIRECTION('',(0.,0.,1.));
#10933=DIRECTION('',(1.,0.,0.));
#10934=DIRECTION('',(0.,0.,1.));
#10935=DIRECTION('',(1.,0.,0.));
#10936=DIRECTION('',(0.,-1.,0.));
#10937=DIRECTION('',(0.,0.,-1.));
#10938=DIRECTION('',(-1.,0.,0.));
#10939=DIRECTION('',(0.,0.,1.));
#10940=DIRECTION('',(1.,0.,0.));
#10941=DIRECTION('',(1.,1.28498035257541E-16,0.));
#10942=DIRECTION('',(-1.28498035257541E-16,1.,0.));
#10943=DIRECTION('',(0.,-1.,0.));
#10944=DIRECTION('',(0.,0.,-1.));
#10945=DIRECTION('',(-1.28498035257541E-16,1.,0.));
#10946=DIRECTION('',(0.,0.,1.));
#10947=DIRECTION('',(0.,1.,0.));
#10948=DIRECTION('',(0.,0.,-1.));
#10949=DIRECTION('',(9.08618320997556E-17,-0.707106781186549,-0.707106781186547));
#10950=DIRECTION('',(-9.08618320997556E-17,0.707106781186549,-0.707106781186547));
#10951=DIRECTION('',(0.,0.,-1.));
#10952=DIRECTION('',(0.,-1.,0.));
#10953=DIRECTION('',(0.,0.,-1.));
#10954=DIRECTION('',(1.,0.,0.));
#10955=DIRECTION('',(0.,0.,-1.));
#10956=DIRECTION('',(-1.,0.,0.));
#10957=DIRECTION('',(0.,0.,-1.));
#10958=DIRECTION('',(0.,0.,-1.));
#10959=DIRECTION('',(-1.,0.,0.));
#10960=DIRECTION('',(0.,0.,-1.));
#10961=DIRECTION('',(0.,0.,-1.));
#10962=DIRECTION('',(1.,0.,0.));
#10963=DIRECTION('',(0.,0.,1.));
#10964=DIRECTION('',(1.,0.,0.));
#10965=DIRECTION('',(1.,0.,0.));
#10966=DIRECTION('',(0.,0.,-1.));
#10967=DIRECTION('',(0.,-1.,0.));
#10968=DIRECTION('',(0.,0.,1.));
#10969=DIRECTION('',(0.,1.,0.));
#10970=DIRECTION('',(-1.7347234759768E-16,1.,0.));
#10971=DIRECTION('',(-1.,-1.7347234759768E-16,0.));
#10972=DIRECTION('',(1.,1.7347234759768E-16,0.));
#10973=DIRECTION('',(0.,0.,1.));
#10974=DIRECTION('',(-1.,0.,0.));
#10975=DIRECTION('',(0.,0.,-1.));
#10976=DIRECTION('',(0.707106781186549,1.2266347333467E-16,0.707106781186547));
#10977=DIRECTION('',(-0.707106781186549,-1.2266347333467E-16,0.707106781186547));
#10978=DIRECTION('',(0.,0.,-1.));
#10979=DIRECTION('',(1.,0.,0.));
#10980=DIRECTION('',(0.,0.,-1.));
#10981=DIRECTION('',(0.,1.,0.));
#10982=DIRECTION('',(0.,0.,1.));
#10983=DIRECTION('',(1.,0.,0.));
#10984=DIRECTION('',(1.,0.,0.));
#10985=DIRECTION('',(0.,-1.,0.));
#10986=DIRECTION('',(0.,0.,-1.));
#10987=DIRECTION('',(-1.,0.,0.));
#10988=DIRECTION('',(-1.,0.,0.));
#10989=DIRECTION('',(0.,1.,0.));
#10990=DIRECTION('',(0.,0.,1.));
#10991=DIRECTION('',(-1.,0.,0.));
#10992=DIRECTION('',(0.,0.,-1.));
#10993=DIRECTION('',(0.707106781186549,0.,-0.707106781186547));
#10994=DIRECTION('',(-0.707106781186549,0.,-0.707106781186547));
#10995=DIRECTION('',(0.,0.,-1.));
#10996=DIRECTION('',(1.,0.,0.));
#10997=DIRECTION('',(1.,0.,0.));
#10998=DIRECTION('',(-1.,0.,0.));
#10999=DIRECTION('',(0.,0.,1.));
#11000=DIRECTION('',(0.,-1.,0.));
#11001=DIRECTION('',(0.,1.,0.));
#11002=DIRECTION('',(0.,0.,-1.));
#11003=DIRECTION('',(-1.,0.,0.));
#11004=DIRECTION('',(0.,0.,1.));
#11005=DIRECTION('',(1.,0.,0.));
#11006=DIRECTION('',(0.,0.,-1.));
#11007=DIRECTION('',(1.,0.,0.));
#11008=DIRECTION('',(0.,0.,-1.));
#11009=DIRECTION('',(-1.,0.,0.));
#11010=DIRECTION('',(0.,0.,1.));
#11011=DIRECTION('',(1.,0.,0.));
#11012=DIRECTION('',(0.,0.,1.));
#11013=DIRECTION('',(1.,0.,0.));
#11014=DIRECTION('',(0.,0.,-1.));
#11015=DIRECTION('',(-1.,0.,0.));
#11016=DIRECTION('',(0.,0.,1.));
#11017=DIRECTION('',(1.,0.,0.));
#11018=DIRECTION('',(0.,0.,-1.));
#11019=DIRECTION('',(1.,0.,0.));
#11020=DIRECTION('',(0.,0.,-1.));
#11021=DIRECTION('',(-1.,0.,0.));
#11022=DIRECTION('',(0.,0.,1.));
#11023=DIRECTION('',(1.,0.,0.));
#11024=DIRECTION('',(0.,0.,1.));
#11025=DIRECTION('',(1.,0.,0.));
#11026=DIRECTION('',(1.,0.,0.));
#11027=DIRECTION('',(0.,0.,-1.));
#11028=DIRECTION('',(0.,1.,0.));
#11029=DIRECTION('',(0.,0.,-1.));
#11030=DIRECTION('',(0.,-1.,0.));
#11031=DIRECTION('',(0.,0.,1.));
#11032=DIRECTION('',(1.,0.,0.));
#11033=DIRECTION('',(0.,0.,1.));
#11034=DIRECTION('',(1.,0.,0.));
#11035=DIRECTION('',(0.,0.,1.));
#11036=DIRECTION('',(1.,0.,0.));
#11037=DIRECTION('',(0.,0.,1.));
#11038=DIRECTION('',(1.,0.,0.));
#11039=DIRECTION('',(0.,0.,1.));
#11040=DIRECTION('',(1.,0.,0.));
#11041=DIRECTION('',(0.,0.,1.));
#11042=DIRECTION('',(1.,0.,0.));
#11043=DIRECTION('',(0.,0.,1.));
#11044=DIRECTION('',(1.,0.,0.));
#11045=DIRECTION('',(0.,0.,1.));
#11046=DIRECTION('',(1.,0.,0.));
#11047=DIRECTION('',(0.,0.,1.));
#11048=DIRECTION('',(1.,0.,0.));
#11049=DIRECTION('',(0.,0.,1.));
#11050=DIRECTION('',(1.,0.,0.));
#11051=DIRECTION('',(0.,0.,1.));
#11052=DIRECTION('',(1.,0.,0.));
#11053=DIRECTION('',(0.,0.,1.));
#11054=DIRECTION('',(1.,0.,0.));
#11055=DIRECTION('',(0.,0.,1.));
#11056=DIRECTION('',(1.,0.,0.));
#11057=DIRECTION('',(1.,-1.7347234759768E-16,0.));
#11058=DIRECTION('',(1.28498035257541E-16,1.,0.));
#11059=DIRECTION('',(-1.,-1.7347234759768E-16,0.));
#11060=DIRECTION('',(1.28498035257541E-16,-1.,0.));
#11061=DIRECTION('',(0.,1.,0.));
#11062=DIRECTION('',(0.,0.,1.));
#11063=DIRECTION('',(-1.,0.,0.));
#11064=DIRECTION('',(1.,0.,0.));
#11065=DIRECTION('',(1.,0.,0.));
#11066=DIRECTION('',(0.,0.,-1.));
#11067=DIRECTION('',(0.,1.,0.));
#11068=DIRECTION('',(0.,-1.,0.));
#11069=DIRECTION('',(1.,0.,0.));
#11070=DIRECTION('',(0.,0.,-1.));
#11071=DIRECTION('',(0.,1.,0.));
#11072=DIRECTION('',(0.,-1.,0.));
#11073=DIRECTION('',(0.,1.,0.));
#11074=DIRECTION('',(0.,0.,1.));
#11075=DIRECTION('',(-1.,0.,0.));
#11076=DIRECTION('',(1.,0.,0.));
#11077=DIRECTION('',(0.,0.,1.));
#11078=DIRECTION('',(1.,0.,0.));
#11079=DIRECTION('',(-0.707106781186548,0.707106781186548,0.));
#11080=DIRECTION('',(-0.707106781186542,0.707106781186554,0.));
#11081=DIRECTION('',(1.,0.,0.));
#11082=DIRECTION('',(0.,0.,-1.));
#11083=DIRECTION('',(0.,-1.,0.));
#11084=DIRECTION('',(0.,-1.,0.));
#11085=DIRECTION('',(1.,0.,0.));
#11086=DIRECTION('',(0.,0.,-1.));
#11087=DIRECTION('',(0.,-1.,0.));
#11088=DIRECTION('',(0.,-1.,0.));
#11089=DIRECTION('',(0.,-1.,0.));
#11090=DIRECTION('',(0.,0.,-1.));
#11091=DIRECTION('',(-1.,0.,0.));
#11092=DIRECTION('',(-1.,0.,0.));
#11093=DIRECTION('',(0.,-1.,0.));
#11094=DIRECTION('',(0.,0.,-1.));
#11095=DIRECTION('',(-1.,0.,0.));
#11096=DIRECTION('',(-1.,0.,0.));
#11097=DIRECTION('',(0.,0.,1.));
#11098=DIRECTION('',(1.,0.,0.));
#11099=DIRECTION('',(0.707106781186535,0.70710678118656,0.));
#11100=DIRECTION('',(0.707106781186548,0.707106781186548,0.));
#11101=DIRECTION('',(0.,-1.,0.));
#11102=DIRECTION('',(0.,0.,-1.));
#11103=DIRECTION('',(1.,0.,0.));
#11104=DIRECTION('',(-1.,0.,0.));
#11105=DIRECTION('',(0.,-1.,0.));
#11106=DIRECTION('',(0.,0.,-1.));
#11107=DIRECTION('',(1.,0.,0.));
#11108=DIRECTION('',(-1.,0.,0.));
#11109=DIRECTION('',(-1.,0.,0.));
#11110=DIRECTION('',(0.,0.,1.));
#11111=DIRECTION('',(0.,-1.,0.));
#11112=DIRECTION('',(0.,1.,0.));
#11113=DIRECTION('',(-1.,0.,0.));
#11114=DIRECTION('',(0.,0.,1.));
#11115=DIRECTION('',(0.,-1.,0.));
#11116=DIRECTION('',(0.,1.,0.));
#11117=DIRECTION('',(0.,0.,1.));
#11118=DIRECTION('',(1.,0.,0.));
#11119=DIRECTION('',(-0.707106781186548,0.707106781186548,0.));
#11120=DIRECTION('',(-0.707106781186535,0.70710678118656,0.));
#11121=DIRECTION('',(-1.,0.,0.));
#11122=DIRECTION('',(0.,0.,1.));
#11123=DIRECTION('',(0.,1.,0.));
#11124=DIRECTION('',(0.,1.,0.));
#11125=DIRECTION('',(-1.,0.,0.));
#11126=DIRECTION('',(0.,0.,1.));
#11127=DIRECTION('',(0.,1.,0.));
#11128=DIRECTION('',(0.,1.,0.));
#11129=DIRECTION('',(0.,1.,0.));
#11130=DIRECTION('',(0.,0.,1.));
#11131=DIRECTION('',(1.,0.,0.));
#11132=DIRECTION('',(1.,0.,0.));
#11133=DIRECTION('',(0.,1.,0.));
#11134=DIRECTION('',(0.,0.,1.));
#11135=DIRECTION('',(1.,0.,0.));
#11136=DIRECTION('',(1.,0.,0.));
#11137=DIRECTION('',(0.,0.,1.));
#11138=DIRECTION('',(1.,0.,0.));
#11139=DIRECTION('',(0.707106781186548,0.707106781186548,0.));
#11140=DIRECTION('',(-0.707106781186542,-0.707106781186554,0.));
#11141=DIRECTION('',(0.,0.707106781186547,-0.707106781186549));
#11142=DIRECTION('',(1.,0.,0.));
#11143=DIRECTION('',(-0.707106781186547,0.,-0.707106781186549));
#11144=DIRECTION('',(0.,1.,0.));
#11145=DIRECTION('',(-0.707106781186547,0.,-0.707106781186549));
#11146=DIRECTION('',(0.,1.,0.));
#11147=DIRECTION('',(-0.707106781186547,0.,0.707106781186549));
#11148=DIRECTION('',(0.,-1.,0.));
#11149=DIRECTION('',(0.,-0.707106781186547,0.707106781186549));
#11150=DIRECTION('',(1.,0.,0.));
#11151=DIRECTION('',(-0.707106781186547,0.,0.707106781186549));
#11152=DIRECTION('',(0.,-1.,0.));
#11153=DIRECTION('',(0.,0.707106781186547,-0.707106781186549));
#11154=DIRECTION('',(1.,0.,0.));
#11155=DIRECTION('',(0.,-0.707106781186547,0.707106781186549));
#11156=DIRECTION('',(1.,0.,0.));
#11157=DIRECTION('',(0.,-0.707106781186547,-0.707106781186549));
#11158=DIRECTION('',(-1.,0.,0.));
#11159=DIRECTION('',(0.707106781186547,0.,-0.707106781186549));
#11160=DIRECTION('',(0.,-1.,0.));
#11161=DIRECTION('',(0.,-0.707106781186547,-0.707106781186549));
#11162=DIRECTION('',(-1.,0.,0.));
#11163=DIRECTION('',(0.707106781186547,0.,-0.707106781186549));
#11164=DIRECTION('',(0.,-1.,0.));
#11165=DIRECTION('',(0.707106781186547,0.,0.707106781186549));
#11166=DIRECTION('',(0.,1.,0.));
#11167=DIRECTION('',(0.707106781186547,0.,0.707106781186549));
#11168=DIRECTION('',(0.,1.,0.));
#11169=DIRECTION('',(0.,0.707106781186547,0.707106781186549));
#11170=DIRECTION('',(-1.,0.,0.));
#11171=DIRECTION('',(0.,0.707106781186547,0.707106781186549));
#11172=DIRECTION('',(-1.,0.,0.));
#11173=DIRECTION('',(-0.707106781186548,-0.707106781186548,0.));
#11174=DIRECTION('',(0.,0.,-1.));
#11175=DIRECTION('',(0.577350269189626,-0.577350269189626,0.577350269189626));
#11176=DIRECTION('',(1.2266347333467E-16,0.707106781186548,0.707106781186548));
#11177=DIRECTION('',(-1.,1.7347234759768E-16,0.));
#11178=DIRECTION('',(0.577350269189626,0.577350269189626,-0.577350269189626));
#11179=DIRECTION('',(-0.707106781186548,0.707106781186548,0.));
#11180=DIRECTION('',(0.,0.,1.));
#11181=DIRECTION('',(-0.707106781186548,0.707106781186548,0.));
#11182=DIRECTION('',(0.,0.,-1.));
#11183=DIRECTION('',(0.577350269189626,0.577350269189626,0.577350269189626));
#11184=DIRECTION('',(-1.2266347333467E-16,0.707106781186548,-0.707106781186548));
#11185=DIRECTION('',(1.,1.7347234759768E-16,0.));
#11186=DIRECTION('',(0.577350269189626,-0.577350269189626,-0.577350269189626));
#11187=DIRECTION('',(-0.707106781186548,-0.707106781186548,0.));
#11188=DIRECTION('',(0.,0.,1.));
#11189=DIRECTION('',(-0.70710678118656,-0.707106781186535,0.));
#11190=DIRECTION('',(0.,0.,1.));
#11191=DIRECTION('',(-0.577350269189612,0.577350269189633,-0.577350269189633));
#11192=DIRECTION('',(0.70710678118656,-9.08618320997571E-17,-0.707106781186535));
#11193=DIRECTION('',(-1.28498035257541E-16,-1.,0.));
#11194=DIRECTION('',(-0.577350269189612,-0.577350269189633,-0.577350269189632));
#11195=DIRECTION('',(-0.70710678118656,0.707106781186535,0.));
#11196=DIRECTION('',(0.,0.,1.));
#11197=DIRECTION('',(0.707106781186554,-0.707106781186541,0.));
#11198=DIRECTION('',(0.,0.,1.));
#11199=DIRECTION('',(0.577350269189619,0.577350269189629,-0.577350269189629));
#11200=DIRECTION('',(0.707106781186554,9.08618320997563E-17,0.707106781186541));
#11201=DIRECTION('',(-1.28498035257541E-16,1.,0.));
#11202=DIRECTION('',(-0.577350269189619,0.577350269189629,0.577350269189629));
#11203=DIRECTION('',(-0.707106781186554,-0.707106781186541,0.));
#11204=DIRECTION('',(0.,0.,-1.));
#11205=DIRECTION('',(0.,0.,1.));
#11206=DIRECTION('',(1.,0.,0.));
#11207=DIRECTION('',(0.,0.,1.));
#11208=DIRECTION('',(1.,0.,0.));
#11209=DIRECTION('',(0.,0.,1.));
#11210=DIRECTION('',(1.,0.,0.));
#11211=DIRECTION('',(0.,0.,1.));
#11212=DIRECTION('',(1.,0.,0.));
#11213=DIRECTION('',(0.,0.,1.));
#11214=DIRECTION('',(1.,0.,0.));
#11215=DIRECTION('',(0.,0.,1.));
#11216=DIRECTION('',(1.,0.,0.));
#11217=DIRECTION('',(0.,0.,1.));
#11218=DIRECTION('',(1.,0.,0.));
#11219=DIRECTION('',(0.,0.,1.));
#11220=DIRECTION('',(1.,0.,0.));
#11221=DIRECTION('',(0.,0.,1.));
#11222=DIRECTION('',(1.,0.,0.));
#11223=DIRECTION('',(0.,0.,1.));
#11224=DIRECTION('',(1.,0.,0.));
#11225=DIRECTION('',(0.,0.,1.));
#11226=DIRECTION('',(1.,0.,0.));
#11227=DIRECTION('',(0.,0.,1.));
#11228=DIRECTION('',(1.,0.,0.));
#11229=DIRECTION('',(0.,0.,1.));
#11230=DIRECTION('',(1.,0.,0.));
#11231=DIRECTION('',(0.,0.,1.));
#11232=DIRECTION('',(1.,0.,0.));
#11233=DIRECTION('',(0.,0.,1.));
#11234=DIRECTION('',(1.,0.,0.));
#11235=DIRECTION('',(0.,0.,1.));
#11236=DIRECTION('',(1.,0.,0.));
#11237=DIRECTION('',(0.,0.,1.));
#11238=DIRECTION('',(1.,0.,0.));
#11239=DIRECTION('',(0.,0.,1.));
#11240=DIRECTION('',(1.,0.,0.));
#11241=DIRECTION('',(0.,0.,1.));
#11242=DIRECTION('',(1.,0.,0.));
#11243=DIRECTION('',(0.,0.,1.));
#11244=DIRECTION('',(1.,0.,0.));
#11245=DIRECTION('',(0.,0.,1.));
#11246=DIRECTION('',(1.,0.,0.));
#11247=DIRECTION('',(0.,0.,1.));
#11248=DIRECTION('',(1.,0.,0.));
#11249=DIRECTION('',(0.,0.,1.));
#11250=DIRECTION('',(1.,0.,0.));
#11251=DIRECTION('',(0.,0.,1.));
#11252=DIRECTION('',(1.,0.,0.));
#11253=DIRECTION('',(0.,0.,1.));
#11254=DIRECTION('',(1.,0.,0.));
#11255=DIRECTION('',(0.,0.,1.));
#11256=DIRECTION('',(1.,0.,0.));
#11257=DIRECTION('',(0.,0.,1.));
#11258=DIRECTION('',(1.,0.,0.));
#11259=DIRECTION('',(0.,0.,1.));
#11260=DIRECTION('',(1.,0.,0.));
#11261=DIRECTION('',(0.,0.,1.));
#11262=DIRECTION('',(1.,0.,0.));
#11263=DIRECTION('',(0.,0.,1.));
#11264=DIRECTION('',(1.,0.,0.));
#11265=DIRECTION('',(0.,0.,1.));
#11266=DIRECTION('',(1.,0.,0.));
#11267=DIRECTION('',(0.,0.,1.));
#11268=DIRECTION('',(1.,0.,0.));
#11269=DIRECTION('',(0.,0.,1.));
#11270=DIRECTION('',(1.,0.,0.));
#11271=DIRECTION('',(0.,0.,1.));
#11272=DIRECTION('',(1.,0.,0.));
#11273=DIRECTION('',(0.,0.,1.));
#11274=DIRECTION('',(1.,0.,0.));
#11275=DIRECTION('',(0.,0.,1.));
#11276=DIRECTION('',(1.,0.,0.));
#11277=DIRECTION('',(0.,0.,1.));
#11278=DIRECTION('',(1.,0.,0.));
#11279=DIRECTION('',(0.,0.,1.));
#11280=DIRECTION('',(1.,0.,0.));
#11281=DIRECTION('',(0.,0.,1.));
#11282=DIRECTION('',(1.,0.,0.));
#11283=DIRECTION('',(0.,0.,1.));
#11284=DIRECTION('',(1.,0.,0.));
#11285=DIRECTION('',(0.,0.,1.));
#11286=DIRECTION('',(1.,0.,0.));
#11287=DIRECTION('',(0.,0.,1.));
#11288=DIRECTION('',(1.,0.,0.));
#11289=DIRECTION('',(0.,0.,1.));
#11290=DIRECTION('',(1.,0.,0.));
#11291=DIRECTION('',(0.,0.,1.));
#11292=DIRECTION('',(1.,0.,0.));
#11293=DIRECTION('',(0.,0.,1.));
#11294=DIRECTION('',(1.,0.,0.));
#11295=DIRECTION('',(0.,0.,1.));
#11296=DIRECTION('',(1.,0.,0.));
#11297=DIRECTION('',(0.,0.,1.));
#11298=DIRECTION('',(1.,0.,0.));
#11299=DIRECTION('',(0.,0.,1.));
#11300=DIRECTION('',(1.,0.,0.));
#11301=DIRECTION('',(0.,0.,1.));
#11302=DIRECTION('',(1.,0.,0.));
#11303=DIRECTION('',(0.707106781186548,0.,0.707106781186547));
#11304=DIRECTION('',(0.,-0.707106781186548,-0.707106781186547));
#11305=DIRECTION('',(0.,-0.707106781186547,0.707106781186548));
#11306=DIRECTION('',(1.,0.,0.));
#11307=DIRECTION('',(0.,-0.707106781186548,-0.707106781186547));
#11308=DIRECTION('',(-0.707106781186547,-7.66646708341686E-17,0.707106781186548));
#11309=DIRECTION('',(1.0842021724855E-16,-1.,0.));
#11310=DIRECTION('',(0.707106781186548,-4.9065389333868E-15,0.707106781186547));
#11311=DIRECTION('',(0.,0.,1.));
#11312=DIRECTION('',(1.,0.,0.));
#11313=DIRECTION('',(0.707106781186548,0.,-0.707106781186547));
#11314=DIRECTION('',(0.,0.,1.));
#11315=DIRECTION('',(1.,0.,0.));
#11316=DIRECTION('',(0.,-0.707106781186548,0.707106781186547));
#11317=DIRECTION('',(-0.707106781186547,1.53329341668337E-16,-0.707106781186548));
#11318=DIRECTION('',(2.16840434497101E-16,1.,0.));
#11319=DIRECTION('',(0.707106781186548,0.,-0.707106781186547));
#11320=DIRECTION('',(0.,-0.707106781186547,-0.707106781186548));
#11321=DIRECTION('',(-1.,0.,0.));
#11322=DIRECTION('',(0.,-0.707106781186548,0.707106781186547));
#11323=DIRECTION('',(0.,0.,1.));
#11324=DIRECTION('',(1.,0.,0.));
#11325=DIRECTION('',(0.,0.,1.));
#11326=DIRECTION('',(1.,0.,0.));
#11327=DIRECTION('',(0.,0.,1.));
#11328=DIRECTION('',(1.,0.,0.));
#11329=DIRECTION('',(0.,0.,1.));
#11330=DIRECTION('',(1.,0.,0.));
#11331=DIRECTION('',(0.,0.,1.));
#11332=DIRECTION('',(1.,0.,0.));
#11333=DIRECTION('',(1.,0.,0.));
#11334=DIRECTION('',(0.,-1.,0.));
#11335=DIRECTION('',(0.,1.,0.));
#11336=DIRECTION('',(0.,0.,1.));
#11337=DIRECTION('',(1.,0.,0.));
#11338=DIRECTION('',(0.,0.,-1.));
#11339=DIRECTION('',(1.,0.,0.));
#11340=DIRECTION('',(0.,0.,-1.));
#11341=DIRECTION('',(0.,-1.,0.));
#11342=DIRECTION('',(0.,0.,1.));
#11343=DIRECTION('',(1.,0.,0.));
#11344=DIRECTION('',(0.,0.,-1.));
#11345=DIRECTION('',(-1.,0.,0.));
#11346=DIRECTION('',(0.,0.,-1.));
#11347=DIRECTION('',(-1.,0.,0.));
#11348=DIRECTION('',(0.,0.,-1.));
#11349=DIRECTION('',(-1.,0.,0.));
#11350=DIRECTION('',(0.,0.,-1.));
#11351=DIRECTION('',(-1.,0.,0.));
#11352=DIRECTION('',(0.,0.,-1.));
#11353=DIRECTION('',(-1.,0.,0.));
#11354=DIRECTION('',(0.,0.,-1.));
#11355=DIRECTION('',(-1.,0.,0.));
#11356=DIRECTION('',(0.,0.,-1.));
#11357=DIRECTION('',(-1.,0.,0.));
#11358=DIRECTION('',(0.,0.,-1.));
#11359=DIRECTION('',(-1.,0.,0.));
#11360=DIRECTION('',(0.,0.,1.));
#11361=DIRECTION('',(1.,0.,0.));
#11362=DIRECTION('',(1.,0.,0.));
#11363=DIRECTION('',(0.,0.,-1.));
#11364=DIRECTION('',(0.,-1.,0.));
#11365=DIRECTION('',(0.,0.,-1.));
#11366=DIRECTION('',(0.,-1.,0.));
#11367=DIRECTION('',(0.,0.,-1.));
#11368=DIRECTION('',(-6.93889390390722E-16,1.,0.));
#11369=DIRECTION('',(-1.,-6.93889390390722E-16,0.));
#11370=DIRECTION('',(1.,6.93889390390722E-16,0.));
#11371=DIRECTION('',(0.,0.,-1.));
#11372=DIRECTION('',(1.,6.93889390390722E-16,0.));
#11373=DIRECTION('',(1.,0.,0.));
#11374=DIRECTION('',(0.,0.,-1.));
#11375=DIRECTION('',(0.,-1.,0.));
#11376=DIRECTION('',(0.,0.,-1.));
#11377=DIRECTION('',(0.,-1.,0.));
#11378=DIRECTION('',(1.,0.,0.));
#11379=DIRECTION('',(0.,0.,-1.));
#11380=DIRECTION('',(0.,-1.,0.));
#11381=DIRECTION('',(0.,0.,-1.));
#11382=DIRECTION('',(0.,-1.,0.));
#11383=DIRECTION('',(0.,0.,1.));
#11384=DIRECTION('',(0.,1.,0.));
#11385=DIRECTION('',(0.,0.,1.));
#11386=DIRECTION('',(1.,0.,0.));
#11387=DIRECTION('',(0.,0.,1.));
#11388=DIRECTION('',(1.,0.,0.));
#11389=DIRECTION('',(0.,0.,-1.));
#11390=DIRECTION('',(-1.,0.,0.));
#11391=DIRECTION('',(0.,0.,1.));
#11392=DIRECTION('',(0.,1.,0.));
#11393=DIRECTION('',(0.,0.,-1.));
#11394=DIRECTION('',(0.,1.,0.));
#11395=DIRECTION('',(0.,0.,1.));
#11396=DIRECTION('',(0.,0.,-1.));
#11397=DIRECTION('',(-1.,0.,0.));
#11398=DIRECTION('',(0.,0.,1.));
#11399=DIRECTION('',(1.,0.,0.));
#11400=DIRECTION('',(0.,0.,1.));
#11401=DIRECTION('',(1.,0.,0.));
#11402=DIRECTION('',(0.,0.,-1.));
#11403=DIRECTION('',(-1.,0.,0.));
#11404=DIRECTION('',(0.,0.,1.));
#11405=DIRECTION('',(1.,0.,0.));
#11406=DIRECTION('',(0.,0.,1.));
#11407=DIRECTION('',(1.,0.,0.));
#11408=DIRECTION('',(0.,0.,-1.));
#11409=DIRECTION('',(-1.,0.,0.));
#11410=DIRECTION('',(0.,0.,1.));
#11411=DIRECTION('',(1.,0.,0.));
#11412=DIRECTION('',(0.,0.,1.));
#11413=DIRECTION('',(1.,0.,0.));
#11414=DIRECTION('',(-3.46944695195361E-16,1.,0.));
#11415=DIRECTION('',(-1.,-3.46944695195361E-16,0.));
#11416=DIRECTION('',(1.,3.46944695195361E-16,0.));
#11417=DIRECTION('',(1.,3.46944695195361E-16,0.));
#11418=DIRECTION('',(7.74430123203932E-17,-1.,0.));
#11419=DIRECTION('',(1.,7.74430123203932E-17,0.));
#11420=DIRECTION('',(-1.,-7.74430123203932E-17,0.));
#11421=DIRECTION('',(0.,0.,-1.));
#11422=DIRECTION('',(-1.,-7.74430123203932E-17,0.));
#11423=DIRECTION('',(0.,0.,1.));
#11424=DIRECTION('',(0.,0.,-1.));
#11425=DIRECTION('',(-1.,0.,0.));
#11426=DIRECTION('',(0.,0.,1.));
#11427=DIRECTION('',(1.,0.,0.));
#11428=DIRECTION('',(0.,0.,1.));
#11429=DIRECTION('',(1.,0.,0.));
#11430=DIRECTION('',(0.,0.,1.));
#11431=DIRECTION('',(1.,0.,0.));
#11432=DIRECTION('',(0.707106781186548,0.707106781186548,0.));
#11433=DIRECTION('',(-0.70710678118655,0.707106781186545,0.));
#11434=DIRECTION('',(-0.707106781186548,-0.707106781186548,0.));
#11435=DIRECTION('',(0.707106781186548,-0.707106781186548,0.));
#11436=DIRECTION('',(0.,0.,1.));
#11437=DIRECTION('',(1.,0.,0.));
#11438=DIRECTION('',(-0.707106781186548,-0.707106781186548,0.));
#11439=DIRECTION('',(-0.707106781186548,0.707106781186548,0.));
#11440=DIRECTION('',(0.707106781186548,0.707106781186548,0.));
#11441=DIRECTION('',(0.70710678118655,-0.707106781186545,0.));
#11442=DIRECTION('',(0.707106781186548,-0.707106781186548,0.));
#11443=DIRECTION('',(0.,0.,-1.));
#11444=DIRECTION('',(0.707106781186545,0.70710678118655,0.));
#11445=DIRECTION('',(0.,0.,-1.));
#11446=DIRECTION('',(-0.707106781186548,0.707106781186548,0.));
#11447=DIRECTION('',(0.,0.,-1.));
#11448=DIRECTION('',(-0.707106781186548,-0.707106781186548,0.));
#11449=DIRECTION('',(0.,0.,-1.));
#11450=DIRECTION('',(0.,0.,1.));
#11451=DIRECTION('',(1.,0.,0.));
#11452=DIRECTION('',(0.,1.,0.));
#11453=DIRECTION('',(0.,0.,1.));
#11454=DIRECTION('',(1.,0.,0.));
#11455=DIRECTION('',(0.,0.,-1.));
#11456=DIRECTION('',(1.,0.,0.));
#11457=DIRECTION('',(0.,0.,1.));
#11458=DIRECTION('',(1.,2.57951446241904E-16,0.));
#11459=DIRECTION('',(-2.57951446241904E-16,1.,0.));
#11460=DIRECTION('',(2.57951446241904E-16,-1.,0.));
#11461=DIRECTION('',(0.,0.,1.));
#11462=DIRECTION('',(2.57951446241904E-16,-1.,0.));
#11463=DIRECTION('',(0.,0.,-1.));
#11464=DIRECTION('',(0.,1.,0.));
#11465=DIRECTION('',(0.,0.,1.));
#11466=DIRECTION('',(1.,0.,0.));
#11467=DIRECTION('',(0.,0.,1.));
#11468=DIRECTION('',(1.,0.,0.));
#11469=DIRECTION('',(0.,0.,-1.));
#11470=DIRECTION('',(1.,3.2243930780238E-16,0.));
#11471=DIRECTION('',(-3.2243930780238E-16,1.,0.));
#11472=DIRECTION('',(3.2243930780238E-16,-1.,0.));
#11473=DIRECTION('',(0.,0.,-1.));
#11474=DIRECTION('',(3.2243930780238E-16,-1.,0.));
#11475=DIRECTION('',(0.,0.,1.));
#11476=DIRECTION('',(0.,0.,1.));
#11477=DIRECTION('',(1.,0.,0.));
#11478=DIRECTION('',(0.707106781186545,0.70710678118655,0.));
#11479=DIRECTION('',(0.707106781186553,-0.707106781186543,0.));
#11480=DIRECTION('',(-0.707106781186548,-0.707106781186548,0.));
#11481=DIRECTION('',(-0.707106781186528,0.707106781186567,0.));
#11482=DIRECTION('',(0.,0.,1.));
#11483=DIRECTION('',(1.,0.,0.));
#11484=DIRECTION('',(-0.707106781186545,-0.70710678118655,0.));
#11485=DIRECTION('',(0.707106781186528,-0.707106781186567,0.));
#11486=DIRECTION('',(0.707106781186548,0.707106781186548,0.));
#11487=DIRECTION('',(-0.707106781186553,0.707106781186543,0.));
#11488=DIRECTION('',(0.70710678118655,-0.707106781186545,0.));
#11489=DIRECTION('',(0.,0.,1.));
#11490=DIRECTION('',(0.707106781186567,0.707106781186528,0.));
#11491=DIRECTION('',(0.,0.,-1.));
#11492=DIRECTION('',(-0.707106781186543,-0.707106781186553,0.));
#11493=DIRECTION('',(0.,0.,-1.));
#11494=DIRECTION('',(-0.707106781186548,0.707106781186548,0.));
#11495=DIRECTION('',(0.,0.,1.));
#11496=DIRECTION('',(0.,0.,1.));
#11497=DIRECTION('',(1.,0.,0.));
#11498=DIRECTION('',(0.,-1.,0.));
#11499=DIRECTION('',(0.,0.,-1.));
#11500=DIRECTION('',(-1.,0.,0.));
#11501=DIRECTION('',(0.,0.,-1.));
#11502=DIRECTION('',(-1.,0.,0.));
#11503=DIRECTION('',(0.,0.,1.));
#11504=DIRECTION('',(-1.,6.28522998542321E-17,0.));
#11505=DIRECTION('',(-6.28522998542321E-17,-1.,0.));
#11506=DIRECTION('',(6.28522998542321E-17,1.,0.));
#11507=DIRECTION('',(0.,0.,1.));
#11508=DIRECTION('',(-6.28522998542321E-17,-1.,0.));
#11509=DIRECTION('',(0.,0.,-1.));
#11510=DIRECTION('',(0.,-1.,0.));
#11511=DIRECTION('',(0.,0.,-1.));
#11512=DIRECTION('',(-1.,0.,0.));
#11513=DIRECTION('',(0.,0.,1.));
#11514=DIRECTION('',(1.,0.,0.));
#11515=DIRECTION('',(0.,0.,-1.));
#11516=DIRECTION('',(0.,0.,-1.));
#11517=DIRECTION('',(-1.,0.,0.));
#11518=DIRECTION('',(0.,0.,1.));
#11519=DIRECTION('',(1.,0.,0.));
#11520=DIRECTION('',(0.,0.,1.));
#11521=DIRECTION('',(1.,0.,0.));
#11522=DIRECTION('',(-1.,6.28522998542321E-17,0.));
#11523=DIRECTION('',(-6.28522998542321E-17,-1.,0.));
#11524=DIRECTION('',(6.28522998542321E-17,1.,0.));
#11525=DIRECTION('',(0.,0.,-1.));
#11526=DIRECTION('',(6.28522998542321E-17,1.,0.));
#11527=DIRECTION('',(0.,0.,1.));
#11528=DIRECTION('',(0.,0.,1.));
#11529=DIRECTION('',(1.,0.,0.));
#11530=DIRECTION('',(-1.,0.,0.));
#11531=DIRECTION('',(-0.707106781186547,-0.707106781186548,0.));
#11532=DIRECTION('',(-6.28522998542321E-17,-1.,0.));
#11533=DIRECTION('',(-0.707106781186547,0.707106781186548,0.));
#11534=DIRECTION('',(1.,0.,0.));
#11535=DIRECTION('',(0.707106781186547,0.707106781186548,0.));
#11536=DIRECTION('',(6.28522998542321E-17,1.,0.));
#11537=DIRECTION('',(0.707106781186547,-0.707106781186548,0.));
#11538=DIRECTION('',(0.,0.,1.));
#11539=DIRECTION('',(1.,0.,0.));
#11540=DIRECTION('',(0.707106781186547,0.707106781186548,0.));
#11541=DIRECTION('',(-0.707106781186547,0.707106781186548,0.));
#11542=DIRECTION('',(-0.707106781186547,-0.707106781186548,0.));
#11543=DIRECTION('',(0.707106781186547,-0.707106781186548,0.));
#11544=DIRECTION('',(0.999592086460695,-6.28266615501451E-17,0.0285597738988778));
#11545=DIRECTION('',(-6.28522998542321E-17,-1.,0.));
#11546=DIRECTION('',(0.0285481334769968,-0.0285481334769968,-0.999184671694857));
#11547=DIRECTION('',(0.0285481334769968,0.0285481334769968,-0.999184671694857));
#11548=DIRECTION('',(0.,0.999592086460695,-0.0285597738988778));
#11549=DIRECTION('',(-1.,0.,0.));
#11550=DIRECTION('',(0.0285481334769967,-0.0285481334769968,-0.999184671694857));
#11551=DIRECTION('',(-0.0285481334769967,-0.0285481334769968,-0.999184671694857));
#11552=DIRECTION('',(0.,0.999592086460695,0.0285597738988778));
#11553=DIRECTION('',(1.,0.,0.));
#11554=DIRECTION('',(-0.0285481334769967,-0.0285481334769968,0.999184671694857));
#11555=DIRECTION('',(0.0285481334769967,-0.0285481334769968,0.999184671694857));
#11556=DIRECTION('',(0.999592086460695,-6.28266615501451E-17,-0.0285597738988778));
#11557=DIRECTION('',(6.28522998542321E-17,1.,0.));
#11558=DIRECTION('',(0.0285481334769968,0.0285481334769968,0.999184671694857));
#11559=DIRECTION('',(0.0285481334769968,-0.0285481334769968,0.999184671694857));
#11560=DIRECTION('',(-0.707106781186548,0.707106781186547,0.));
#11561=DIRECTION('',(0.,0.,1.));
#11562=DIRECTION('',(-0.707106781186548,-0.707106781186547,0.));
#11563=DIRECTION('',(0.,0.,-1.));
#11564=DIRECTION('',(0.707106781186548,0.707106781186547,0.));
#11565=DIRECTION('',(0.,0.,-1.));
#11566=DIRECTION('',(0.707106781186548,-0.707106781186547,0.));
#11567=DIRECTION('',(0.,0.,1.));
#11568=CARTESIAN_POINT('',(0.,0.,0.));
#11569=CARTESIAN_POINT('',(0.,0.1634,0.003));
#11570=CARTESIAN_POINT('',(0.,0.1634,0.003));
#11571=CARTESIAN_POINT('',(-0.0389,0.1634,0.003));
#11572=CARTESIAN_POINT('',(0.0389,0.1634,0.003));
#11573=CARTESIAN_POINT('',(0.0389,0.1634,0.003));
#11574=CARTESIAN_POINT('',(0.0389,0.1634,0.));
#11575=CARTESIAN_POINT('',(0.,0.1634,0.));
#11576=CARTESIAN_POINT('',(-0.0389,0.1634,0.));
#11577=CARTESIAN_POINT('',(-0.0389,0.1634,0.003));
#11578=CARTESIAN_POINT('',(-0.0399,0.1186,0.003));
#11579=CARTESIAN_POINT('',(-0.0399,0.1186,0.));
#11580=CARTESIAN_POINT('',(-0.0399,0.1624,0.));
#11581=CARTESIAN_POINT('',(-0.0399,0.0748,0.));
#11582=CARTESIAN_POINT('',(-0.0399,0.0748,0.003));
#11583=CARTESIAN_POINT('',(-0.0399,0.0748,0.003));
#11584=CARTESIAN_POINT('',(-0.0399,0.1186,0.003));
#11585=CARTESIAN_POINT('',(-0.0399,0.1624,0.003));
#11586=CARTESIAN_POINT('',(-0.0399,0.1624,0.));
#11587=CARTESIAN_POINT('',(0.,0.0738,0.003));
#11588=CARTESIAN_POINT('',(0.,0.0738,0.));
#11589=CARTESIAN_POINT('',(-0.0389,0.0738,0.));
#11590=CARTESIAN_POINT('',(0.0389,0.0738,0.));
#11591=CARTESIAN_POINT('',(0.0389,0.0738,0.003));
#11592=CARTESIAN_POINT('',(0.0389,0.0738,0.003));
#11593=CARTESIAN_POINT('',(0.,0.0738,0.003));
#11594=CARTESIAN_POINT('',(-0.0389,0.0738,0.003));
#11595=CARTESIAN_POINT('',(-0.0389,0.0738,0.003));
#11596=CARTESIAN_POINT('',(-0.0196471143170299,0.130693266739737,0.003));
#11597=CARTESIAN_POINT('',(-0.0196471143170299,0.130693266739737,0.));
#11598=CARTESIAN_POINT('',(-0.0213971143170298,0.130693266739737,0.));
#11599=CARTESIAN_POINT('',(-0.0178971143170296,0.130693266739737,0.));
#11600=CARTESIAN_POINT('',(-0.0213971143170298,0.130693266739737,0.003));
#11601=CARTESIAN_POINT('',(-0.0213971143170298,0.130693266739737,0.003));
#11602=CARTESIAN_POINT('',(-0.0196471143170299,0.130693266739737,0.003));
#11603=CARTESIAN_POINT('',(-0.0178971143170296,0.130693266739737,0.003));
#11604=CARTESIAN_POINT('',(-0.0178971143170296,0.130693266739737,0.003));
#11605=CARTESIAN_POINT('',(-0.0222721143170298,0.132208811196359,0.003));
#11606=CARTESIAN_POINT('',(-0.0222721143170298,0.132208811196359,0.));
#11607=CARTESIAN_POINT('',(-0.0231471143170299,0.133724355652982,0.));
#11608=CARTESIAN_POINT('',(-0.0231471143170299,0.133724355652982,0.003));
#11609=CARTESIAN_POINT('',(-0.0231471143170299,0.133724355652982,0.003));
#11610=CARTESIAN_POINT('',(-0.0222721143170298,0.132208811196359,0.003));
#11611=CARTESIAN_POINT('',(-0.0222721143170298,0.135239900109605,0.003));
#11612=CARTESIAN_POINT('',(-0.0222721143170298,0.135239900109605,0.));
#11613=CARTESIAN_POINT('',(-0.0213971143170298,0.136755444566228,0.));
#11614=CARTESIAN_POINT('',(-0.0213971143170298,0.136755444566228,0.003));
#11615=CARTESIAN_POINT('',(-0.0213971143170298,0.136755444566228,0.003));
#11616=CARTESIAN_POINT('',(-0.0222721143170298,0.135239900109605,0.003));
#11617=CARTESIAN_POINT('',(-0.0196471143170299,0.136755444566228,0.003));
#11618=CARTESIAN_POINT('',(-0.0196471143170299,0.136755444566228,0.));
#11619=CARTESIAN_POINT('',(-0.0178971143170299,0.136755444566228,0.));
#11620=CARTESIAN_POINT('',(-0.0178971143170299,0.136755444566228,0.003));
#11621=CARTESIAN_POINT('',(-0.0178971143170299,0.136755444566228,0.003));
#11622=CARTESIAN_POINT('',(-0.0196471143170299,0.136755444566228,0.003));
#11623=CARTESIAN_POINT('',(-0.01702211431703,0.135239900109605,0.003));
#11624=CARTESIAN_POINT('',(-0.01702211431703,0.135239900109605,0.));
#11625=CARTESIAN_POINT('',(-0.01614711431703,0.133724355652982,0.));
#11626=CARTESIAN_POINT('',(-0.01614711431703,0.133724355652982,0.003));
#11627=CARTESIAN_POINT('',(-0.01614711431703,0.133724355652982,0.003));
#11628=CARTESIAN_POINT('',(-0.01702211431703,0.135239900109605,0.003));
#11629=CARTESIAN_POINT('',(-0.0196471143170299,0.129193266739737,0.003));
#11630=CARTESIAN_POINT('',(-0.0196471143170299,0.129193266739737,0.));
#11631=CARTESIAN_POINT('',(-0.01789711431703,0.129193266739737,0.));
#11632=CARTESIAN_POINT('',(-0.0213971143170298,0.129193266739737,0.));
#11633=CARTESIAN_POINT('',(-0.01789711431703,0.129193266739737,0.003));
#11634=CARTESIAN_POINT('',(-0.01789711431703,0.129193266739737,0.003));
#11635=CARTESIAN_POINT('',(-0.0196471143170299,0.129193266739737,0.003));
#11636=CARTESIAN_POINT('',(-0.0213971143170298,0.129193266739737,0.003));
#11637=CARTESIAN_POINT('',(-0.0213971143170298,0.129193266739737,0.003));
#11638=CARTESIAN_POINT('',(-0.01702211431703,0.127677722283114,0.003));
#11639=CARTESIAN_POINT('',(-0.01702211431703,0.127677722283114,0.));
#11640=CARTESIAN_POINT('',(-0.01614711431703,0.126162177826491,0.));
#11641=CARTESIAN_POINT('',(-0.01614711431703,0.126162177826491,0.003));
#11642=CARTESIAN_POINT('',(-0.01614711431703,0.126162177826491,0.003));
#11643=CARTESIAN_POINT('',(-0.01702211431703,0.127677722283114,0.003));
#11644=CARTESIAN_POINT('',(-0.0170221143170299,0.124646633369868,0.003));
#11645=CARTESIAN_POINT('',(-0.0170221143170299,0.124646633369868,0.));
#11646=CARTESIAN_POINT('',(-0.0178971143170299,0.123131088913246,0.));
#11647=CARTESIAN_POINT('',(-0.0178971143170299,0.123131088913246,0.003));
#11648=CARTESIAN_POINT('',(-0.0178971143170299,0.123131088913246,0.003));
#11649=CARTESIAN_POINT('',(-0.0170221143170299,0.124646633369868,0.003));
#11650=CARTESIAN_POINT('',(-0.0196471143170299,0.123131088913246,0.003));
#11651=CARTESIAN_POINT('',(-0.0196471143170299,0.123131088913246,0.));
#11652=CARTESIAN_POINT('',(-0.0213971143170299,0.123131088913246,0.));
#11653=CARTESIAN_POINT('',(-0.0213971143170299,0.123131088913246,0.003));
#11654=CARTESIAN_POINT('',(-0.0213971143170299,0.123131088913246,0.003));
#11655=CARTESIAN_POINT('',(-0.0196471143170299,0.123131088913246,0.003));
#11656=CARTESIAN_POINT('',(-0.0222721143170299,0.124646633369868,0.003));
#11657=CARTESIAN_POINT('',(-0.0222721143170299,0.124646633369868,0.));
#11658=CARTESIAN_POINT('',(-0.0231471143170299,0.126162177826491,0.));
#11659=CARTESIAN_POINT('',(-0.0231471143170299,0.126162177826491,0.003));
#11660=CARTESIAN_POINT('',(-0.0231471143170299,0.126162177826491,0.003));
#11661=CARTESIAN_POINT('',(-0.0222721143170299,0.124646633369868,0.003));
#11662=CARTESIAN_POINT('',(-0.0196471143170299,0.121631088913245,0.003));
#11663=CARTESIAN_POINT('',(-0.0196471143170299,0.121631088913245,0.));
#11664=CARTESIAN_POINT('',(-0.01789711431703,0.121631088913245,0.));
#11665=CARTESIAN_POINT('',(-0.0213971143170298,0.121631088913245,0.));
#11666=CARTESIAN_POINT('',(-0.01789711431703,0.121631088913245,0.003));
#11667=CARTESIAN_POINT('',(-0.01789711431703,0.121631088913245,0.003));
#11668=CARTESIAN_POINT('',(-0.0196471143170299,0.121631088913245,0.003));
#11669=CARTESIAN_POINT('',(-0.0213971143170298,0.121631088913245,0.003));
#11670=CARTESIAN_POINT('',(-0.0213971143170298,0.121631088913245,0.003));
#11671=CARTESIAN_POINT('',(-0.01702211431703,0.120115544456623,0.003));
#11672=CARTESIAN_POINT('',(-0.01702211431703,0.120115544456623,0.));
#11673=CARTESIAN_POINT('',(-0.01614711431703,0.1186,0.));
#11674=CARTESIAN_POINT('',(-0.01614711431703,0.1186,0.003));
#11675=CARTESIAN_POINT('',(-0.01614711431703,0.1186,0.003));
#11676=CARTESIAN_POINT('',(-0.01702211431703,0.120115544456623,0.003));
#11677=CARTESIAN_POINT('',(-0.0170221143170299,0.117084455543377,0.003));
#11678=CARTESIAN_POINT('',(-0.0170221143170299,0.117084455543377,0.));
#11679=CARTESIAN_POINT('',(-0.0178971143170299,0.115568911086755,0.));
#11680=CARTESIAN_POINT('',(-0.0178971143170299,0.115568911086755,0.003));
#11681=CARTESIAN_POINT('',(-0.0178971143170299,0.115568911086755,0.003));
#11682=CARTESIAN_POINT('',(-0.0170221143170299,0.117084455543377,0.003));
#11683=CARTESIAN_POINT('',(-0.0196471143170299,0.115568911086754,0.003));
#11684=CARTESIAN_POINT('',(-0.0196471143170299,0.115568911086754,0.));
#11685=CARTESIAN_POINT('',(-0.0213971143170299,0.115568911086754,0.));
#11686=CARTESIAN_POINT('',(-0.0213971143170299,0.115568911086754,0.003));
#11687=CARTESIAN_POINT('',(-0.0213971143170299,0.115568911086754,0.003));
#11688=CARTESIAN_POINT('',(-0.0196471143170299,0.115568911086754,0.003));
#11689=CARTESIAN_POINT('',(-0.0222721143170299,0.117084455543377,0.003));
#11690=CARTESIAN_POINT('',(-0.0222721143170299,0.117084455543377,0.));
#11691=CARTESIAN_POINT('',(-0.0231471143170299,0.1186,0.));
#11692=CARTESIAN_POINT('',(-0.0231471143170299,0.1186,0.003));
#11693=CARTESIAN_POINT('',(-0.0231471143170299,0.1186,0.003));
#11694=CARTESIAN_POINT('',(-0.0222721143170299,0.117084455543377,0.003));
#11695=CARTESIAN_POINT('',(-0.0196471143170299,0.114068911086754,0.003));
#11696=CARTESIAN_POINT('',(-0.0196471143170299,0.114068911086754,0.));
#11697=CARTESIAN_POINT('',(-0.01789711431703,0.114068911086754,0.));
#11698=CARTESIAN_POINT('',(-0.0213971143170298,0.114068911086754,0.));
#11699=CARTESIAN_POINT('',(-0.01789711431703,0.114068911086754,0.003));
#11700=CARTESIAN_POINT('',(-0.01789711431703,0.114068911086754,0.003));
#11701=CARTESIAN_POINT('',(-0.0196471143170299,0.114068911086754,0.003));
#11702=CARTESIAN_POINT('',(-0.0213971143170298,0.114068911086754,0.003));
#11703=CARTESIAN_POINT('',(-0.0213971143170298,0.114068911086754,0.003));
#11704=CARTESIAN_POINT('',(-0.01702211431703,0.112553366630132,0.003));
#11705=CARTESIAN_POINT('',(-0.01702211431703,0.112553366630132,0.));
#11706=CARTESIAN_POINT('',(-0.01614711431703,0.111037822173509,0.));
#11707=CARTESIAN_POINT('',(-0.01614711431703,0.111037822173509,0.003));
#11708=CARTESIAN_POINT('',(-0.01614711431703,0.111037822173509,0.003));
#11709=CARTESIAN_POINT('',(-0.01702211431703,0.112553366630132,0.003));
#11710=CARTESIAN_POINT('',(-0.0170221143170299,0.109522277716886,0.003));
#11711=CARTESIAN_POINT('',(-0.0170221143170299,0.109522277716886,0.));
#11712=CARTESIAN_POINT('',(-0.0178971143170299,0.108006733260263,0.));
#11713=CARTESIAN_POINT('',(-0.0178971143170299,0.108006733260263,0.003));
#11714=CARTESIAN_POINT('',(-0.0178971143170299,0.108006733260263,0.003));
#11715=CARTESIAN_POINT('',(-0.0170221143170299,0.109522277716886,0.003));
#11716=CARTESIAN_POINT('',(-0.0196471143170299,0.108006733260263,0.003));
#11717=CARTESIAN_POINT('',(-0.0196471143170299,0.108006733260263,0.));
#11718=CARTESIAN_POINT('',(-0.0213971143170299,0.108006733260263,0.));
#11719=CARTESIAN_POINT('',(-0.0213971143170299,0.108006733260263,0.003));
#11720=CARTESIAN_POINT('',(-0.0213971143170299,0.108006733260263,0.003));
#11721=CARTESIAN_POINT('',(-0.0196471143170299,0.108006733260263,0.003));
#11722=CARTESIAN_POINT('',(-0.0222721143170299,0.109522277716886,0.003));
#11723=CARTESIAN_POINT('',(-0.0222721143170299,0.109522277716886,0.));
#11724=CARTESIAN_POINT('',(-0.0231471143170299,0.111037822173509,0.));
#11725=CARTESIAN_POINT('',(-0.0231471143170299,0.111037822173509,0.003));
#11726=CARTESIAN_POINT('',(-0.0231471143170299,0.111037822173509,0.003));
#11727=CARTESIAN_POINT('',(-0.0222721143170299,0.109522277716886,0.003));
#11728=CARTESIAN_POINT('',(-0.0196471143170299,0.106506733260263,0.003));
#11729=CARTESIAN_POINT('',(-0.0196471143170299,0.106506733260263,0.));
#11730=CARTESIAN_POINT('',(-0.01789711431703,0.106506733260263,0.));
#11731=CARTESIAN_POINT('',(-0.0213971143170298,0.106506733260263,0.));
#11732=CARTESIAN_POINT('',(-0.01789711431703,0.106506733260263,0.003));
#11733=CARTESIAN_POINT('',(-0.01789711431703,0.106506733260263,0.003));
#11734=CARTESIAN_POINT('',(-0.0196471143170299,0.106506733260263,0.003));
#11735=CARTESIAN_POINT('',(-0.0213971143170298,0.106506733260263,0.003));
#11736=CARTESIAN_POINT('',(-0.0213971143170298,0.106506733260263,0.003));
#11737=CARTESIAN_POINT('',(-0.01702211431703,0.104991188803641,0.003));
#11738=CARTESIAN_POINT('',(-0.01702211431703,0.104991188803641,0.));
#11739=CARTESIAN_POINT('',(-0.01614711431703,0.103475644347018,0.));
#11740=CARTESIAN_POINT('',(-0.01614711431703,0.103475644347018,0.003));
#11741=CARTESIAN_POINT('',(-0.01614711431703,0.103475644347018,0.003));
#11742=CARTESIAN_POINT('',(-0.01702211431703,0.104991188803641,0.003));
#11743=CARTESIAN_POINT('',(-0.0170221143170299,0.101960099890395,0.003));
#11744=CARTESIAN_POINT('',(-0.0170221143170299,0.101960099890395,0.));
#11745=CARTESIAN_POINT('',(-0.0178971143170299,0.100444555433772,0.));
#11746=CARTESIAN_POINT('',(-0.0178971143170299,0.100444555433772,0.003));
#11747=CARTESIAN_POINT('',(-0.0178971143170299,0.100444555433772,0.003));
#11748=CARTESIAN_POINT('',(-0.0170221143170299,0.101960099890395,0.003));
#11749=CARTESIAN_POINT('',(-0.0196471143170299,0.100444555433772,0.003));
#11750=CARTESIAN_POINT('',(-0.0196471143170299,0.100444555433772,0.));
#11751=CARTESIAN_POINT('',(-0.0213971143170299,0.100444555433772,0.));
#11752=CARTESIAN_POINT('',(-0.0213971143170299,0.100444555433772,0.003));
#11753=CARTESIAN_POINT('',(-0.0213971143170299,0.100444555433772,0.003));
#11754=CARTESIAN_POINT('',(-0.0196471143170299,0.100444555433772,0.003));
#11755=CARTESIAN_POINT('',(-0.0222721143170299,0.101960099890395,0.003));
#11756=CARTESIAN_POINT('',(-0.0222721143170299,0.101960099890395,0.));
#11757=CARTESIAN_POINT('',(-0.0231471143170299,0.103475644347018,0.));
#11758=CARTESIAN_POINT('',(-0.0231471143170299,0.103475644347018,0.003));
#11759=CARTESIAN_POINT('',(-0.0231471143170299,0.103475644347018,0.003));
#11760=CARTESIAN_POINT('',(-0.0222721143170299,0.101960099890395,0.003));
#11761=CARTESIAN_POINT('',(-0.00654903810567665,0.136755444566228,0.003));
#11762=CARTESIAN_POINT('',(-0.00654903810567665,0.136755444566228,0.));
#11763=CARTESIAN_POINT('',(-0.00479903810567675,0.136755444566228,0.));
#11764=CARTESIAN_POINT('',(-0.00829903810567655,0.136755444566228,0.));
#11765=CARTESIAN_POINT('',(-0.00479903810567675,0.136755444566228,0.003));
#11766=CARTESIAN_POINT('',(-0.00479903810567675,0.136755444566228,0.003));
#11767=CARTESIAN_POINT('',(-0.00654903810567665,0.136755444566228,0.003));
#11768=CARTESIAN_POINT('',(-0.00829903810567655,0.136755444566228,0.003));
#11769=CARTESIAN_POINT('',(-0.00829903810567655,0.136755444566228,0.003));
#11770=CARTESIAN_POINT('',(-0.00392403810567676,0.135239900109605,0.003));
#11771=CARTESIAN_POINT('',(-0.00392403810567676,0.135239900109605,0.));
#11772=CARTESIAN_POINT('',(-0.00304903810567676,0.133724355652982,0.));
#11773=CARTESIAN_POINT('',(-0.00304903810567676,0.133724355652982,0.003));
#11774=CARTESIAN_POINT('',(-0.00304903810567676,0.133724355652982,0.003));
#11775=CARTESIAN_POINT('',(-0.00392403810567676,0.135239900109605,0.003));
#11776=CARTESIAN_POINT('',(-0.00392403810567667,0.132208811196359,0.003));
#11777=CARTESIAN_POINT('',(-0.00392403810567667,0.132208811196359,0.));
#11778=CARTESIAN_POINT('',(-0.00479903810567667,0.130693266739737,0.));
#11779=CARTESIAN_POINT('',(-0.00479903810567667,0.130693266739737,0.003));
#11780=CARTESIAN_POINT('',(-0.00479903810567667,0.130693266739737,0.003));
#11781=CARTESIAN_POINT('',(-0.00392403810567667,0.132208811196359,0.003));
#11782=CARTESIAN_POINT('',(-0.00654903810567664,0.130693266739737,0.003));
#11783=CARTESIAN_POINT('',(-0.00654903810567664,0.130693266739737,0.));
#11784=CARTESIAN_POINT('',(-0.00829903810567664,0.130693266739737,0.));
#11785=CARTESIAN_POINT('',(-0.00829903810567664,0.130693266739737,0.003));
#11786=CARTESIAN_POINT('',(-0.00829903810567664,0.130693266739737,0.003));
#11787=CARTESIAN_POINT('',(-0.00654903810567664,0.130693266739737,0.003));
#11788=CARTESIAN_POINT('',(-0.00917403810567662,0.132208811196359,0.003));
#11789=CARTESIAN_POINT('',(-0.00917403810567662,0.132208811196359,0.));
#11790=CARTESIAN_POINT('',(-0.0100490381056766,0.133724355652982,0.));
#11791=CARTESIAN_POINT('',(-0.0100490381056766,0.133724355652982,0.003));
#11792=CARTESIAN_POINT('',(-0.0100490381056766,0.133724355652982,0.003));
#11793=CARTESIAN_POINT('',(-0.00917403810567662,0.132208811196359,0.003));
#11794=CARTESIAN_POINT('',(-0.00654903810567664,0.129193266739737,0.003));
#11795=CARTESIAN_POINT('',(-0.00654903810567664,0.129193266739737,0.));
#11796=CARTESIAN_POINT('',(-0.00479903810567675,0.129193266739737,0.));
#11797=CARTESIAN_POINT('',(-0.00829903810567655,0.129193266739737,0.));
#11798=CARTESIAN_POINT('',(-0.00479903810567675,0.129193266739737,0.003));
#11799=CARTESIAN_POINT('',(-0.00479903810567675,0.129193266739737,0.003));
#11800=CARTESIAN_POINT('',(-0.00654903810567664,0.129193266739737,0.003));
#11801=CARTESIAN_POINT('',(-0.00829903810567655,0.129193266739737,0.003));
#11802=CARTESIAN_POINT('',(-0.00829903810567655,0.129193266739737,0.003));
#11803=CARTESIAN_POINT('',(-0.00392403810567676,0.127677722283114,0.003));
#11804=CARTESIAN_POINT('',(-0.00392403810567676,0.127677722283114,0.));
#11805=CARTESIAN_POINT('',(-0.00304903810567676,0.126162177826491,0.));
#11806=CARTESIAN_POINT('',(-0.00304903810567676,0.126162177826491,0.003));
#11807=CARTESIAN_POINT('',(-0.00304903810567676,0.126162177826491,0.003));
#11808=CARTESIAN_POINT('',(-0.00392403810567676,0.127677722283114,0.003));
#11809=CARTESIAN_POINT('',(-0.00392403810567667,0.124646633369868,0.003));
#11810=CARTESIAN_POINT('',(-0.00392403810567667,0.124646633369868,0.));
#11811=CARTESIAN_POINT('',(-0.00479903810567666,0.123131088913246,0.));
#11812=CARTESIAN_POINT('',(-0.00479903810567666,0.123131088913246,0.003));
#11813=CARTESIAN_POINT('',(-0.00479903810567666,0.123131088913246,0.003));
#11814=CARTESIAN_POINT('',(-0.00392403810567667,0.124646633369868,0.003));
#11815=CARTESIAN_POINT('',(-0.00654903810567664,0.123131088913246,0.003));
#11816=CARTESIAN_POINT('',(-0.00654903810567664,0.123131088913246,0.));
#11817=CARTESIAN_POINT('',(-0.00829903810567664,0.123131088913246,0.));
#11818=CARTESIAN_POINT('',(-0.00829903810567664,0.123131088913246,0.003));
#11819=CARTESIAN_POINT('',(-0.00829903810567664,0.123131088913246,0.003));
#11820=CARTESIAN_POINT('',(-0.00654903810567664,0.123131088913246,0.003));
#11821=CARTESIAN_POINT('',(-0.00917403810567662,0.124646633369868,0.003));
#11822=CARTESIAN_POINT('',(-0.00917403810567662,0.124646633369868,0.));
#11823=CARTESIAN_POINT('',(-0.0100490381056766,0.126162177826491,0.));
#11824=CARTESIAN_POINT('',(-0.0100490381056766,0.126162177826491,0.003));
#11825=CARTESIAN_POINT('',(-0.0100490381056766,0.126162177826491,0.003));
#11826=CARTESIAN_POINT('',(-0.00917403810567662,0.124646633369868,0.003));
#11827=CARTESIAN_POINT('',(-0.00654903810567665,0.121631088913245,0.003));
#11828=CARTESIAN_POINT('',(-0.00654903810567665,0.121631088913245,0.));
#11829=CARTESIAN_POINT('',(-0.00479903810567674,0.121631088913245,0.));
#11830=CARTESIAN_POINT('',(-0.00829903810567655,0.121631088913245,0.));
#11831=CARTESIAN_POINT('',(-0.00479903810567674,0.121631088913245,0.003));
#11832=CARTESIAN_POINT('',(-0.00479903810567674,0.121631088913245,0.003));
#11833=CARTESIAN_POINT('',(-0.00654903810567665,0.121631088913245,0.003));
#11834=CARTESIAN_POINT('',(-0.00829903810567655,0.121631088913245,0.003));
#11835=CARTESIAN_POINT('',(-0.00829903810567655,0.121631088913245,0.003));
#11836=CARTESIAN_POINT('',(-0.00392403810567674,0.120115544456623,0.003));
#11837=CARTESIAN_POINT('',(-0.00392403810567674,0.120115544456623,0.));
#11838=CARTESIAN_POINT('',(-0.00304903810567674,0.1186,0.));
#11839=CARTESIAN_POINT('',(-0.00304903810567674,0.1186,0.003));
#11840=CARTESIAN_POINT('',(-0.00304903810567674,0.1186,0.003));
#11841=CARTESIAN_POINT('',(-0.00392403810567674,0.120115544456623,0.003));
#11842=CARTESIAN_POINT('',(-0.00392403810567664,0.117084455543377,0.003));
#11843=CARTESIAN_POINT('',(-0.00392403810567664,0.117084455543377,0.));
#11844=CARTESIAN_POINT('',(-0.00479903810567665,0.115568911086754,0.));
#11845=CARTESIAN_POINT('',(-0.00479903810567665,0.115568911086754,0.003));
#11846=CARTESIAN_POINT('',(-0.00479903810567665,0.115568911086754,0.003));
#11847=CARTESIAN_POINT('',(-0.00392403810567664,0.117084455543377,0.003));
#11848=CARTESIAN_POINT('',(-0.00654903810567664,0.115568911086754,0.003));
#11849=CARTESIAN_POINT('',(-0.00654903810567664,0.115568911086754,0.));
#11850=CARTESIAN_POINT('',(-0.00829903810567664,0.115568911086754,0.));
#11851=CARTESIAN_POINT('',(-0.00829903810567664,0.115568911086754,0.003));
#11852=CARTESIAN_POINT('',(-0.00829903810567664,0.115568911086754,0.003));
#11853=CARTESIAN_POINT('',(-0.00654903810567664,0.115568911086754,0.003));
#11854=CARTESIAN_POINT('',(-0.00917403810567663,0.117084455543377,0.003));
#11855=CARTESIAN_POINT('',(-0.00917403810567663,0.117084455543377,0.));
#11856=CARTESIAN_POINT('',(-0.0100490381056766,0.1186,0.));
#11857=CARTESIAN_POINT('',(-0.0100490381056766,0.1186,0.003));
#11858=CARTESIAN_POINT('',(-0.0100490381056766,0.1186,0.003));
#11859=CARTESIAN_POINT('',(-0.00917403810567663,0.117084455543377,0.003));
#11860=CARTESIAN_POINT('',(-0.00654903810567665,0.114068911086754,0.003));
#11861=CARTESIAN_POINT('',(-0.00654903810567665,0.114068911086754,0.));
#11862=CARTESIAN_POINT('',(-0.00479903810567675,0.114068911086754,0.));
#11863=CARTESIAN_POINT('',(-0.00829903810567655,0.114068911086754,0.));
#11864=CARTESIAN_POINT('',(-0.00479903810567675,0.114068911086754,0.003));
#11865=CARTESIAN_POINT('',(-0.00479903810567675,0.114068911086754,0.003));
#11866=CARTESIAN_POINT('',(-0.00654903810567665,0.114068911086754,0.003));
#11867=CARTESIAN_POINT('',(-0.00829903810567655,0.114068911086754,0.003));
#11868=CARTESIAN_POINT('',(-0.00829903810567655,0.114068911086754,0.003));
#11869=CARTESIAN_POINT('',(-0.00392403810567674,0.112553366630132,0.003));
#11870=CARTESIAN_POINT('',(-0.00392403810567674,0.112553366630132,0.));
#11871=CARTESIAN_POINT('',(-0.00304903810567674,0.111037822173509,0.));
#11872=CARTESIAN_POINT('',(-0.00304903810567674,0.111037822173509,0.003));
#11873=CARTESIAN_POINT('',(-0.00304903810567674,0.111037822173509,0.003));
#11874=CARTESIAN_POINT('',(-0.00392403810567674,0.112553366630132,0.003));
#11875=CARTESIAN_POINT('',(-0.00392403810567667,0.109522277716886,0.003));
#11876=CARTESIAN_POINT('',(-0.00392403810567667,0.109522277716886,0.));
#11877=CARTESIAN_POINT('',(-0.00479903810567667,0.108006733260263,0.));
#11878=CARTESIAN_POINT('',(-0.00479903810567667,0.108006733260263,0.003));
#11879=CARTESIAN_POINT('',(-0.00479903810567667,0.108006733260263,0.003));
#11880=CARTESIAN_POINT('',(-0.00392403810567667,0.109522277716886,0.003));
#11881=CARTESIAN_POINT('',(-0.00654903810567664,0.108006733260263,0.003));
#11882=CARTESIAN_POINT('',(-0.00654903810567664,0.108006733260263,0.));
#11883=CARTESIAN_POINT('',(-0.00829903810567664,0.108006733260263,0.));
#11884=CARTESIAN_POINT('',(-0.00829903810567664,0.108006733260263,0.003));
#11885=CARTESIAN_POINT('',(-0.00829903810567664,0.108006733260263,0.003));
#11886=CARTESIAN_POINT('',(-0.00654903810567664,0.108006733260263,0.003));
#11887=CARTESIAN_POINT('',(-0.00917403810567663,0.109522277716886,0.003));
#11888=CARTESIAN_POINT('',(-0.00917403810567663,0.109522277716886,0.));
#11889=CARTESIAN_POINT('',(-0.0100490381056766,0.111037822173509,0.));
#11890=CARTESIAN_POINT('',(-0.0100490381056766,0.111037822173509,0.003));
#11891=CARTESIAN_POINT('',(-0.0100490381056766,0.111037822173509,0.003));
#11892=CARTESIAN_POINT('',(-0.00917403810567663,0.109522277716886,0.003));
#11893=CARTESIAN_POINT('',(-0.00654903810567665,0.106506733260263,0.003));
#11894=CARTESIAN_POINT('',(-0.00654903810567665,0.106506733260263,0.));
#11895=CARTESIAN_POINT('',(-0.00479903810567675,0.106506733260263,0.));
#11896=CARTESIAN_POINT('',(-0.00829903810567655,0.106506733260263,0.));
#11897=CARTESIAN_POINT('',(-0.00479903810567675,0.106506733260263,0.003));
#11898=CARTESIAN_POINT('',(-0.00479903810567675,0.106506733260263,0.003));
#11899=CARTESIAN_POINT('',(-0.00654903810567665,0.106506733260263,0.003));
#11900=CARTESIAN_POINT('',(-0.00829903810567655,0.106506733260263,0.003));
#11901=CARTESIAN_POINT('',(-0.00829903810567655,0.106506733260263,0.003));
#11902=CARTESIAN_POINT('',(-0.00392403810567675,0.104991188803641,0.003));
#11903=CARTESIAN_POINT('',(-0.00392403810567675,0.104991188803641,0.));
#11904=CARTESIAN_POINT('',(-0.00304903810567675,0.103475644347018,0.));
#11905=CARTESIAN_POINT('',(-0.00304903810567675,0.103475644347018,0.003));
#11906=CARTESIAN_POINT('',(-0.00304903810567675,0.103475644347018,0.003));
#11907=CARTESIAN_POINT('',(-0.00392403810567675,0.104991188803641,0.003));
#11908=CARTESIAN_POINT('',(-0.00392403810567666,0.101960099890395,0.003));
#11909=CARTESIAN_POINT('',(-0.00392403810567666,0.101960099890395,0.));
#11910=CARTESIAN_POINT('',(-0.00479903810567667,0.100444555433772,0.));
#11911=CARTESIAN_POINT('',(-0.00479903810567667,0.100444555433772,0.003));
#11912=CARTESIAN_POINT('',(-0.00479903810567667,0.100444555433772,0.003));
#11913=CARTESIAN_POINT('',(-0.00392403810567666,0.101960099890395,0.003));
#11914=CARTESIAN_POINT('',(-0.00654903810567664,0.100444555433772,0.003));
#11915=CARTESIAN_POINT('',(-0.00654903810567664,0.100444555433772,0.));
#11916=CARTESIAN_POINT('',(-0.00829903810567664,0.100444555433772,0.));
#11917=CARTESIAN_POINT('',(-0.00829903810567664,0.100444555433772,0.003));
#11918=CARTESIAN_POINT('',(-0.00829903810567664,0.100444555433772,0.003));
#11919=CARTESIAN_POINT('',(-0.00654903810567664,0.100444555433772,0.003));
#11920=CARTESIAN_POINT('',(-0.00917403810567663,0.101960099890395,0.003));
#11921=CARTESIAN_POINT('',(-0.00917403810567663,0.101960099890395,0.));
#11922=CARTESIAN_POINT('',(-0.0100490381056766,0.103475644347018,0.));
#11923=CARTESIAN_POINT('',(-0.0100490381056766,0.103475644347018,0.003));
#11924=CARTESIAN_POINT('',(-0.0100490381056766,0.103475644347018,0.003));
#11925=CARTESIAN_POINT('',(-0.00917403810567663,0.101960099890395,0.003));
#11926=CARTESIAN_POINT('',(0.00654903810567663,0.136755444566228,0.003));
#11927=CARTESIAN_POINT('',(0.00654903810567663,0.136755444566228,0.));
#11928=CARTESIAN_POINT('',(0.00829903810567652,0.136755444566228,0.));
#11929=CARTESIAN_POINT('',(0.00479903810567673,0.136755444566228,0.));
#11930=CARTESIAN_POINT('',(0.00829903810567652,0.136755444566228,0.003));
#11931=CARTESIAN_POINT('',(0.00829903810567652,0.136755444566228,0.003));
#11932=CARTESIAN_POINT('',(0.00654903810567663,0.136755444566228,0.003));
#11933=CARTESIAN_POINT('',(0.00479903810567673,0.136755444566228,0.003));
#11934=CARTESIAN_POINT('',(0.00479903810567673,0.136755444566228,0.003));
#11935=CARTESIAN_POINT('',(0.00917403810567652,0.135239900109605,0.003));
#11936=CARTESIAN_POINT('',(0.00917403810567652,0.135239900109605,0.));
#11937=CARTESIAN_POINT('',(0.0100490381056765,0.133724355652982,0.));
#11938=CARTESIAN_POINT('',(0.0100490381056765,0.133724355652982,0.003));
#11939=CARTESIAN_POINT('',(0.0100490381056765,0.133724355652982,0.003));
#11940=CARTESIAN_POINT('',(0.00917403810567652,0.135239900109605,0.003));
#11941=CARTESIAN_POINT('',(0.00917403810567662,0.132208811196359,0.003));
#11942=CARTESIAN_POINT('',(0.00917403810567662,0.132208811196359,0.));
#11943=CARTESIAN_POINT('',(0.00829903810567663,0.130693266739737,0.));
#11944=CARTESIAN_POINT('',(0.00829903810567663,0.130693266739737,0.003));
#11945=CARTESIAN_POINT('',(0.00829903810567663,0.130693266739737,0.003));
#11946=CARTESIAN_POINT('',(0.00917403810567662,0.132208811196359,0.003));
#11947=CARTESIAN_POINT('',(0.00654903810567663,0.130693266739737,0.003));
#11948=CARTESIAN_POINT('',(0.00654903810567663,0.130693266739737,0.));
#11949=CARTESIAN_POINT('',(0.00479903810567663,0.130693266739737,0.));
#11950=CARTESIAN_POINT('',(0.00479903810567663,0.130693266739737,0.003));
#11951=CARTESIAN_POINT('',(0.00479903810567663,0.130693266739737,0.003));
#11952=CARTESIAN_POINT('',(0.00654903810567663,0.130693266739737,0.003));
#11953=CARTESIAN_POINT('',(0.00392403810567665,0.132208811196359,0.003));
#11954=CARTESIAN_POINT('',(0.00392403810567665,0.132208811196359,0.));
#11955=CARTESIAN_POINT('',(0.00304903810567665,0.133724355652982,0.));
#11956=CARTESIAN_POINT('',(0.00304903810567665,0.133724355652982,0.003));
#11957=CARTESIAN_POINT('',(0.00304903810567665,0.133724355652982,0.003));
#11958=CARTESIAN_POINT('',(0.00392403810567665,0.132208811196359,0.003));
#11959=CARTESIAN_POINT('',(0.00654903810567663,0.129193266739737,0.003));
#11960=CARTESIAN_POINT('',(0.00654903810567663,0.129193266739737,0.));
#11961=CARTESIAN_POINT('',(0.00829903810567652,0.129193266739737,0.));
#11962=CARTESIAN_POINT('',(0.00479903810567673,0.129193266739737,0.));
#11963=CARTESIAN_POINT('',(0.00829903810567652,0.129193266739737,0.003));
#11964=CARTESIAN_POINT('',(0.00829903810567652,0.129193266739737,0.003));
#11965=CARTESIAN_POINT('',(0.00654903810567663,0.129193266739737,0.003));
#11966=CARTESIAN_POINT('',(0.00479903810567673,0.129193266739737,0.003));
#11967=CARTESIAN_POINT('',(0.00479903810567673,0.129193266739737,0.003));
#11968=CARTESIAN_POINT('',(0.00917403810567652,0.127677722283114,0.003));
#11969=CARTESIAN_POINT('',(0.00917403810567652,0.127677722283114,0.));
#11970=CARTESIAN_POINT('',(0.0100490381056765,0.126162177826491,0.));
#11971=CARTESIAN_POINT('',(0.0100490381056765,0.126162177826491,0.003));
#11972=CARTESIAN_POINT('',(0.0100490381056765,0.126162177826491,0.003));
#11973=CARTESIAN_POINT('',(0.00917403810567652,0.127677722283114,0.003));
#11974=CARTESIAN_POINT('',(0.0091740381056766,0.124646633369868,0.003));
#11975=CARTESIAN_POINT('',(0.0091740381056766,0.124646633369868,0.));
#11976=CARTESIAN_POINT('',(0.0082990381056766,0.123131088913246,0.));
#11977=CARTESIAN_POINT('',(0.0082990381056766,0.123131088913246,0.003));
#11978=CARTESIAN_POINT('',(0.0082990381056766,0.123131088913246,0.003));
#11979=CARTESIAN_POINT('',(0.0091740381056766,0.124646633369868,0.003));
#11980=CARTESIAN_POINT('',(0.00654903810567663,0.123131088913246,0.003));
#11981=CARTESIAN_POINT('',(0.00654903810567663,0.123131088913246,0.));
#11982=CARTESIAN_POINT('',(0.00479903810567663,0.123131088913246,0.));
#11983=CARTESIAN_POINT('',(0.00479903810567663,0.123131088913246,0.003));
#11984=CARTESIAN_POINT('',(0.00479903810567663,0.123131088913246,0.003));
#11985=CARTESIAN_POINT('',(0.00654903810567663,0.123131088913246,0.003));
#11986=CARTESIAN_POINT('',(0.00392403810567664,0.124646633369868,0.003));
#11987=CARTESIAN_POINT('',(0.00392403810567664,0.124646633369868,0.));
#11988=CARTESIAN_POINT('',(0.00304903810567664,0.126162177826491,0.));
#11989=CARTESIAN_POINT('',(0.00304903810567664,0.126162177826491,0.003));
#11990=CARTESIAN_POINT('',(0.00304903810567664,0.126162177826491,0.003));
#11991=CARTESIAN_POINT('',(0.00392403810567664,0.124646633369868,0.003));
#11992=CARTESIAN_POINT('',(0.00654903810567663,0.121631088913245,0.003));
#11993=CARTESIAN_POINT('',(0.00654903810567663,0.121631088913245,0.));
#11994=CARTESIAN_POINT('',(0.00829903810567652,0.121631088913245,0.));
#11995=CARTESIAN_POINT('',(0.00479903810567673,0.121631088913245,0.));
#11996=CARTESIAN_POINT('',(0.00829903810567652,0.121631088913245,0.003));
#11997=CARTESIAN_POINT('',(0.00829903810567652,0.121631088913245,0.003));
#11998=CARTESIAN_POINT('',(0.00654903810567663,0.121631088913245,0.003));
#11999=CARTESIAN_POINT('',(0.00479903810567673,0.121631088913245,0.003));
#12000=CARTESIAN_POINT('',(0.00479903810567673,0.121631088913245,0.003));
#12001=CARTESIAN_POINT('',(0.00917403810567652,0.120115544456623,0.003));
#12002=CARTESIAN_POINT('',(0.00917403810567652,0.120115544456623,0.));
#12003=CARTESIAN_POINT('',(0.0100490381056765,0.1186,0.));
#12004=CARTESIAN_POINT('',(0.0100490381056765,0.1186,0.003));
#12005=CARTESIAN_POINT('',(0.0100490381056765,0.1186,0.003));
#12006=CARTESIAN_POINT('',(0.00917403810567652,0.120115544456623,0.003));
#12007=CARTESIAN_POINT('',(0.00917403810567662,0.117084455543377,0.003));
#12008=CARTESIAN_POINT('',(0.00917403810567662,0.117084455543377,0.));
#12009=CARTESIAN_POINT('',(0.00829903810567662,0.115568911086754,0.));
#12010=CARTESIAN_POINT('',(0.00829903810567662,0.115568911086754,0.003));
#12011=CARTESIAN_POINT('',(0.00829903810567662,0.115568911086754,0.003));
#12012=CARTESIAN_POINT('',(0.00917403810567662,0.117084455543377,0.003));
#12013=CARTESIAN_POINT('',(0.00654903810567663,0.115568911086754,0.003));
#12014=CARTESIAN_POINT('',(0.00654903810567663,0.115568911086754,0.));
#12015=CARTESIAN_POINT('',(0.00479903810567663,0.115568911086754,0.));
#12016=CARTESIAN_POINT('',(0.00479903810567663,0.115568911086754,0.003));
#12017=CARTESIAN_POINT('',(0.00479903810567663,0.115568911086754,0.003));
#12018=CARTESIAN_POINT('',(0.00654903810567663,0.115568911086754,0.003));
#12019=CARTESIAN_POINT('',(0.00392403810567664,0.117084455543377,0.003));
#12020=CARTESIAN_POINT('',(0.00392403810567664,0.117084455543377,0.));
#12021=CARTESIAN_POINT('',(0.00304903810567665,0.1186,0.));
#12022=CARTESIAN_POINT('',(0.00304903810567665,0.1186,0.003));
#12023=CARTESIAN_POINT('',(0.00304903810567665,0.1186,0.003));
#12024=CARTESIAN_POINT('',(0.00392403810567664,0.117084455543377,0.003));
#12025=CARTESIAN_POINT('',(0.00654903810567663,0.114068911086754,0.003));
#12026=CARTESIAN_POINT('',(0.00654903810567663,0.114068911086754,0.));
#12027=CARTESIAN_POINT('',(0.00829903810567652,0.114068911086754,0.));
#12028=CARTESIAN_POINT('',(0.00479903810567673,0.114068911086754,0.));
#12029=CARTESIAN_POINT('',(0.00829903810567652,0.114068911086754,0.003));
#12030=CARTESIAN_POINT('',(0.00829903810567652,0.114068911086754,0.003));
#12031=CARTESIAN_POINT('',(0.00654903810567663,0.114068911086754,0.003));
#12032=CARTESIAN_POINT('',(0.00479903810567673,0.114068911086754,0.003));
#12033=CARTESIAN_POINT('',(0.00479903810567673,0.114068911086754,0.003));
#12034=CARTESIAN_POINT('',(0.00917403810567652,0.112553366630132,0.003));
#12035=CARTESIAN_POINT('',(0.00917403810567652,0.112553366630132,0.));
#12036=CARTESIAN_POINT('',(0.0100490381056765,0.111037822173509,0.));
#12037=CARTESIAN_POINT('',(0.0100490381056765,0.111037822173509,0.003));
#12038=CARTESIAN_POINT('',(0.0100490381056765,0.111037822173509,0.003));
#12039=CARTESIAN_POINT('',(0.00917403810567652,0.112553366630132,0.003));
#12040=CARTESIAN_POINT('',(0.00917403810567664,0.109522277716886,0.003));
#12041=CARTESIAN_POINT('',(0.00917403810567664,0.109522277716886,0.));
#12042=CARTESIAN_POINT('',(0.00829903810567664,0.108006733260263,0.));
#12043=CARTESIAN_POINT('',(0.00829903810567664,0.108006733260263,0.003));
#12044=CARTESIAN_POINT('',(0.00829903810567664,0.108006733260263,0.003));
#12045=CARTESIAN_POINT('',(0.00917403810567664,0.109522277716886,0.003));
#12046=CARTESIAN_POINT('',(0.00654903810567663,0.108006733260263,0.003));
#12047=CARTESIAN_POINT('',(0.00654903810567663,0.108006733260263,0.));
#12048=CARTESIAN_POINT('',(0.00479903810567663,0.108006733260263,0.));
#12049=CARTESIAN_POINT('',(0.00479903810567663,0.108006733260263,0.003));
#12050=CARTESIAN_POINT('',(0.00479903810567663,0.108006733260263,0.003));
#12051=CARTESIAN_POINT('',(0.00654903810567663,0.108006733260263,0.003));
#12052=CARTESIAN_POINT('',(0.00392403810567664,0.109522277716886,0.003));
#12053=CARTESIAN_POINT('',(0.00392403810567664,0.109522277716886,0.));
#12054=CARTESIAN_POINT('',(0.00304903810567664,0.111037822173509,0.));
#12055=CARTESIAN_POINT('',(0.00304903810567664,0.111037822173509,0.003));
#12056=CARTESIAN_POINT('',(0.00304903810567664,0.111037822173509,0.003));
#12057=CARTESIAN_POINT('',(0.00392403810567664,0.109522277716886,0.003));
#12058=CARTESIAN_POINT('',(0.00654903810567663,0.106506733260263,0.003));
#12059=CARTESIAN_POINT('',(0.00654903810567663,0.106506733260263,0.));
#12060=CARTESIAN_POINT('',(0.00829903810567652,0.106506733260263,0.));
#12061=CARTESIAN_POINT('',(0.00479903810567673,0.106506733260263,0.));
#12062=CARTESIAN_POINT('',(0.00829903810567652,0.106506733260263,0.003));
#12063=CARTESIAN_POINT('',(0.00829903810567652,0.106506733260263,0.003));
#12064=CARTESIAN_POINT('',(0.00654903810567663,0.106506733260263,0.003));
#12065=CARTESIAN_POINT('',(0.00479903810567673,0.106506733260263,0.003));
#12066=CARTESIAN_POINT('',(0.00479903810567673,0.106506733260263,0.003));
#12067=CARTESIAN_POINT('',(0.00917403810567652,0.104991188803641,0.003));
#12068=CARTESIAN_POINT('',(0.00917403810567652,0.104991188803641,0.));
#12069=CARTESIAN_POINT('',(0.0100490381056765,0.103475644347018,0.));
#12070=CARTESIAN_POINT('',(0.0100490381056765,0.103475644347018,0.003));
#12071=CARTESIAN_POINT('',(0.0100490381056765,0.103475644347018,0.003));
#12072=CARTESIAN_POINT('',(0.00917403810567652,0.104991188803641,0.003));
#12073=CARTESIAN_POINT('',(0.00917403810567662,0.101960099890395,0.003));
#12074=CARTESIAN_POINT('',(0.00917403810567662,0.101960099890395,0.));
#12075=CARTESIAN_POINT('',(0.00829903810567663,0.100444555433772,0.));
#12076=CARTESIAN_POINT('',(0.00829903810567663,0.100444555433772,0.003));
#12077=CARTESIAN_POINT('',(0.00829903810567663,0.100444555433772,0.003));
#12078=CARTESIAN_POINT('',(0.00917403810567662,0.101960099890395,0.003));
#12079=CARTESIAN_POINT('',(0.00654903810567663,0.100444555433772,0.003));
#12080=CARTESIAN_POINT('',(0.00654903810567663,0.100444555433772,0.));
#12081=CARTESIAN_POINT('',(0.00479903810567663,0.100444555433772,0.));
#12082=CARTESIAN_POINT('',(0.00479903810567663,0.100444555433772,0.003));
#12083=CARTESIAN_POINT('',(0.00479903810567663,0.100444555433772,0.003));
#12084=CARTESIAN_POINT('',(0.00654903810567663,0.100444555433772,0.003));
#12085=CARTESIAN_POINT('',(0.00392403810567664,0.101960099890395,0.003));
#12086=CARTESIAN_POINT('',(0.00392403810567664,0.101960099890395,0.));
#12087=CARTESIAN_POINT('',(0.00304903810567664,0.103475644347018,0.));
#12088=CARTESIAN_POINT('',(0.00304903810567664,0.103475644347018,0.003));
#12089=CARTESIAN_POINT('',(0.00304903810567664,0.103475644347018,0.003));
#12090=CARTESIAN_POINT('',(0.00392403810567664,0.101960099890395,0.003));
#12091=CARTESIAN_POINT('',(0.0196471143170299,0.136755444566228,0.003));
#12092=CARTESIAN_POINT('',(0.0196471143170299,0.136755444566228,0.));
#12093=CARTESIAN_POINT('',(0.0213971143170298,0.136755444566228,0.));
#12094=CARTESIAN_POINT('',(0.01789711431703,0.136755444566228,0.));
#12095=CARTESIAN_POINT('',(0.0213971143170298,0.136755444566228,0.003));
#12096=CARTESIAN_POINT('',(0.0213971143170298,0.136755444566228,0.003));
#12097=CARTESIAN_POINT('',(0.0196471143170299,0.136755444566228,0.003));
#12098=CARTESIAN_POINT('',(0.01789711431703,0.136755444566228,0.003));
#12099=CARTESIAN_POINT('',(0.01789711431703,0.136755444566228,0.003));
#12100=CARTESIAN_POINT('',(0.0222721143170298,0.135239900109605,0.003));
#12101=CARTESIAN_POINT('',(0.0222721143170298,0.135239900109605,0.));
#12102=CARTESIAN_POINT('',(0.0231471143170298,0.133724355652982,0.));
#12103=CARTESIAN_POINT('',(0.0231471143170298,0.133724355652982,0.003));
#12104=CARTESIAN_POINT('',(0.0231471143170298,0.133724355652982,0.003));
#12105=CARTESIAN_POINT('',(0.0222721143170298,0.135239900109605,0.003));
#12106=CARTESIAN_POINT('',(0.0222721143170298,0.132208811196359,0.003));
#12107=CARTESIAN_POINT('',(0.0222721143170298,0.132208811196359,0.));
#12108=CARTESIAN_POINT('',(0.0213971143170298,0.130693266739737,0.));
#12109=CARTESIAN_POINT('',(0.0213971143170298,0.130693266739737,0.003));
#12110=CARTESIAN_POINT('',(0.0213971143170298,0.130693266739737,0.003));
#12111=CARTESIAN_POINT('',(0.0222721143170298,0.132208811196359,0.003));
#12112=CARTESIAN_POINT('',(0.0196471143170299,0.130693266739737,0.003));
#12113=CARTESIAN_POINT('',(0.0196471143170299,0.130693266739737,0.));
#12114=CARTESIAN_POINT('',(0.0178971143170299,0.130693266739737,0.));
#12115=CARTESIAN_POINT('',(0.0178971143170299,0.130693266739737,0.003));
#12116=CARTESIAN_POINT('',(0.0178971143170299,0.130693266739737,0.003));
#12117=CARTESIAN_POINT('',(0.0196471143170299,0.130693266739737,0.003));
#12118=CARTESIAN_POINT('',(0.0170221143170299,0.132208811196359,0.003));
#12119=CARTESIAN_POINT('',(0.0170221143170299,0.132208811196359,0.));
#12120=CARTESIAN_POINT('',(0.0161471143170299,0.133724355652982,0.));
#12121=CARTESIAN_POINT('',(0.0161471143170299,0.133724355652982,0.003));
#12122=CARTESIAN_POINT('',(0.0161471143170299,0.133724355652982,0.003));
#12123=CARTESIAN_POINT('',(0.0170221143170299,0.132208811196359,0.003));
#12124=CARTESIAN_POINT('',(0.0196471143170299,0.129193266739737,0.003));
#12125=CARTESIAN_POINT('',(0.0196471143170299,0.129193266739737,0.));
#12126=CARTESIAN_POINT('',(0.0213971143170298,0.129193266739737,0.));
#12127=CARTESIAN_POINT('',(0.01789711431703,0.129193266739737,0.));
#12128=CARTESIAN_POINT('',(0.0213971143170298,0.129193266739737,0.003));
#12129=CARTESIAN_POINT('',(0.0213971143170298,0.129193266739737,0.003));
#12130=CARTESIAN_POINT('',(0.0196471143170299,0.129193266739737,0.003));
#12131=CARTESIAN_POINT('',(0.01789711431703,0.129193266739737,0.003));
#12132=CARTESIAN_POINT('',(0.01789711431703,0.129193266739737,0.003));
#12133=CARTESIAN_POINT('',(0.0222721143170298,0.127677722283114,0.003));
#12134=CARTESIAN_POINT('',(0.0222721143170298,0.127677722283114,0.));
#12135=CARTESIAN_POINT('',(0.0231471143170298,0.126162177826491,0.));
#12136=CARTESIAN_POINT('',(0.0231471143170298,0.126162177826491,0.003));
#12137=CARTESIAN_POINT('',(0.0231471143170298,0.126162177826491,0.003));
#12138=CARTESIAN_POINT('',(0.0222721143170298,0.127677722283114,0.003));
#12139=CARTESIAN_POINT('',(0.0222721143170298,0.124646633369868,0.003));
#12140=CARTESIAN_POINT('',(0.0222721143170298,0.124646633369868,0.));
#12141=CARTESIAN_POINT('',(0.0213971143170298,0.123131088913246,0.));
#12142=CARTESIAN_POINT('',(0.0213971143170298,0.123131088913246,0.003));
#12143=CARTESIAN_POINT('',(0.0213971143170298,0.123131088913246,0.003));
#12144=CARTESIAN_POINT('',(0.0222721143170298,0.124646633369868,0.003));
#12145=CARTESIAN_POINT('',(0.0196471143170299,0.123131088913246,0.003));
#12146=CARTESIAN_POINT('',(0.0196471143170299,0.123131088913246,0.));
#12147=CARTESIAN_POINT('',(0.0178971143170299,0.123131088913246,0.));
#12148=CARTESIAN_POINT('',(0.0178971143170299,0.123131088913246,0.003));
#12149=CARTESIAN_POINT('',(0.0178971143170299,0.123131088913246,0.003));
#12150=CARTESIAN_POINT('',(0.0196471143170299,0.123131088913246,0.003));
#12151=CARTESIAN_POINT('',(0.0170221143170299,0.124646633369868,0.003));
#12152=CARTESIAN_POINT('',(0.0170221143170299,0.124646633369868,0.));
#12153=CARTESIAN_POINT('',(0.0161471143170299,0.126162177826491,0.));
#12154=CARTESIAN_POINT('',(0.0161471143170299,0.126162177826491,0.003));
#12155=CARTESIAN_POINT('',(0.0161471143170299,0.126162177826491,0.003));
#12156=CARTESIAN_POINT('',(0.0170221143170299,0.124646633369868,0.003));
#12157=CARTESIAN_POINT('',(0.0196471143170299,0.121631088913245,0.003));
#12158=CARTESIAN_POINT('',(0.0196471143170299,0.121631088913245,0.));
#12159=CARTESIAN_POINT('',(0.0213971143170298,0.121631088913245,0.));
#12160=CARTESIAN_POINT('',(0.01789711431703,0.121631088913245,0.));
#12161=CARTESIAN_POINT('',(0.0213971143170298,0.121631088913245,0.003));
#12162=CARTESIAN_POINT('',(0.0213971143170298,0.121631088913245,0.003));
#12163=CARTESIAN_POINT('',(0.0196471143170299,0.121631088913245,0.003));
#12164=CARTESIAN_POINT('',(0.01789711431703,0.121631088913245,0.003));
#12165=CARTESIAN_POINT('',(0.01789711431703,0.121631088913245,0.003));
#12166=CARTESIAN_POINT('',(0.0222721143170298,0.120115544456623,0.003));
#12167=CARTESIAN_POINT('',(0.0222721143170298,0.120115544456623,0.));
#12168=CARTESIAN_POINT('',(0.0231471143170298,0.1186,0.));
#12169=CARTESIAN_POINT('',(0.0231471143170298,0.1186,0.003));
#12170=CARTESIAN_POINT('',(0.0231471143170298,0.1186,0.003));
#12171=CARTESIAN_POINT('',(0.0222721143170298,0.120115544456623,0.003));
#12172=CARTESIAN_POINT('',(0.0222721143170298,0.117084455543377,0.003));
#12173=CARTESIAN_POINT('',(0.0222721143170298,0.117084455543377,0.));
#12174=CARTESIAN_POINT('',(0.0213971143170298,0.115568911086755,0.));
#12175=CARTESIAN_POINT('',(0.0213971143170298,0.115568911086755,0.003));
#12176=CARTESIAN_POINT('',(0.0213971143170298,0.115568911086755,0.003));
#12177=CARTESIAN_POINT('',(0.0222721143170298,0.117084455543377,0.003));
#12178=CARTESIAN_POINT('',(0.0196471143170299,0.115568911086754,0.003));
#12179=CARTESIAN_POINT('',(0.0196471143170299,0.115568911086754,0.));
#12180=CARTESIAN_POINT('',(0.0178971143170299,0.115568911086754,0.));
#12181=CARTESIAN_POINT('',(0.0178971143170299,0.115568911086754,0.003));
#12182=CARTESIAN_POINT('',(0.0178971143170299,0.115568911086754,0.003));
#12183=CARTESIAN_POINT('',(0.0196471143170299,0.115568911086754,0.003));
#12184=CARTESIAN_POINT('',(0.0170221143170299,0.117084455543377,0.003));
#12185=CARTESIAN_POINT('',(0.0170221143170299,0.117084455543377,0.));
#12186=CARTESIAN_POINT('',(0.0161471143170299,0.1186,0.));
#12187=CARTESIAN_POINT('',(0.0161471143170299,0.1186,0.003));
#12188=CARTESIAN_POINT('',(0.0161471143170299,0.1186,0.003));
#12189=CARTESIAN_POINT('',(0.0170221143170299,0.117084455543377,0.003));
#12190=CARTESIAN_POINT('',(0.0196471143170299,0.114068911086754,0.003));
#12191=CARTESIAN_POINT('',(0.0196471143170299,0.114068911086754,0.));
#12192=CARTESIAN_POINT('',(0.0213971143170298,0.114068911086754,0.));
#12193=CARTESIAN_POINT('',(0.01789711431703,0.114068911086754,0.));
#12194=CARTESIAN_POINT('',(0.0213971143170298,0.114068911086754,0.003));
#12195=CARTESIAN_POINT('',(0.0213971143170298,0.114068911086754,0.003));
#12196=CARTESIAN_POINT('',(0.0196471143170299,0.114068911086754,0.003));
#12197=CARTESIAN_POINT('',(0.01789711431703,0.114068911086754,0.003));
#12198=CARTESIAN_POINT('',(0.01789711431703,0.114068911086754,0.003));
#12199=CARTESIAN_POINT('',(0.0222721143170298,0.112553366630132,0.003));
#12200=CARTESIAN_POINT('',(0.0222721143170298,0.112553366630132,0.));
#12201=CARTESIAN_POINT('',(0.0231471143170298,0.111037822173509,0.));
#12202=CARTESIAN_POINT('',(0.0231471143170298,0.111037822173509,0.003));
#12203=CARTESIAN_POINT('',(0.0231471143170298,0.111037822173509,0.003));
#12204=CARTESIAN_POINT('',(0.0222721143170298,0.112553366630132,0.003));
#12205=CARTESIAN_POINT('',(0.0222721143170298,0.109522277716886,0.003));
#12206=CARTESIAN_POINT('',(0.0222721143170298,0.109522277716886,0.));
#12207=CARTESIAN_POINT('',(0.0213971143170298,0.108006733260263,0.));
#12208=CARTESIAN_POINT('',(0.0213971143170298,0.108006733260263,0.003));
#12209=CARTESIAN_POINT('',(0.0213971143170298,0.108006733260263,0.003));
#12210=CARTESIAN_POINT('',(0.0222721143170298,0.109522277716886,0.003));
#12211=CARTESIAN_POINT('',(0.0196471143170299,0.108006733260263,0.003));
#12212=CARTESIAN_POINT('',(0.0196471143170299,0.108006733260263,0.));
#12213=CARTESIAN_POINT('',(0.0178971143170299,0.108006733260263,0.));
#12214=CARTESIAN_POINT('',(0.0178971143170299,0.108006733260263,0.003));
#12215=CARTESIAN_POINT('',(0.0178971143170299,0.108006733260263,0.003));
#12216=CARTESIAN_POINT('',(0.0196471143170299,0.108006733260263,0.003));
#12217=CARTESIAN_POINT('',(0.0170221143170299,0.109522277716886,0.003));
#12218=CARTESIAN_POINT('',(0.0170221143170299,0.109522277716886,0.));
#12219=CARTESIAN_POINT('',(0.0161471143170299,0.111037822173509,0.));
#12220=CARTESIAN_POINT('',(0.0161471143170299,0.111037822173509,0.003));
#12221=CARTESIAN_POINT('',(0.0161471143170299,0.111037822173509,0.003));
#12222=CARTESIAN_POINT('',(0.0170221143170299,0.109522277716886,0.003));
#12223=CARTESIAN_POINT('',(0.0196471143170299,0.106506733260263,0.003));
#12224=CARTESIAN_POINT('',(0.0196471143170299,0.106506733260263,0.));
#12225=CARTESIAN_POINT('',(0.0213971143170298,0.106506733260263,0.));
#12226=CARTESIAN_POINT('',(0.01789711431703,0.106506733260263,0.));
#12227=CARTESIAN_POINT('',(0.0213971143170298,0.106506733260263,0.003));
#12228=CARTESIAN_POINT('',(0.0213971143170298,0.106506733260263,0.003));
#12229=CARTESIAN_POINT('',(0.0196471143170299,0.106506733260263,0.003));
#12230=CARTESIAN_POINT('',(0.01789711431703,0.106506733260263,0.003));
#12231=CARTESIAN_POINT('',(0.01789711431703,0.106506733260263,0.003));
#12232=CARTESIAN_POINT('',(0.0222721143170298,0.104991188803641,0.003));
#12233=CARTESIAN_POINT('',(0.0222721143170298,0.104991188803641,0.));
#12234=CARTESIAN_POINT('',(0.0231471143170298,0.103475644347018,0.));
#12235=CARTESIAN_POINT('',(0.0231471143170298,0.103475644347018,0.003));
#12236=CARTESIAN_POINT('',(0.0231471143170298,0.103475644347018,0.003));
#12237=CARTESIAN_POINT('',(0.0222721143170298,0.104991188803641,0.003));
#12238=CARTESIAN_POINT('',(0.0222721143170299,0.101960099890395,0.003));
#12239=CARTESIAN_POINT('',(0.0222721143170299,0.101960099890395,0.));
#12240=CARTESIAN_POINT('',(0.0213971143170299,0.100444555433772,0.));
#12241=CARTESIAN_POINT('',(0.0213971143170299,0.100444555433772,0.003));
#12242=CARTESIAN_POINT('',(0.0213971143170299,0.100444555433772,0.003));
#12243=CARTESIAN_POINT('',(0.0222721143170299,0.101960099890395,0.003));
#12244=CARTESIAN_POINT('',(0.0196471143170299,0.100444555433772,0.003));
#12245=CARTESIAN_POINT('',(0.0196471143170299,0.100444555433772,0.));
#12246=CARTESIAN_POINT('',(0.0178971143170299,0.100444555433772,0.));
#12247=CARTESIAN_POINT('',(0.0178971143170299,0.100444555433772,0.003));
#12248=CARTESIAN_POINT('',(0.0178971143170299,0.100444555433772,0.003));
#12249=CARTESIAN_POINT('',(0.0196471143170299,0.100444555433772,0.003));
#12250=CARTESIAN_POINT('',(0.0170221143170299,0.101960099890395,0.003));
#12251=CARTESIAN_POINT('',(0.0170221143170299,0.101960099890395,0.));
#12252=CARTESIAN_POINT('',(0.0161471143170299,0.103475644347018,0.));
#12253=CARTESIAN_POINT('',(0.0161471143170299,0.103475644347018,0.003));
#12254=CARTESIAN_POINT('',(0.0161471143170299,0.103475644347018,0.003));
#12255=CARTESIAN_POINT('',(0.0170221143170299,0.101960099890395,0.003));
#12256=CARTESIAN_POINT('',(-0.0104730762113529,0.128427722283114,0.003));
#12257=CARTESIAN_POINT('',(-0.0104730762113529,0.128427722283114,0.));
#12258=CARTESIAN_POINT('',(-0.0113480762113533,0.126912177826491,0.));
#12259=CARTESIAN_POINT('',(-0.00959807621135329,0.129943266739737,0.));
#12260=CARTESIAN_POINT('',(-0.0113480762113533,0.126912177826491,0.003));
#12261=CARTESIAN_POINT('',(-0.0113480762113533,0.126912177826491,0.003));
#12262=CARTESIAN_POINT('',(-0.0104730762113529,0.128427722283114,0.003));
#12263=CARTESIAN_POINT('',(-0.00959807621135329,0.129943266739737,0.003));
#12264=CARTESIAN_POINT('',(-0.00959807621135329,0.129943266739737,0.003));
#12265=CARTESIAN_POINT('',(-0.0130980762113533,0.126912177826491,0.003));
#12266=CARTESIAN_POINT('',(-0.0130980762113533,0.126912177826491,0.));
#12267=CARTESIAN_POINT('',(-0.0148480762113533,0.126912177826491,0.));
#12268=CARTESIAN_POINT('',(-0.0148480762113533,0.126912177826491,0.003));
#12269=CARTESIAN_POINT('',(-0.0148480762113533,0.126912177826491,0.003));
#12270=CARTESIAN_POINT('',(-0.0130980762113533,0.126912177826491,0.003));
#12271=CARTESIAN_POINT('',(-0.0157230762113535,0.128427722283114,0.003));
#12272=CARTESIAN_POINT('',(-0.0157230762113535,0.128427722283114,0.));
#12273=CARTESIAN_POINT('',(-0.0165980762113535,0.129943266739737,0.));
#12274=CARTESIAN_POINT('',(-0.0165980762113535,0.129943266739737,0.003));
#12275=CARTESIAN_POINT('',(-0.0165980762113535,0.129943266739737,0.003));
#12276=CARTESIAN_POINT('',(-0.0157230762113535,0.128427722283114,0.003));
#12277=CARTESIAN_POINT('',(-0.015723076211353,0.13145881119636,0.003));
#12278=CARTESIAN_POINT('',(-0.015723076211353,0.13145881119636,0.));
#12279=CARTESIAN_POINT('',(-0.014848076211353,0.132974355652983,0.));
#12280=CARTESIAN_POINT('',(-0.014848076211353,0.132974355652983,0.003));
#12281=CARTESIAN_POINT('',(-0.014848076211353,0.132974355652983,0.003));
#12282=CARTESIAN_POINT('',(-0.015723076211353,0.13145881119636,0.003));
#12283=CARTESIAN_POINT('',(-0.0130980762113533,0.132974355652982,0.003));
#12284=CARTESIAN_POINT('',(-0.0130980762113533,0.132974355652982,0.));
#12285=CARTESIAN_POINT('',(-0.0113480762113533,0.132974355652982,0.));
#12286=CARTESIAN_POINT('',(-0.0113480762113533,0.132974355652982,0.003));
#12287=CARTESIAN_POINT('',(-0.0113480762113533,0.132974355652982,0.003));
#12288=CARTESIAN_POINT('',(-0.0130980762113533,0.132974355652982,0.003));
#12289=CARTESIAN_POINT('',(-0.0130980762113533,0.125412177826491,0.003));
#12290=CARTESIAN_POINT('',(-0.0130980762113533,0.125412177826491,0.));
#12291=CARTESIAN_POINT('',(-0.0113480762113533,0.125412177826491,0.));
#12292=CARTESIAN_POINT('',(-0.0148480762113533,0.125412177826491,0.));
#12293=CARTESIAN_POINT('',(-0.0113480762113533,0.125412177826491,0.003));
#12294=CARTESIAN_POINT('',(-0.0113480762113533,0.125412177826491,0.003));
#12295=CARTESIAN_POINT('',(-0.0130980762113533,0.125412177826491,0.003));
#12296=CARTESIAN_POINT('',(-0.0148480762113533,0.125412177826491,0.003));
#12297=CARTESIAN_POINT('',(-0.0148480762113533,0.125412177826491,0.003));
#12298=CARTESIAN_POINT('',(-0.0104730762113533,0.123896633369868,0.003));
#12299=CARTESIAN_POINT('',(-0.0104730762113533,0.123896633369868,0.));
#12300=CARTESIAN_POINT('',(-0.0095980762113533,0.122381088913246,0.));
#12301=CARTESIAN_POINT('',(-0.0095980762113533,0.122381088913246,0.003));
#12302=CARTESIAN_POINT('',(-0.0095980762113533,0.122381088913246,0.003));
#12303=CARTESIAN_POINT('',(-0.0104730762113533,0.123896633369868,0.003));
#12304=CARTESIAN_POINT('',(-0.0104730762113532,0.120865544456623,0.003));
#12305=CARTESIAN_POINT('',(-0.0104730762113532,0.120865544456623,0.));
#12306=CARTESIAN_POINT('',(-0.0113480762113532,0.11935,0.));
#12307=CARTESIAN_POINT('',(-0.0113480762113532,0.11935,0.003));
#12308=CARTESIAN_POINT('',(-0.0113480762113532,0.11935,0.003));
#12309=CARTESIAN_POINT('',(-0.0104730762113532,0.120865544456623,0.003));
#12310=CARTESIAN_POINT('',(-0.0130980762113533,0.11935,0.003));
#12311=CARTESIAN_POINT('',(-0.0130980762113533,0.11935,0.));
#12312=CARTESIAN_POINT('',(-0.0148480762113533,0.11935,0.));
#12313=CARTESIAN_POINT('',(-0.0148480762113533,0.11935,0.003));
#12314=CARTESIAN_POINT('',(-0.0148480762113533,0.11935,0.003));
#12315=CARTESIAN_POINT('',(-0.0130980762113533,0.11935,0.003));
#12316=CARTESIAN_POINT('',(-0.0157230762113532,0.120865544456623,0.003));
#12317=CARTESIAN_POINT('',(-0.0157230762113532,0.120865544456623,0.));
#12318=CARTESIAN_POINT('',(-0.0165980762113533,0.122381088913246,0.));
#12319=CARTESIAN_POINT('',(-0.0165980762113533,0.122381088913246,0.003));
#12320=CARTESIAN_POINT('',(-0.0165980762113533,0.122381088913246,0.003));
#12321=CARTESIAN_POINT('',(-0.0157230762113532,0.120865544456623,0.003));
#12322=CARTESIAN_POINT('',(-0.0130980762113533,0.11785,0.003));
#12323=CARTESIAN_POINT('',(-0.0130980762113533,0.11785,0.));
#12324=CARTESIAN_POINT('',(-0.0113480762113533,0.11785,0.));
#12325=CARTESIAN_POINT('',(-0.0148480762113533,0.11785,0.));
#12326=CARTESIAN_POINT('',(-0.0113480762113533,0.11785,0.003));
#12327=CARTESIAN_POINT('',(-0.0113480762113533,0.11785,0.003));
#12328=CARTESIAN_POINT('',(-0.0130980762113533,0.11785,0.003));
#12329=CARTESIAN_POINT('',(-0.0148480762113533,0.11785,0.003));
#12330=CARTESIAN_POINT('',(-0.0148480762113533,0.11785,0.003));
#12331=CARTESIAN_POINT('',(-0.0104730762113533,0.116334455543377,0.003));
#12332=CARTESIAN_POINT('',(-0.0104730762113533,0.116334455543377,0.));
#12333=CARTESIAN_POINT('',(-0.0095980762113533,0.114818911086754,0.));
#12334=CARTESIAN_POINT('',(-0.0095980762113533,0.114818911086754,0.003));
#12335=CARTESIAN_POINT('',(-0.0095980762113533,0.114818911086754,0.003));
#12336=CARTESIAN_POINT('',(-0.0104730762113533,0.116334455543377,0.003));
#12337=CARTESIAN_POINT('',(-0.0104730762113532,0.113303366630132,0.003));
#12338=CARTESIAN_POINT('',(-0.0104730762113532,0.113303366630132,0.));
#12339=CARTESIAN_POINT('',(-0.0113480762113532,0.111787822173509,0.));
#12340=CARTESIAN_POINT('',(-0.0113480762113532,0.111787822173509,0.003));
#12341=CARTESIAN_POINT('',(-0.0113480762113532,0.111787822173509,0.003));
#12342=CARTESIAN_POINT('',(-0.0104730762113532,0.113303366630132,0.003));
#12343=CARTESIAN_POINT('',(-0.0130980762113533,0.111787822173509,0.003));
#12344=CARTESIAN_POINT('',(-0.0130980762113533,0.111787822173509,0.));
#12345=CARTESIAN_POINT('',(-0.0148480762113533,0.111787822173509,0.));
#12346=CARTESIAN_POINT('',(-0.0148480762113533,0.111787822173509,0.003));
#12347=CARTESIAN_POINT('',(-0.0148480762113533,0.111787822173509,0.003));
#12348=CARTESIAN_POINT('',(-0.0130980762113533,0.111787822173509,0.003));
#12349=CARTESIAN_POINT('',(-0.0157230762113532,0.113303366630132,0.003));
#12350=CARTESIAN_POINT('',(-0.0157230762113532,0.113303366630132,0.));
#12351=CARTESIAN_POINT('',(-0.0165980762113533,0.114818911086754,0.));
#12352=CARTESIAN_POINT('',(-0.0165980762113533,0.114818911086754,0.003));
#12353=CARTESIAN_POINT('',(-0.0165980762113533,0.114818911086754,0.003));
#12354=CARTESIAN_POINT('',(-0.0157230762113532,0.113303366630132,0.003));
#12355=CARTESIAN_POINT('',(-0.0130980762113533,0.110287822173509,0.003));
#12356=CARTESIAN_POINT('',(-0.0130980762113533,0.110287822173509,0.));
#12357=CARTESIAN_POINT('',(-0.0113480762113533,0.110287822173509,0.));
#12358=CARTESIAN_POINT('',(-0.0148480762113533,0.110287822173509,0.));
#12359=CARTESIAN_POINT('',(-0.0113480762113533,0.110287822173509,0.003));
#12360=CARTESIAN_POINT('',(-0.0113480762113533,0.110287822173509,0.003));
#12361=CARTESIAN_POINT('',(-0.0130980762113533,0.110287822173509,0.003));
#12362=CARTESIAN_POINT('',(-0.0148480762113533,0.110287822173509,0.003));
#12363=CARTESIAN_POINT('',(-0.0148480762113533,0.110287822173509,0.003));
#12364=CARTESIAN_POINT('',(-0.0104730762113533,0.108772277716886,0.003));
#12365=CARTESIAN_POINT('',(-0.0104730762113533,0.108772277716886,0.));
#12366=CARTESIAN_POINT('',(-0.0095980762113533,0.107256733260263,0.));
#12367=CARTESIAN_POINT('',(-0.0095980762113533,0.107256733260263,0.003));
#12368=CARTESIAN_POINT('',(-0.0095980762113533,0.107256733260263,0.003));
#12369=CARTESIAN_POINT('',(-0.0104730762113533,0.108772277716886,0.003));
#12370=CARTESIAN_POINT('',(-0.0104730762113532,0.105741188803641,0.003));
#12371=CARTESIAN_POINT('',(-0.0104730762113532,0.105741188803641,0.));
#12372=CARTESIAN_POINT('',(-0.0113480762113532,0.104225644347018,0.));
#12373=CARTESIAN_POINT('',(-0.0113480762113532,0.104225644347018,0.003));
#12374=CARTESIAN_POINT('',(-0.0113480762113532,0.104225644347018,0.003));
#12375=CARTESIAN_POINT('',(-0.0104730762113532,0.105741188803641,0.003));
#12376=CARTESIAN_POINT('',(-0.0130980762113533,0.104225644347018,0.003));
#12377=CARTESIAN_POINT('',(-0.0130980762113533,0.104225644347018,0.));
#12378=CARTESIAN_POINT('',(-0.0148480762113533,0.104225644347018,0.));
#12379=CARTESIAN_POINT('',(-0.0148480762113533,0.104225644347018,0.003));
#12380=CARTESIAN_POINT('',(-0.0148480762113533,0.104225644347018,0.003));
#12381=CARTESIAN_POINT('',(-0.0130980762113533,0.104225644347018,0.003));
#12382=CARTESIAN_POINT('',(-0.0157230762113533,0.105741188803641,0.003));
#12383=CARTESIAN_POINT('',(-0.0157230762113533,0.105741188803641,0.));
#12384=CARTESIAN_POINT('',(-0.0165980762113533,0.107256733260263,0.));
#12385=CARTESIAN_POINT('',(-0.0165980762113533,0.107256733260263,0.003));
#12386=CARTESIAN_POINT('',(-0.0165980762113533,0.107256733260263,0.003));
#12387=CARTESIAN_POINT('',(-0.0157230762113533,0.105741188803641,0.003));
#12388=CARTESIAN_POINT('',(3.90312782094781E-18,0.132974355652982,0.003));
#12389=CARTESIAN_POINT('',(3.90312782094781E-18,0.132974355652982,0.));
#12390=CARTESIAN_POINT('',(0.00174999999999997,0.132974355652982,0.));
#12391=CARTESIAN_POINT('',(-0.00175000000000005,0.132974355652982,0.));
#12392=CARTESIAN_POINT('',(0.00174999999999997,0.132974355652982,0.003));
#12393=CARTESIAN_POINT('',(0.00174999999999997,0.132974355652982,0.003));
#12394=CARTESIAN_POINT('',(3.90312782094781E-18,0.132974355652982,0.003));
#12395=CARTESIAN_POINT('',(-0.00175000000000005,0.132974355652982,0.003));
#12396=CARTESIAN_POINT('',(-0.00175000000000005,0.132974355652982,0.003));
#12397=CARTESIAN_POINT('',(0.002625,0.131458811196359,0.003));
#12398=CARTESIAN_POINT('',(0.002625,0.131458811196359,0.));
#12399=CARTESIAN_POINT('',(0.0035,0.129943266739737,0.));
#12400=CARTESIAN_POINT('',(0.0035,0.129943266739737,0.003));
#12401=CARTESIAN_POINT('',(0.0035,0.129943266739737,0.003));
#12402=CARTESIAN_POINT('',(0.002625,0.131458811196359,0.003));
#12403=CARTESIAN_POINT('',(0.002625,0.128427722283114,0.003));
#12404=CARTESIAN_POINT('',(0.002625,0.128427722283114,0.));
#12405=CARTESIAN_POINT('',(0.00175000000000003,0.126912177826491,0.));
#12406=CARTESIAN_POINT('',(0.00175000000000003,0.126912177826491,0.003));
#12407=CARTESIAN_POINT('',(0.00175000000000003,0.126912177826491,0.003));
#12408=CARTESIAN_POINT('',(0.002625,0.128427722283114,0.003));
#12409=CARTESIAN_POINT('',(-3.46944695195361E-18,0.126912177826491,0.003));
#12410=CARTESIAN_POINT('',(-3.46944695195361E-18,0.126912177826491,0.));
#12411=CARTESIAN_POINT('',(-0.00175,0.126912177826491,0.));
#12412=CARTESIAN_POINT('',(-0.00175,0.126912177826491,0.003));
#12413=CARTESIAN_POINT('',(-0.00175,0.126912177826491,0.003));
#12414=CARTESIAN_POINT('',(-3.46944695195361E-18,0.126912177826491,0.003));
#12415=CARTESIAN_POINT('',(-0.002625,0.128427722283114,0.003));
#12416=CARTESIAN_POINT('',(-0.002625,0.128427722283114,0.));
#12417=CARTESIAN_POINT('',(-0.0035,0.129943266739737,0.));
#12418=CARTESIAN_POINT('',(-0.0035,0.129943266739737,0.003));
#12419=CARTESIAN_POINT('',(-0.0035,0.129943266739737,0.003));
#12420=CARTESIAN_POINT('',(-0.002625,0.128427722283114,0.003));
#12421=CARTESIAN_POINT('',(6.07153216591882E-18,0.125412177826491,0.003));
#12422=CARTESIAN_POINT('',(6.07153216591882E-18,0.125412177826491,0.));
#12423=CARTESIAN_POINT('',(0.00174999999999997,0.125412177826491,0.));
#12424=CARTESIAN_POINT('',(-0.00175000000000006,0.125412177826491,0.));
#12425=CARTESIAN_POINT('',(0.00174999999999997,0.125412177826491,0.003));
#12426=CARTESIAN_POINT('',(0.00174999999999997,0.125412177826491,0.003));
#12427=CARTESIAN_POINT('',(6.07153216591882E-18,0.125412177826491,0.003));
#12428=CARTESIAN_POINT('',(-0.00175000000000006,0.125412177826491,0.003));
#12429=CARTESIAN_POINT('',(-0.00175000000000006,0.125412177826491,0.003));
#12430=CARTESIAN_POINT('',(0.002625,0.123896633369868,0.003));
#12431=CARTESIAN_POINT('',(0.002625,0.123896633369868,0.));
#12432=CARTESIAN_POINT('',(0.0035,0.122381088913246,0.));
#12433=CARTESIAN_POINT('',(0.0035,0.122381088913246,0.003));
#12434=CARTESIAN_POINT('',(0.0035,0.122381088913246,0.003));
#12435=CARTESIAN_POINT('',(0.002625,0.123896633369868,0.003));
#12436=CARTESIAN_POINT('',(0.002625,0.120865544456623,0.003));
#12437=CARTESIAN_POINT('',(0.002625,0.120865544456623,0.));
#12438=CARTESIAN_POINT('',(0.00175,0.11935,0.));
#12439=CARTESIAN_POINT('',(0.00175,0.11935,0.003));
#12440=CARTESIAN_POINT('',(0.00175,0.11935,0.003));
#12441=CARTESIAN_POINT('',(0.002625,0.120865544456623,0.003));
#12442=CARTESIAN_POINT('',(-1.7347234759768E-18,0.11935,0.003));
#12443=CARTESIAN_POINT('',(-1.7347234759768E-18,0.11935,0.));
#12444=CARTESIAN_POINT('',(-0.00175,0.11935,0.));
#12445=CARTESIAN_POINT('',(-0.00175,0.11935,0.003));
#12446=CARTESIAN_POINT('',(-0.00175,0.11935,0.003));
#12447=CARTESIAN_POINT('',(-1.7347234759768E-18,0.11935,0.003));
#12448=CARTESIAN_POINT('',(-0.002625,0.120865544456623,0.003));
#12449=CARTESIAN_POINT('',(-0.002625,0.120865544456623,0.));
#12450=CARTESIAN_POINT('',(-0.0035,0.122381088913246,0.));
#12451=CARTESIAN_POINT('',(-0.0035,0.122381088913246,0.003));
#12452=CARTESIAN_POINT('',(-0.0035,0.122381088913246,0.003));
#12453=CARTESIAN_POINT('',(-0.002625,0.120865544456623,0.003));
#12454=CARTESIAN_POINT('',(6.50521303491303E-18,0.11785,0.003));
#12455=CARTESIAN_POINT('',(6.50521303491303E-18,0.11785,0.));
#12456=CARTESIAN_POINT('',(0.00174999999999996,0.11785,0.));
#12457=CARTESIAN_POINT('',(-0.00175,0.11785,0.));
#12458=CARTESIAN_POINT('',(0.00174999999999996,0.11785,0.003));
#12459=CARTESIAN_POINT('',(0.00174999999999996,0.11785,0.003));
#12460=CARTESIAN_POINT('',(6.50521303491303E-18,0.11785,0.003));
#12461=CARTESIAN_POINT('',(-0.00175,0.11785,0.003));
#12462=CARTESIAN_POINT('',(-0.00175,0.11785,0.003));
#12463=CARTESIAN_POINT('',(0.00262499999999997,0.116334455543377,0.003));
#12464=CARTESIAN_POINT('',(0.00262499999999997,0.116334455543377,0.));
#12465=CARTESIAN_POINT('',(0.0035,0.114818911086754,0.));
#12466=CARTESIAN_POINT('',(0.0035,0.114818911086754,0.003));
#12467=CARTESIAN_POINT('',(0.0035,0.114818911086754,0.003));
#12468=CARTESIAN_POINT('',(0.00262499999999997,0.116334455543377,0.003));
#12469=CARTESIAN_POINT('',(0.002625,0.113303366630132,0.003));
#12470=CARTESIAN_POINT('',(0.002625,0.113303366630132,0.));
#12471=CARTESIAN_POINT('',(0.00175,0.111787822173509,0.));
#12472=CARTESIAN_POINT('',(0.00175,0.111787822173509,0.003));
#12473=CARTESIAN_POINT('',(0.00175,0.111787822173509,0.003));
#12474=CARTESIAN_POINT('',(0.002625,0.113303366630132,0.003));
#12475=CARTESIAN_POINT('',(-1.7347234759768E-18,0.111787822173509,0.003));
#12476=CARTESIAN_POINT('',(-1.7347234759768E-18,0.111787822173509,0.));
#12477=CARTESIAN_POINT('',(-0.00175,0.111787822173509,0.));
#12478=CARTESIAN_POINT('',(-0.00175,0.111787822173509,0.003));
#12479=CARTESIAN_POINT('',(-0.00175,0.111787822173509,0.003));
#12480=CARTESIAN_POINT('',(-1.7347234759768E-18,0.111787822173509,0.003));
#12481=CARTESIAN_POINT('',(-0.002625,0.113303366630132,0.003));
#12482=CARTESIAN_POINT('',(-0.002625,0.113303366630132,0.));
#12483=CARTESIAN_POINT('',(-0.0035,0.114818911086754,0.));
#12484=CARTESIAN_POINT('',(-0.0035,0.114818911086754,0.003));
#12485=CARTESIAN_POINT('',(-0.0035,0.114818911086754,0.003));
#12486=CARTESIAN_POINT('',(-0.002625,0.113303366630132,0.003));
#12487=CARTESIAN_POINT('',(7.80625564189563E-18,0.110287822173509,0.003));
#12488=CARTESIAN_POINT('',(7.80625564189563E-18,0.110287822173509,0.));
#12489=CARTESIAN_POINT('',(0.00174999999999996,0.110287822173509,0.));
#12490=CARTESIAN_POINT('',(-0.00175000000000003,0.110287822173509,0.));
#12491=CARTESIAN_POINT('',(0.00174999999999996,0.110287822173509,0.003));
#12492=CARTESIAN_POINT('',(0.00174999999999996,0.110287822173509,0.003));
#12493=CARTESIAN_POINT('',(7.80625564189563E-18,0.110287822173509,0.003));
#12494=CARTESIAN_POINT('',(-0.00175000000000003,0.110287822173509,0.003));
#12495=CARTESIAN_POINT('',(-0.00175000000000003,0.110287822173509,0.003));
#12496=CARTESIAN_POINT('',(0.00262499999999997,0.108772277716886,0.003));
#12497=CARTESIAN_POINT('',(0.00262499999999997,0.108772277716886,0.));
#12498=CARTESIAN_POINT('',(0.0035,0.107256733260263,0.));
#12499=CARTESIAN_POINT('',(0.0035,0.107256733260263,0.003));
#12500=CARTESIAN_POINT('',(0.0035,0.107256733260263,0.003));
#12501=CARTESIAN_POINT('',(0.00262499999999997,0.108772277716886,0.003));
#12502=CARTESIAN_POINT('',(0.00262500000000004,0.105741188803641,0.003));
#12503=CARTESIAN_POINT('',(0.00262500000000004,0.105741188803641,0.));
#12504=CARTESIAN_POINT('',(0.00175000000000004,0.104225644347018,0.));
#12505=CARTESIAN_POINT('',(0.00175000000000004,0.104225644347018,0.003));
#12506=CARTESIAN_POINT('',(0.00175000000000004,0.104225644347018,0.003));
#12507=CARTESIAN_POINT('',(0.00262500000000004,0.105741188803641,0.003));
#12508=CARTESIAN_POINT('',(0.,0.104225644347018,0.003));
#12509=CARTESIAN_POINT('',(0.,0.104225644347018,0.));
#12510=CARTESIAN_POINT('',(-0.00175,0.104225644347018,0.));
#12511=CARTESIAN_POINT('',(-0.00175,0.104225644347018,0.003));
#12512=CARTESIAN_POINT('',(-0.00175,0.104225644347018,0.003));
#12513=CARTESIAN_POINT('',(0.,0.104225644347018,0.003));
#12514=CARTESIAN_POINT('',(-0.002625,0.105741188803641,0.003));
#12515=CARTESIAN_POINT('',(-0.002625,0.105741188803641,0.));
#12516=CARTESIAN_POINT('',(-0.0035,0.107256733260263,0.));
#12517=CARTESIAN_POINT('',(-0.0035,0.107256733260263,0.003));
#12518=CARTESIAN_POINT('',(-0.0035,0.107256733260263,0.003));
#12519=CARTESIAN_POINT('',(-0.002625,0.105741188803641,0.003));
#12520=CARTESIAN_POINT('',(0.0130980762113533,0.132974355652982,0.003));
#12521=CARTESIAN_POINT('',(0.0130980762113533,0.132974355652982,0.));
#12522=CARTESIAN_POINT('',(0.0148480762113532,0.132974355652982,0.));
#12523=CARTESIAN_POINT('',(0.0113480762113532,0.132974355652982,0.));
#12524=CARTESIAN_POINT('',(0.0148480762113532,0.132974355652982,0.003));
#12525=CARTESIAN_POINT('',(0.0148480762113532,0.132974355652982,0.003));
#12526=CARTESIAN_POINT('',(0.0130980762113533,0.132974355652982,0.003));
#12527=CARTESIAN_POINT('',(0.0113480762113532,0.132974355652982,0.003));
#12528=CARTESIAN_POINT('',(0.0113480762113532,0.132974355652982,0.003));
#12529=CARTESIAN_POINT('',(0.0157230762113532,0.131458811196359,0.003));
#12530=CARTESIAN_POINT('',(0.0157230762113532,0.131458811196359,0.));
#12531=CARTESIAN_POINT('',(0.0165980762113533,0.129943266739737,0.));
#12532=CARTESIAN_POINT('',(0.0165980762113533,0.129943266739737,0.003));
#12533=CARTESIAN_POINT('',(0.0165980762113533,0.129943266739737,0.003));
#12534=CARTESIAN_POINT('',(0.0157230762113532,0.131458811196359,0.003));
#12535=CARTESIAN_POINT('',(0.0157230762113533,0.128427722283114,0.003));
#12536=CARTESIAN_POINT('',(0.0157230762113533,0.128427722283114,0.));
#12537=CARTESIAN_POINT('',(0.0148480762113533,0.126912177826491,0.));
#12538=CARTESIAN_POINT('',(0.0148480762113533,0.126912177826491,0.003));
#12539=CARTESIAN_POINT('',(0.0148480762113533,0.126912177826491,0.003));
#12540=CARTESIAN_POINT('',(0.0157230762113533,0.128427722283114,0.003));
#12541=CARTESIAN_POINT('',(0.0130980762113533,0.126912177826491,0.003));
#12542=CARTESIAN_POINT('',(0.0130980762113533,0.126912177826491,0.));
#12543=CARTESIAN_POINT('',(0.0113480762113533,0.126912177826491,0.));
#12544=CARTESIAN_POINT('',(0.0113480762113533,0.126912177826491,0.003));
#12545=CARTESIAN_POINT('',(0.0113480762113533,0.126912177826491,0.003));
#12546=CARTESIAN_POINT('',(0.0130980762113533,0.126912177826491,0.003));
#12547=CARTESIAN_POINT('',(0.0104730762113533,0.128427722283114,0.003));
#12548=CARTESIAN_POINT('',(0.0104730762113533,0.128427722283114,0.));
#12549=CARTESIAN_POINT('',(0.0095980762113533,0.129943266739737,0.));
#12550=CARTESIAN_POINT('',(0.0095980762113533,0.129943266739737,0.003));
#12551=CARTESIAN_POINT('',(0.0095980762113533,0.129943266739737,0.003));
#12552=CARTESIAN_POINT('',(0.0104730762113533,0.128427722283114,0.003));
#12553=CARTESIAN_POINT('',(0.0130980762113533,0.125412177826491,0.003));
#12554=CARTESIAN_POINT('',(0.0130980762113533,0.125412177826491,0.));
#12555=CARTESIAN_POINT('',(0.0148480762113532,0.125412177826491,0.));
#12556=CARTESIAN_POINT('',(0.0113480762113532,0.125412177826491,0.));
#12557=CARTESIAN_POINT('',(0.0148480762113532,0.125412177826491,0.003));
#12558=CARTESIAN_POINT('',(0.0148480762113532,0.125412177826491,0.003));
#12559=CARTESIAN_POINT('',(0.0130980762113533,0.125412177826491,0.003));
#12560=CARTESIAN_POINT('',(0.0113480762113532,0.125412177826491,0.003));
#12561=CARTESIAN_POINT('',(0.0113480762113532,0.125412177826491,0.003));
#12562=CARTESIAN_POINT('',(0.0157230762113532,0.123896633369868,0.003));
#12563=CARTESIAN_POINT('',(0.0157230762113532,0.123896633369868,0.));
#12564=CARTESIAN_POINT('',(0.0165980762113533,0.122381088913246,0.));
#12565=CARTESIAN_POINT('',(0.0165980762113533,0.122381088913246,0.003));
#12566=CARTESIAN_POINT('',(0.0165980762113533,0.122381088913246,0.003));
#12567=CARTESIAN_POINT('',(0.0157230762113532,0.123896633369868,0.003));
#12568=CARTESIAN_POINT('',(0.0157230762113533,0.120865544456623,0.003));
#12569=CARTESIAN_POINT('',(0.0157230762113533,0.120865544456623,0.));
#12570=CARTESIAN_POINT('',(0.0148480762113533,0.11935,0.));
#12571=CARTESIAN_POINT('',(0.0148480762113533,0.11935,0.003));
#12572=CARTESIAN_POINT('',(0.0148480762113533,0.11935,0.003));
#12573=CARTESIAN_POINT('',(0.0157230762113533,0.120865544456623,0.003));
#12574=CARTESIAN_POINT('',(0.0130980762113533,0.11935,0.003));
#12575=CARTESIAN_POINT('',(0.0130980762113533,0.11935,0.));
#12576=CARTESIAN_POINT('',(0.0113480762113533,0.11935,0.));
#12577=CARTESIAN_POINT('',(0.0113480762113533,0.11935,0.003));
#12578=CARTESIAN_POINT('',(0.0113480762113533,0.11935,0.003));
#12579=CARTESIAN_POINT('',(0.0130980762113533,0.11935,0.003));
#12580=CARTESIAN_POINT('',(0.0104730762113533,0.120865544456623,0.003));
#12581=CARTESIAN_POINT('',(0.0104730762113533,0.120865544456623,0.));
#12582=CARTESIAN_POINT('',(0.00959807621135329,0.122381088913246,0.));
#12583=CARTESIAN_POINT('',(0.00959807621135329,0.122381088913246,0.003));
#12584=CARTESIAN_POINT('',(0.00959807621135329,0.122381088913246,0.003));
#12585=CARTESIAN_POINT('',(0.0104730762113533,0.120865544456623,0.003));
#12586=CARTESIAN_POINT('',(0.0130980762113533,0.11785,0.003));
#12587=CARTESIAN_POINT('',(0.0130980762113533,0.11785,0.));
#12588=CARTESIAN_POINT('',(0.0148480762113532,0.11785,0.));
#12589=CARTESIAN_POINT('',(0.0113480762113532,0.11785,0.));
#12590=CARTESIAN_POINT('',(0.0148480762113532,0.11785,0.003));
#12591=CARTESIAN_POINT('',(0.0148480762113532,0.11785,0.003));
#12592=CARTESIAN_POINT('',(0.0130980762113533,0.11785,0.003));
#12593=CARTESIAN_POINT('',(0.0113480762113532,0.11785,0.003));
#12594=CARTESIAN_POINT('',(0.0113480762113532,0.11785,0.003));
#12595=CARTESIAN_POINT('',(0.0157230762113532,0.116334455543377,0.003));
#12596=CARTESIAN_POINT('',(0.0157230762113532,0.116334455543377,0.));
#12597=CARTESIAN_POINT('',(0.0165980762113533,0.114818911086754,0.));
#12598=CARTESIAN_POINT('',(0.0165980762113533,0.114818911086754,0.003));
#12599=CARTESIAN_POINT('',(0.0165980762113533,0.114818911086754,0.003));
#12600=CARTESIAN_POINT('',(0.0157230762113532,0.116334455543377,0.003));
#12601=CARTESIAN_POINT('',(0.0157230762113533,0.113303366630132,0.003));
#12602=CARTESIAN_POINT('',(0.0157230762113533,0.113303366630132,0.));
#12603=CARTESIAN_POINT('',(0.0148480762113533,0.111787822173509,0.));
#12604=CARTESIAN_POINT('',(0.0148480762113533,0.111787822173509,0.003));
#12605=CARTESIAN_POINT('',(0.0148480762113533,0.111787822173509,0.003));
#12606=CARTESIAN_POINT('',(0.0157230762113533,0.113303366630132,0.003));
#12607=CARTESIAN_POINT('',(0.0130980762113533,0.111787822173509,0.003));
#12608=CARTESIAN_POINT('',(0.0130980762113533,0.111787822173509,0.));
#12609=CARTESIAN_POINT('',(0.0113480762113533,0.111787822173509,0.));
#12610=CARTESIAN_POINT('',(0.0113480762113533,0.111787822173509,0.003));
#12611=CARTESIAN_POINT('',(0.0113480762113533,0.111787822173509,0.003));
#12612=CARTESIAN_POINT('',(0.0130980762113533,0.111787822173509,0.003));
#12613=CARTESIAN_POINT('',(0.0104730762113533,0.113303366630132,0.003));
#12614=CARTESIAN_POINT('',(0.0104730762113533,0.113303366630132,0.));
#12615=CARTESIAN_POINT('',(0.00959807621135327,0.114818911086754,0.));
#12616=CARTESIAN_POINT('',(0.00959807621135327,0.114818911086754,0.003));
#12617=CARTESIAN_POINT('',(0.00959807621135327,0.114818911086754,0.003));
#12618=CARTESIAN_POINT('',(0.0104730762113533,0.113303366630132,0.003));
#12619=CARTESIAN_POINT('',(0.0130980762113533,0.110287822173509,0.003));
#12620=CARTESIAN_POINT('',(0.0130980762113533,0.110287822173509,0.));
#12621=CARTESIAN_POINT('',(0.0148480762113532,0.110287822173509,0.));
#12622=CARTESIAN_POINT('',(0.0113480762113532,0.110287822173509,0.));
#12623=CARTESIAN_POINT('',(0.0148480762113532,0.110287822173509,0.003));
#12624=CARTESIAN_POINT('',(0.0148480762113532,0.110287822173509,0.003));
#12625=CARTESIAN_POINT('',(0.0130980762113533,0.110287822173509,0.003));
#12626=CARTESIAN_POINT('',(0.0113480762113532,0.110287822173509,0.003));
#12627=CARTESIAN_POINT('',(0.0113480762113532,0.110287822173509,0.003));
#12628=CARTESIAN_POINT('',(0.0157230762113532,0.108772277716886,0.003));
#12629=CARTESIAN_POINT('',(0.0157230762113532,0.108772277716886,0.));
#12630=CARTESIAN_POINT('',(0.0165980762113533,0.107256733260263,0.));
#12631=CARTESIAN_POINT('',(0.0165980762113533,0.107256733260263,0.003));
#12632=CARTESIAN_POINT('',(0.0165980762113533,0.107256733260263,0.003));
#12633=CARTESIAN_POINT('',(0.0157230762113532,0.108772277716886,0.003));
#12634=CARTESIAN_POINT('',(0.0157230762113534,0.105741188803641,0.003));
#12635=CARTESIAN_POINT('',(0.0157230762113534,0.105741188803641,0.));
#12636=CARTESIAN_POINT('',(0.0148480762113533,0.104225644347018,0.));
#12637=CARTESIAN_POINT('',(0.0148480762113533,0.104225644347018,0.003));
#12638=CARTESIAN_POINT('',(0.0148480762113533,0.104225644347018,0.003));
#12639=CARTESIAN_POINT('',(0.0157230762113534,0.105741188803641,0.003));
#12640=CARTESIAN_POINT('',(0.0130980762113533,0.104225644347018,0.003));
#12641=CARTESIAN_POINT('',(0.0130980762113533,0.104225644347018,0.));
#12642=CARTESIAN_POINT('',(0.0113480762113533,0.104225644347018,0.));
#12643=CARTESIAN_POINT('',(0.0113480762113533,0.104225644347018,0.003));
#12644=CARTESIAN_POINT('',(0.0113480762113533,0.104225644347018,0.003));
#12645=CARTESIAN_POINT('',(0.0130980762113533,0.104225644347018,0.003));
#12646=CARTESIAN_POINT('',(0.0104730762113533,0.105741188803641,0.003));
#12647=CARTESIAN_POINT('',(0.0104730762113533,0.105741188803641,0.));
#12648=CARTESIAN_POINT('',(0.00959807621135327,0.107256733260263,0.));
#12649=CARTESIAN_POINT('',(0.00959807621135327,0.107256733260263,0.003));
#12650=CARTESIAN_POINT('',(0.00959807621135327,0.107256733260263,0.003));
#12651=CARTESIAN_POINT('',(0.0104730762113533,0.105741188803641,0.003));
#12652=CARTESIAN_POINT('',(-0.0170221143170296,0.13220881119636,0.003));
#12653=CARTESIAN_POINT('',(-0.0170221143170296,0.13220881119636,0.));
#12654=CARTESIAN_POINT('',(-0.0170221143170296,0.13220881119636,0.003));
#12655=CARTESIAN_POINT('',(-0.0222721143170298,0.127677722283114,0.003));
#12656=CARTESIAN_POINT('',(-0.0222721143170298,0.127677722283114,0.));
#12657=CARTESIAN_POINT('',(-0.0222721143170298,0.127677722283114,0.003));
#12658=CARTESIAN_POINT('',(-0.0222721143170298,0.120115544456623,0.003));
#12659=CARTESIAN_POINT('',(-0.0222721143170298,0.120115544456623,0.));
#12660=CARTESIAN_POINT('',(-0.0222721143170298,0.120115544456623,0.003));
#12661=CARTESIAN_POINT('',(-0.0222721143170298,0.112553366630132,0.003));
#12662=CARTESIAN_POINT('',(-0.0222721143170298,0.112553366630132,0.));
#12663=CARTESIAN_POINT('',(-0.0222721143170298,0.112553366630132,0.003));
#12664=CARTESIAN_POINT('',(-0.0222721143170298,0.104991188803641,0.003));
#12665=CARTESIAN_POINT('',(-0.0222721143170298,0.104991188803641,0.));
#12666=CARTESIAN_POINT('',(-0.0222721143170298,0.104991188803641,0.003));
#12667=CARTESIAN_POINT('',(-0.00917403810567654,0.135239900109605,0.003));
#12668=CARTESIAN_POINT('',(-0.00917403810567654,0.135239900109605,0.));
#12669=CARTESIAN_POINT('',(-0.00917403810567654,0.135239900109605,0.003));
#12670=CARTESIAN_POINT('',(-0.00917403810567654,0.127677722283114,0.003));
#12671=CARTESIAN_POINT('',(-0.00917403810567654,0.127677722283114,0.));
#12672=CARTESIAN_POINT('',(-0.00917403810567654,0.127677722283114,0.003));
#12673=CARTESIAN_POINT('',(-0.00917403810567654,0.120115544456623,0.003));
#12674=CARTESIAN_POINT('',(-0.00917403810567654,0.120115544456623,0.));
#12675=CARTESIAN_POINT('',(-0.00917403810567654,0.120115544456623,0.003));
#12676=CARTESIAN_POINT('',(-0.00917403810567654,0.112553366630132,0.003));
#12677=CARTESIAN_POINT('',(-0.00917403810567654,0.112553366630132,0.));
#12678=CARTESIAN_POINT('',(-0.00917403810567654,0.112553366630132,0.003));
#12679=CARTESIAN_POINT('',(-0.00917403810567654,0.104991188803641,0.003));
#12680=CARTESIAN_POINT('',(-0.00917403810567654,0.104991188803641,0.));
#12681=CARTESIAN_POINT('',(-0.00917403810567654,0.104991188803641,0.003));
#12682=CARTESIAN_POINT('',(0.00392403810567674,0.135239900109605,0.003));
#12683=CARTESIAN_POINT('',(0.00392403810567674,0.135239900109605,0.));
#12684=CARTESIAN_POINT('',(0.00392403810567674,0.135239900109605,0.003));
#12685=CARTESIAN_POINT('',(0.00392403810567674,0.127677722283114,0.003));
#12686=CARTESIAN_POINT('',(0.00392403810567674,0.127677722283114,0.));
#12687=CARTESIAN_POINT('',(0.00392403810567674,0.127677722283114,0.003));
#12688=CARTESIAN_POINT('',(0.00392403810567673,0.120115544456623,0.003));
#12689=CARTESIAN_POINT('',(0.00392403810567673,0.120115544456623,0.));
#12690=CARTESIAN_POINT('',(0.00392403810567673,0.120115544456623,0.003));
#12691=CARTESIAN_POINT('',(0.00392403810567673,0.112553366630132,0.003));
#12692=CARTESIAN_POINT('',(0.00392403810567673,0.112553366630132,0.));
#12693=CARTESIAN_POINT('',(0.00392403810567673,0.112553366630132,0.003));
#12694=CARTESIAN_POINT('',(0.00392403810567673,0.104991188803641,0.003));
#12695=CARTESIAN_POINT('',(0.00392403810567673,0.104991188803641,0.));
#12696=CARTESIAN_POINT('',(0.00392403810567673,0.104991188803641,0.003));
#12697=CARTESIAN_POINT('',(0.01702211431703,0.135239900109605,0.003));
#12698=CARTESIAN_POINT('',(0.01702211431703,0.135239900109605,0.));
#12699=CARTESIAN_POINT('',(0.01702211431703,0.135239900109605,0.003));
#12700=CARTESIAN_POINT('',(0.01702211431703,0.127677722283114,0.003));
#12701=CARTESIAN_POINT('',(0.01702211431703,0.127677722283114,0.));
#12702=CARTESIAN_POINT('',(0.01702211431703,0.127677722283114,0.003));
#12703=CARTESIAN_POINT('',(0.01702211431703,0.120115544456623,0.003));
#12704=CARTESIAN_POINT('',(0.01702211431703,0.120115544456623,0.));
#12705=CARTESIAN_POINT('',(0.01702211431703,0.120115544456623,0.003));
#12706=CARTESIAN_POINT('',(0.01702211431703,0.112553366630132,0.003));
#12707=CARTESIAN_POINT('',(0.01702211431703,0.112553366630132,0.));
#12708=CARTESIAN_POINT('',(0.01702211431703,0.112553366630132,0.003));
#12709=CARTESIAN_POINT('',(0.01702211431703,0.104991188803641,0.003));
#12710=CARTESIAN_POINT('',(0.01702211431703,0.104991188803641,0.));
#12711=CARTESIAN_POINT('',(0.01702211431703,0.104991188803641,0.003));
#12712=CARTESIAN_POINT('',(-0.0104730762113533,0.131458811196359,0.003));
#12713=CARTESIAN_POINT('',(-0.0104730762113533,0.131458811196359,0.));
#12714=CARTESIAN_POINT('',(-0.0104730762113533,0.131458811196359,0.003));
#12715=CARTESIAN_POINT('',(-0.0157230762113533,0.123896633369868,0.003));
#12716=CARTESIAN_POINT('',(-0.0157230762113533,0.123896633369868,0.));
#12717=CARTESIAN_POINT('',(-0.0157230762113533,0.123896633369868,0.003));
#12718=CARTESIAN_POINT('',(-0.0157230762113533,0.116334455543377,0.003));
#12719=CARTESIAN_POINT('',(-0.0157230762113533,0.116334455543377,0.));
#12720=CARTESIAN_POINT('',(-0.0157230762113533,0.116334455543377,0.003));
#12721=CARTESIAN_POINT('',(-0.0157230762113533,0.108772277716886,0.003));
#12722=CARTESIAN_POINT('',(-0.0157230762113533,0.108772277716886,0.));
#12723=CARTESIAN_POINT('',(-0.0157230762113533,0.108772277716886,0.003));
#12724=CARTESIAN_POINT('',(-0.00262500000000005,0.131458811196359,0.003));
#12725=CARTESIAN_POINT('',(-0.00262500000000005,0.131458811196359,0.));
#12726=CARTESIAN_POINT('',(-0.00262500000000005,0.131458811196359,0.003));
#12727=CARTESIAN_POINT('',(-0.00262500000000006,0.123896633369868,0.003));
#12728=CARTESIAN_POINT('',(-0.00262500000000006,0.123896633369868,0.));
#12729=CARTESIAN_POINT('',(-0.00262500000000006,0.123896633369868,0.003));
#12730=CARTESIAN_POINT('',(-0.002625,0.116334455543377,0.003));
#12731=CARTESIAN_POINT('',(-0.002625,0.116334455543377,0.));
#12732=CARTESIAN_POINT('',(-0.002625,0.116334455543377,0.003));
#12733=CARTESIAN_POINT('',(-0.00262500000000004,0.108772277716886,0.003));
#12734=CARTESIAN_POINT('',(-0.00262500000000004,0.108772277716886,0.));
#12735=CARTESIAN_POINT('',(-0.00262500000000004,0.108772277716886,0.003));
#12736=CARTESIAN_POINT('',(0.0104730762113532,0.131458811196359,0.003));
#12737=CARTESIAN_POINT('',(0.0104730762113532,0.131458811196359,0.));
#12738=CARTESIAN_POINT('',(0.0104730762113532,0.131458811196359,0.003));
#12739=CARTESIAN_POINT('',(0.0104730762113532,0.123896633369868,0.003));
#12740=CARTESIAN_POINT('',(0.0104730762113532,0.123896633369868,0.));
#12741=CARTESIAN_POINT('',(0.0104730762113532,0.123896633369868,0.003));
#12742=CARTESIAN_POINT('',(0.0104730762113532,0.116334455543377,0.003));
#12743=CARTESIAN_POINT('',(0.0104730762113532,0.116334455543377,0.));
#12744=CARTESIAN_POINT('',(0.0104730762113532,0.116334455543377,0.003));
#12745=CARTESIAN_POINT('',(0.0104730762113532,0.108772277716886,0.003));
#12746=CARTESIAN_POINT('',(0.0104730762113532,0.108772277716886,0.));
#12747=CARTESIAN_POINT('',(0.0104730762113532,0.108772277716886,0.003));
#12748=CARTESIAN_POINT('',(0.0399,0.1186,0.003));
#12749=CARTESIAN_POINT('',(0.0399,0.1186,0.003));
#12750=CARTESIAN_POINT('',(0.0399,0.1624,0.003));
#12751=CARTESIAN_POINT('',(0.0399,0.0748,0.003));
#12752=CARTESIAN_POINT('',(0.0399,0.0748,0.));
#12753=CARTESIAN_POINT('',(0.0399,0.0748,0.));
#12754=CARTESIAN_POINT('',(0.0399,0.1186,0.));
#12755=CARTESIAN_POINT('',(0.0399,0.1624,0.));
#12756=CARTESIAN_POINT('',(0.0399,0.1624,0.003));
#12757=CARTESIAN_POINT('',(-0.0918667999088764,0.1048,0.003));
#12758=CARTESIAN_POINT('',(-0.0109833999544383,0.0239166000455617,0.003));
#12759=CARTESIAN_POINT('',(0.00281660004556227,0.199483399954438,0.003));
#12760=CARTESIAN_POINT('',(-0.0946833999544384,0.107616600045562,0.003));
#12761=CARTESIAN_POINT('',(-0.0808833999544385,0.115783399954438,0.003));
#12762=CARTESIAN_POINT('',(-0.0918667999088764,0.1048,0.));
#12763=CARTESIAN_POINT('',(0.0399,0.0748,0.));
#12764=CARTESIAN_POINT('',(-0.0389,0.0738,0.));
#12765=CARTESIAN_POINT('',(-0.0399,0.1624,0.));
#12766=CARTESIAN_POINT('',(0.0389,0.1634,0.));
#12767=CARTESIAN_POINT('',(0.0399,0.0748,0.003));
#12768=CARTESIAN_POINT('',(-0.0389,0.0738,0.003));
#12769=CARTESIAN_POINT('',(0.0389,0.1634,0.003));
#12770=CARTESIAN_POINT('',(-0.0399,0.1624,0.003));
#12771=CARTESIAN_POINT('',(0.,0.,0.));
#12772=CARTESIAN_POINT('',(-1.38777878078145E-17,0.2634,0.003));
#12773=CARTESIAN_POINT('',(-1.38777878078145E-17,0.2634,0.003));
#12774=CARTESIAN_POINT('',(-0.0389,0.2634,0.003));
#12775=CARTESIAN_POINT('',(0.0389,0.2634,0.003));
#12776=CARTESIAN_POINT('',(0.0389,0.2634,0.003));
#12777=CARTESIAN_POINT('',(0.0389,0.2634,0.));
#12778=CARTESIAN_POINT('',(-1.38777878078145E-17,0.2634,0.));
#12779=CARTESIAN_POINT('',(-0.0389,0.2634,0.));
#12780=CARTESIAN_POINT('',(-0.0389,0.2634,0.003));
#12781=CARTESIAN_POINT('',(-0.0399,0.2186,0.003));
#12782=CARTESIAN_POINT('',(-0.0399,0.2186,0.));
#12783=CARTESIAN_POINT('',(-0.0399,0.2624,0.));
#12784=CARTESIAN_POINT('',(-0.0399,0.1748,0.));
#12785=CARTESIAN_POINT('',(-0.0399,0.1748,0.003));
#12786=CARTESIAN_POINT('',(-0.0399,0.1748,0.003));
#12787=CARTESIAN_POINT('',(-0.0399,0.2186,0.003));
#12788=CARTESIAN_POINT('',(-0.0399,0.2624,0.003));
#12789=CARTESIAN_POINT('',(-0.0399,0.2624,0.));
#12790=CARTESIAN_POINT('',(-6.93889390390723E-18,0.1738,0.003));
#12791=CARTESIAN_POINT('',(-6.93889390390723E-18,0.1738,0.));
#12792=CARTESIAN_POINT('',(-0.0389,0.1738,0.));
#12793=CARTESIAN_POINT('',(0.0389,0.1738,0.));
#12794=CARTESIAN_POINT('',(0.0389,0.1738,0.003));
#12795=CARTESIAN_POINT('',(0.0389,0.1738,0.003));
#12796=CARTESIAN_POINT('',(-6.93889390390723E-18,0.1738,0.003));
#12797=CARTESIAN_POINT('',(-0.0389,0.1738,0.003));
#12798=CARTESIAN_POINT('',(-0.0389,0.1738,0.003));
#12799=CARTESIAN_POINT('',(-0.02,0.2186,0.003));
#12800=CARTESIAN_POINT('',(-0.02,0.2186,0.));
#12801=CARTESIAN_POINT('',(-0.02,0.2386,0.));
#12802=CARTESIAN_POINT('',(-0.02,0.1986,0.));
#12803=CARTESIAN_POINT('',(-0.02,0.2386,0.003));
#12804=CARTESIAN_POINT('',(-0.02,0.2386,0.003));
#12805=CARTESIAN_POINT('',(-0.02,0.2186,0.003));
#12806=CARTESIAN_POINT('',(-0.02,0.1986,0.003));
#12807=CARTESIAN_POINT('',(-0.02,0.1986,0.003));
#12808=CARTESIAN_POINT('',(-3.46944695195361E-18,0.2386,0.003));
#12809=CARTESIAN_POINT('',(-3.46944695195361E-18,0.2386,0.));
#12810=CARTESIAN_POINT('',(0.02,0.2386,0.));
#12811=CARTESIAN_POINT('',(0.02,0.2386,0.003));
#12812=CARTESIAN_POINT('',(0.02,0.2386,0.003));
#12813=CARTESIAN_POINT('',(-3.46944695195361E-18,0.2386,0.003));
#12814=CARTESIAN_POINT('',(0.02,0.2186,0.003));
#12815=CARTESIAN_POINT('',(0.02,0.2186,0.));
#12816=CARTESIAN_POINT('',(0.02,0.1986,0.));
#12817=CARTESIAN_POINT('',(0.02,0.1986,0.003));
#12818=CARTESIAN_POINT('',(0.02,0.1986,0.003));
#12819=CARTESIAN_POINT('',(0.02,0.2186,0.003));
#12820=CARTESIAN_POINT('',(-1.04083408558608E-17,0.1986,0.003));
#12821=CARTESIAN_POINT('',(-1.04083408558608E-17,0.1986,0.));
#12822=CARTESIAN_POINT('',(-1.04083408558608E-17,0.1986,0.003));
#12823=CARTESIAN_POINT('',(0.0399,0.2186,0.003));
#12824=CARTESIAN_POINT('',(0.0399,0.2186,0.003));
#12825=CARTESIAN_POINT('',(0.0399,0.2624,0.003));
#12826=CARTESIAN_POINT('',(0.0399,0.1748,0.003));
#12827=CARTESIAN_POINT('',(0.0399,0.1748,0.));
#12828=CARTESIAN_POINT('',(0.0399,0.1748,0.));
#12829=CARTESIAN_POINT('',(0.0399,0.2186,0.));
#12830=CARTESIAN_POINT('',(0.0399,0.2624,0.));
#12831=CARTESIAN_POINT('',(0.0399,0.2624,0.003));
#12832=CARTESIAN_POINT('',(-0.0918667999088764,0.1048,0.003));
#12833=CARTESIAN_POINT('',(-0.0609833999544368,0.073916600045561,0.003));
#12834=CARTESIAN_POINT('',(0.0528166000455617,0.249483399954438,0.003));
#12835=CARTESIAN_POINT('',(-0.144683399954438,0.157616600045562,0.003));
#12836=CARTESIAN_POINT('',(-0.0308833999544382,0.165783399954438,0.003));
#12837=CARTESIAN_POINT('',(-0.0918667999088764,0.1048,0.));
#12838=CARTESIAN_POINT('',(0.0399,0.1748,0.));
#12839=CARTESIAN_POINT('',(-0.0389,0.1738,0.));
#12840=CARTESIAN_POINT('',(-0.0399,0.2624,0.));
#12841=CARTESIAN_POINT('',(0.0389,0.2634,0.));
#12842=CARTESIAN_POINT('',(0.0399,0.1748,0.003));
#12843=CARTESIAN_POINT('',(0.0389,0.2634,0.003));
#12844=CARTESIAN_POINT('',(-0.0389,0.1738,0.003));
#12845=CARTESIAN_POINT('',(-0.0399,0.2624,0.003));
#12846=CARTESIAN_POINT('',(0.,0.,0.));
#12847=CARTESIAN_POINT('',(0.083,-0.0503,0.0609));
#12848=CARTESIAN_POINT('',(0.08,-0.0503,0.0609));
#12849=CARTESIAN_POINT('',(0.08,-0.0503,0.012));
#12850=CARTESIAN_POINT('',(0.08,-0.0503,0.0772));
#12851=CARTESIAN_POINT('',(0.083,-0.0503,0.012));
#12852=CARTESIAN_POINT('',(0.083,-0.0503,0.012));
#12853=CARTESIAN_POINT('',(0.083,-0.0503,0.0609));
#12854=CARTESIAN_POINT('',(0.083,-0.0503,0.0772));
#12855=CARTESIAN_POINT('',(0.083,-0.0503,0.0772));
#12856=CARTESIAN_POINT('',(0.083,-0.0493,0.011));
#12857=CARTESIAN_POINT('',(0.08,-0.0493,0.011));
#12858=CARTESIAN_POINT('',(0.08,-0.0483,0.01));
#12859=CARTESIAN_POINT('',(0.083,-0.0483,0.01));
#12860=CARTESIAN_POINT('',(0.083,-0.0483,0.01));
#12861=CARTESIAN_POINT('',(0.083,-0.0493,0.011));
#12862=CARTESIAN_POINT('',(0.083,0.,0.01));
#12863=CARTESIAN_POINT('',(0.08,0.,0.01));
#12864=CARTESIAN_POINT('',(0.08,0.0483,0.01));
#12865=CARTESIAN_POINT('',(0.083,0.0483,0.01));
#12866=CARTESIAN_POINT('',(0.083,0.0483,0.01));
#12867=CARTESIAN_POINT('',(0.083,0.,0.01));
#12868=CARTESIAN_POINT('',(0.083,0.0493,0.011));
#12869=CARTESIAN_POINT('',(0.08,0.0493,0.011));
#12870=CARTESIAN_POINT('',(0.08,0.0503,0.012));
#12871=CARTESIAN_POINT('',(0.083,0.0503,0.012));
#12872=CARTESIAN_POINT('',(0.083,0.0503,0.012));
#12873=CARTESIAN_POINT('',(0.083,0.0493,0.011));
#12874=CARTESIAN_POINT('',(0.083,0.0503,0.0283));
#12875=CARTESIAN_POINT('',(0.08,0.0503,0.0283));
#12876=CARTESIAN_POINT('',(0.08,0.0503,0.0772));
#12877=CARTESIAN_POINT('',(0.083,0.0503,0.0772));
#12878=CARTESIAN_POINT('',(0.083,0.0503,0.0772));
#12879=CARTESIAN_POINT('',(0.083,0.0503,0.0283));
#12880=CARTESIAN_POINT('',(0.083,0.0493,0.0782));
#12881=CARTESIAN_POINT('',(0.08,0.0493,0.0782));
#12882=CARTESIAN_POINT('',(0.08,0.0483,0.0792));
#12883=CARTESIAN_POINT('',(0.083,0.0483,0.0792));
#12884=CARTESIAN_POINT('',(0.083,0.0483,0.0792));
#12885=CARTESIAN_POINT('',(0.083,0.0493,0.0782));
#12886=CARTESIAN_POINT('',(0.083,0.,0.0792));
#12887=CARTESIAN_POINT('',(0.08,0.,0.0792));
#12888=CARTESIAN_POINT('',(0.08,-0.0483,0.0792));
#12889=CARTESIAN_POINT('',(0.083,-0.0483,0.0792));
#12890=CARTESIAN_POINT('',(0.083,-0.0483,0.0792));
#12891=CARTESIAN_POINT('',(0.083,0.,0.0792));
#12892=CARTESIAN_POINT('',(0.083,0.03075,0.0546));
#12893=CARTESIAN_POINT('',(0.08,0.03075,0.0546));
#12894=CARTESIAN_POINT('',(0.08,0.0315,0.0546));
#12895=CARTESIAN_POINT('',(0.08,0.03,0.0546));
#12896=CARTESIAN_POINT('',(0.083,0.0315,0.0546));
#12897=CARTESIAN_POINT('',(0.083,0.0315,0.0546));
#12898=CARTESIAN_POINT('',(0.083,0.03075,0.0546));
#12899=CARTESIAN_POINT('',(0.083,0.03,0.0546));
#12900=CARTESIAN_POINT('',(0.083,0.03,0.0546));
#12901=CARTESIAN_POINT('',(0.083,0.0315,0.0446));
#12902=CARTESIAN_POINT('',(0.08,0.0315,0.0446));
#12903=CARTESIAN_POINT('',(0.08,0.0315,0.0346));
#12904=CARTESIAN_POINT('',(0.083,0.0315,0.0346));
#12905=CARTESIAN_POINT('',(0.083,0.0315,0.0346));
#12906=CARTESIAN_POINT('',(0.083,0.0315,0.0446));
#12907=CARTESIAN_POINT('',(0.083,0.03075,0.0346));
#12908=CARTESIAN_POINT('',(0.08,0.03075,0.0346));
#12909=CARTESIAN_POINT('',(0.08,0.03,0.0346));
#12910=CARTESIAN_POINT('',(0.083,0.03,0.0346));
#12911=CARTESIAN_POINT('',(0.083,0.03,0.0346));
#12912=CARTESIAN_POINT('',(0.083,0.03075,0.0346));
#12913=CARTESIAN_POINT('',(0.083,-0.005,0.0446));
#12914=CARTESIAN_POINT('',(0.083,-0.005,0.0446));
#12915=CARTESIAN_POINT('',(0.083,-0.005,0.04255));
#12916=CARTESIAN_POINT('',(0.08,-0.005,0.0446));
#12917=CARTESIAN_POINT('',(0.08,-0.005,0.04255));
#12918=CARTESIAN_POINT('',(0.083,-0.025,0.0596));
#12919=CARTESIAN_POINT('',(0.083,-0.025,0.0596));
#12920=CARTESIAN_POINT('',(0.083,-0.025,0.05755));
#12921=CARTESIAN_POINT('',(0.08,-0.025,0.0596));
#12922=CARTESIAN_POINT('',(0.08,-0.025,0.05755));
#12923=CARTESIAN_POINT('',(0.083,-0.025,0.0296));
#12924=CARTESIAN_POINT('',(0.083,-0.025,0.0296));
#12925=CARTESIAN_POINT('',(0.083,-0.025,0.02755));
#12926=CARTESIAN_POINT('',(0.08,-0.025,0.0296));
#12927=CARTESIAN_POINT('',(0.08,-0.025,0.02755));
#12928=CARTESIAN_POINT('',(0.083,-0.045,0.0446));
#12929=CARTESIAN_POINT('',(0.083,-0.045,0.0446));
#12930=CARTESIAN_POINT('',(0.083,-0.045,0.04255));
#12931=CARTESIAN_POINT('',(0.08,-0.045,0.0446));
#12932=CARTESIAN_POINT('',(0.08,-0.045,0.04255));
#12933=CARTESIAN_POINT('',(0.083,0.03,0.0446));
#12934=CARTESIAN_POINT('',(0.08,0.03,0.0446));
#12935=CARTESIAN_POINT('',(0.083,0.03,0.0446));
#12936=CARTESIAN_POINT('',(0.083,-0.0493,0.0782));
#12937=CARTESIAN_POINT('',(0.08,-0.0493,0.0782));
#12938=CARTESIAN_POINT('',(0.083,-0.0493,0.0782));
#12939=CARTESIAN_POINT('',(0.083,0.,0.0446));
#12940=CARTESIAN_POINT('',(0.08,0.,0.0446));
#12941=CARTESIAN_POINT('',(0.,0.,0.));
#12942=CARTESIAN_POINT('',(0.,0.,0.01));
#12943=CARTESIAN_POINT('',(-0.0436,-6.93889390390723E-18,0.01));
#12944=CARTESIAN_POINT('',(-0.0436,0.0486,0.01));
#12945=CARTESIAN_POINT('',(-0.0436,-0.0486,0.01));
#12946=CARTESIAN_POINT('',(0.,0.0486,0.01));
#12947=CARTESIAN_POINT('',(-0.0466,0.0486,0.01));
#12948=CARTESIAN_POINT('',(-0.0466,0.,0.01));
#12949=CARTESIAN_POINT('',(-0.0466,-0.0486,0.01));
#12950=CARTESIAN_POINT('',(-0.0436,-0.0486,0.01));
#12951=CARTESIAN_POINT('',(0.,0.,0.01));
#12952=CARTESIAN_POINT('',(-0.05,0.,0.01));
#12953=CARTESIAN_POINT('',(-0.05,0.0486,0.01));
#12954=CARTESIAN_POINT('',(-0.05,-0.0486,0.01));
#12955=CARTESIAN_POINT('',(0.,0.0486,0.01));
#12956=CARTESIAN_POINT('',(-0.053,0.0486,0.01));
#12957=CARTESIAN_POINT('',(-0.053,-1.38777878078145E-17,0.01));
#12958=CARTESIAN_POINT('',(-0.053,-0.0486,0.01));
#12959=CARTESIAN_POINT('',(-0.05,-0.0486,0.01));
#12960=CARTESIAN_POINT('',(0.,0.,0.01));
#12961=CARTESIAN_POINT('',(2.08166817117217E-17,0.067,0.01));
#12962=CARTESIAN_POINT('',(-0.0346,0.067,0.01));
#12963=CARTESIAN_POINT('',(0.0346,0.067,0.01));
#12964=CARTESIAN_POINT('',(-0.0346,0.,0.01));
#12965=CARTESIAN_POINT('',(-0.0346,0.064,0.01));
#12966=CARTESIAN_POINT('',(0.,0.064,0.01));
#12967=CARTESIAN_POINT('',(0.0346,0.064,0.01));
#12968=CARTESIAN_POINT('',(0.0346,0.067,0.01));
#12969=CARTESIAN_POINT('',(0.,0.,0.01));
#12970=CARTESIAN_POINT('',(0.,0.0606,0.01));
#12971=CARTESIAN_POINT('',(-0.0346,0.0606,0.01));
#12972=CARTESIAN_POINT('',(0.0346,0.0606,0.01));
#12973=CARTESIAN_POINT('',(-0.0346,0.,0.01));
#12974=CARTESIAN_POINT('',(-0.0346,0.0576,0.01));
#12975=CARTESIAN_POINT('',(0.,0.0576,0.01));
#12976=CARTESIAN_POINT('',(0.0346,0.0576,0.01));
#12977=CARTESIAN_POINT('',(0.0346,0.0606,0.01));
#12978=CARTESIAN_POINT('',(0.,0.,0.01));
#12979=CARTESIAN_POINT('',(0.053,-2.77555756156289E-17,0.01));
#12980=CARTESIAN_POINT('',(0.053,0.0486,0.01));
#12981=CARTESIAN_POINT('',(0.053,-0.0486,0.01));
#12982=CARTESIAN_POINT('',(0.05,0.0486,0.01));
#12983=CARTESIAN_POINT('',(0.05,0.0486,0.01));
#12984=CARTESIAN_POINT('',(0.05,0.,0.01));
#12985=CARTESIAN_POINT('',(0.05,-0.0486,0.01));
#12986=CARTESIAN_POINT('',(0.,-0.0486,0.01));
#12987=CARTESIAN_POINT('',(0.,0.,0.01));
#12988=CARTESIAN_POINT('',(0.0466,0.,0.01));
#12989=CARTESIAN_POINT('',(0.0466,0.0486,0.01));
#12990=CARTESIAN_POINT('',(0.0466,-0.0486,0.01));
#12991=CARTESIAN_POINT('',(0.0436,0.0486,0.01));
#12992=CARTESIAN_POINT('',(0.0436,0.0486,0.01));
#12993=CARTESIAN_POINT('',(0.0436,0.,0.01));
#12994=CARTESIAN_POINT('',(0.0436,-0.0486,0.01));
#12995=CARTESIAN_POINT('',(0.,-0.0486,0.01));
#12996=CARTESIAN_POINT('',(0.,0.,0.01));
#12997=CARTESIAN_POINT('',(3.46944695195361E-17,-0.067,0.01));
#12998=CARTESIAN_POINT('',(-0.0346,-0.067,0.01));
#12999=CARTESIAN_POINT('',(0.0346,-0.067,0.01));
#13000=CARTESIAN_POINT('',(0.0346,0.,0.01));
#13001=CARTESIAN_POINT('',(0.0346,-0.064,0.01));
#13002=CARTESIAN_POINT('',(0.,-0.064,0.01));
#13003=CARTESIAN_POINT('',(-0.0346,-0.064,0.01));
#13004=CARTESIAN_POINT('',(-0.0346,-0.067,0.01));
#13005=CARTESIAN_POINT('',(0.,0.,0.01));
#13006=CARTESIAN_POINT('',(0.,-0.0606,0.01));
#13007=CARTESIAN_POINT('',(-0.0346,-0.0606,0.01));
#13008=CARTESIAN_POINT('',(0.0346,-0.0606,0.01));
#13009=CARTESIAN_POINT('',(0.0346,0.,0.01));
#13010=CARTESIAN_POINT('',(0.0346,-0.0576,0.01));
#13011=CARTESIAN_POINT('',(0.,-0.0576,0.01));
#13012=CARTESIAN_POINT('',(-0.0346,-0.0576,0.01));
#13013=CARTESIAN_POINT('',(-0.0346,-0.0606,0.01));
#13014=CARTESIAN_POINT('',(0.053,-2.08166817117217E-17,-0.003));
#13015=CARTESIAN_POINT('',(0.053,-0.064,-0.003));
#13016=CARTESIAN_POINT('',(0.053,-0.064,-0.001));
#13017=CARTESIAN_POINT('',(0.053,-0.064,0.045));
#13018=CARTESIAN_POINT('',(0.053,-2.08166817117217E-17,-0.001));
#13019=CARTESIAN_POINT('',(0.053,0.064,-0.001));
#13020=CARTESIAN_POINT('',(0.053,0.064,-0.003));
#13021=CARTESIAN_POINT('',(0.053,0.064,0.045));
#13022=CARTESIAN_POINT('',(0.053,0.0573,0.045));
#13023=CARTESIAN_POINT('',(0.053,0.0506,0.045));
#13024=CARTESIAN_POINT('',(0.053,0.0506,0.045));
#13025=CARTESIAN_POINT('',(0.053,0.0506,0.012));
#13026=CARTESIAN_POINT('',(0.053,0.0178,-0.0208));
#13027=CARTESIAN_POINT('',(0.053,-0.0178,-0.0208));
#13028=CARTESIAN_POINT('',(0.053,-0.0506,0.012));
#13029=CARTESIAN_POINT('',(0.053,-0.0506,0.045));
#13030=CARTESIAN_POINT('',(0.053,-0.0506,0.045));
#13031=CARTESIAN_POINT('',(0.053,-0.0573,0.045));
#13032=CARTESIAN_POINT('',(0.05,0.064,-0.003));
#13033=CARTESIAN_POINT('',(0.05,0.064,-0.001));
#13034=CARTESIAN_POINT('',(0.05,0.067,-0.001));
#13035=CARTESIAN_POINT('',(0.05,0.067,-0.003));
#13036=CARTESIAN_POINT('',(0.05,0.067,0.045));
#13037=CARTESIAN_POINT('',(0.05,0.064,0.045));
#13038=CARTESIAN_POINT('',(2.77555756156289E-17,0.067,-0.003));
#13039=CARTESIAN_POINT('',(2.77555756156289E-17,0.067,-0.001));
#13040=CARTESIAN_POINT('',(-0.05,0.067,-0.001));
#13041=CARTESIAN_POINT('',(-0.05,0.067,-0.003));
#13042=CARTESIAN_POINT('',(-0.05,0.067,0.045));
#13043=CARTESIAN_POINT('',(-0.0433,0.067,0.045));
#13044=CARTESIAN_POINT('',(-0.0366,0.067,0.045));
#13045=CARTESIAN_POINT('',(-0.0366,0.067,0.045));
#13046=CARTESIAN_POINT('',(-0.0366,0.067,0.012));
#13047=CARTESIAN_POINT('',(-0.0108,0.067,-0.0138));
#13048=CARTESIAN_POINT('',(0.0108,0.067,-0.0138));
#13049=CARTESIAN_POINT('',(0.0366,0.067,0.012));
#13050=CARTESIAN_POINT('',(0.0366,0.067,0.045));
#13051=CARTESIAN_POINT('',(0.0366,0.067,0.045));
#13052=CARTESIAN_POINT('',(0.0433,0.067,0.045));
#13053=CARTESIAN_POINT('',(-0.05,0.064,-0.003));
#13054=CARTESIAN_POINT('',(-0.05,0.064,-0.001));
#13055=CARTESIAN_POINT('',(-0.053,0.064,-0.001));
#13056=CARTESIAN_POINT('',(-0.053,0.064,-0.003));
#13057=CARTESIAN_POINT('',(-0.053,0.064,0.045));
#13058=CARTESIAN_POINT('',(-0.05,0.064,0.045));
#13059=CARTESIAN_POINT('',(-0.053,-1.38777878078145E-17,-0.003));
#13060=CARTESIAN_POINT('',(-0.053,-0.064,-0.001));
#13061=CARTESIAN_POINT('',(-0.053,-0.064,-0.001));
#13062=CARTESIAN_POINT('',(-0.053,-0.064,-0.003));
#13063=CARTESIAN_POINT('',(-0.053,-0.064,0.045));
#13064=CARTESIAN_POINT('',(-0.053,-0.0573,0.045));
#13065=CARTESIAN_POINT('',(-0.053,-0.0506,0.045));
#13066=CARTESIAN_POINT('',(-0.053,-0.0506,0.045));
#13067=CARTESIAN_POINT('',(-0.053,-0.0506,0.012));
#13068=CARTESIAN_POINT('',(-0.053,-0.0486,0.01));
#13069=CARTESIAN_POINT('',(-0.053,0.0506,0.012));
#13070=CARTESIAN_POINT('',(-0.053,0.0506,0.012));
#13071=CARTESIAN_POINT('',(-0.053,0.0506,0.045));
#13072=CARTESIAN_POINT('',(-0.053,0.0506,0.045));
#13073=CARTESIAN_POINT('',(-0.053,0.0573,0.045));
#13074=CARTESIAN_POINT('',(-0.05,-0.064,-0.003));
#13075=CARTESIAN_POINT('',(-0.05,-0.064,-0.001));
#13076=CARTESIAN_POINT('',(-0.05,-0.067,-0.001));
#13077=CARTESIAN_POINT('',(-0.05,-0.067,-0.003));
#13078=CARTESIAN_POINT('',(-0.05,-0.067,0.045));
#13079=CARTESIAN_POINT('',(-0.05,-0.064,0.045));
#13080=CARTESIAN_POINT('',(2.08166817117217E-17,-0.067,-0.003));
#13081=CARTESIAN_POINT('',(0.05,-0.067,-0.001));
#13082=CARTESIAN_POINT('',(0.05,-0.067,-0.001));
#13083=CARTESIAN_POINT('',(0.05,-0.067,-0.003));
#13084=CARTESIAN_POINT('',(0.05,-0.067,0.045));
#13085=CARTESIAN_POINT('',(0.0433,-0.067,0.045));
#13086=CARTESIAN_POINT('',(0.0366,-0.067,0.045));
#13087=CARTESIAN_POINT('',(0.0366,-0.067,0.045));
#13088=CARTESIAN_POINT('',(0.0366,-0.067,0.012));
#13089=CARTESIAN_POINT('',(0.0366,-0.067,0.012));
#13090=CARTESIAN_POINT('',(-0.0346,-0.067,0.01));
#13091=CARTESIAN_POINT('',(-0.0366,-0.067,0.012));
#13092=CARTESIAN_POINT('',(-0.0366,-0.067,0.045));
#13093=CARTESIAN_POINT('',(-0.0366,-0.067,0.045));
#13094=CARTESIAN_POINT('',(-0.0433,-0.067,0.045));
#13095=CARTESIAN_POINT('',(-0.0496106601717798,-0.0600606601717798,-0.003));
#13096=CARTESIAN_POINT('',(-0.0496106601717798,-0.0565106601717798,-0.003));
#13097=CARTESIAN_POINT('',(-0.0496106601717798,-0.0565106601717798,-0.003));
#13098=CARTESIAN_POINT('',(-0.0496106601717798,-0.0565106601717798,0.01));
#13099=CARTESIAN_POINT('',(-0.0496106601717798,-0.0600606601717798,0.01));
#13100=CARTESIAN_POINT('',(-0.0496106601717798,-0.0636106601717798,0.01));
#13101=CARTESIAN_POINT('',(-0.0496106601717798,-0.0636106601717798,-0.003));
#13102=CARTESIAN_POINT('',(-0.0496106601717798,-0.0636106601717798,-0.003));
#13103=CARTESIAN_POINT('',(-0.0496106601717798,-0.0600606601717798,-0.003));
#13104=CARTESIAN_POINT('',(-0.0460606601717798,-0.0565106601717798,-0.003));
#13105=CARTESIAN_POINT('',(-0.0425106601717799,-0.0565106601717798,-0.003));
#13106=CARTESIAN_POINT('',(-0.0425106601717799,-0.0565106601717798,-0.003));
#13107=CARTESIAN_POINT('',(-0.0425106601717799,-0.0565106601717798,0.01));
#13108=CARTESIAN_POINT('',(-0.0460606601717798,-0.0565106601717798,0.01));
#13109=CARTESIAN_POINT('',(-0.0460606601717798,-0.0565106601717798,-0.003));
#13110=CARTESIAN_POINT('',(-0.0425106601717799,-0.0600606601717798,-0.003));
#13111=CARTESIAN_POINT('',(-0.0425106601717799,-0.0636106601717798,-0.003));
#13112=CARTESIAN_POINT('',(-0.0425106601717799,-0.0636106601717798,-0.003));
#13113=CARTESIAN_POINT('',(-0.0425106601717799,-0.0636106601717798,0.01));
#13114=CARTESIAN_POINT('',(-0.0425106601717799,-0.0600606601717798,0.01));
#13115=CARTESIAN_POINT('',(-0.0425106601717799,-0.0600606601717798,-0.003));
#13116=CARTESIAN_POINT('',(0.0496106601717798,0.0600606601717798,-0.003));
#13117=CARTESIAN_POINT('',(0.0496106601717798,0.0565106601717798,-0.003));
#13118=CARTESIAN_POINT('',(0.0496106601717798,0.0565106601717798,-0.003));
#13119=CARTESIAN_POINT('',(0.0496106601717798,0.0565106601717798,0.01));
#13120=CARTESIAN_POINT('',(0.0496106601717798,0.0600606601717798,0.01));
#13121=CARTESIAN_POINT('',(0.0496106601717798,0.0636106601717798,0.01));
#13122=CARTESIAN_POINT('',(0.0496106601717798,0.0636106601717798,-0.003));
#13123=CARTESIAN_POINT('',(0.0496106601717798,0.0636106601717798,-0.003));
#13124=CARTESIAN_POINT('',(0.0496106601717798,0.0600606601717798,-0.003));
#13125=CARTESIAN_POINT('',(0.0460606601717798,0.0565106601717798,-0.003));
#13126=CARTESIAN_POINT('',(0.0425106601717799,0.0565106601717798,-0.003));
#13127=CARTESIAN_POINT('',(0.0425106601717799,0.0565106601717798,-0.003));
#13128=CARTESIAN_POINT('',(0.0425106601717799,0.0565106601717798,0.01));
#13129=CARTESIAN_POINT('',(0.0460606601717798,0.0565106601717798,0.01));
#13130=CARTESIAN_POINT('',(0.0460606601717798,0.0565106601717798,-0.003));
#13131=CARTESIAN_POINT('',(0.0425106601717799,0.0600606601717798,-0.003));
#13132=CARTESIAN_POINT('',(0.0425106601717799,0.0636106601717798,-0.003));
#13133=CARTESIAN_POINT('',(0.0425106601717799,0.0636106601717798,-0.003));
#13134=CARTESIAN_POINT('',(0.0425106601717799,0.0636106601717798,0.01));
#13135=CARTESIAN_POINT('',(0.0425106601717799,0.0600606601717798,0.01));
#13136=CARTESIAN_POINT('',(0.0425106601717799,0.0600606601717798,-0.003));
#13137=CARTESIAN_POINT('',(-0.0460606601717798,0.0565106601717798,-0.003));
#13138=CARTESIAN_POINT('',(-0.0496106601717798,0.0565106601717798,-0.003));
#13139=CARTESIAN_POINT('',(-0.0496106601717798,0.0565106601717798,-0.003));
#13140=CARTESIAN_POINT('',(-0.0496106601717798,0.0565106601717798,0.));
#13141=CARTESIAN_POINT('',(-0.0462553300858899,0.0565106601717798,0.));
#13142=CARTESIAN_POINT('',(-0.05,0.0565106601717798,0.));
#13143=CARTESIAN_POINT('',(-0.05,0.0565106601717798,0.01));
#13144=CARTESIAN_POINT('',(-0.05,0.0565106601717798,0.01));
#13145=CARTESIAN_POINT('',(-0.0462553300858899,0.0565106601717798,0.01));
#13146=CARTESIAN_POINT('',(-0.0425106601717799,0.0565106601717798,0.01));
#13147=CARTESIAN_POINT('',(-0.0425106601717799,0.0565106601717798,-0.003));
#13148=CARTESIAN_POINT('',(-0.0425106601717799,0.0565106601717798,-0.003));
#13149=CARTESIAN_POINT('',(-0.0460606601717798,0.0565106601717798,-0.003));
#13150=CARTESIAN_POINT('',(-0.0496106601717798,0.0600606601717798,-0.003));
#13151=CARTESIAN_POINT('',(-0.0496106601717798,0.0600606601717798,0.));
#13152=CARTESIAN_POINT('',(-0.0496106601717798,0.0636106601717798,0.));
#13153=CARTESIAN_POINT('',(-0.0496106601717798,0.0600606601717798,-0.003));
#13154=CARTESIAN_POINT('',(-0.0496106601717798,0.0636106601717798,-0.003));
#13155=CARTESIAN_POINT('',(-0.0496106601717798,0.0636106601717798,-0.003));
#13156=CARTESIAN_POINT('',(-0.0460606601717798,0.0636106601717798,-0.003));
#13157=CARTESIAN_POINT('',(-0.0460606601717798,0.0636106601717798,0.));
#13158=CARTESIAN_POINT('',(-0.0425106601717799,0.0636106601717798,0.));
#13159=CARTESIAN_POINT('',(-0.0460606601717798,0.0636106601717798,-0.003));
#13160=CARTESIAN_POINT('',(-0.0425106601717799,0.0636106601717798,-0.003));
#13161=CARTESIAN_POINT('',(-0.0425106601717799,0.0636106601717798,-0.003));
#13162=CARTESIAN_POINT('',(0.0460606601717798,-0.0565106601717798,-0.003));
#13163=CARTESIAN_POINT('',(0.0496106601717798,-0.0565106601717798,-0.003));
#13164=CARTESIAN_POINT('',(0.0496106601717798,-0.0565106601717798,-0.003));
#13165=CARTESIAN_POINT('',(0.0496106601717798,-0.0565106601717798,0.01));
#13166=CARTESIAN_POINT('',(0.0460606601717798,-0.0565106601717798,0.01));
#13167=CARTESIAN_POINT('',(0.0425106601717799,-0.0565106601717798,0.01));
#13168=CARTESIAN_POINT('',(0.0425106601717799,-0.0565106601717798,-0.003));
#13169=CARTESIAN_POINT('',(0.0425106601717799,-0.0565106601717798,-0.003));
#13170=CARTESIAN_POINT('',(0.0460606601717798,-0.0565106601717798,-0.003));
#13171=CARTESIAN_POINT('',(0.0496106601717798,-0.0600606601717798,-0.003));
#13172=CARTESIAN_POINT('',(0.0496106601717798,-0.0636106601717798,-0.003));
#13173=CARTESIAN_POINT('',(0.0496106601717798,-0.0636106601717798,-0.003));
#13174=CARTESIAN_POINT('',(0.0496106601717798,-0.0636106601717798,0.01));
#13175=CARTESIAN_POINT('',(0.0496106601717798,-0.0600606601717798,0.01));
#13176=CARTESIAN_POINT('',(0.0496106601717798,-0.0600606601717798,-0.003));
#13177=CARTESIAN_POINT('',(0.0460606601717798,-0.0636106601717798,-0.003));
#13178=CARTESIAN_POINT('',(0.0425106601717799,-0.0636106601717798,-0.003));
#13179=CARTESIAN_POINT('',(0.0425106601717799,-0.0636106601717798,-0.003));
#13180=CARTESIAN_POINT('',(0.0425106601717799,-0.0636106601717798,0.01));
#13181=CARTESIAN_POINT('',(0.0460606601717798,-0.0636106601717798,0.01));
#13182=CARTESIAN_POINT('',(0.0460606601717798,-0.0636106601717798,-0.003));
#13183=CARTESIAN_POINT('',(-0.0460606601717798,-0.0636106601717798,-0.003));
#13184=CARTESIAN_POINT('',(-0.0460606601717798,-0.0636106601717798,0.01));
#13185=CARTESIAN_POINT('',(-0.0460606601717798,-0.0636106601717798,-0.003));
#13186=CARTESIAN_POINT('',(0.0460606601717798,0.0636106601717798,-0.003));
#13187=CARTESIAN_POINT('',(0.0460606601717798,0.0636106601717798,0.01));
#13188=CARTESIAN_POINT('',(0.0460606601717798,0.0636106601717798,-0.003));
#13189=CARTESIAN_POINT('',(-0.0425106601717799,0.0600606601717798,-0.003));
#13190=CARTESIAN_POINT('',(-0.0425106601717799,0.0602553300858899,0.01));
#13191=CARTESIAN_POINT('',(-0.0425106601717799,0.064,0.01));
#13192=CARTESIAN_POINT('',(-0.0425106601717799,0.064,0.01));
#13193=CARTESIAN_POINT('',(-0.0425106601717799,0.064,0.));
#13194=CARTESIAN_POINT('',(-0.0425106601717799,0.0602553300858899,0.));
#13195=CARTESIAN_POINT('',(-0.0425106601717799,0.0600606601717798,-0.003));
#13196=CARTESIAN_POINT('',(0.0425106601717799,-0.0600606601717798,-0.003));
#13197=CARTESIAN_POINT('',(0.0425106601717799,-0.0600606601717798,0.01));
#13198=CARTESIAN_POINT('',(0.0425106601717799,-0.0600606601717798,-0.003));
#13199=CARTESIAN_POINT('',(0.05,-0.064,-0.003));
#13200=CARTESIAN_POINT('',(0.05,-0.064,-0.001));
#13201=CARTESIAN_POINT('',(0.05,-0.064,0.045));
#13202=CARTESIAN_POINT('',(6.93889390390723E-18,-1.38777878078145E-17,-0.003));
#13203=CARTESIAN_POINT('',(-0.05,-0.065,-0.003));
#13204=CARTESIAN_POINT('',(0.05,-0.065,-0.003));
#13205=CARTESIAN_POINT('',(-0.05,-0.065,-0.003));
#13206=CARTESIAN_POINT('',(-0.05,-0.064,-0.003));
#13207=CARTESIAN_POINT('',(-0.051,-0.064,-0.003));
#13208=CARTESIAN_POINT('',(-0.051,0.064,-0.003));
#13209=CARTESIAN_POINT('',(-0.051,0.064,-0.003));
#13210=CARTESIAN_POINT('',(-0.05,0.064,-0.003));
#13211=CARTESIAN_POINT('',(-0.05,0.065,-0.003));
#13212=CARTESIAN_POINT('',(6.93889390390723E-18,0.065,-0.003));
#13213=CARTESIAN_POINT('',(0.05,0.065,-0.003));
#13214=CARTESIAN_POINT('',(0.05,0.064,-0.003));
#13215=CARTESIAN_POINT('',(0.051,0.064,-0.003));
#13216=CARTESIAN_POINT('',(0.051,-8.34835672813839E-18,-0.003));
#13217=CARTESIAN_POINT('',(0.051,-0.064,-0.003));
#13218=CARTESIAN_POINT('',(0.05,-0.064,-0.003));
#13219=CARTESIAN_POINT('',(-0.05,0.,0.010002));
#13220=CARTESIAN_POINT('',(-0.05,0.054,0.010002));
#13221=CARTESIAN_POINT('',(-0.05,0.054,0.045));
#13222=CARTESIAN_POINT('',(-0.05,0.054,0.));
#13223=CARTESIAN_POINT('',(-0.05,0.0523,0.045));
#13224=CARTESIAN_POINT('',(-0.05,0.0506,0.045));
#13225=CARTESIAN_POINT('',(-0.05,0.0506,0.045));
#13226=CARTESIAN_POINT('',(-0.05,0.0506,0.012));
#13227=CARTESIAN_POINT('',(-0.05,0.0506,0.012));
#13228=CARTESIAN_POINT('',(-0.05,-0.0486,0.01));
#13229=CARTESIAN_POINT('',(-0.05,-0.0506,0.012));
#13230=CARTESIAN_POINT('',(-0.05,-0.0506,0.045));
#13231=CARTESIAN_POINT('',(-0.05,-0.0506,0.045));
#13232=CARTESIAN_POINT('',(-0.05,-0.0523,0.045));
#13233=CARTESIAN_POINT('',(-0.05,-0.054,0.045));
#13234=CARTESIAN_POINT('',(-0.05,-0.054,0.010002));
#13235=CARTESIAN_POINT('',(-0.05,-0.054,0.));
#13236=CARTESIAN_POINT('',(-0.05,0.,0.));
#13237=CARTESIAN_POINT('',(-0.0483,0.054,0.010002));
#13238=CARTESIAN_POINT('',(-0.0466,0.054,0.010002));
#13239=CARTESIAN_POINT('',(-0.0466,0.054,0.045));
#13240=CARTESIAN_POINT('',(-0.0466,0.054,0.));
#13241=CARTESIAN_POINT('',(-0.0483,0.054,0.045));
#13242=CARTESIAN_POINT('',(-0.0483,0.054,0.));
#13243=CARTESIAN_POINT('',(-0.0466,0.,0.010002));
#13244=CARTESIAN_POINT('',(-0.0466,0.024301,-0.014299));
#13245=CARTESIAN_POINT('',(-0.0466,0.0506,0.012));
#13246=CARTESIAN_POINT('',(-0.0466,0.0506,0.045));
#13247=CARTESIAN_POINT('',(-0.0466,0.0506,0.045));
#13248=CARTESIAN_POINT('',(-0.0466,0.0523,0.045));
#13249=CARTESIAN_POINT('',(-0.0466,0.,0.));
#13250=CARTESIAN_POINT('',(-0.0466,-0.054,0.));
#13251=CARTESIAN_POINT('',(-0.0466,-0.054,0.010002));
#13252=CARTESIAN_POINT('',(-0.0466,-0.054,0.045));
#13253=CARTESIAN_POINT('',(-0.0466,-0.0523,0.045));
#13254=CARTESIAN_POINT('',(-0.0466,-0.0506,0.045));
#13255=CARTESIAN_POINT('',(-0.0466,-0.0506,0.045));
#13256=CARTESIAN_POINT('',(-0.0466,-0.0506,0.012));
#13257=CARTESIAN_POINT('',(-0.0466,-0.024301,-0.014299));
#13258=CARTESIAN_POINT('',(0.0466,0.,0.010002));
#13259=CARTESIAN_POINT('',(0.0466,0.054,0.010002));
#13260=CARTESIAN_POINT('',(0.0466,0.054,0.045));
#13261=CARTESIAN_POINT('',(0.0466,0.054,0.));
#13262=CARTESIAN_POINT('',(0.0466,0.0523,0.045));
#13263=CARTESIAN_POINT('',(0.0466,0.0506,0.045));
#13264=CARTESIAN_POINT('',(0.0466,0.0506,0.045));
#13265=CARTESIAN_POINT('',(0.0466,0.0506,0.012));
#13266=CARTESIAN_POINT('',(0.0466,0.0486,0.01));
#13267=CARTESIAN_POINT('',(0.0466,-0.0506,0.012));
#13268=CARTESIAN_POINT('',(0.0466,-0.0506,0.012));
#13269=CARTESIAN_POINT('',(0.0466,-0.0506,0.045));
#13270=CARTESIAN_POINT('',(0.0466,-0.0506,0.045));
#13271=CARTESIAN_POINT('',(0.0466,-0.0523,0.045));
#13272=CARTESIAN_POINT('',(0.0466,-0.054,0.045));
#13273=CARTESIAN_POINT('',(0.0466,-0.054,0.010002));
#13274=CARTESIAN_POINT('',(0.0466,-0.054,0.));
#13275=CARTESIAN_POINT('',(0.0466,0.,0.));
#13276=CARTESIAN_POINT('',(0.0483,0.054,0.010002));
#13277=CARTESIAN_POINT('',(0.05,0.054,0.010002));
#13278=CARTESIAN_POINT('',(0.05,0.054,0.045));
#13279=CARTESIAN_POINT('',(0.05,0.054,0.));
#13280=CARTESIAN_POINT('',(0.0483,0.054,0.045));
#13281=CARTESIAN_POINT('',(0.0483,0.054,0.));
#13282=CARTESIAN_POINT('',(0.05,0.,0.010002));
#13283=CARTESIAN_POINT('',(0.05,0.024301,-0.014299));
#13284=CARTESIAN_POINT('',(0.05,0.0506,0.012));
#13285=CARTESIAN_POINT('',(0.05,0.0506,0.045));
#13286=CARTESIAN_POINT('',(0.05,0.0506,0.045));
#13287=CARTESIAN_POINT('',(0.05,0.0523,0.045));
#13288=CARTESIAN_POINT('',(0.05,0.,0.));
#13289=CARTESIAN_POINT('',(0.05,-0.054,0.));
#13290=CARTESIAN_POINT('',(0.05,-0.054,0.010002));
#13291=CARTESIAN_POINT('',(0.05,-0.054,0.045));
#13292=CARTESIAN_POINT('',(0.05,-0.0523,0.045));
#13293=CARTESIAN_POINT('',(0.05,-0.0506,0.045));
#13294=CARTESIAN_POINT('',(0.05,-0.0506,0.045));
#13295=CARTESIAN_POINT('',(0.05,-0.0506,0.012));
#13296=CARTESIAN_POINT('',(0.05,-0.024301,-0.014299));
#13297=CARTESIAN_POINT('',(-0.04,0.0623,0.010002));
#13298=CARTESIAN_POINT('',(-0.04,0.064,0.010002));
#13299=CARTESIAN_POINT('',(-0.04,0.064,0.045));
#13300=CARTESIAN_POINT('',(-0.04,0.064,0.));
#13301=CARTESIAN_POINT('',(-0.04,0.0623,0.045));
#13302=CARTESIAN_POINT('',(-0.04,0.0606,0.045));
#13303=CARTESIAN_POINT('',(-0.04,0.0606,0.010002));
#13304=CARTESIAN_POINT('',(-0.04,0.0606,0.));
#13305=CARTESIAN_POINT('',(-0.04,0.0623,0.));
#13306=CARTESIAN_POINT('',(0.,0.064,0.010002));
#13307=CARTESIAN_POINT('',(-0.017301,0.064,-0.007299));
#13308=CARTESIAN_POINT('',(-0.0366,0.064,0.012));
#13309=CARTESIAN_POINT('',(-0.0366,0.064,0.045));
#13310=CARTESIAN_POINT('',(-0.0366,0.064,0.045));
#13311=CARTESIAN_POINT('',(-0.0383,0.064,0.045));
#13312=CARTESIAN_POINT('',(0.,0.064,0.));
#13313=CARTESIAN_POINT('',(0.04,0.064,0.));
#13314=CARTESIAN_POINT('',(0.04,0.064,0.010002));
#13315=CARTESIAN_POINT('',(0.04,0.064,0.045));
#13316=CARTESIAN_POINT('',(0.0383,0.064,0.045));
#13317=CARTESIAN_POINT('',(0.0366,0.064,0.045));
#13318=CARTESIAN_POINT('',(0.0366,0.064,0.045));
#13319=CARTESIAN_POINT('',(0.0366,0.064,0.012));
#13320=CARTESIAN_POINT('',(0.017301,0.064,-0.007299));
#13321=CARTESIAN_POINT('',(0.04,0.0623,0.010002));
#13322=CARTESIAN_POINT('',(0.04,0.0606,0.010002));
#13323=CARTESIAN_POINT('',(0.04,0.0606,0.045));
#13324=CARTESIAN_POINT('',(0.04,0.0606,0.));
#13325=CARTESIAN_POINT('',(0.04,0.0623,0.045));
#13326=CARTESIAN_POINT('',(0.04,0.0623,0.));
#13327=CARTESIAN_POINT('',(0.,-0.064,0.010002));
#13328=CARTESIAN_POINT('',(-0.04,-0.064,0.010002));
#13329=CARTESIAN_POINT('',(-0.04,-0.064,0.045));
#13330=CARTESIAN_POINT('',(-0.04,-0.064,0.));
#13331=CARTESIAN_POINT('',(-0.0383,-0.064,0.045));
#13332=CARTESIAN_POINT('',(-0.0366,-0.064,0.045));
#13333=CARTESIAN_POINT('',(-0.0366,-0.064,0.045));
#13334=CARTESIAN_POINT('',(-0.0366,-0.064,0.012));
#13335=CARTESIAN_POINT('',(-0.0346,-0.064,0.01));
#13336=CARTESIAN_POINT('',(0.0366,-0.064,0.012));
#13337=CARTESIAN_POINT('',(0.0366,-0.064,0.012));
#13338=CARTESIAN_POINT('',(0.0366,-0.064,0.045));
#13339=CARTESIAN_POINT('',(0.0366,-0.064,0.045));
#13340=CARTESIAN_POINT('',(0.0383,-0.064,0.045));
#13341=CARTESIAN_POINT('',(0.04,-0.064,0.045));
#13342=CARTESIAN_POINT('',(0.04,-0.064,0.010002));
#13343=CARTESIAN_POINT('',(0.04,-0.064,0.));
#13344=CARTESIAN_POINT('',(0.,-0.064,0.));
#13345=CARTESIAN_POINT('',(-0.04,-0.0623,0.010002));
#13346=CARTESIAN_POINT('',(-0.04,-0.0606,0.010002));
#13347=CARTESIAN_POINT('',(-0.04,-0.0606,0.045));
#13348=CARTESIAN_POINT('',(-0.04,-0.0606,0.));
#13349=CARTESIAN_POINT('',(-0.04,-0.0623,0.045));
#13350=CARTESIAN_POINT('',(-0.04,-0.0623,0.));
#13351=CARTESIAN_POINT('',(0.,-0.0606,0.010002));
#13352=CARTESIAN_POINT('',(-0.017301,-0.0606,-0.007299));
#13353=CARTESIAN_POINT('',(-0.0366,-0.0606,0.012));
#13354=CARTESIAN_POINT('',(-0.0366,-0.0606,0.045));
#13355=CARTESIAN_POINT('',(-0.0366,-0.0606,0.045));
#13356=CARTESIAN_POINT('',(-0.0383,-0.0606,0.045));
#13357=CARTESIAN_POINT('',(0.,-0.0606,0.));
#13358=CARTESIAN_POINT('',(0.04,-0.0606,0.));
#13359=CARTESIAN_POINT('',(0.04,-0.0606,0.010002));
#13360=CARTESIAN_POINT('',(0.04,-0.0606,0.045));
#13361=CARTESIAN_POINT('',(0.0383,-0.0606,0.045));
#13362=CARTESIAN_POINT('',(0.0366,-0.0606,0.045));
#13363=CARTESIAN_POINT('',(0.0366,-0.0606,0.045));
#13364=CARTESIAN_POINT('',(0.0366,-0.0606,0.012));
#13365=CARTESIAN_POINT('',(0.017301,-0.0606,-0.007299));
#13366=CARTESIAN_POINT('',(0.043,0.057,0.010002));
#13367=CARTESIAN_POINT('',(0.043,0.054,0.010002));
#13368=CARTESIAN_POINT('',(0.043,0.054,0.045));
#13369=CARTESIAN_POINT('',(0.043,0.054,0.));
#13370=CARTESIAN_POINT('',(0.043,0.057,0.045));
#13371=CARTESIAN_POINT('',(0.04,0.057,0.045));
#13372=CARTESIAN_POINT('',(0.04,0.057,0.010002));
#13373=CARTESIAN_POINT('',(0.04,0.057,0.));
#13374=CARTESIAN_POINT('',(0.043,0.057,0.));
#13375=CARTESIAN_POINT('',(0.0433,0.054,0.010002));
#13376=CARTESIAN_POINT('',(0.0433,0.054,0.));
#13377=CARTESIAN_POINT('',(0.0432,0.054,0.));
#13378=CARTESIAN_POINT('',(0.0432,0.054,0.045));
#13379=CARTESIAN_POINT('',(0.0432,0.054,0.045));
#13380=CARTESIAN_POINT('',(0.0433,0.054,0.045));
#13381=CARTESIAN_POINT('',(0.0436,0.,0.010002));
#13382=CARTESIAN_POINT('',(0.0436,0.,0.000400000000000012));
#13383=CARTESIAN_POINT('',(0.0436,0.0536,0.000400000000000012));
#13384=CARTESIAN_POINT('',(0.0436,-0.0536,0.000400000000000012));
#13385=CARTESIAN_POINT('',(0.0436,-0.0536,0.045));
#13386=CARTESIAN_POINT('',(0.0436,-0.0536,0.045));
#13387=CARTESIAN_POINT('',(0.0436,-0.0523,0.045));
#13388=CARTESIAN_POINT('',(0.0436,-0.0506,0.045));
#13389=CARTESIAN_POINT('',(0.0436,-0.0506,0.045));
#13390=CARTESIAN_POINT('',(0.0436,-0.0506,0.012));
#13391=CARTESIAN_POINT('',(0.0436,-0.024301,-0.014299));
#13392=CARTESIAN_POINT('',(0.0436,0.024301,-0.014299));
#13393=CARTESIAN_POINT('',(0.0436,0.0506,0.012));
#13394=CARTESIAN_POINT('',(0.0436,0.0506,0.045));
#13395=CARTESIAN_POINT('',(0.0436,0.0506,0.045));
#13396=CARTESIAN_POINT('',(0.0436,0.0523,0.045));
#13397=CARTESIAN_POINT('',(0.0436,0.0536,0.045));
#13398=CARTESIAN_POINT('',(0.0436,0.0536,0.));
#13399=CARTESIAN_POINT('',(0.0433,-0.054,0.010002));
#13400=CARTESIAN_POINT('',(0.0433,-0.054,0.045));
#13401=CARTESIAN_POINT('',(0.0432,-0.054,0.045));
#13402=CARTESIAN_POINT('',(0.043,-0.054,0.045));
#13403=CARTESIAN_POINT('',(0.0432,-0.054,0.));
#13404=CARTESIAN_POINT('',(0.0432,-0.054,0.));
#13405=CARTESIAN_POINT('',(0.0433,-0.054,0.));
#13406=CARTESIAN_POINT('',(0.043,-0.054,0.));
#13407=CARTESIAN_POINT('',(0.043,-0.054,0.010002));
#13408=CARTESIAN_POINT('',(0.043,-0.057,0.010002));
#13409=CARTESIAN_POINT('',(0.04,-0.057,0.010002));
#13410=CARTESIAN_POINT('',(0.04,-0.057,0.045));
#13411=CARTESIAN_POINT('',(0.04,-0.057,0.));
#13412=CARTESIAN_POINT('',(0.043,-0.057,0.045));
#13413=CARTESIAN_POINT('',(0.043,-0.057,0.));
#13414=CARTESIAN_POINT('',(0.04,-0.0573,0.010002));
#13415=CARTESIAN_POINT('',(0.04,-0.0573,0.));
#13416=CARTESIAN_POINT('',(0.04,-0.0572,0.));
#13417=CARTESIAN_POINT('',(0.04,-0.0572,0.045));
#13418=CARTESIAN_POINT('',(0.04,-0.0572,0.045));
#13419=CARTESIAN_POINT('',(0.04,-0.0573,0.045));
#13420=CARTESIAN_POINT('',(0.,-0.0576,0.010002));
#13421=CARTESIAN_POINT('',(0.0383,-0.0576,0.045));
#13422=CARTESIAN_POINT('',(0.0396,-0.0576,0.045));
#13423=CARTESIAN_POINT('',(0.0366,-0.0576,0.045));
#13424=CARTESIAN_POINT('',(0.0396,-0.0576,0.));
#13425=CARTESIAN_POINT('',(0.0396,-0.0576,0.0004));
#13426=CARTESIAN_POINT('',(-0.04,-0.0576,0.0004));
#13427=CARTESIAN_POINT('',(-0.0396,-0.0576,0.0004));
#13428=CARTESIAN_POINT('',(-0.0396,-0.0576,0.010002));
#13429=CARTESIAN_POINT('',(-0.0396,-0.0576,0.045));
#13430=CARTESIAN_POINT('',(-0.0383,-0.0576,0.045));
#13431=CARTESIAN_POINT('',(-0.0366,-0.0576,0.045));
#13432=CARTESIAN_POINT('',(-0.0366,-0.0576,0.045));
#13433=CARTESIAN_POINT('',(-0.0366,-0.0576,0.012));
#13434=CARTESIAN_POINT('',(-0.0346,-0.0576,0.01));
#13435=CARTESIAN_POINT('',(0.0366,-0.0576,0.012));
#13436=CARTESIAN_POINT('',(0.0366,-0.0576,0.012));
#13437=CARTESIAN_POINT('',(0.0366,-0.0576,0.045));
#13438=CARTESIAN_POINT('',(-0.04,-0.0573,0.010002));
#13439=CARTESIAN_POINT('',(-0.04,-0.0573,0.045));
#13440=CARTESIAN_POINT('',(-0.04,-0.057,0.045));
#13441=CARTESIAN_POINT('',(-0.04,-0.0572,0.045));
#13442=CARTESIAN_POINT('',(-0.04,-0.0572,0.010002));
#13443=CARTESIAN_POINT('',(-0.04,-0.0572,0.));
#13444=CARTESIAN_POINT('',(-0.04,-0.0573,0.));
#13445=CARTESIAN_POINT('',(-0.04,-0.057,0.));
#13446=CARTESIAN_POINT('',(-0.04,-0.057,0.010002));
#13447=CARTESIAN_POINT('',(-0.043,-0.057,0.010002));
#13448=CARTESIAN_POINT('',(-0.043,-0.054,0.010002));
#13449=CARTESIAN_POINT('',(-0.043,-0.054,0.045));
#13450=CARTESIAN_POINT('',(-0.043,-0.054,0.));
#13451=CARTESIAN_POINT('',(-0.043,-0.057,0.045));
#13452=CARTESIAN_POINT('',(-0.043,-0.057,0.));
#13453=CARTESIAN_POINT('',(-0.0433,-0.054,0.010002));
#13454=CARTESIAN_POINT('',(-0.0433,-0.054,0.));
#13455=CARTESIAN_POINT('',(-0.0432,-0.054,0.));
#13456=CARTESIAN_POINT('',(-0.0432,-0.054,0.010002));
#13457=CARTESIAN_POINT('',(-0.0432,-0.054,0.045));
#13458=CARTESIAN_POINT('',(-0.0433,-0.054,0.045));
#13459=CARTESIAN_POINT('',(-0.0436,-6.93889390390723E-18,0.010002));
#13460=CARTESIAN_POINT('',(-0.0436,-0.0523,0.045));
#13461=CARTESIAN_POINT('',(-0.0436,-0.0506,0.045));
#13462=CARTESIAN_POINT('',(-0.0436,-0.0536,0.045));
#13463=CARTESIAN_POINT('',(-0.0436,-0.0536,0.010002));
#13464=CARTESIAN_POINT('',(-0.0436,-0.0536,0.000400000000000005));
#13465=CARTESIAN_POINT('',(-0.0436,0.054,0.000400000000000005));
#13466=CARTESIAN_POINT('',(-0.0436,0.0536,0.000400000000000005));
#13467=CARTESIAN_POINT('',(-0.0436,0.0536,0.045));
#13468=CARTESIAN_POINT('',(-0.0436,0.0536,0.045));
#13469=CARTESIAN_POINT('',(-0.0436,0.0523,0.045));
#13470=CARTESIAN_POINT('',(-0.0436,0.0506,0.045));
#13471=CARTESIAN_POINT('',(-0.0436,0.0506,0.045));
#13472=CARTESIAN_POINT('',(-0.0436,0.0506,0.012));
#13473=CARTESIAN_POINT('',(-0.0436,0.0506,0.012));
#13474=CARTESIAN_POINT('',(-0.0436,-0.0486,0.01));
#13475=CARTESIAN_POINT('',(-0.0436,-0.0506,0.012));
#13476=CARTESIAN_POINT('',(-0.0436,-0.0506,0.045));
#13477=CARTESIAN_POINT('',(-0.0433,0.054,0.010002));
#13478=CARTESIAN_POINT('',(-0.0433,0.054,0.045));
#13479=CARTESIAN_POINT('',(-0.0432,0.054,0.045));
#13480=CARTESIAN_POINT('',(-0.043,0.054,0.045));
#13481=CARTESIAN_POINT('',(-0.0432,0.054,0.));
#13482=CARTESIAN_POINT('',(-0.0432,0.054,0.));
#13483=CARTESIAN_POINT('',(-0.0433,0.054,0.));
#13484=CARTESIAN_POINT('',(-0.043,0.054,0.));
#13485=CARTESIAN_POINT('',(-0.043,0.054,0.010002));
#13486=CARTESIAN_POINT('',(-0.043,0.057,0.010002));
#13487=CARTESIAN_POINT('',(-0.04,0.057,0.010002));
#13488=CARTESIAN_POINT('',(-0.04,0.057,0.045));
#13489=CARTESIAN_POINT('',(-0.04,0.057,0.));
#13490=CARTESIAN_POINT('',(-0.043,0.057,0.045));
#13491=CARTESIAN_POINT('',(-0.043,0.057,0.));
#13492=CARTESIAN_POINT('',(-0.04,0.0573,0.010002));
#13493=CARTESIAN_POINT('',(-0.04,0.0573,0.));
#13494=CARTESIAN_POINT('',(-0.04,0.0572,0.));
#13495=CARTESIAN_POINT('',(-0.04,0.0572,0.010002));
#13496=CARTESIAN_POINT('',(-0.04,0.0572,0.045));
#13497=CARTESIAN_POINT('',(-0.04,0.0573,0.045));
#13498=CARTESIAN_POINT('',(0.,0.0576,0.010002));
#13499=CARTESIAN_POINT('',(0.,0.0576,0.0004));
#13500=CARTESIAN_POINT('',(-0.0396,0.0576,0.0004));
#13501=CARTESIAN_POINT('',(0.0396,0.0576,0.0004));
#13502=CARTESIAN_POINT('',(0.0396,0.0576,0.045));
#13503=CARTESIAN_POINT('',(0.0396,0.0576,0.045));
#13504=CARTESIAN_POINT('',(0.0383,0.0576,0.045));
#13505=CARTESIAN_POINT('',(0.0366,0.0576,0.045));
#13506=CARTESIAN_POINT('',(0.0366,0.0576,0.045));
#13507=CARTESIAN_POINT('',(0.0366,0.0576,0.012));
#13508=CARTESIAN_POINT('',(0.017301,0.0576,-0.007299));
#13509=CARTESIAN_POINT('',(-0.017301,0.0576,-0.007299));
#13510=CARTESIAN_POINT('',(-0.0366,0.0576,0.012));
#13511=CARTESIAN_POINT('',(-0.0366,0.0576,0.045));
#13512=CARTESIAN_POINT('',(-0.0366,0.0576,0.045));
#13513=CARTESIAN_POINT('',(-0.0383,0.0576,0.045));
#13514=CARTESIAN_POINT('',(-0.0396,0.0576,0.045));
#13515=CARTESIAN_POINT('',(-0.0396,0.0576,0.010002));
#13516=CARTESIAN_POINT('',(-0.0483,-0.054,0.010002));
#13517=CARTESIAN_POINT('',(-0.0483,-0.054,0.045));
#13518=CARTESIAN_POINT('',(-0.0483,-0.054,0.));
#13519=CARTESIAN_POINT('',(0.0483,-0.054,0.010002));
#13520=CARTESIAN_POINT('',(0.0483,-0.054,0.045));
#13521=CARTESIAN_POINT('',(0.0483,-0.054,0.));
#13522=CARTESIAN_POINT('',(0.,0.0606,0.010002));
#13523=CARTESIAN_POINT('',(-0.0383,0.0606,0.045));
#13524=CARTESIAN_POINT('',(-0.0366,0.0606,0.045));
#13525=CARTESIAN_POINT('',(-0.0366,0.0606,0.045));
#13526=CARTESIAN_POINT('',(-0.0366,0.0606,0.012));
#13527=CARTESIAN_POINT('',(-0.0366,0.0606,0.012));
#13528=CARTESIAN_POINT('',(0.0346,0.0606,0.01));
#13529=CARTESIAN_POINT('',(0.0366,0.0606,0.012));
#13530=CARTESIAN_POINT('',(0.0366,0.0606,0.045));
#13531=CARTESIAN_POINT('',(0.0366,0.0606,0.045));
#13532=CARTESIAN_POINT('',(0.0383,0.0606,0.045));
#13533=CARTESIAN_POINT('',(0.,0.0606,0.));
#13534=CARTESIAN_POINT('',(0.04,-0.0623,0.010002));
#13535=CARTESIAN_POINT('',(0.04,-0.0623,0.045));
#13536=CARTESIAN_POINT('',(0.04,-0.0623,0.));
#13537=CARTESIAN_POINT('',(-0.0460606601717798,0.0600606601717798,0.010002));
#13538=CARTESIAN_POINT('',(-0.0460606601717798,0.0600606601717798,0.01));
#13539=CARTESIAN_POINT('',(-0.0440106601717798,0.0600606601717798,0.01));
#13540=CARTESIAN_POINT('',(-0.0460606601717798,0.0600606601717798,0.045));
#13541=CARTESIAN_POINT('',(-0.0440106601717798,0.0600606601717798,0.045));
#13542=CARTESIAN_POINT('',(0.0460606601717798,0.0600606601717798,0.010002));
#13543=CARTESIAN_POINT('',(0.0460606601717798,0.0600606601717798,0.01));
#13544=CARTESIAN_POINT('',(0.0481106601717798,0.0600606601717798,0.01));
#13545=CARTESIAN_POINT('',(0.0460606601717798,0.0600606601717798,0.045));
#13546=CARTESIAN_POINT('',(0.0481106601717798,0.0600606601717798,0.045));
#13547=CARTESIAN_POINT('',(0.0460606601717798,-0.0600606601717798,0.010002));
#13548=CARTESIAN_POINT('',(0.0460606601717798,-0.0600606601717798,0.01));
#13549=CARTESIAN_POINT('',(0.0481106601717798,-0.0600606601717798,0.01));
#13550=CARTESIAN_POINT('',(0.0460606601717798,-0.0600606601717798,0.045));
#13551=CARTESIAN_POINT('',(0.0481106601717798,-0.0600606601717798,0.045));
#13552=CARTESIAN_POINT('',(-0.0460606601717798,-0.0600606601717798,0.010002));
#13553=CARTESIAN_POINT('',(-0.0460606601717798,-0.0600606601717798,0.01));
#13554=CARTESIAN_POINT('',(-0.0440106601717798,-0.0600606601717798,0.01));
#13555=CARTESIAN_POINT('',(-0.0460606601717798,-0.0600606601717798,0.045));
#13556=CARTESIAN_POINT('',(-0.0440106601717798,-0.0600606601717798,0.045));
#13557=CARTESIAN_POINT('',(0.04,0.0573,0.010002));
#13558=CARTESIAN_POINT('',(0.04,0.0573,0.045));
#13559=CARTESIAN_POINT('',(0.04,0.0572,0.045));
#13560=CARTESIAN_POINT('',(0.04,0.0572,0.));
#13561=CARTESIAN_POINT('',(0.04,0.0572,0.));
#13562=CARTESIAN_POINT('',(0.04,0.0573,0.));
#13563=CARTESIAN_POINT('',(6.93889390390723E-18,-1.38777878078145E-17,0.));
#13564=CARTESIAN_POINT('',(6.93889390390723E-18,-1.38777878078145E-17,0.));
#13565=CARTESIAN_POINT('',(6.93889390390723E-18,-1.38777878078145E-17,0.));
#13566=CARTESIAN_POINT('',(6.93889390390723E-18,-1.38777878078145E-17,0.));
#13567=CARTESIAN_POINT('',(6.93889390390723E-18,-1.38777878078145E-17,0.));
#13568=CARTESIAN_POINT('',(-0.0231,-0.0245,0.));
#13569=CARTESIAN_POINT('',(-0.0171,-0.0245,0.));
#13570=CARTESIAN_POINT('',(-0.0231,0.0245,0.));
#13571=CARTESIAN_POINT('',(-0.0171,0.0245,0.));
#13572=CARTESIAN_POINT('',(0.0349,-0.0245,0.));
#13573=CARTESIAN_POINT('',(0.0409,-0.0245,0.));
#13574=CARTESIAN_POINT('',(0.0349,0.0245,0.));
#13575=CARTESIAN_POINT('',(0.0409,0.0245,0.));
#13576=CARTESIAN_POINT('',(0.0284,0.046,0.));
#13577=CARTESIAN_POINT('',(0.0344,0.046,0.));
#13578=CARTESIAN_POINT('',(0.0284,-0.04,0.));
#13579=CARTESIAN_POINT('',(0.0344,-0.04,0.));
#13580=CARTESIAN_POINT('',(-0.0296,0.046,0.));
#13581=CARTESIAN_POINT('',(-0.0236,0.046,0.));
#13582=CARTESIAN_POINT('',(-0.0296,-0.04,0.));
#13583=CARTESIAN_POINT('',(-0.0236,-0.04,0.));
#13584=CARTESIAN_POINT('',(0.04,-0.0572,0.));
#13585=CARTESIAN_POINT('',(0.0432,-1.94289029309403E-17,0.));
#13586=CARTESIAN_POINT('',(-2.98372437868011E-18,0.0572,0.));
#13587=CARTESIAN_POINT('',(-0.0432,-0.054,0.));
#13588=CARTESIAN_POINT('',(-0.0515,-0.0506,0.045));
#13589=CARTESIAN_POINT('',(-0.053,-0.0506,0.012));
#13590=CARTESIAN_POINT('',(-0.0515,-0.0506,0.045));
#13591=CARTESIAN_POINT('',(-0.0366,-0.0655,0.045));
#13592=CARTESIAN_POINT('',(-0.0366,-0.064,0.012));
#13593=CARTESIAN_POINT('',(-0.0366,-0.0655,0.045));
#13594=CARTESIAN_POINT('',(-0.0366,-0.0591,0.045));
#13595=CARTESIAN_POINT('',(-0.0366,-0.0576,0.012));
#13596=CARTESIAN_POINT('',(-0.0366,-0.0591,0.045));
#13597=CARTESIAN_POINT('',(-0.0451,-0.0506,0.045));
#13598=CARTESIAN_POINT('',(-0.0466,-0.0506,0.012));
#13599=CARTESIAN_POINT('',(-0.0451,-0.0506,0.045));
#13600=CARTESIAN_POINT('',(0.,0.,0.045));
#13601=CARTESIAN_POINT('',(-0.04,-0.0572,0.045));
#13602=CARTESIAN_POINT('',(-0.0436,-0.0536,0.045));
#13603=CARTESIAN_POINT('',(0.0366,-0.0591,0.045));
#13604=CARTESIAN_POINT('',(0.0366,-0.0591,0.012));
#13605=CARTESIAN_POINT('',(0.0366,-0.0591,0.045));
#13606=CARTESIAN_POINT('',(0.0366,-0.0655,0.045));
#13607=CARTESIAN_POINT('',(0.0366,-0.0655,0.012));
#13608=CARTESIAN_POINT('',(0.0366,-0.0655,0.045));
#13609=CARTESIAN_POINT('',(0.0515,-0.0506,0.045));
#13610=CARTESIAN_POINT('',(0.0515,-0.0506,0.012));
#13611=CARTESIAN_POINT('',(0.0515,-0.0506,0.045));
#13612=CARTESIAN_POINT('',(0.0451,-0.0506,0.045));
#13613=CARTESIAN_POINT('',(0.0451,-0.0506,0.012));
#13614=CARTESIAN_POINT('',(0.0451,-0.0506,0.045));
#13615=CARTESIAN_POINT('',(0.,0.,0.045));
#13616=CARTESIAN_POINT('',(0.0432,-0.054,0.045));
#13617=CARTESIAN_POINT('',(0.0396,-0.0576,0.045));
#13618=CARTESIAN_POINT('',(0.0451,0.0506,0.045));
#13619=CARTESIAN_POINT('',(0.0466,0.0506,0.012));
#13620=CARTESIAN_POINT('',(0.0451,0.0506,0.045));
#13621=CARTESIAN_POINT('',(0.0515,0.0506,0.045));
#13622=CARTESIAN_POINT('',(0.053,0.0506,0.012));
#13623=CARTESIAN_POINT('',(0.0515,0.0506,0.045));
#13624=CARTESIAN_POINT('',(0.0366,0.0655,0.045));
#13625=CARTESIAN_POINT('',(0.0366,0.064,0.012));
#13626=CARTESIAN_POINT('',(0.0366,0.0655,0.045));
#13627=CARTESIAN_POINT('',(0.0366,0.0591,0.045));
#13628=CARTESIAN_POINT('',(0.0366,0.0576,0.012));
#13629=CARTESIAN_POINT('',(0.0366,0.0591,0.045));
#13630=CARTESIAN_POINT('',(0.,0.,0.045));
#13631=CARTESIAN_POINT('',(0.04,0.0572,0.045));
#13632=CARTESIAN_POINT('',(0.0436,0.0536,0.045));
#13633=CARTESIAN_POINT('',(-0.0366,0.0591,0.045));
#13634=CARTESIAN_POINT('',(-0.0366,0.0591,0.012));
#13635=CARTESIAN_POINT('',(-0.0366,0.0591,0.045));
#13636=CARTESIAN_POINT('',(-0.0366,0.0655,0.045));
#13637=CARTESIAN_POINT('',(-0.0366,0.0655,0.012));
#13638=CARTESIAN_POINT('',(-0.0366,0.0655,0.045));
#13639=CARTESIAN_POINT('',(-0.0515,0.0506,0.045));
#13640=CARTESIAN_POINT('',(-0.0515,0.0506,0.012));
#13641=CARTESIAN_POINT('',(-0.0515,0.0506,0.045));
#13642=CARTESIAN_POINT('',(-0.0451,0.0506,0.045));
#13643=CARTESIAN_POINT('',(-0.0451,0.0506,0.012));
#13644=CARTESIAN_POINT('',(-0.0451,0.0506,0.045));
#13645=CARTESIAN_POINT('',(0.,0.,0.045));
#13646=CARTESIAN_POINT('',(-0.0396,0.0576,0.045));
#13647=CARTESIAN_POINT('',(-0.0432,0.054,0.045));
#13648=CARTESIAN_POINT('',(-0.0451,0.0506,0.012));
#13649=CARTESIAN_POINT('',(-0.0366,0.0591,0.012));
#13650=CARTESIAN_POINT('',(-0.0366,0.0655,0.012));
#13651=CARTESIAN_POINT('',(0.0346,0.,0.01));
#13652=CARTESIAN_POINT('',(0.,0.0486,0.01));
#13653=CARTESIAN_POINT('',(0.0346,0.,0.01));
#13654=CARTESIAN_POINT('',(-0.0515,0.0506,0.012));
#13655=CARTESIAN_POINT('',(0.,0.0486,0.01));
#13656=CARTESIAN_POINT('',(0.0451,-0.0506,0.012));
#13657=CARTESIAN_POINT('',(0.0366,-0.0655,0.012));
#13658=CARTESIAN_POINT('',(0.0515,-0.0506,0.012));
#13659=CARTESIAN_POINT('',(0.0366,-0.0591,0.012));
#13660=CARTESIAN_POINT('',(-0.0346,0.,0.01));
#13661=CARTESIAN_POINT('',(-0.0346,0.,0.01));
#13662=CARTESIAN_POINT('',(0.,-0.0486,0.01));
#13663=CARTESIAN_POINT('',(0.,-0.0486,0.01));
#13664=CARTESIAN_POINT('',(-0.04,-0.0572,0.010002));
#13665=CARTESIAN_POINT('',(-0.0266666666666667,-0.0705333333333333,0.0133333333333333));
#13666=CARTESIAN_POINT('',(-2.9837243786801E-18,-0.0572,0.));
#13667=CARTESIAN_POINT('',(0.0363993333333334,-0.0608006666666667,0.00360066666666667));
#13668=CARTESIAN_POINT('',(0.0396,-0.0576,0.010002));
#13669=CARTESIAN_POINT('',(-0.0396,0.0576,0.010002));
#13670=CARTESIAN_POINT('',(-0.0264,0.0708,0.0136));
#13671=CARTESIAN_POINT('',(0.,0.0576,0.0004));
#13672=CARTESIAN_POINT('',(0.036666,0.060534,0.003334));
#13673=CARTESIAN_POINT('',(0.04,0.0572,0.010002));
#13674=CARTESIAN_POINT('',(0.0436,0.0536,0.010002));
#13675=CARTESIAN_POINT('',(0.0614666666666664,0.035733333333333,0.0182666666666671));
#13676=CARTESIAN_POINT('',(0.0436,0.,0.000400000000000012));
#13677=CARTESIAN_POINT('',(0.046534,-0.050666,0.00333400000000008));
#13678=CARTESIAN_POINT('',(0.0432,-0.054,0.010002));
#13679=CARTESIAN_POINT('',(-0.0432,0.054,0.010002));
#13680=CARTESIAN_POINT('',(-0.0612,0.036,0.018));
#13681=CARTESIAN_POINT('',(-0.0432,-1.94289029309403E-17,0.));
#13682=CARTESIAN_POINT('',(-0.0468006666666666,-0.0503993333333333,0.00360066666666671));
#13683=CARTESIAN_POINT('',(-0.0436,-0.0536,0.010002));
#13684=CARTESIAN_POINT('',(-0.0296,-0.04,-0.003002));
#13685=CARTESIAN_POINT('',(-0.0296,-0.04,0.));
#13686=CARTESIAN_POINT('',(-0.02845,-0.04,0.));
#13687=CARTESIAN_POINT('',(-0.0296,-0.04,0.006));
#13688=CARTESIAN_POINT('',(-0.02845,-0.04,0.006));
#13689=CARTESIAN_POINT('',(0.00265000000000004,0.003,0.006));
#13690=CARTESIAN_POINT('',(-0.0296,-0.04,0.006));
#13691=CARTESIAN_POINT('',(-0.0266,-0.04,0.006));
#13692=CARTESIAN_POINT('',(6.93889390390723E-18,-1.38777878078145E-17,0.));
#13693=CARTESIAN_POINT('',(-0.0296,0.046,-0.003002));
#13694=CARTESIAN_POINT('',(-0.0296,0.046,0.));
#13695=CARTESIAN_POINT('',(-0.02845,0.046,0.));
#13696=CARTESIAN_POINT('',(-0.0296,0.046,0.006));
#13697=CARTESIAN_POINT('',(-0.02845,0.046,0.006));
#13698=CARTESIAN_POINT('',(0.00265000000000004,0.003,0.006));
#13699=CARTESIAN_POINT('',(-0.0296,0.046,0.006));
#13700=CARTESIAN_POINT('',(-0.0266,0.046,0.006));
#13701=CARTESIAN_POINT('',(6.93889390390723E-18,-1.38777878078145E-17,0.));
#13702=CARTESIAN_POINT('',(0.0284,-0.04,-0.003002));
#13703=CARTESIAN_POINT('',(0.0284,-0.04,0.));
#13704=CARTESIAN_POINT('',(0.02955,-0.04,0.));
#13705=CARTESIAN_POINT('',(0.0284,-0.04,0.006));
#13706=CARTESIAN_POINT('',(0.02955,-0.04,0.006));
#13707=CARTESIAN_POINT('',(0.00265000000000004,0.003,0.006));
#13708=CARTESIAN_POINT('',(0.0284,-0.04,0.006));
#13709=CARTESIAN_POINT('',(0.0314,-0.04,0.006));
#13710=CARTESIAN_POINT('',(6.93889390390723E-18,-1.38777878078145E-17,0.));
#13711=CARTESIAN_POINT('',(0.0284,0.046,-0.003002));
#13712=CARTESIAN_POINT('',(0.0284,0.046,0.));
#13713=CARTESIAN_POINT('',(0.02955,0.046,0.));
#13714=CARTESIAN_POINT('',(0.0284,0.046,0.006));
#13715=CARTESIAN_POINT('',(0.02955,0.046,0.006));
#13716=CARTESIAN_POINT('',(0.00265000000000004,0.003,0.006));
#13717=CARTESIAN_POINT('',(0.0284,0.046,0.006));
#13718=CARTESIAN_POINT('',(0.0314,0.046,0.006));
#13719=CARTESIAN_POINT('',(6.93889390390723E-18,-1.38777878078145E-17,0.));
#13720=CARTESIAN_POINT('',(0.0349,0.0245,-0.003002));
#13721=CARTESIAN_POINT('',(0.0349,0.0245,0.));
#13722=CARTESIAN_POINT('',(0.03605,0.0245,0.));
#13723=CARTESIAN_POINT('',(0.0349,0.0245,0.006));
#13724=CARTESIAN_POINT('',(0.03605,0.0245,0.006));
#13725=CARTESIAN_POINT('',(0.00265000000000004,0.003,0.006));
#13726=CARTESIAN_POINT('',(0.0349,0.0245,0.006));
#13727=CARTESIAN_POINT('',(0.0379,0.0245,0.006));
#13728=CARTESIAN_POINT('',(6.93889390390723E-18,-1.38777878078145E-17,0.));
#13729=CARTESIAN_POINT('',(0.0349,-0.0245,-0.003002));
#13730=CARTESIAN_POINT('',(0.0349,-0.0245,0.));
#13731=CARTESIAN_POINT('',(0.03605,-0.0245,0.));
#13732=CARTESIAN_POINT('',(0.0349,-0.0245,0.006));
#13733=CARTESIAN_POINT('',(0.03605,-0.0245,0.006));
#13734=CARTESIAN_POINT('',(0.00265000000000004,0.003,0.006));
#13735=CARTESIAN_POINT('',(0.0349,-0.0245,0.006));
#13736=CARTESIAN_POINT('',(0.0379,-0.0245,0.006));
#13737=CARTESIAN_POINT('',(6.93889390390723E-18,-1.38777878078145E-17,0.));
#13738=CARTESIAN_POINT('',(-0.0231,0.0245,-0.003002));
#13739=CARTESIAN_POINT('',(-0.0231,0.0245,0.));
#13740=CARTESIAN_POINT('',(-0.02195,0.0245,0.));
#13741=CARTESIAN_POINT('',(-0.0231,0.0245,0.006));
#13742=CARTESIAN_POINT('',(-0.02195,0.0245,0.006));
#13743=CARTESIAN_POINT('',(0.00265000000000004,0.003,0.006));
#13744=CARTESIAN_POINT('',(-0.0231,0.0245,0.006));
#13745=CARTESIAN_POINT('',(-0.0201,0.0245,0.006));
#13746=CARTESIAN_POINT('',(6.93889390390723E-18,-1.38777878078145E-17,0.));
#13747=CARTESIAN_POINT('',(-0.0231,-0.0245,-0.003002));
#13748=CARTESIAN_POINT('',(-0.0231,-0.0245,0.));
#13749=CARTESIAN_POINT('',(-0.02195,-0.0245,0.));
#13750=CARTESIAN_POINT('',(-0.0231,-0.0245,0.006));
#13751=CARTESIAN_POINT('',(-0.02195,-0.0245,0.006));
#13752=CARTESIAN_POINT('',(0.00265000000000004,0.003,0.006));
#13753=CARTESIAN_POINT('',(-0.0231,-0.0245,0.006));
#13754=CARTESIAN_POINT('',(-0.0201,-0.0245,0.006));
#13755=CARTESIAN_POINT('',(6.93889390390723E-18,-1.38777878078145E-17,0.));
#13756=CARTESIAN_POINT('',(0.05,0.064,-0.001));
#13757=CARTESIAN_POINT('',(0.051,0.064,-0.003));
#13758=CARTESIAN_POINT('',(0.05,0.067,-0.001));
#13759=CARTESIAN_POINT('',(6.93889390390723E-18,0.065,-0.003));
#13760=CARTESIAN_POINT('',(-0.05,0.067,-0.001));
#13761=CARTESIAN_POINT('',(0.051,-8.34835672813839E-18,-0.003));
#13762=CARTESIAN_POINT('',(0.051,-0.064,-0.003));
#13763=CARTESIAN_POINT('',(-0.05,0.064,-0.001));
#13764=CARTESIAN_POINT('',(-0.053,0.064,-0.001));
#13765=CARTESIAN_POINT('',(0.05,-0.064,-0.001));
#13766=CARTESIAN_POINT('',(0.05,-0.065,-0.003));
#13767=CARTESIAN_POINT('',(-0.053,-1.38777878078145E-17,-0.001));
#13768=CARTESIAN_POINT('',(-0.053,-0.064,-0.001));
#13769=CARTESIAN_POINT('',(2.08166817117217E-17,-0.067,-0.001));
#13770=CARTESIAN_POINT('',(-0.05,-0.065,-0.003));
#13771=CARTESIAN_POINT('',(-0.05,-0.064,-0.001));
#13772=CARTESIAN_POINT('',(-0.000194669914110081,0.000194669914110087,0.01));
#13773=CARTESIAN_POINT('',(-0.000194669914110081,0.000194669914110087,0.01));
#13774=CARTESIAN_POINT('',(-0.000194669914110081,0.000194669914110087,0.01));
#13775=CARTESIAN_POINT('',(-0.000194669914110081,0.000194669914110087,0.));
#13776=CARTESIAN_POINT('',(-0.0462553300858899,0.064,0.));
#13777=CARTESIAN_POINT('',(-0.05,0.064,0.));
#13778=CARTESIAN_POINT('',(-0.05,0.0602553300858899,0.));
#13779=CARTESIAN_POINT('',(-0.0462553300858899,0.064,0.01));
#13780=CARTESIAN_POINT('',(-0.0462553300858899,0.064,0.01));
#13781=CARTESIAN_POINT('',(-0.05,0.064,0.01));
#13782=CARTESIAN_POINT('',(-0.05,0.064,0.01));
#13783=CARTESIAN_POINT('',(-0.05,0.0602553300858899,0.01));
#13784=CARTESIAN_POINT('',(-0.05,0.0602553300858899,0.01));
#13785=CARTESIAN_POINT('',(-0.000194669914110081,0.000194669914110087,0.01));
#13786=CARTESIAN_POINT('',(-0.0231,-0.0245,0.006));
#13787=CARTESIAN_POINT('',(-0.0231,0.0245,0.006));
#13788=CARTESIAN_POINT('',(0.0349,-0.0245,0.006));
#13789=CARTESIAN_POINT('',(0.0349,0.0245,0.006));
#13790=CARTESIAN_POINT('',(0.0284,0.046,0.006));
#13791=CARTESIAN_POINT('',(0.0284,-0.04,0.006));
#13792=CARTESIAN_POINT('',(-0.0296,0.046,0.006));
#13793=CARTESIAN_POINT('',(-0.0296,-0.04,0.006));
#13794=CARTESIAN_POINT('',(0.,0.,0.));
#13795=CARTESIAN_POINT('',(-0.2243,0.03075,0.003));
#13796=CARTESIAN_POINT('',(-0.2243,0.03075,0.));
#13797=CARTESIAN_POINT('',(-0.2243,0.0315,0.));
#13798=CARTESIAN_POINT('',(-0.2243,0.03,0.));
#13799=CARTESIAN_POINT('',(-0.2243,0.0315,0.003));
#13800=CARTESIAN_POINT('',(-0.2243,0.0315,0.003));
#13801=CARTESIAN_POINT('',(-0.2243,0.03075,0.003));
#13802=CARTESIAN_POINT('',(-0.2243,0.03,0.003));
#13803=CARTESIAN_POINT('',(-0.2243,0.03,0.003));
#13804=CARTESIAN_POINT('',(-0.2143,0.0315,0.003));
#13805=CARTESIAN_POINT('',(-0.2143,0.0315,0.));
#13806=CARTESIAN_POINT('',(-0.2043,0.0315,0.));
#13807=CARTESIAN_POINT('',(-0.2043,0.0315,0.003));
#13808=CARTESIAN_POINT('',(-0.2043,0.0315,0.003));
#13809=CARTESIAN_POINT('',(-0.2143,0.0315,0.003));
#13810=CARTESIAN_POINT('',(-0.2043,0.03075,0.003));
#13811=CARTESIAN_POINT('',(-0.2043,0.03075,0.));
#13812=CARTESIAN_POINT('',(-0.2043,0.03,0.));
#13813=CARTESIAN_POINT('',(-0.2043,0.03,0.003));
#13814=CARTESIAN_POINT('',(-0.2043,0.03,0.003));
#13815=CARTESIAN_POINT('',(-0.2043,0.03075,0.003));
#13816=CARTESIAN_POINT('',(-0.1695,0.,0.003));
#13817=CARTESIAN_POINT('',(-0.1695,0.,0.003));
#13818=CARTESIAN_POINT('',(-0.1695,0.0528,0.003));
#13819=CARTESIAN_POINT('',(-0.1695,-0.0528,0.003));
#13820=CARTESIAN_POINT('',(-0.1695,-0.0528,0.003));
#13821=CARTESIAN_POINT('',(-0.1695,-0.0528,0.));
#13822=CARTESIAN_POINT('',(-0.1695,0.,0.));
#13823=CARTESIAN_POINT('',(-0.1695,0.0528,0.));
#13824=CARTESIAN_POINT('',(-0.1695,0.0528,0.003));
#13825=CARTESIAN_POINT('',(-0.2143,0.0538,0.003));
#13826=CARTESIAN_POINT('',(-0.2143,0.0538,0.));
#13827=CARTESIAN_POINT('',(-0.2581,0.0538,0.));
#13828=CARTESIAN_POINT('',(-0.1705,0.0538,0.));
#13829=CARTESIAN_POINT('',(-0.2581,0.0538,0.003));
#13830=CARTESIAN_POINT('',(-0.2581,0.0538,0.003));
#13831=CARTESIAN_POINT('',(-0.2143,0.0538,0.003));
#13832=CARTESIAN_POINT('',(-0.1705,0.0538,0.003));
#13833=CARTESIAN_POINT('',(-0.1705,0.0538,0.003));
#13834=CARTESIAN_POINT('',(-0.2591,-2.08166817117217E-17,0.003));
#13835=CARTESIAN_POINT('',(-0.2591,-2.08166817117217E-17,0.003));
#13836=CARTESIAN_POINT('',(-0.2591,-0.0528,0.003));
#13837=CARTESIAN_POINT('',(-0.2591,0.0528,0.003));
#13838=CARTESIAN_POINT('',(-0.2591,0.0528,0.003));
#13839=CARTESIAN_POINT('',(-0.2591,0.0528,0.));
#13840=CARTESIAN_POINT('',(-0.2591,-2.08166817117217E-17,0.));
#13841=CARTESIAN_POINT('',(-0.2591,-0.0528,0.));
#13842=CARTESIAN_POINT('',(-0.2591,-0.0528,0.003));
#13843=CARTESIAN_POINT('',(-0.2293,-0.025,0.003));
#13844=CARTESIAN_POINT('',(-0.2293,-0.025,0.003));
#13845=CARTESIAN_POINT('',(-0.22725,-0.025,0.003));
#13846=CARTESIAN_POINT('',(-0.2293,-0.025,0.));
#13847=CARTESIAN_POINT('',(-0.22725,-0.025,0.));
#13848=CARTESIAN_POINT('',(-0.2143,-0.00500000000000028,0.003));
#13849=CARTESIAN_POINT('',(-0.2143,-0.00500000000000028,0.003));
#13850=CARTESIAN_POINT('',(-0.21225,-0.00500000000000028,0.003));
#13851=CARTESIAN_POINT('',(-0.2143,-0.00500000000000028,0.));
#13852=CARTESIAN_POINT('',(-0.21225,-0.00500000000000028,0.));
#13853=CARTESIAN_POINT('',(-0.2143,-0.045,0.003));
#13854=CARTESIAN_POINT('',(-0.2143,-0.045,0.003));
#13855=CARTESIAN_POINT('',(-0.21225,-0.045,0.003));
#13856=CARTESIAN_POINT('',(-0.2143,-0.045,0.));
#13857=CARTESIAN_POINT('',(-0.21225,-0.045,0.));
#13858=CARTESIAN_POINT('',(-0.2143,0.03,0.003));
#13859=CARTESIAN_POINT('',(-0.2143,0.03,0.));
#13860=CARTESIAN_POINT('',(-0.2143,0.03,0.003));
#13861=CARTESIAN_POINT('',(-0.2143,-0.0538,0.003));
#13862=CARTESIAN_POINT('',(-0.2143,-0.0538,0.003));
#13863=CARTESIAN_POINT('',(-0.1705,-0.0538,0.003));
#13864=CARTESIAN_POINT('',(-0.2581,-0.0538,0.003));
#13865=CARTESIAN_POINT('',(-0.2581,-0.0538,0.003));
#13866=CARTESIAN_POINT('',(-0.2581,-0.0538,0.));
#13867=CARTESIAN_POINT('',(-0.2143,-0.0538,0.));
#13868=CARTESIAN_POINT('',(-0.1705,-0.0538,0.));
#13869=CARTESIAN_POINT('',(-0.1705,-0.0538,0.003));
#13870=CARTESIAN_POINT('',(-0.1993,-0.025,0.003));
#13871=CARTESIAN_POINT('',(-0.1993,-0.025,0.003));
#13872=CARTESIAN_POINT('',(-0.19725,-0.025,0.003));
#13873=CARTESIAN_POINT('',(-0.1993,-0.025,0.));
#13874=CARTESIAN_POINT('',(-0.19725,-0.025,0.));
#13875=CARTESIAN_POINT('',(-0.0918667999088764,0.1048,0.003));
#13876=CARTESIAN_POINT('',(-0.149483399954438,0.162416600045562,0.003));
#13877=CARTESIAN_POINT('',(-0.254283399954437,-0.0576166000455624,0.003));
#13878=CARTESIAN_POINT('',(-0.0518833999544382,0.0648166000455617,0.003));
#13879=CARTESIAN_POINT('',(-0.156683399954438,0.0399833999544381,0.003));
#13880=CARTESIAN_POINT('',(-0.0918667999088764,0.1048,0.));
#13881=CARTESIAN_POINT('',(-0.2591,0.0528,0.));
#13882=CARTESIAN_POINT('',(-0.1705,0.0538,0.));
#13883=CARTESIAN_POINT('',(-0.1695,-0.0528,0.));
#13884=CARTESIAN_POINT('',(-0.2581,-0.0538,0.));
#13885=CARTESIAN_POINT('',(-0.2591,0.0528,0.003));
#13886=CARTESIAN_POINT('',(-0.2581,-0.0538,0.003));
#13887=CARTESIAN_POINT('',(-0.1695,-0.0528,0.003));
#13888=CARTESIAN_POINT('',(-0.1705,0.0538,0.003));
#13889=CARTESIAN_POINT('',(0.,0.,0.));
#13890=CARTESIAN_POINT('',(-0.1047,0.0538,0.003));
#13891=CARTESIAN_POINT('',(-0.1047,0.0538,0.003));
#13892=CARTESIAN_POINT('',(-0.1485,0.0538,0.003));
#13893=CARTESIAN_POINT('',(-0.0609,0.0538,0.003));
#13894=CARTESIAN_POINT('',(-0.0609,0.0538,0.003));
#13895=CARTESIAN_POINT('',(-0.0609,0.0538,0.));
#13896=CARTESIAN_POINT('',(-0.1047,0.0538,0.));
#13897=CARTESIAN_POINT('',(-0.1485,0.0538,0.));
#13898=CARTESIAN_POINT('',(-0.1485,0.0538,0.003));
#13899=CARTESIAN_POINT('',(-0.1495,0.,0.003));
#13900=CARTESIAN_POINT('',(-0.1495,0.,0.));
#13901=CARTESIAN_POINT('',(-0.1495,0.0528,0.));
#13902=CARTESIAN_POINT('',(-0.1495,-0.0528,0.));
#13903=CARTESIAN_POINT('',(-0.1495,-0.0528,0.003));
#13904=CARTESIAN_POINT('',(-0.1495,-0.0528,0.003));
#13905=CARTESIAN_POINT('',(-0.1495,0.,0.003));
#13906=CARTESIAN_POINT('',(-0.1495,0.0528,0.003));
#13907=CARTESIAN_POINT('',(-0.1495,0.0528,0.));
#13908=CARTESIAN_POINT('',(-0.1047,-0.0538,0.003));
#13909=CARTESIAN_POINT('',(-0.1047,-0.0538,0.));
#13910=CARTESIAN_POINT('',(-0.1485,-0.0538,0.));
#13911=CARTESIAN_POINT('',(-0.0609,-0.0538,0.));
#13912=CARTESIAN_POINT('',(-0.0609,-0.0538,0.003));
#13913=CARTESIAN_POINT('',(-0.0609,-0.0538,0.003));
#13914=CARTESIAN_POINT('',(-0.1047,-0.0538,0.003));
#13915=CARTESIAN_POINT('',(-0.1485,-0.0538,0.003));
#13916=CARTESIAN_POINT('',(-0.1485,-0.0538,0.003));
#13917=CARTESIAN_POINT('',(-0.0599,-3.46944695195361E-18,0.003));
#13918=CARTESIAN_POINT('',(-0.0599,-3.46944695195361E-18,0.003));
#13919=CARTESIAN_POINT('',(-0.0599,0.0528,0.003));
#13920=CARTESIAN_POINT('',(-0.0599,-0.0528,0.003));
#13921=CARTESIAN_POINT('',(-0.0599,-0.0528,0.));
#13922=CARTESIAN_POINT('',(-0.0599,-0.0528,0.));
#13923=CARTESIAN_POINT('',(-0.0599,-3.46944695195361E-18,0.));
#13924=CARTESIAN_POINT('',(-0.0599,0.0528,0.));
#13925=CARTESIAN_POINT('',(-0.0599,0.0528,0.003));
#13926=CARTESIAN_POINT('',(-0.0918667999088764,0.1048,0.003));
#13927=CARTESIAN_POINT('',(0.00291660004556188,0.0100166000455623,0.003));
#13928=CARTESIAN_POINT('',(-0.101883399954438,0.0947833999544378,0.003));
#13929=CARTESIAN_POINT('',(-0.0946833999544382,0.107616600045562,0.003));
#13930=CARTESIAN_POINT('',(-0.19948339995444,-0.00281660004555744,0.003));
#13931=CARTESIAN_POINT('',(-0.0918667999088764,0.1048,0.));
#13932=CARTESIAN_POINT('',(-0.0599,-0.0528,0.));
#13933=CARTESIAN_POINT('',(-0.1485,-0.0538,0.));
#13934=CARTESIAN_POINT('',(-0.1495,0.0528,0.));
#13935=CARTESIAN_POINT('',(-0.0609,0.0538,0.));
#13936=CARTESIAN_POINT('',(-0.0599,-0.0528,0.003));
#13937=CARTESIAN_POINT('',(-0.1485,-0.0538,0.003));
#13938=CARTESIAN_POINT('',(-0.0609,0.0538,0.003));
#13939=CARTESIAN_POINT('',(-0.1495,0.0528,0.003));
#13940=CARTESIAN_POINT('',(0.,0.,0.));
#13941=CARTESIAN_POINT('',(-8.23993651088983E-18,-0.08345,0.011));
#13942=CARTESIAN_POINT('',(-8.23993651088983E-18,-0.08345,0.004));
#13943=CARTESIAN_POINT('',(0.00195,-0.08345,0.004));
#13944=CARTESIAN_POINT('',(-0.00195,-0.08345,0.004));
#13945=CARTESIAN_POINT('',(-0.00195,-0.08345,0.011));
#13946=CARTESIAN_POINT('',(-0.00195,-0.08345,0.));
#13947=CARTESIAN_POINT('',(-8.23993651088983E-18,-0.08345,0.));
#13948=CARTESIAN_POINT('',(0.00195,-0.08345,0.));
#13949=CARTESIAN_POINT('',(0.00195,-0.08345,0.004));
#13950=CARTESIAN_POINT('',(0.00345,-0.08,0.011));
#13951=CARTESIAN_POINT('',(0.00345,-0.08,0.));
#13952=CARTESIAN_POINT('',(0.00345,-0.08195,0.));
#13953=CARTESIAN_POINT('',(0.00345,-0.07805,0.));
#13954=CARTESIAN_POINT('',(0.00345,-0.07805,0.011));
#13955=CARTESIAN_POINT('',(0.00345,-0.07805,0.004));
#13956=CARTESIAN_POINT('',(0.00345,-0.08345,0.004));
#13957=CARTESIAN_POINT('',(0.00345,-0.08195,0.004));
#13958=CARTESIAN_POINT('',(0.00345,-0.08195,0.));
#13959=CARTESIAN_POINT('',(-7.80625564189563E-18,-0.07655,0.011));
#13960=CARTESIAN_POINT('',(-7.80625564189563E-18,-0.07655,0.));
#13961=CARTESIAN_POINT('',(0.00195,-0.07655,0.));
#13962=CARTESIAN_POINT('',(-0.00195,-0.07655,0.));
#13963=CARTESIAN_POINT('',(-0.00195,-0.07655,0.004));
#13964=CARTESIAN_POINT('',(-0.00195,-0.07655,0.004));
#13965=CARTESIAN_POINT('',(0.00345,-0.07655,0.004));
#13966=CARTESIAN_POINT('',(0.00195,-0.07655,0.004));
#13967=CARTESIAN_POINT('',(0.00195,-0.07655,0.011));
#13968=CARTESIAN_POINT('',(-4.77048955893622E-18,-0.08,0.011));
#13969=CARTESIAN_POINT('',(-4.77048955893622E-18,-0.08,0.011));
#13970=CARTESIAN_POINT('',(0.0021,-0.08,0.011));
#13971=CARTESIAN_POINT('',(-4.77048955893622E-18,-0.08,0.));
#13972=CARTESIAN_POINT('',(0.0021,-0.08,0.));
#13973=CARTESIAN_POINT('',(-0.00345,-0.08,0.011));
#13974=CARTESIAN_POINT('',(-0.00345,-0.08,0.004));
#13975=CARTESIAN_POINT('',(-0.00345,-0.08195,0.004));
#13976=CARTESIAN_POINT('',(-0.00345,-0.07805,0.004));
#13977=CARTESIAN_POINT('',(-0.00345,-0.07805,0.));
#13978=CARTESIAN_POINT('',(-0.00345,-0.07805,0.));
#13979=CARTESIAN_POINT('',(-0.00345,-0.08,0.));
#13980=CARTESIAN_POINT('',(-0.00345,-0.08195,0.));
#13981=CARTESIAN_POINT('',(-0.00345,-0.08195,0.011));
#13982=CARTESIAN_POINT('',(-7.80625564189563E-18,-0.08,0.011));
#13983=CARTESIAN_POINT('',(-0.00345,-0.07675,0.011));
#13984=CARTESIAN_POINT('',(0.00215,-0.07675,0.011));
#13985=CARTESIAN_POINT('',(-0.00215,-0.07675,0.011));
#13986=CARTESIAN_POINT('',(-0.0027,-0.0773,0.011));
#13987=CARTESIAN_POINT('',(-0.00325,-0.07785,0.011));
#13988=CARTESIAN_POINT('',(-0.00325,-0.08,0.011));
#13989=CARTESIAN_POINT('',(-0.00325,-0.08215,0.011));
#13990=CARTESIAN_POINT('',(-0.0027,-0.0827,0.011));
#13991=CARTESIAN_POINT('',(-0.00215,-0.08325,0.011));
#13992=CARTESIAN_POINT('',(-7.80625564189563E-18,-0.08325,0.011));
#13993=CARTESIAN_POINT('',(0.00215,-0.08325,0.011));
#13994=CARTESIAN_POINT('',(0.0027,-0.0827,0.011));
#13995=CARTESIAN_POINT('',(0.00325,-0.08215,0.011));
#13996=CARTESIAN_POINT('',(0.00325,-0.07655,0.011));
#13997=CARTESIAN_POINT('',(0.00325,-0.07785,0.011));
#13998=CARTESIAN_POINT('',(0.0027,-0.0773,0.011));
#13999=CARTESIAN_POINT('',(-7.80625564189563E-18,-0.08,0.));
#14000=CARTESIAN_POINT('',(-0.00345,-0.07805,0.));
#14001=CARTESIAN_POINT('',(0.00195,-0.07655,0.));
#14002=CARTESIAN_POINT('',(0.00345,-0.08195,0.));
#14003=CARTESIAN_POINT('',(-0.00195,-0.08345,0.));
#14004=CARTESIAN_POINT('',(0.00325,-0.08,0.011));
#14005=CARTESIAN_POINT('',(0.00325175224123878,-0.0778517522412388,0.0109386715566422));
#14006=CARTESIAN_POINT('',(0.00325175224123878,-0.0821482477587612,0.0109386715566422));
#14007=CARTESIAN_POINT('',(-8.23993651088983E-18,-0.08345,0.004));
#14008=CARTESIAN_POINT('',(-0.00194841075794622,-0.0834515892420538,0.00394437652811736));
#14009=CARTESIAN_POINT('',(0.0019484107579462,-0.0834515892420538,0.00394437652811736));
#14010=CARTESIAN_POINT('',(-7.80625564189563E-18,-0.07675,0.011));
#14011=CARTESIAN_POINT('',(-0.00214824775876122,-0.0767482477587612,0.0109386715566422));
#14012=CARTESIAN_POINT('',(0.0021482477587612,-0.0767482477587612,0.0109386715566422));
#14013=CARTESIAN_POINT('',(-0.00345,-0.08,0.004));
#14014=CARTESIAN_POINT('',(-0.0034515892420538,-0.0780515892420538,0.00394437652811736));
#14015=CARTESIAN_POINT('',(-0.0034515892420538,-0.0819484107579462,0.00394437652811735));
#14016=CARTESIAN_POINT('',(-0.00345,-0.07805,0.011));
#14017=CARTESIAN_POINT('',(0.00195,-0.07655,0.011));
#14018=CARTESIAN_POINT('',(-0.00195,-0.08345,0.011));
#14019=CARTESIAN_POINT('',(0.00345,-0.08195,0.011));
#14020=MECHANICAL_DESIGN_GEOMETRIC_PRESENTATION_REPRESENTATION('',(#8791),
#14027);
#14021=MECHANICAL_DESIGN_GEOMETRIC_PRESENTATION_REPRESENTATION('',(#8792),
#14028);
#14022=MECHANICAL_DESIGN_GEOMETRIC_PRESENTATION_REPRESENTATION('',(#8793),
#14029);
#14023=MECHANICAL_DESIGN_GEOMETRIC_PRESENTATION_REPRESENTATION('',(#8794),
#14030);
#14024=MECHANICAL_DESIGN_GEOMETRIC_PRESENTATION_REPRESENTATION('',(#8795),
#14031);
#14025=MECHANICAL_DESIGN_GEOMETRIC_PRESENTATION_REPRESENTATION('',(#8796),
#14032);
#14026=MECHANICAL_DESIGN_GEOMETRIC_PRESENTATION_REPRESENTATION('',(#8797),
#14033);
#14027=(
GEOMETRIC_REPRESENTATION_CONTEXT(3)
GLOBAL_UNCERTAINTY_ASSIGNED_CONTEXT((#14034))
GLOBAL_UNIT_ASSIGNED_CONTEXT((#14055,#14048,#14041))
REPRESENTATION_CONTEXT('TopPlateVenting','TOP_LEVEL_ASSEMBLY_PART')
);
#14028=(
GEOMETRIC_REPRESENTATION_CONTEXT(3)
GLOBAL_UNCERTAINTY_ASSIGNED_CONTEXT((#14035))
GLOBAL_UNIT_ASSIGNED_CONTEXT((#14056,#14049,#14042))
REPRESENTATION_CONTEXT('BottomPlateFans','TOP_LEVEL_ASSEMBLY_PART')
);
#14029=(
GEOMETRIC_REPRESENTATION_CONTEXT(3)
GLOBAL_UNCERTAINTY_ASSIGNED_CONTEXT((#14036))
GLOBAL_UNIT_ASSIGNED_CONTEXT((#14057,#14050,#14043))
REPRESENTATION_CONTEXT('Padding','TOP_LEVEL_ASSEMBLY_PART')
);
#14030=(
GEOMETRIC_REPRESENTATION_CONTEXT(3)
GLOBAL_UNCERTAINTY_ASSIGNED_CONTEXT((#14037))
GLOBAL_UNIT_ASSIGNED_CONTEXT((#14058,#14051,#14044))
REPRESENTATION_CONTEXT('Frame','TOP_LEVEL_ASSEMBLY_PART')
);
#14031=(
GEOMETRIC_REPRESENTATION_CONTEXT(3)
GLOBAL_UNCERTAINTY_ASSIGNED_CONTEXT((#14038))
GLOBAL_UNIT_ASSIGNED_CONTEXT((#14059,#14052,#14045))
REPRESENTATION_CONTEXT('SidePlateMounting','TOP_LEVEL_ASSEMBLY_PART')
);
#14032=(
GEOMETRIC_REPRESENTATION_CONTEXT(3)
GLOBAL_UNCERTAINTY_ASSIGNED_CONTEXT((#14039))
GLOBAL_UNIT_ASSIGNED_CONTEXT((#14060,#14053,#14046))
REPRESENTATION_CONTEXT('SidePlateSolid','TOP_LEVEL_ASSEMBLY_PART')
);
#14033=(
GEOMETRIC_REPRESENTATION_CONTEXT(3)
GLOBAL_UNCERTAINTY_ASSIGNED_CONTEXT((#14040))
GLOBAL_UNIT_ASSIGNED_CONTEXT((#14061,#14054,#14047))
REPRESENTATION_CONTEXT('NutPlut','TOP_LEVEL_ASSEMBLY_PART')
);
#14034=UNCERTAINTY_MEASURE_WITH_UNIT(LENGTH_MEASURE(1.E-8),#14055,
'DISTANCE_ACCURACY_VALUE','Maximum Tolerance applied to model');
#14035=UNCERTAINTY_MEASURE_WITH_UNIT(LENGTH_MEASURE(1.E-8),#14056,
'DISTANCE_ACCURACY_VALUE','Maximum Tolerance applied to model');
#14036=UNCERTAINTY_MEASURE_WITH_UNIT(LENGTH_MEASURE(1.E-8),#14057,
'DISTANCE_ACCURACY_VALUE','Maximum Tolerance applied to model');
#14037=UNCERTAINTY_MEASURE_WITH_UNIT(LENGTH_MEASURE(1.E-8),#14058,
'DISTANCE_ACCURACY_VALUE','Maximum Tolerance applied to model');
#14038=UNCERTAINTY_MEASURE_WITH_UNIT(LENGTH_MEASURE(1.E-8),#14059,
'DISTANCE_ACCURACY_VALUE','Maximum Tolerance applied to model');
#14039=UNCERTAINTY_MEASURE_WITH_UNIT(LENGTH_MEASURE(1.E-8),#14060,
'DISTANCE_ACCURACY_VALUE','Maximum Tolerance applied to model');
#14040=UNCERTAINTY_MEASURE_WITH_UNIT(LENGTH_MEASURE(1.E-8),#14061,
'DISTANCE_ACCURACY_VALUE','Maximum Tolerance applied to model');
#14041=(
NAMED_UNIT(*)
SI_UNIT($,.STERADIAN.)
SOLID_ANGLE_UNIT()
);
#14042=(
NAMED_UNIT(*)
SI_UNIT($,.STERADIAN.)
SOLID_ANGLE_UNIT()
);
#14043=(
NAMED_UNIT(*)
SI_UNIT($,.STERADIAN.)
SOLID_ANGLE_UNIT()
);
#14044=(
NAMED_UNIT(*)
SI_UNIT($,.STERADIAN.)
SOLID_ANGLE_UNIT()
);
#14045=(
NAMED_UNIT(*)
SI_UNIT($,.STERADIAN.)
SOLID_ANGLE_UNIT()
);
#14046=(
NAMED_UNIT(*)
SI_UNIT($,.STERADIAN.)
SOLID_ANGLE_UNIT()
);
#14047=(
NAMED_UNIT(*)
SI_UNIT($,.STERADIAN.)
SOLID_ANGLE_UNIT()
);
#14048=(
NAMED_UNIT(*)
PLANE_ANGLE_UNIT()
SI_UNIT($,.RADIAN.)
);
#14049=(
NAMED_UNIT(*)
PLANE_ANGLE_UNIT()
SI_UNIT($,.RADIAN.)
);
#14050=(
NAMED_UNIT(*)
PLANE_ANGLE_UNIT()
SI_UNIT($,.RADIAN.)
);
#14051=(
NAMED_UNIT(*)
PLANE_ANGLE_UNIT()
SI_UNIT($,.RADIAN.)
);
#14052=(
NAMED_UNIT(*)
PLANE_ANGLE_UNIT()
SI_UNIT($,.RADIAN.)
);
#14053=(
NAMED_UNIT(*)
PLANE_ANGLE_UNIT()
SI_UNIT($,.RADIAN.)
);
#14054=(
NAMED_UNIT(*)
PLANE_ANGLE_UNIT()
SI_UNIT($,.RADIAN.)
);
#14055=(
LENGTH_UNIT()
NAMED_UNIT(*)
SI_UNIT($,.METRE.)
);
#14056=(
LENGTH_UNIT()
NAMED_UNIT(*)
SI_UNIT($,.METRE.)
);
#14057=(
LENGTH_UNIT()
NAMED_UNIT(*)
SI_UNIT($,.METRE.)
);
#14058=(
LENGTH_UNIT()
NAMED_UNIT(*)
SI_UNIT($,.METRE.)
);
#14059=(
LENGTH_UNIT()
NAMED_UNIT(*)
SI_UNIT($,.METRE.)
);
#14060=(
LENGTH_UNIT()
NAMED_UNIT(*)
SI_UNIT($,.METRE.)
);
#14061=(
LENGTH_UNIT()
NAMED_UNIT(*)
SI_UNIT($,.METRE.)
);
#14062=PRODUCT_DEFINITION_SHAPE('','',#14069);
#14063=PRODUCT_DEFINITION_SHAPE('','',#14070);
#14064=PRODUCT_DEFINITION_SHAPE('','',#14071);
#14065=PRODUCT_DEFINITION_SHAPE('','',#14072);
#14066=PRODUCT_DEFINITION_SHAPE('','',#14073);
#14067=PRODUCT_DEFINITION_SHAPE('','',#14074);
#14068=PRODUCT_DEFINITION_SHAPE('','',#14075);
#14069=PRODUCT_DEFINITION('','',#14083,#14076);
#14070=PRODUCT_DEFINITION('','',#14084,#14077);
#14071=PRODUCT_DEFINITION('','',#14085,#14078);
#14072=PRODUCT_DEFINITION('','',#14086,#14079);
#14073=PRODUCT_DEFINITION('','',#14087,#14080);
#14074=PRODUCT_DEFINITION('','',#14088,#14081);
#14075=PRODUCT_DEFINITION('','',#14089,#14082);
#14076=PRODUCT_DEFINITION_CONTEXT('',#14125,'design');
#14077=PRODUCT_DEFINITION_CONTEXT('',#14126,'design');
#14078=PRODUCT_DEFINITION_CONTEXT('',#14127,'design');
#14079=PRODUCT_DEFINITION_CONTEXT('',#14128,'design');
#14080=PRODUCT_DEFINITION_CONTEXT('',#14129,'design');
#14081=PRODUCT_DEFINITION_CONTEXT('',#14130,'design');
#14082=PRODUCT_DEFINITION_CONTEXT('',#14131,'design');
#14083=PRODUCT_DEFINITION_FORMATION_WITH_SPECIFIED_SOURCE('','',#14097,
 .NOT_KNOWN.);
#14084=PRODUCT_DEFINITION_FORMATION_WITH_SPECIFIED_SOURCE('','',#14098,
 .NOT_KNOWN.);
#14085=PRODUCT_DEFINITION_FORMATION_WITH_SPECIFIED_SOURCE('','',#14099,
 .NOT_KNOWN.);
#14086=PRODUCT_DEFINITION_FORMATION_WITH_SPECIFIED_SOURCE('','',#14100,
 .NOT_KNOWN.);
#14087=PRODUCT_DEFINITION_FORMATION_WITH_SPECIFIED_SOURCE('','',#14101,
 .NOT_KNOWN.);
#14088=PRODUCT_DEFINITION_FORMATION_WITH_SPECIFIED_SOURCE('','',#14102,
 .NOT_KNOWN.);
#14089=PRODUCT_DEFINITION_FORMATION_WITH_SPECIFIED_SOURCE('','',#14103,
 .NOT_KNOWN.);
#14090=PRODUCT_RELATED_PRODUCT_CATEGORY('','',(#14097));
#14091=PRODUCT_RELATED_PRODUCT_CATEGORY('','',(#14098));
#14092=PRODUCT_RELATED_PRODUCT_CATEGORY('','',(#14099));
#14093=PRODUCT_RELATED_PRODUCT_CATEGORY('','',(#14100));
#14094=PRODUCT_RELATED_PRODUCT_CATEGORY('','',(#14101));
#14095=PRODUCT_RELATED_PRODUCT_CATEGORY('','',(#14102));
#14096=PRODUCT_RELATED_PRODUCT_CATEGORY('','',(#14103));
#14097=PRODUCT('TopPlateVenting','TopPlateVenting','TopPlateVenting',(#14111));
#14098=PRODUCT('BottomPlateFans','BottomPlateFans','BottomPlateFans',(#14112));
#14099=PRODUCT('Padding','Padding','Padding',(#14113));
#14100=PRODUCT('Frame','Frame','Frame',(#14114));
#14101=PRODUCT('SidePlateMounting','SidePlateMounting',
'SidePlateMounting',(#14115));
#14102=PRODUCT('SidePlateSolid','SidePlateSolid','SidePlateSolid',(#14116));
#14103=PRODUCT('NutPlut','NutPlut','NutPlut',(#14117));
#14104=PRODUCT_CATEGORY('','');
#14105=PRODUCT_CATEGORY('','');
#14106=PRODUCT_CATEGORY('','');
#14107=PRODUCT_CATEGORY('','');
#14108=PRODUCT_CATEGORY('','');
#14109=PRODUCT_CATEGORY('','');
#14110=PRODUCT_CATEGORY('','');
#14111=PRODUCT_CONTEXT('',#14125,'mechanical');
#14112=PRODUCT_CONTEXT('',#14126,'mechanical');
#14113=PRODUCT_CONTEXT('',#14127,'mechanical');
#14114=PRODUCT_CONTEXT('',#14128,'mechanical');
#14115=PRODUCT_CONTEXT('',#14129,'mechanical');
#14116=PRODUCT_CONTEXT('',#14130,'mechanical');
#14117=PRODUCT_CONTEXT('',#14131,'mechanical');
#14118=APPLICATION_PROTOCOL_DEFINITION('international standard',
'ap242_managed_model_based_3d_engineering',2011,#14125);
#14119=APPLICATION_PROTOCOL_DEFINITION('international standard',
'ap242_managed_model_based_3d_engineering',2011,#14126);
#14120=APPLICATION_PROTOCOL_DEFINITION('international standard',
'ap242_managed_model_based_3d_engineering',2011,#14127);
#14121=APPLICATION_PROTOCOL_DEFINITION('international standard',
'ap242_managed_model_based_3d_engineering',2011,#14128);
#14122=APPLICATION_PROTOCOL_DEFINITION('international standard',
'ap242_managed_model_based_3d_engineering',2011,#14129);
#14123=APPLICATION_PROTOCOL_DEFINITION('international standard',
'ap242_managed_model_based_3d_engineering',2011,#14130);
#14124=APPLICATION_PROTOCOL_DEFINITION('international standard',
'ap242_managed_model_based_3d_engineering',2011,#14131);
#14125=APPLICATION_CONTEXT('managed model based 3d engineering');
#14126=APPLICATION_CONTEXT('managed model based 3d engineering');
#14127=APPLICATION_CONTEXT('managed model based 3d engineering');
#14128=APPLICATION_CONTEXT('managed model based 3d engineering');
#14129=APPLICATION_CONTEXT('managed model based 3d engineering');
#14130=APPLICATION_CONTEXT('managed model based 3d engineering');
#14131=APPLICATION_CONTEXT('managed model based 3d engineering');
ENDSEC;
END-ISO-10303-21;
