ISO-10303-21;
HEADER;
/* Generated by software containing ST-Developer
 * from STEP Tools, Inc. (www.steptools.com) 
 */

FILE_DESCRIPTION(
/* description */ (''),
/* implementation_level */ '2;1');

FILE_NAME(
/* name */ 'C:\\Users\\k\\Desktop\\JST B2P-VH-FB-B(LF)(SN)\\2.stp',
/* time_stamp */ '2021-10-01T18:23:35+02:00',
/* author */ ('k'),
/* organization */ (''),
/* preprocessor_version */ 'ST-DEVELOPER v15.6',
/* originating_system */ 'Autodesk Inventor 2015',
/* authorisation */ '');

FILE_SCHEMA (('AUTOMOTIVE_DESIGN { 1 0 10303 214 3 1 1 }'));
ENDSEC;

DATA;
#10=MECHANICAL_DESIGN_GEOMETRIC_PRESENTATION_REPRESENTATION('',(#195,#179,
#184,#185,#183,#186,#181,#180,#182,#190,#191,#189,#192,#193,#187,#188,#194),
#3540);
#11=ITEM_DEFINED_TRANSFORMATION($,$,#2098,#2304);
#12=ITEM_DEFINED_TRANSFORMATION($,$,#2127,#2305);
#13=ITEM_DEFINED_TRANSFORMATION($,$,#2266,#2306);
#14=ITEM_DEFINED_TRANSFORMATION($,$,#2303,#2308);
#15=(
REPRESENTATION_RELATIONSHIP($,$,#3558,#3561)
REPRESENTATION_RELATIONSHIP_WITH_TRANSFORMATION(#11)
SHAPE_REPRESENTATION_RELATIONSHIP()
);
#16=(
REPRESENTATION_RELATIONSHIP($,$,#3559,#3561)
REPRESENTATION_RELATIONSHIP_WITH_TRANSFORMATION(#12)
SHAPE_REPRESENTATION_RELATIONSHIP()
);
#17=(
REPRESENTATION_RELATIONSHIP($,$,#3560,#3561)
REPRESENTATION_RELATIONSHIP_WITH_TRANSFORMATION(#13)
SHAPE_REPRESENTATION_RELATIONSHIP()
);
#18=(
REPRESENTATION_RELATIONSHIP($,$,#3561,#3562)
REPRESENTATION_RELATIONSHIP_WITH_TRANSFORMATION(#14)
SHAPE_REPRESENTATION_RELATIONSHIP()
);
#19=CONTEXT_DEPENDENT_SHAPE_REPRESENTATION(#15,#3553);
#20=CONTEXT_DEPENDENT_SHAPE_REPRESENTATION(#16,#3554);
#21=CONTEXT_DEPENDENT_SHAPE_REPRESENTATION(#17,#3555);
#22=CONTEXT_DEPENDENT_SHAPE_REPRESENTATION(#18,#3557);
#23=NEXT_ASSEMBLY_USAGE_OCCURRENCE('1:1',$,$,#3567,#3564,$);
#24=NEXT_ASSEMBLY_USAGE_OCCURRENCE('B2P-VH-FB-B:1',$,$,#3567,#3565,$);
#25=NEXT_ASSEMBLY_USAGE_OCCURRENCE('JST Logo adjustable:1',$,$,#3567,#3566,
$);
#26=NEXT_ASSEMBLY_USAGE_OCCURRENCE('1:1',$,$,#3568,#3567,$);
#27=DIMENSIONAL_EXPONENTS(0.,0.,0.,0.,0.,0.,0.);
#28=(
CONVERSION_BASED_UNIT('degree',#29)
NAMED_UNIT(#27)
PLANE_ANGLE_UNIT()
);
#29=PLANE_ANGLE_MEASURE_WITH_UNIT(PLANE_ANGLE_MEASURE(0.01745329252),#3543);
#30=TOROIDAL_SURFACE('',#2203,0.4,0.2);
#31=TOROIDAL_SURFACE('',#2208,0.4,0.2);
#32=TOROIDAL_SURFACE('',#2213,0.4,0.2);
#33=TOROIDAL_SURFACE('',#2217,0.4,0.2);
#34=SPHERICAL_SURFACE('',#2140,0.2);
#35=SPHERICAL_SURFACE('',#2145,0.2);
#36=SPHERICAL_SURFACE('',#2150,0.2);
#37=SPHERICAL_SURFACE('',#2152,0.2);
#38=SPHERICAL_SURFACE('',#2167,0.2);
#39=SPHERICAL_SURFACE('',#2172,0.2);
#40=SPHERICAL_SURFACE('',#2191,0.2);
#41=SPHERICAL_SURFACE('',#2196,0.2);
#42=SPHERICAL_SURFACE('',#2225,0.2);
#43=SPHERICAL_SURFACE('',#2230,0.2);
#44=SPHERICAL_SURFACE('',#2235,0.2);
#45=SPHERICAL_SURFACE('',#2237,0.2);
#46=CYLINDRICAL_SURFACE('',#2131,0.59);
#47=CYLINDRICAL_SURFACE('',#2134,0.2);
#48=CYLINDRICAL_SURFACE('',#2137,0.2);
#49=CYLINDRICAL_SURFACE('',#2142,0.2);
#50=CYLINDRICAL_SURFACE('',#2147,0.2);
#51=CYLINDRICAL_SURFACE('',#2154,0.2);
#52=CYLINDRICAL_SURFACE('',#2157,0.2);
#53=CYLINDRICAL_SURFACE('',#2161,0.2);
#54=CYLINDRICAL_SURFACE('',#2164,0.2);
#55=CYLINDRICAL_SURFACE('',#2169,0.2);
#56=CYLINDRICAL_SURFACE('',#2175,0.2);
#57=CYLINDRICAL_SURFACE('',#2182,0.2);
#58=CYLINDRICAL_SURFACE('',#2185,0.2);
#59=CYLINDRICAL_SURFACE('',#2188,0.2);
#60=CYLINDRICAL_SURFACE('',#2193,0.2);
#61=CYLINDRICAL_SURFACE('',#2199,0.2);
#62=CYLINDRICAL_SURFACE('',#2201,0.2);
#63=CYLINDRICAL_SURFACE('',#2206,0.2);
#64=CYLINDRICAL_SURFACE('',#2211,0.2);
#65=CYLINDRICAL_SURFACE('',#2215,0.2);
#66=CYLINDRICAL_SURFACE('',#2219,0.2);
#67=CYLINDRICAL_SURFACE('',#2221,0.2);
#68=CYLINDRICAL_SURFACE('',#2222,0.2);
#69=CYLINDRICAL_SURFACE('',#2227,0.2);
#70=CYLINDRICAL_SURFACE('',#2232,0.2);
#71=CYLINDRICAL_SURFACE('',#2240,0.2);
#72=CYLINDRICAL_SURFACE('',#2243,0.2);
#73=CYLINDRICAL_SURFACE('',#2246,0.2);
#74=CYLINDRICAL_SURFACE('',#2250,0.2);
#75=CYLINDRICAL_SURFACE('',#2269,0.127);
#76=CYLINDRICAL_SURFACE('',#2273,0.127);
#77=CYLINDRICAL_SURFACE('',#2279,0.254);
#78=CYLINDRICAL_SURFACE('',#2286,0.127);
#79=CYLINDRICAL_SURFACE('',#2290,0.127);
#80=CYLINDRICAL_SURFACE('',#2294,0.127);
#81=CYLINDRICAL_SURFACE('',#2298,0.127);
#82=FACE_BOUND('',#350,.T.);
#83=FACE_BOUND('',#352,.T.);
#84=FACE_BOUND('',#367,.T.);
#85=FACE_BOUND('',#368,.T.);
#86=FACE_BOUND('',#412,.T.);
#87=FACE_BOUND('',#413,.T.);
#88=FACE_BOUND('',#414,.T.);
#89=FACE_BOUND('',#452,.T.);
#90=FACE_BOUND('',#454,.T.);
#91=CIRCLE('',#2129,0.59);
#92=CIRCLE('',#2130,0.39);
#93=CIRCLE('',#2132,0.59);
#94=CIRCLE('',#2135,0.2);
#95=CIRCLE('',#2136,0.2);
#96=CIRCLE('',#2138,0.2);
#97=CIRCLE('',#2139,0.2);
#98=CIRCLE('',#2141,0.2);
#99=CIRCLE('',#2143,0.2);
#100=CIRCLE('',#2144,0.2);
#101=CIRCLE('',#2146,0.2);
#102=CIRCLE('',#2148,0.200000000000001);
#103=CIRCLE('',#2149,0.2);
#104=CIRCLE('',#2151,0.2);
#105=CIRCLE('',#2153,0.2);
#106=CIRCLE('',#2155,0.2);
#107=CIRCLE('',#2158,0.2);
#108=CIRCLE('',#2162,0.2);
#109=CIRCLE('',#2163,0.2);
#110=CIRCLE('',#2165,0.2);
#111=CIRCLE('',#2166,0.2);
#112=CIRCLE('',#2168,0.2);
#113=CIRCLE('',#2170,0.2);
#114=CIRCLE('',#2171,0.2);
#115=CIRCLE('',#2173,0.2);
#116=CIRCLE('',#2176,0.2);
#117=CIRCLE('',#2178,0.4);
#118=CIRCLE('',#2179,0.4);
#119=CIRCLE('',#2180,0.4);
#120=CIRCLE('',#2181,0.4);
#121=CIRCLE('',#2183,0.2);
#122=CIRCLE('',#2186,0.2);
#123=CIRCLE('',#2187,0.2);
#124=CIRCLE('',#2189,0.2);
#125=CIRCLE('',#2190,0.2);
#126=CIRCLE('',#2192,0.2);
#127=CIRCLE('',#2194,0.2);
#128=CIRCLE('',#2195,0.2);
#129=CIRCLE('',#2197,0.2);
#130=CIRCLE('',#2200,0.2);
#131=CIRCLE('',#2202,0.2);
#132=CIRCLE('',#2204,0.2);
#133=CIRCLE('',#2205,0.2);
#134=CIRCLE('',#2207,0.2);
#135=CIRCLE('',#2209,0.2);
#136=CIRCLE('',#2210,0.2);
#137=CIRCLE('',#2212,0.2);
#138=CIRCLE('',#2214,0.2);
#139=CIRCLE('',#2216,0.2);
#140=CIRCLE('',#2223,0.2);
#141=CIRCLE('',#2224,0.2);
#142=CIRCLE('',#2226,0.2);
#143=CIRCLE('',#2228,0.200000000000002);
#144=CIRCLE('',#2229,0.2);
#145=CIRCLE('',#2231,0.2);
#146=CIRCLE('',#2233,0.2);
#147=CIRCLE('',#2234,0.2);
#148=CIRCLE('',#2236,0.2);
#149=CIRCLE('',#2238,0.2);
#150=CIRCLE('',#2241,0.2);
#151=CIRCLE('',#2244,0.2);
#152=CIRCLE('',#2247,0.2);
#153=CIRCLE('',#2249,0.2);
#154=CIRCLE('',#2270,0.127);
#155=CIRCLE('',#2271,0.127);
#156=CIRCLE('',#2274,0.127);
#157=CIRCLE('',#2275,0.127);
#158=CIRCLE('',#2280,0.254);
#159=CIRCLE('',#2281,0.254);
#160=CIRCLE('',#2287,0.127);
#161=CIRCLE('',#2288,0.127);
#162=CIRCLE('',#2291,0.127);
#163=CIRCLE('',#2292,0.127);
#164=CIRCLE('',#2295,0.127);
#165=CIRCLE('',#2296,0.127);
#166=CIRCLE('',#2299,0.127);
#167=CIRCLE('',#2300,0.127);
#168=CONICAL_SURFACE('',#2128,0.49,0.785398163397448);
#169=SHAPE_REPRESENTATION_RELATIONSHIP('SRR','None',#3558,#172);
#170=SHAPE_REPRESENTATION_RELATIONSHIP('SRR','None',#3559,#173);
#171=SHAPE_REPRESENTATION_RELATIONSHIP('SRR','None',#3560,#174);
#172=ADVANCED_BREP_SHAPE_REPRESENTATION($,(#175,#176),#3535);
#173=ADVANCED_BREP_SHAPE_REPRESENTATION($,(#177),#3536);
#174=ADVANCED_BREP_SHAPE_REPRESENTATION($,(#178),#3537);
#175=MANIFOLD_SOLID_BREP('NONE',#2094);
#176=MANIFOLD_SOLID_BREP('NONE',#2095);
#177=MANIFOLD_SOLID_BREP('NONE',#2096);
#178=MANIFOLD_SOLID_BREP('Solid1',#2097);
#179=STYLED_ITEM('',(#3589),#1973);
#180=STYLED_ITEM('',(#3589),#1974);
#181=STYLED_ITEM('',(#3589),#1975);
#182=STYLED_ITEM('',(#3589),#1980);
#183=STYLED_ITEM('',(#3589),#1981);
#184=STYLED_ITEM('',(#3589),#1982);
#185=STYLED_ITEM('',(#3589),#1983);
#186=STYLED_ITEM('',(#3589),#1984);
#187=STYLED_ITEM('',(#3589),#1985);
#188=STYLED_ITEM('',(#3589),#1990);
#189=STYLED_ITEM('',(#3589),#1991);
#190=STYLED_ITEM('',(#3589),#1992);
#191=STYLED_ITEM('',(#3589),#1995);
#192=STYLED_ITEM('',(#3588),#175);
#193=STYLED_ITEM('',(#3588),#176);
#194=STYLED_ITEM('',(#3591),#177);
#195=STYLED_ITEM('',(#3592),#178);
#196=FACE_OUTER_BOUND('',#321,.T.);
#197=FACE_OUTER_BOUND('',#322,.T.);
#198=FACE_OUTER_BOUND('',#323,.T.);
#199=FACE_OUTER_BOUND('',#324,.T.);
#200=FACE_OUTER_BOUND('',#325,.T.);
#201=FACE_OUTER_BOUND('',#326,.T.);
#202=FACE_OUTER_BOUND('',#327,.T.);
#203=FACE_OUTER_BOUND('',#328,.T.);
#204=FACE_OUTER_BOUND('',#329,.T.);
#205=FACE_OUTER_BOUND('',#330,.T.);
#206=FACE_OUTER_BOUND('',#331,.T.);
#207=FACE_OUTER_BOUND('',#332,.T.);
#208=FACE_OUTER_BOUND('',#333,.T.);
#209=FACE_OUTER_BOUND('',#334,.T.);
#210=FACE_OUTER_BOUND('',#335,.T.);
#211=FACE_OUTER_BOUND('',#336,.T.);
#212=FACE_OUTER_BOUND('',#337,.T.);
#213=FACE_OUTER_BOUND('',#338,.T.);
#214=FACE_OUTER_BOUND('',#339,.T.);
#215=FACE_OUTER_BOUND('',#340,.T.);
#216=FACE_OUTER_BOUND('',#341,.T.);
#217=FACE_OUTER_BOUND('',#342,.T.);
#218=FACE_OUTER_BOUND('',#343,.T.);
#219=FACE_OUTER_BOUND('',#344,.T.);
#220=FACE_OUTER_BOUND('',#345,.T.);
#221=FACE_OUTER_BOUND('',#346,.T.);
#222=FACE_OUTER_BOUND('',#347,.T.);
#223=FACE_OUTER_BOUND('',#348,.T.);
#224=FACE_OUTER_BOUND('',#349,.T.);
#225=FACE_OUTER_BOUND('',#351,.T.);
#226=FACE_OUTER_BOUND('',#353,.T.);
#227=FACE_OUTER_BOUND('',#354,.T.);
#228=FACE_OUTER_BOUND('',#355,.T.);
#229=FACE_OUTER_BOUND('',#356,.T.);
#230=FACE_OUTER_BOUND('',#357,.T.);
#231=FACE_OUTER_BOUND('',#358,.T.);
#232=FACE_OUTER_BOUND('',#359,.T.);
#233=FACE_OUTER_BOUND('',#360,.T.);
#234=FACE_OUTER_BOUND('',#361,.T.);
#235=FACE_OUTER_BOUND('',#362,.T.);
#236=FACE_OUTER_BOUND('',#363,.T.);
#237=FACE_OUTER_BOUND('',#364,.T.);
#238=FACE_OUTER_BOUND('',#365,.T.);
#239=FACE_OUTER_BOUND('',#366,.T.);
#240=FACE_OUTER_BOUND('',#369,.T.);
#241=FACE_OUTER_BOUND('',#370,.T.);
#242=FACE_OUTER_BOUND('',#371,.T.);
#243=FACE_OUTER_BOUND('',#372,.T.);
#244=FACE_OUTER_BOUND('',#373,.T.);
#245=FACE_OUTER_BOUND('',#374,.T.);
#246=FACE_OUTER_BOUND('',#375,.T.);
#247=FACE_OUTER_BOUND('',#376,.T.);
#248=FACE_OUTER_BOUND('',#377,.T.);
#249=FACE_OUTER_BOUND('',#378,.T.);
#250=FACE_OUTER_BOUND('',#379,.T.);
#251=FACE_OUTER_BOUND('',#380,.T.);
#252=FACE_OUTER_BOUND('',#381,.T.);
#253=FACE_OUTER_BOUND('',#382,.T.);
#254=FACE_OUTER_BOUND('',#383,.T.);
#255=FACE_OUTER_BOUND('',#384,.T.);
#256=FACE_OUTER_BOUND('',#385,.T.);
#257=FACE_OUTER_BOUND('',#386,.T.);
#258=FACE_OUTER_BOUND('',#387,.T.);
#259=FACE_OUTER_BOUND('',#388,.T.);
#260=FACE_OUTER_BOUND('',#389,.T.);
#261=FACE_OUTER_BOUND('',#390,.T.);
#262=FACE_OUTER_BOUND('',#391,.T.);
#263=FACE_OUTER_BOUND('',#392,.T.);
#264=FACE_OUTER_BOUND('',#393,.T.);
#265=FACE_OUTER_BOUND('',#394,.T.);
#266=FACE_OUTER_BOUND('',#395,.T.);
#267=FACE_OUTER_BOUND('',#396,.T.);
#268=FACE_OUTER_BOUND('',#397,.T.);
#269=FACE_OUTER_BOUND('',#398,.T.);
#270=FACE_OUTER_BOUND('',#399,.T.);
#271=FACE_OUTER_BOUND('',#400,.T.);
#272=FACE_OUTER_BOUND('',#401,.T.);
#273=FACE_OUTER_BOUND('',#402,.T.);
#274=FACE_OUTER_BOUND('',#403,.T.);
#275=FACE_OUTER_BOUND('',#404,.T.);
#276=FACE_OUTER_BOUND('',#405,.T.);
#277=FACE_OUTER_BOUND('',#406,.T.);
#278=FACE_OUTER_BOUND('',#407,.T.);
#279=FACE_OUTER_BOUND('',#408,.T.);
#280=FACE_OUTER_BOUND('',#409,.T.);
#281=FACE_OUTER_BOUND('',#410,.T.);
#282=FACE_OUTER_BOUND('',#411,.T.);
#283=FACE_OUTER_BOUND('',#415,.T.);
#284=FACE_OUTER_BOUND('',#416,.T.);
#285=FACE_OUTER_BOUND('',#417,.T.);
#286=FACE_OUTER_BOUND('',#418,.T.);
#287=FACE_OUTER_BOUND('',#419,.T.);
#288=FACE_OUTER_BOUND('',#420,.T.);
#289=FACE_OUTER_BOUND('',#421,.T.);
#290=FACE_OUTER_BOUND('',#422,.T.);
#291=FACE_OUTER_BOUND('',#423,.T.);
#292=FACE_OUTER_BOUND('',#424,.T.);
#293=FACE_OUTER_BOUND('',#425,.T.);
#294=FACE_OUTER_BOUND('',#426,.T.);
#295=FACE_OUTER_BOUND('',#427,.T.);
#296=FACE_OUTER_BOUND('',#428,.T.);
#297=FACE_OUTER_BOUND('',#429,.T.);
#298=FACE_OUTER_BOUND('',#430,.T.);
#299=FACE_OUTER_BOUND('',#431,.T.);
#300=FACE_OUTER_BOUND('',#432,.T.);
#301=FACE_OUTER_BOUND('',#433,.T.);
#302=FACE_OUTER_BOUND('',#434,.T.);
#303=FACE_OUTER_BOUND('',#435,.T.);
#304=FACE_OUTER_BOUND('',#436,.T.);
#305=FACE_OUTER_BOUND('',#437,.T.);
#306=FACE_OUTER_BOUND('',#438,.T.);
#307=FACE_OUTER_BOUND('',#439,.T.);
#308=FACE_OUTER_BOUND('',#440,.T.);
#309=FACE_OUTER_BOUND('',#441,.T.);
#310=FACE_OUTER_BOUND('',#442,.T.);
#311=FACE_OUTER_BOUND('',#443,.T.);
#312=FACE_OUTER_BOUND('',#444,.T.);
#313=FACE_OUTER_BOUND('',#445,.T.);
#314=FACE_OUTER_BOUND('',#446,.T.);
#315=FACE_OUTER_BOUND('',#447,.T.);
#316=FACE_OUTER_BOUND('',#448,.T.);
#317=FACE_OUTER_BOUND('',#449,.T.);
#318=FACE_OUTER_BOUND('',#450,.T.);
#319=FACE_OUTER_BOUND('',#451,.T.);
#320=FACE_OUTER_BOUND('',#453,.T.);
#321=EDGE_LOOP('',(#1327,#1328,#1329,#1330));
#322=EDGE_LOOP('',(#1331,#1332,#1333,#1334));
#323=EDGE_LOOP('',(#1335,#1336,#1337,#1338));
#324=EDGE_LOOP('',(#1339,#1340,#1341,#1342));
#325=EDGE_LOOP('',(#1343,#1344,#1345,#1346));
#326=EDGE_LOOP('',(#1347,#1348,#1349,#1350));
#327=EDGE_LOOP('',(#1351,#1352,#1353,#1354));
#328=EDGE_LOOP('',(#1355,#1356,#1357,#1358));
#329=EDGE_LOOP('',(#1359,#1360,#1361,#1362));
#330=EDGE_LOOP('',(#1363,#1364,#1365,#1366));
#331=EDGE_LOOP('',(#1367,#1368,#1369,#1370));
#332=EDGE_LOOP('',(#1371,#1372,#1373,#1374));
#333=EDGE_LOOP('',(#1375,#1376,#1377,#1378));
#334=EDGE_LOOP('',(#1379,#1380,#1381,#1382));
#335=EDGE_LOOP('',(#1383,#1384,#1385,#1386));
#336=EDGE_LOOP('',(#1387,#1388,#1389,#1390));
#337=EDGE_LOOP('',(#1391,#1392,#1393,#1394));
#338=EDGE_LOOP('',(#1395,#1396,#1397,#1398));
#339=EDGE_LOOP('',(#1399,#1400,#1401,#1402));
#340=EDGE_LOOP('',(#1403,#1404,#1405,#1406));
#341=EDGE_LOOP('',(#1407,#1408,#1409,#1410));
#342=EDGE_LOOP('',(#1411,#1412,#1413,#1414));
#343=EDGE_LOOP('',(#1415,#1416,#1417,#1418));
#344=EDGE_LOOP('',(#1419,#1420,#1421,#1422));
#345=EDGE_LOOP('',(#1423,#1424,#1425,#1426));
#346=EDGE_LOOP('',(#1427,#1428,#1429,#1430));
#347=EDGE_LOOP('',(#1431,#1432,#1433,#1434));
#348=EDGE_LOOP('',(#1435,#1436,#1437,#1438));
#349=EDGE_LOOP('',(#1439));
#350=EDGE_LOOP('',(#1440));
#351=EDGE_LOOP('',(#1441));
#352=EDGE_LOOP('',(#1442));
#353=EDGE_LOOP('',(#1443));
#354=EDGE_LOOP('',(#1444,#1445,#1446,#1447));
#355=EDGE_LOOP('',(#1448,#1449,#1450,#1451));
#356=EDGE_LOOP('',(#1452,#1453,#1454));
#357=EDGE_LOOP('',(#1455,#1456,#1457,#1458));
#358=EDGE_LOOP('',(#1459,#1460,#1461));
#359=EDGE_LOOP('',(#1462,#1463,#1464,#1465));
#360=EDGE_LOOP('',(#1466,#1467,#1468));
#361=EDGE_LOOP('',(#1469,#1470,#1471));
#362=EDGE_LOOP('',(#1472,#1473,#1474,#1475));
#363=EDGE_LOOP('',(#1476,#1477,#1478,#1479));
#364=EDGE_LOOP('',(#1480,#1481,#1482,#1483));
#365=EDGE_LOOP('',(#1484,#1485,#1486,#1487));
#366=EDGE_LOOP('',(#1488,#1489,#1490,#1491));
#367=EDGE_LOOP('',(#1492,#1493,#1494,#1495));
#368=EDGE_LOOP('',(#1496,#1497,#1498,#1499));
#369=EDGE_LOOP('',(#1500,#1501,#1502,#1503));
#370=EDGE_LOOP('',(#1504,#1505,#1506,#1507));
#371=EDGE_LOOP('',(#1508,#1509,#1510));
#372=EDGE_LOOP('',(#1511,#1512,#1513,#1514));
#373=EDGE_LOOP('',(#1515,#1516,#1517));
#374=EDGE_LOOP('',(#1518,#1519,#1520,#1521,#1522,#1523,#1524,#1525));
#375=EDGE_LOOP('',(#1526,#1527,#1528,#1529));
#376=EDGE_LOOP('',(#1530,#1531,#1532,#1533,#1534,#1535,#1536,#1537,#1538,
#1539,#1540,#1541,#1542,#1543,#1544,#1545));
#377=EDGE_LOOP('',(#1546,#1547,#1548,#1549));
#378=EDGE_LOOP('',(#1550,#1551,#1552,#1553));
#379=EDGE_LOOP('',(#1554,#1555,#1556,#1557));
#380=EDGE_LOOP('',(#1558,#1559,#1560,#1561));
#381=EDGE_LOOP('',(#1562,#1563,#1564));
#382=EDGE_LOOP('',(#1565,#1566,#1567,#1568));
#383=EDGE_LOOP('',(#1569,#1570,#1571));
#384=EDGE_LOOP('',(#1572,#1573,#1574,#1575));
#385=EDGE_LOOP('',(#1576,#1577,#1578,#1579));
#386=EDGE_LOOP('',(#1580,#1581,#1582,#1583));
#387=EDGE_LOOP('',(#1584,#1585,#1586,#1587));
#388=EDGE_LOOP('',(#1588,#1589,#1590,#1591));
#389=EDGE_LOOP('',(#1592,#1593,#1594,#1595));
#390=EDGE_LOOP('',(#1596,#1597,#1598,#1599));
#391=EDGE_LOOP('',(#1600,#1601,#1602,#1603));
#392=EDGE_LOOP('',(#1604,#1605,#1606,#1607));
#393=EDGE_LOOP('',(#1608,#1609,#1610,#1611));
#394=EDGE_LOOP('',(#1612,#1613,#1614,#1615,#1616,#1617));
#395=EDGE_LOOP('',(#1618,#1619,#1620,#1621));
#396=EDGE_LOOP('',(#1622,#1623,#1624,#1625));
#397=EDGE_LOOP('',(#1626,#1627,#1628,#1629));
#398=EDGE_LOOP('',(#1630,#1631,#1632,#1633));
#399=EDGE_LOOP('',(#1634,#1635,#1636));
#400=EDGE_LOOP('',(#1637,#1638,#1639,#1640));
#401=EDGE_LOOP('',(#1641,#1642,#1643));
#402=EDGE_LOOP('',(#1644,#1645,#1646,#1647));
#403=EDGE_LOOP('',(#1648,#1649,#1650));
#404=EDGE_LOOP('',(#1651,#1652,#1653));
#405=EDGE_LOOP('',(#1654,#1655,#1656,#1657));
#406=EDGE_LOOP('',(#1658,#1659,#1660,#1661));
#407=EDGE_LOOP('',(#1662,#1663,#1664,#1665));
#408=EDGE_LOOP('',(#1666,#1667,#1668,#1669));
#409=EDGE_LOOP('',(#1670,#1671,#1672,#1673));
#410=EDGE_LOOP('',(#1674,#1675,#1676,#1677));
#411=EDGE_LOOP('',(#1678,#1679,#1680,#1681,#1682,#1683,#1684,#1685,#1686,
#1687,#1688,#1689,#1690,#1691));
#412=EDGE_LOOP('',(#1692,#1693,#1694,#1695));
#413=EDGE_LOOP('',(#1696));
#414=EDGE_LOOP('',(#1697,#1698,#1699,#1700));
#415=EDGE_LOOP('',(#1701,#1702,#1703,#1704));
#416=EDGE_LOOP('',(#1705,#1706,#1707,#1708));
#417=EDGE_LOOP('',(#1709,#1710,#1711,#1712));
#418=EDGE_LOOP('',(#1713,#1714,#1715,#1716));
#419=EDGE_LOOP('',(#1717,#1718,#1719,#1720));
#420=EDGE_LOOP('',(#1721,#1722,#1723,#1724));
#421=EDGE_LOOP('',(#1725,#1726,#1727,#1728));
#422=EDGE_LOOP('',(#1729,#1730,#1731,#1732));
#423=EDGE_LOOP('',(#1733,#1734,#1735,#1736));
#424=EDGE_LOOP('',(#1737,#1738,#1739,#1740,#1741,#1742,#1743,#1744));
#425=EDGE_LOOP('',(#1745,#1746,#1747,#1748,#1749,#1750));
#426=EDGE_LOOP('',(#1751,#1752,#1753,#1754,#1755,#1756,#1757,#1758,#1759,
#1760));
#427=EDGE_LOOP('',(#1761,#1762,#1763,#1764));
#428=EDGE_LOOP('',(#1765,#1766,#1767,#1768));
#429=EDGE_LOOP('',(#1769,#1770,#1771,#1772));
#430=EDGE_LOOP('',(#1773,#1774,#1775,#1776));
#431=EDGE_LOOP('',(#1777,#1778,#1779,#1780));
#432=EDGE_LOOP('',(#1781,#1782,#1783,#1784));
#433=EDGE_LOOP('',(#1785,#1786,#1787,#1788));
#434=EDGE_LOOP('',(#1789,#1790,#1791,#1792));
#435=EDGE_LOOP('',(#1793,#1794,#1795,#1796));
#436=EDGE_LOOP('',(#1797,#1798,#1799,#1800));
#437=EDGE_LOOP('',(#1801,#1802,#1803,#1804));
#438=EDGE_LOOP('',(#1805,#1806,#1807,#1808));
#439=EDGE_LOOP('',(#1809,#1810,#1811,#1812));
#440=EDGE_LOOP('',(#1813,#1814,#1815,#1816));
#441=EDGE_LOOP('',(#1817,#1818,#1819,#1820));
#442=EDGE_LOOP('',(#1821,#1822,#1823,#1824));
#443=EDGE_LOOP('',(#1825,#1826,#1827,#1828));
#444=EDGE_LOOP('',(#1829,#1830,#1831,#1832));
#445=EDGE_LOOP('',(#1833,#1834,#1835,#1836));
#446=EDGE_LOOP('',(#1837,#1838,#1839,#1840));
#447=EDGE_LOOP('',(#1841,#1842,#1843,#1844));
#448=EDGE_LOOP('',(#1845,#1846,#1847,#1848));
#449=EDGE_LOOP('',(#1849,#1850,#1851,#1852));
#450=EDGE_LOOP('',(#1853,#1854,#1855,#1856));
#451=EDGE_LOOP('',(#1857,#1858,#1859,#1860,#1861,#1862,#1863,#1864));
#452=EDGE_LOOP('',(#1865,#1866,#1867,#1868,#1869,#1870,#1871,#1872,#1873,
#1874,#1875,#1876));
#453=EDGE_LOOP('',(#1877,#1878,#1879,#1880,#1881,#1882,#1883,#1884));
#454=EDGE_LOOP('',(#1885,#1886,#1887,#1888,#1889,#1890,#1891,#1892,#1893,
#1894,#1895,#1896));
#455=LINE('',#2943,#663);
#456=LINE('',#2945,#664);
#457=LINE('',#2947,#665);
#458=LINE('',#2948,#666);
#459=LINE('',#2951,#667);
#460=LINE('',#2953,#668);
#461=LINE('',#2954,#669);
#462=LINE('',#2957,#670);
#463=LINE('',#2959,#671);
#464=LINE('',#2960,#672);
#465=LINE('',#2962,#673);
#466=LINE('',#2963,#674);
#467=LINE('',#2966,#675);
#468=LINE('',#2968,#676);
#469=LINE('',#2969,#677);
#470=LINE('',#2972,#678);
#471=LINE('',#2973,#679);
#472=LINE('',#2978,#680);
#473=LINE('',#2979,#681);
#474=LINE('',#2980,#682);
#475=LINE('',#2983,#683);
#476=LINE('',#2984,#684);
#477=LINE('',#2987,#685);
#478=LINE('',#2989,#686);
#479=LINE('',#2990,#687);
#480=LINE('',#2992,#688);
#481=LINE('',#2993,#689);
#482=LINE('',#2996,#690);
#483=LINE('',#3001,#691);
#484=LINE('',#3003,#692);
#485=LINE('',#3005,#693);
#486=LINE('',#3006,#694);
#487=LINE('',#3009,#695);
#488=LINE('',#3011,#696);
#489=LINE('',#3012,#697);
#490=LINE('',#3016,#698);
#491=LINE('',#3018,#699);
#492=LINE('',#3020,#700);
#493=LINE('',#3021,#701);
#494=LINE('',#3023,#702);
#495=LINE('',#3024,#703);
#496=LINE('',#3026,#704);
#497=LINE('',#3029,#705);
#498=LINE('',#3030,#706);
#499=LINE('',#3032,#707);
#500=LINE('',#3036,#708);
#501=LINE('',#3038,#709);
#502=LINE('',#3040,#710);
#503=LINE('',#3041,#711);
#504=LINE('',#3044,#712);
#505=LINE('',#3045,#713);
#506=LINE('',#3047,#714);
#507=LINE('',#3049,#715);
#508=LINE('',#3050,#716);
#509=LINE('',#3052,#717);
#510=LINE('',#3054,#718);
#511=LINE('',#3071,#719);
#512=LINE('',#3074,#720);
#513=LINE('',#3079,#721);
#514=LINE('',#3082,#722);
#515=LINE('',#3089,#723);
#516=LINE('',#3092,#724);
#517=LINE('',#3099,#725);
#518=LINE('',#3101,#726);
#519=LINE('',#3108,#727);
#520=LINE('',#3111,#728);
#521=LINE('',#3114,#729);
#522=LINE('',#3115,#730);
#523=LINE('',#3118,#731);
#524=LINE('',#3122,#732);
#525=LINE('',#3123,#733);
#526=LINE('',#3127,#734);
#527=LINE('',#3129,#735);
#528=LINE('',#3131,#736);
#529=LINE('',#3132,#737);
#530=LINE('',#3135,#738);
#531=LINE('',#3137,#739);
#532=LINE('',#3139,#740);
#533=LINE('',#3140,#741);
#534=LINE('',#3146,#742);
#535=LINE('',#3149,#743);
#536=LINE('',#3155,#744);
#537=LINE('',#3157,#745);
#538=LINE('',#3165,#746);
#539=LINE('',#3167,#747);
#540=LINE('',#3172,#748);
#541=LINE('',#3174,#749);
#542=LINE('',#3175,#750);
#543=LINE('',#3177,#751);
#544=LINE('',#3178,#752);
#545=LINE('',#3181,#753);
#546=LINE('',#3185,#754);
#547=LINE('',#3187,#755);
#548=LINE('',#3189,#756);
#549=LINE('',#3191,#757);
#550=LINE('',#3193,#758);
#551=LINE('',#3195,#759);
#552=LINE('',#3197,#760);
#553=LINE('',#3201,#761);
#554=LINE('',#3205,#762);
#555=LINE('',#3209,#763);
#556=LINE('',#3213,#764);
#557=LINE('',#3217,#765);
#558=LINE('',#3218,#766);
#559=LINE('',#3224,#767);
#560=LINE('',#3227,#768);
#561=LINE('',#3232,#769);
#562=LINE('',#3238,#770);
#563=LINE('',#3244,#771);
#564=LINE('',#3246,#772);
#565=LINE('',#3247,#773);
#566=LINE('',#3259,#774);
#567=LINE('',#3272,#775);
#568=LINE('',#3274,#776);
#569=LINE('',#3275,#777);
#570=LINE('',#3277,#778);
#571=LINE('',#3279,#779);
#572=LINE('',#3285,#780);
#573=LINE('',#3293,#781);
#574=LINE('',#3302,#782);
#575=LINE('',#3309,#783);
#576=LINE('',#3311,#784);
#577=LINE('',#3312,#785);
#578=LINE('',#3315,#786);
#579=LINE('',#3319,#787);
#580=LINE('',#3320,#788);
#581=LINE('',#3323,#789);
#582=LINE('',#3327,#790);
#583=LINE('',#3328,#791);
#584=LINE('',#3333,#792);
#585=LINE('',#3334,#793);
#586=LINE('',#3338,#794);
#587=LINE('',#3340,#795);
#588=LINE('',#3342,#796);
#589=LINE('',#3343,#797);
#590=LINE('',#3346,#798);
#591=LINE('',#3348,#799);
#592=LINE('',#3350,#800);
#593=LINE('',#3351,#801);
#594=LINE('',#3354,#802);
#595=LINE('',#3355,#803);
#596=LINE('',#3357,#804);
#597=LINE('',#3359,#805);
#598=LINE('',#3362,#806);
#599=LINE('',#3363,#807);
#600=LINE('',#3365,#808);
#601=LINE('',#3367,#809);
#602=LINE('',#3372,#810);
#603=LINE('',#3374,#811);
#604=LINE('',#3375,#812);
#605=LINE('',#3377,#813);
#606=LINE('',#3379,#814);
#607=LINE('',#3380,#815);
#608=LINE('',#3382,#816);
#609=LINE('',#3385,#817);
#610=LINE('',#3387,#818);
#611=LINE('',#3388,#819);
#612=LINE('',#3391,#820);
#613=LINE('',#3392,#821);
#614=LINE('',#3395,#822);
#615=LINE('',#3396,#823);
#616=LINE('',#3398,#824);
#617=LINE('',#3404,#825);
#618=LINE('',#3406,#826);
#619=LINE('',#3408,#827);
#620=LINE('',#3409,#828);
#621=LINE('',#3412,#829);
#622=LINE('',#3414,#830);
#623=LINE('',#3415,#831);
#624=LINE('',#3420,#832);
#625=LINE('',#3424,#833);
#626=LINE('',#3426,#834);
#627=LINE('',#3427,#835);
#628=LINE('',#3432,#836);
#629=LINE('',#3436,#837);
#630=LINE('',#3438,#838);
#631=LINE('',#3439,#839);
#632=LINE('',#3442,#840);
#633=LINE('',#3444,#841);
#634=LINE('',#3445,#842);
#635=LINE('',#3448,#843);
#636=LINE('',#3450,#844);
#637=LINE('',#3451,#845);
#638=LINE('',#3456,#846);
#639=LINE('',#3460,#847);
#640=LINE('',#3462,#848);
#641=LINE('',#3463,#849);
#642=LINE('',#3466,#850);
#643=LINE('',#3468,#851);
#644=LINE('',#3469,#852);
#645=LINE('',#3471,#853);
#646=LINE('',#3472,#854);
#647=LINE('',#3476,#855);
#648=LINE('',#3478,#856);
#649=LINE('',#3480,#857);
#650=LINE('',#3481,#858);
#651=LINE('',#3487,#859);
#652=LINE('',#3490,#860);
#653=LINE('',#3492,#861);
#654=LINE('',#3493,#862);
#655=LINE('',#3499,#863);
#656=LINE('',#3502,#864);
#657=LINE('',#3504,#865);
#658=LINE('',#3505,#866);
#659=LINE('',#3511,#867);
#660=LINE('',#3514,#868);
#661=LINE('',#3516,#869);
#662=LINE('',#3517,#870);
#663=VECTOR('',#2313,0.74);
#664=VECTOR('',#2314,0.346410161513776);
#665=VECTOR('',#2315,1.14);
#666=VECTOR('',#2316,0.346410161513776);
#667=VECTOR('',#2319,1.14);
#668=VECTOR('',#2320,0.74);
#669=VECTOR('',#2321,0.346410161513776);
#670=VECTOR('',#2324,1.14);
#671=VECTOR('',#2325,0.74);
#672=VECTOR('',#2326,0.346410161513775);
#673=VECTOR('',#2329,1.14);
#674=VECTOR('',#2330,0.74);
#675=VECTOR('',#2333,14.2);
#676=VECTOR('',#2334,1.14);
#677=VECTOR('',#2335,14.2);
#678=VECTOR('',#2338,14.2);
#679=VECTOR('',#2339,1.14);
#680=VECTOR('',#2344,0.74);
#681=VECTOR('',#2345,0.346410161513776);
#682=VECTOR('',#2346,0.346410161513776);
#683=VECTOR('',#2349,0.74);
#684=VECTOR('',#2350,0.346410161513775);
#685=VECTOR('',#2353,0.74);
#686=VECTOR('',#2354,0.346410161513776);
#687=VECTOR('',#2355,1.14);
#688=VECTOR('',#2358,1.14);
#689=VECTOR('',#2359,0.74);
#690=VECTOR('',#2364,14.2);
#691=VECTOR('',#2369,1.14);
#692=VECTOR('',#2370,14.2);
#693=VECTOR('',#2371,1.14);
#694=VECTOR('',#2372,14.2);
#695=VECTOR('',#2375,1.14);
#696=VECTOR('',#2376,1.14);
#697=VECTOR('',#2377,14.2);
#698=VECTOR('',#2380,0.74);
#699=VECTOR('',#2381,0.74);
#700=VECTOR('',#2382,0.74);
#701=VECTOR('',#2383,0.739999999999999);
#702=VECTOR('',#2386,0.346410161513776);
#703=VECTOR('',#2387,0.346410161513776);
#704=VECTOR('',#2390,0.346410161513776);
#705=VECTOR('',#2393,1.14);
#706=VECTOR('',#2394,0.346410161513776);
#707=VECTOR('',#2397,1.14);
#708=VECTOR('',#2400,0.74);
#709=VECTOR('',#2401,0.739999999999999);
#710=VECTOR('',#2402,0.74);
#711=VECTOR('',#2403,0.74);
#712=VECTOR('',#2406,1.14);
#713=VECTOR('',#2407,14.2);
#714=VECTOR('',#2410,1.14);
#715=VECTOR('',#2413,0.346410161513776);
#716=VECTOR('',#2414,0.346410161513776);
#717=VECTOR('',#2417,0.346410161513776);
#718=VECTOR('',#2420,0.346410161513776);
#719=VECTOR('',#2441,6.);
#720=VECTOR('',#2444,6.);
#721=VECTOR('',#2449,7.8);
#722=VECTOR('',#2452,7.8);
#723=VECTOR('',#2461,6.);
#724=VECTOR('',#2464,6.);
#725=VECTOR('',#2473,7.8);
#726=VECTOR('',#2476,7.8);
#727=VECTOR('',#2487,7.4);
#728=VECTOR('',#2490,7.4);
#729=VECTOR('',#2493,7.4);
#730=VECTOR('',#2494,6.);
#731=VECTOR('',#2497,7.4);
#732=VECTOR('',#2502,7.4);
#733=VECTOR('',#2503,7.8);
#734=VECTOR('',#2506,1.14);
#735=VECTOR('',#2507,1.14);
#736=VECTOR('',#2508,1.14);
#737=VECTOR('',#2509,1.14);
#738=VECTOR('',#2510,1.14);
#739=VECTOR('',#2511,1.14);
#740=VECTOR('',#2512,1.14);
#741=VECTOR('',#2513,1.14);
#742=VECTOR('',#2518,1.4);
#743=VECTOR('',#2521,1.4);
#744=VECTOR('',#2526,2.);
#745=VECTOR('',#2529,2.);
#746=VECTOR('',#2538,10.8);
#747=VECTOR('',#2541,10.8);
#748=VECTOR('',#2548,1.7);
#749=VECTOR('',#2549,1.4);
#750=VECTOR('',#2550,4.4);
#751=VECTOR('',#2551,1.7);
#752=VECTOR('',#2552,7.4);
#753=VECTOR('',#2555,1.7);
#754=VECTOR('',#2560,2.5);
#755=VECTOR('',#2561,9.3);
#756=VECTOR('',#2562,9.4);
#757=VECTOR('',#2563,9.3);
#758=VECTOR('',#2564,2.5);
#759=VECTOR('',#2565,2.);
#760=VECTOR('',#2566,1.7);
#761=VECTOR('',#2569,6.);
#762=VECTOR('',#2572,7.8);
#763=VECTOR('',#2575,6.);
#764=VECTOR('',#2580,2.5);
#765=VECTOR('',#2585,2.5);
#766=VECTOR('',#2586,10.8);
#767=VECTOR('',#2591,10.8);
#768=VECTOR('',#2594,10.8);
#769=VECTOR('',#2601,2.);
#770=VECTOR('',#2610,1.4);
#771=VECTOR('',#2619,2.5);
#772=VECTOR('',#2620,10.8);
#773=VECTOR('',#2621,2.5);
#774=VECTOR('',#2640,6.);
#775=VECTOR('',#2663,1.);
#776=VECTOR('',#2664,9.4);
#777=VECTOR('',#2665,1.);
#778=VECTOR('',#2668,7.4);
#779=VECTOR('',#2671,7.4);
#780=VECTOR('',#2678,9.3);
#781=VECTOR('',#2689,9.4);
#782=VECTOR('',#2702,9.3);
#783=VECTOR('',#2713,10.8);
#784=VECTOR('',#2714,9.3);
#785=VECTOR('',#2715,10.8);
#786=VECTOR('',#2718,10.8);
#787=VECTOR('',#2723,10.8);
#788=VECTOR('',#2724,9.4);
#789=VECTOR('',#2727,10.8);
#790=VECTOR('',#2732,10.8);
#791=VECTOR('',#2733,9.3);
#792=VECTOR('',#2740,4.);
#793=VECTOR('',#2741,1.);
#794=VECTOR('',#2744,1.14);
#795=VECTOR('',#2745,1.14);
#796=VECTOR('',#2746,1.14);
#797=VECTOR('',#2747,1.14);
#798=VECTOR('',#2748,1.14);
#799=VECTOR('',#2749,1.14);
#800=VECTOR('',#2750,1.14);
#801=VECTOR('',#2751,1.14);
#802=VECTOR('',#2756,3.2);
#803=VECTOR('',#2757,3.2);
#804=VECTOR('',#2760,3.2);
#805=VECTOR('',#2763,3.2);
#806=VECTOR('',#2768,3.2);
#807=VECTOR('',#2769,3.2);
#808=VECTOR('',#2772,3.2);
#809=VECTOR('',#2775,3.2);
#810=VECTOR('',#2780,2.2);
#811=VECTOR('',#2781,0.999999999999998);
#812=VECTOR('',#2782,9.4);
#813=VECTOR('',#2783,1.);
#814=VECTOR('',#2784,2.2);
#815=VECTOR('',#2785,2.);
#816=VECTOR('',#2788,1.);
#817=VECTOR('',#2791,0.500000000000001);
#818=VECTOR('',#2792,2.);
#819=VECTOR('',#2793,0.5);
#820=VECTOR('',#2796,0.500000000000001);
#821=VECTOR('',#2797,2.2);
#822=VECTOR('',#2800,0.500000000000001);
#823=VECTOR('',#2801,2.);
#824=VECTOR('',#2804,2.2);
#825=VECTOR('',#2811,0.236114002705193);
#826=VECTOR('',#2812,0.01);
#827=VECTOR('',#2813,0.236114002705193);
#828=VECTOR('',#2814,0.01);
#829=VECTOR('',#2817,0.180478019030323);
#830=VECTOR('',#2818,0.01);
#831=VECTOR('',#2819,0.180478019030323);
#832=VECTOR('',#2824,0.01);
#833=VECTOR('',#2829,0.425818968633782);
#834=VECTOR('',#2830,0.01);
#835=VECTOR('',#2831,0.425818968633782);
#836=VECTOR('',#2836,0.01);
#837=VECTOR('',#2841,1.64725404382815);
#838=VECTOR('',#2842,0.01);
#839=VECTOR('',#2843,1.64725404382815);
#840=VECTOR('',#2846,0.236114002705193);
#841=VECTOR('',#2847,0.01);
#842=VECTOR('',#2848,0.236114002705193);
#843=VECTOR('',#2851,1.72127969846692);
#844=VECTOR('',#2852,0.01);
#845=VECTOR('',#2853,1.72127969846692);
#846=VECTOR('',#2858,0.01);
#847=VECTOR('',#2863,0.91592120112662);
#848=VECTOR('',#2864,0.01);
#849=VECTOR('',#2865,0.91592120112662);
#850=VECTOR('',#2868,0.0626076263030566);
#851=VECTOR('',#2869,0.01);
#852=VECTOR('',#2870,0.0626076263030566);
#853=VECTOR('',#2873,0.565765413497686);
#854=VECTOR('',#2874,0.565765413497686);
#855=VECTOR('',#2877,2.02221279559343);
#856=VECTOR('',#2878,0.01);
#857=VECTOR('',#2879,2.02221279559343);
#858=VECTOR('',#2880,0.01);
#859=VECTOR('',#2887,0.01);
#860=VECTOR('',#2890,2.44029264535054);
#861=VECTOR('',#2891,2.44029264535054);
#862=VECTOR('',#2892,0.01);
#863=VECTOR('',#2899,0.01);
#864=VECTOR('',#2902,2.02221279559343);
#865=VECTOR('',#2903,2.02221279559343);
#866=VECTOR('',#2904,0.01);
#867=VECTOR('',#2911,0.01);
#868=VECTOR('',#2914,2.44029264535054);
#869=VECTOR('',#2915,2.44029264535054);
#870=VECTOR('',#2916,0.01);
#871=VERTEX_POINT('',#2941);
#872=VERTEX_POINT('',#2942);
#873=VERTEX_POINT('',#2944);
#874=VERTEX_POINT('',#2946);
#875=VERTEX_POINT('',#2950);
#876=VERTEX_POINT('',#2952);
#877=VERTEX_POINT('',#2956);
#878=VERTEX_POINT('',#2958);
#879=VERTEX_POINT('',#2965);
#880=VERTEX_POINT('',#2967);
#881=VERTEX_POINT('',#2971);
#882=VERTEX_POINT('',#2976);
#883=VERTEX_POINT('',#2977);
#884=VERTEX_POINT('',#2982);
#885=VERTEX_POINT('',#2986);
#886=VERTEX_POINT('',#2988);
#887=VERTEX_POINT('',#2999);
#888=VERTEX_POINT('',#3000);
#889=VERTEX_POINT('',#3002);
#890=VERTEX_POINT('',#3004);
#891=VERTEX_POINT('',#3008);
#892=VERTEX_POINT('',#3010);
#893=VERTEX_POINT('',#3014);
#894=VERTEX_POINT('',#3015);
#895=VERTEX_POINT('',#3017);
#896=VERTEX_POINT('',#3019);
#897=VERTEX_POINT('',#3028);
#898=VERTEX_POINT('',#3034);
#899=VERTEX_POINT('',#3035);
#900=VERTEX_POINT('',#3037);
#901=VERTEX_POINT('',#3039);
#902=VERTEX_POINT('',#3043);
#903=VERTEX_POINT('',#3058);
#904=VERTEX_POINT('',#3060);
#905=VERTEX_POINT('',#3063);
#906=VERTEX_POINT('',#3067);
#907=VERTEX_POINT('',#3068);
#908=VERTEX_POINT('',#3070);
#909=VERTEX_POINT('',#3072);
#910=VERTEX_POINT('',#3076);
#911=VERTEX_POINT('',#3078);
#912=VERTEX_POINT('',#3080);
#913=VERTEX_POINT('',#3086);
#914=VERTEX_POINT('',#3088);
#915=VERTEX_POINT('',#3090);
#916=VERTEX_POINT('',#3096);
#917=VERTEX_POINT('',#3098);
#918=VERTEX_POINT('',#3107);
#919=VERTEX_POINT('',#3109);
#920=VERTEX_POINT('',#3113);
#921=VERTEX_POINT('',#3117);
#922=VERTEX_POINT('',#3121);
#923=VERTEX_POINT('',#3125);
#924=VERTEX_POINT('',#3126);
#925=VERTEX_POINT('',#3128);
#926=VERTEX_POINT('',#3130);
#927=VERTEX_POINT('',#3133);
#928=VERTEX_POINT('',#3134);
#929=VERTEX_POINT('',#3136);
#930=VERTEX_POINT('',#3138);
#931=VERTEX_POINT('',#3142);
#932=VERTEX_POINT('',#3143);
#933=VERTEX_POINT('',#3145);
#934=VERTEX_POINT('',#3147);
#935=VERTEX_POINT('',#3151);
#936=VERTEX_POINT('',#3152);
#937=VERTEX_POINT('',#3154);
#938=VERTEX_POINT('',#3161);
#939=VERTEX_POINT('',#3162);
#940=VERTEX_POINT('',#3164);
#941=VERTEX_POINT('',#3171);
#942=VERTEX_POINT('',#3173);
#943=VERTEX_POINT('',#3176);
#944=VERTEX_POINT('',#3180);
#945=VERTEX_POINT('',#3184);
#946=VERTEX_POINT('',#3186);
#947=VERTEX_POINT('',#3188);
#948=VERTEX_POINT('',#3190);
#949=VERTEX_POINT('',#3192);
#950=VERTEX_POINT('',#3194);
#951=VERTEX_POINT('',#3196);
#952=VERTEX_POINT('',#3198);
#953=VERTEX_POINT('',#3200);
#954=VERTEX_POINT('',#3202);
#955=VERTEX_POINT('',#3204);
#956=VERTEX_POINT('',#3206);
#957=VERTEX_POINT('',#3208);
#958=VERTEX_POINT('',#3212);
#959=VERTEX_POINT('',#3216);
#960=VERTEX_POINT('',#3220);
#961=VERTEX_POINT('',#3221);
#962=VERTEX_POINT('',#3223);
#963=VERTEX_POINT('',#3225);
#964=VERTEX_POINT('',#3229);
#965=VERTEX_POINT('',#3237);
#966=VERTEX_POINT('',#3243);
#967=VERTEX_POINT('',#3245);
#968=VERTEX_POINT('',#3253);
#969=VERTEX_POINT('',#3257);
#970=VERTEX_POINT('',#3271);
#971=VERTEX_POINT('',#3273);
#972=VERTEX_POINT('',#3282);
#973=VERTEX_POINT('',#3284);
#974=VERTEX_POINT('',#3290);
#975=VERTEX_POINT('',#3292);
#976=VERTEX_POINT('',#3298);
#977=VERTEX_POINT('',#3300);
#978=VERTEX_POINT('',#3308);
#979=VERTEX_POINT('',#3310);
#980=VERTEX_POINT('',#3314);
#981=VERTEX_POINT('',#3318);
#982=VERTEX_POINT('',#3322);
#983=VERTEX_POINT('',#3326);
#984=VERTEX_POINT('',#3332);
#985=VERTEX_POINT('',#3336);
#986=VERTEX_POINT('',#3337);
#987=VERTEX_POINT('',#3339);
#988=VERTEX_POINT('',#3341);
#989=VERTEX_POINT('',#3344);
#990=VERTEX_POINT('',#3345);
#991=VERTEX_POINT('',#3347);
#992=VERTEX_POINT('',#3349);
#993=VERTEX_POINT('',#3370);
#994=VERTEX_POINT('',#3371);
#995=VERTEX_POINT('',#3373);
#996=VERTEX_POINT('',#3376);
#997=VERTEX_POINT('',#3378);
#998=VERTEX_POINT('',#3384);
#999=VERTEX_POINT('',#3386);
#1000=VERTEX_POINT('',#3390);
#1001=VERTEX_POINT('',#3394);
#1002=VERTEX_POINT('',#3402);
#1003=VERTEX_POINT('',#3403);
#1004=VERTEX_POINT('',#3405);
#1005=VERTEX_POINT('',#3407);
#1006=VERTEX_POINT('',#3411);
#1007=VERTEX_POINT('',#3413);
#1008=VERTEX_POINT('',#3417);
#1009=VERTEX_POINT('',#3419);
#1010=VERTEX_POINT('',#3423);
#1011=VERTEX_POINT('',#3425);
#1012=VERTEX_POINT('',#3429);
#1013=VERTEX_POINT('',#3431);
#1014=VERTEX_POINT('',#3435);
#1015=VERTEX_POINT('',#3437);
#1016=VERTEX_POINT('',#3441);
#1017=VERTEX_POINT('',#3443);
#1018=VERTEX_POINT('',#3447);
#1019=VERTEX_POINT('',#3449);
#1020=VERTEX_POINT('',#3453);
#1021=VERTEX_POINT('',#3455);
#1022=VERTEX_POINT('',#3459);
#1023=VERTEX_POINT('',#3461);
#1024=VERTEX_POINT('',#3465);
#1025=VERTEX_POINT('',#3467);
#1026=VERTEX_POINT('',#3474);
#1027=VERTEX_POINT('',#3475);
#1028=VERTEX_POINT('',#3477);
#1029=VERTEX_POINT('',#3479);
#1030=VERTEX_POINT('',#3483);
#1031=VERTEX_POINT('',#3485);
#1032=VERTEX_POINT('',#3489);
#1033=VERTEX_POINT('',#3491);
#1034=VERTEX_POINT('',#3495);
#1035=VERTEX_POINT('',#3497);
#1036=VERTEX_POINT('',#3501);
#1037=VERTEX_POINT('',#3503);
#1038=VERTEX_POINT('',#3507);
#1039=VERTEX_POINT('',#3509);
#1040=VERTEX_POINT('',#3513);
#1041=VERTEX_POINT('',#3515);
#1042=EDGE_CURVE('',#871,#872,#455,.T.);
#1043=EDGE_CURVE('',#872,#873,#456,.T.);
#1044=EDGE_CURVE('',#873,#874,#457,.T.);
#1045=EDGE_CURVE('',#871,#874,#458,.T.);
#1046=EDGE_CURVE('',#875,#873,#459,.T.);
#1047=EDGE_CURVE('',#872,#876,#460,.T.);
#1048=EDGE_CURVE('',#876,#875,#461,.T.);
#1049=EDGE_CURVE('',#877,#875,#462,.T.);
#1050=EDGE_CURVE('',#876,#878,#463,.T.);
#1051=EDGE_CURVE('',#878,#877,#464,.T.);
#1052=EDGE_CURVE('',#874,#877,#465,.T.);
#1053=EDGE_CURVE('',#878,#871,#466,.T.);
#1054=EDGE_CURVE('',#879,#874,#467,.T.);
#1055=EDGE_CURVE('',#880,#879,#468,.T.);
#1056=EDGE_CURVE('',#880,#877,#469,.T.);
#1057=EDGE_CURVE('',#881,#873,#470,.T.);
#1058=EDGE_CURVE('',#879,#881,#471,.T.);
#1059=EDGE_CURVE('',#882,#883,#472,.T.);
#1060=EDGE_CURVE('',#883,#879,#473,.T.);
#1061=EDGE_CURVE('',#882,#881,#474,.T.);
#1062=EDGE_CURVE('',#883,#884,#475,.T.);
#1063=EDGE_CURVE('',#884,#880,#476,.T.);
#1064=EDGE_CURVE('',#884,#885,#477,.T.);
#1065=EDGE_CURVE('',#885,#886,#478,.T.);
#1066=EDGE_CURVE('',#886,#880,#479,.T.);
#1067=EDGE_CURVE('',#881,#886,#480,.T.);
#1068=EDGE_CURVE('',#885,#882,#481,.T.);
#1069=EDGE_CURVE('',#886,#875,#482,.T.);
#1070=EDGE_CURVE('',#887,#888,#483,.T.);
#1071=EDGE_CURVE('',#889,#887,#484,.T.);
#1072=EDGE_CURVE('',#890,#889,#485,.T.);
#1073=EDGE_CURVE('',#890,#888,#486,.T.);
#1074=EDGE_CURVE('',#888,#891,#487,.T.);
#1075=EDGE_CURVE('',#892,#890,#488,.T.);
#1076=EDGE_CURVE('',#892,#891,#489,.T.);
#1077=EDGE_CURVE('',#893,#894,#490,.T.);
#1078=EDGE_CURVE('',#895,#893,#491,.T.);
#1079=EDGE_CURVE('',#896,#895,#492,.T.);
#1080=EDGE_CURVE('',#894,#896,#493,.T.);
#1081=EDGE_CURVE('',#895,#890,#494,.T.);
#1082=EDGE_CURVE('',#893,#892,#495,.T.);
#1083=EDGE_CURVE('',#896,#889,#496,.T.);
#1084=EDGE_CURVE('',#889,#897,#497,.T.);
#1085=EDGE_CURVE('',#894,#897,#498,.T.);
#1086=EDGE_CURVE('',#897,#892,#499,.T.);
#1087=EDGE_CURVE('',#898,#899,#500,.T.);
#1088=EDGE_CURVE('',#900,#898,#501,.T.);
#1089=EDGE_CURVE('',#901,#900,#502,.T.);
#1090=EDGE_CURVE('',#899,#901,#503,.T.);
#1091=EDGE_CURVE('',#891,#902,#504,.T.);
#1092=EDGE_CURVE('',#897,#902,#505,.T.);
#1093=EDGE_CURVE('',#902,#887,#506,.T.);
#1094=EDGE_CURVE('',#901,#888,#507,.T.);
#1095=EDGE_CURVE('',#900,#887,#508,.T.);
#1096=EDGE_CURVE('',#899,#891,#509,.T.);
#1097=EDGE_CURVE('',#902,#898,#510,.T.);
#1098=EDGE_CURVE('',#903,#903,#91,.T.);
#1099=EDGE_CURVE('',#904,#904,#92,.T.);
#1100=EDGE_CURVE('',#905,#905,#93,.T.);
#1101=EDGE_CURVE('',#906,#907,#94,.T.);
#1102=EDGE_CURVE('',#907,#908,#511,.T.);
#1103=EDGE_CURVE('',#908,#909,#95,.T.);
#1104=EDGE_CURVE('',#909,#906,#512,.T.);
#1105=EDGE_CURVE('',#909,#910,#96,.T.);
#1106=EDGE_CURVE('',#910,#911,#513,.T.);
#1107=EDGE_CURVE('',#911,#912,#97,.T.);
#1108=EDGE_CURVE('',#912,#909,#514,.T.);
#1109=EDGE_CURVE('',#908,#910,#98,.T.);
#1110=EDGE_CURVE('',#912,#913,#99,.T.);
#1111=EDGE_CURVE('',#913,#914,#515,.T.);
#1112=EDGE_CURVE('',#914,#915,#100,.T.);
#1113=EDGE_CURVE('',#915,#912,#516,.T.);
#1114=EDGE_CURVE('',#911,#913,#101,.T.);
#1115=EDGE_CURVE('',#915,#916,#102,.T.);
#1116=EDGE_CURVE('',#916,#917,#517,.T.);
#1117=EDGE_CURVE('',#917,#906,#103,.T.);
#1118=EDGE_CURVE('',#906,#915,#518,.T.);
#1119=EDGE_CURVE('',#914,#916,#104,.T.);
#1120=EDGE_CURVE('',#917,#907,#105,.T.);
#1121=EDGE_CURVE('',#908,#918,#519,.T.);
#1122=EDGE_CURVE('',#919,#918,#106,.T.);
#1123=EDGE_CURVE('',#919,#910,#520,.T.);
#1124=EDGE_CURVE('',#920,#907,#521,.T.);
#1125=EDGE_CURVE('',#918,#920,#522,.T.);
#1126=EDGE_CURVE('',#917,#921,#523,.T.);
#1127=EDGE_CURVE('',#920,#921,#107,.T.);
#1128=EDGE_CURVE('',#922,#916,#524,.T.);
#1129=EDGE_CURVE('',#921,#922,#525,.T.);
#1130=EDGE_CURVE('',#923,#924,#526,.T.);
#1131=EDGE_CURVE('',#925,#923,#527,.T.);
#1132=EDGE_CURVE('',#926,#925,#528,.T.);
#1133=EDGE_CURVE('',#924,#926,#529,.T.);
#1134=EDGE_CURVE('',#927,#928,#530,.T.);
#1135=EDGE_CURVE('',#929,#927,#531,.T.);
#1136=EDGE_CURVE('',#930,#929,#532,.T.);
#1137=EDGE_CURVE('',#928,#930,#533,.T.);
#1138=EDGE_CURVE('',#931,#932,#108,.T.);
#1139=EDGE_CURVE('',#932,#933,#534,.T.);
#1140=EDGE_CURVE('',#933,#934,#109,.F.);
#1141=EDGE_CURVE('',#934,#931,#535,.T.);
#1142=EDGE_CURVE('',#935,#936,#110,.T.);
#1143=EDGE_CURVE('',#936,#937,#536,.T.);
#1144=EDGE_CURVE('',#937,#931,#111,.T.);
#1145=EDGE_CURVE('',#931,#935,#537,.T.);
#1146=EDGE_CURVE('',#937,#932,#112,.T.);
#1147=EDGE_CURVE('',#938,#939,#113,.T.);
#1148=EDGE_CURVE('',#939,#940,#538,.T.);
#1149=EDGE_CURVE('',#940,#935,#114,.T.);
#1150=EDGE_CURVE('',#935,#938,#539,.T.);
#1151=EDGE_CURVE('',#940,#936,#115,.T.);
#1152=EDGE_CURVE('',#941,#919,#540,.T.);
#1153=EDGE_CURVE('',#942,#941,#541,.T.);
#1154=EDGE_CURVE('',#933,#942,#542,.T.);
#1155=EDGE_CURVE('',#943,#932,#543,.T.);
#1156=EDGE_CURVE('',#911,#943,#544,.T.);
#1157=EDGE_CURVE('',#937,#944,#545,.T.);
#1158=EDGE_CURVE('',#944,#943,#116,.T.);
#1159=EDGE_CURVE('',#945,#936,#546,.T.);
#1160=EDGE_CURVE('',#946,#945,#547,.T.);
#1161=EDGE_CURVE('',#947,#946,#548,.T.);
#1162=EDGE_CURVE('',#948,#947,#549,.T.);
#1163=EDGE_CURVE('',#949,#948,#550,.T.);
#1164=EDGE_CURVE('',#950,#949,#551,.T.);
#1165=EDGE_CURVE('',#951,#950,#552,.T.);
#1166=EDGE_CURVE('',#952,#951,#117,.T.);
#1167=EDGE_CURVE('',#953,#952,#553,.T.);
#1168=EDGE_CURVE('',#954,#953,#118,.T.);
#1169=EDGE_CURVE('',#955,#954,#554,.T.);
#1170=EDGE_CURVE('',#956,#955,#119,.T.);
#1171=EDGE_CURVE('',#957,#956,#555,.T.);
#1172=EDGE_CURVE('',#944,#957,#120,.T.);
#1173=EDGE_CURVE('',#940,#958,#556,.T.);
#1174=EDGE_CURVE('',#958,#945,#121,.T.);
#1175=EDGE_CURVE('',#959,#939,#557,.T.);
#1176=EDGE_CURVE('',#958,#959,#558,.T.);
#1177=EDGE_CURVE('',#960,#961,#122,.T.);
#1178=EDGE_CURVE('',#961,#962,#559,.T.);
#1179=EDGE_CURVE('',#962,#963,#123,.T.);
#1180=EDGE_CURVE('',#963,#960,#560,.T.);
#1181=EDGE_CURVE('',#964,#950,#124,.T.);
#1182=EDGE_CURVE('',#949,#962,#125,.T.);
#1183=EDGE_CURVE('',#962,#964,#561,.T.);
#1184=EDGE_CURVE('',#949,#963,#126,.T.);
#1185=EDGE_CURVE('',#941,#964,#127,.T.);
#1186=EDGE_CURVE('',#964,#965,#562,.T.);
#1187=EDGE_CURVE('',#965,#942,#128,.F.);
#1188=EDGE_CURVE('',#941,#950,#129,.T.);
#1189=EDGE_CURVE('',#966,#963,#563,.T.);
#1190=EDGE_CURVE('',#967,#966,#564,.T.);
#1191=EDGE_CURVE('',#960,#967,#565,.T.);
#1192=EDGE_CURVE('',#948,#966,#130,.T.);
#1193=EDGE_CURVE('',#951,#919,#131,.T.);
#1194=EDGE_CURVE('',#957,#968,#132,.T.);
#1195=EDGE_CURVE('',#968,#943,#133,.T.);
#1196=EDGE_CURVE('',#956,#969,#134,.T.);
#1197=EDGE_CURVE('',#969,#968,#566,.T.);
#1198=EDGE_CURVE('',#955,#922,#135,.T.);
#1199=EDGE_CURVE('',#922,#969,#136,.T.);
#1200=EDGE_CURVE('',#954,#921,#137,.T.);
#1201=EDGE_CURVE('',#953,#920,#138,.T.);
#1202=EDGE_CURVE('',#952,#918,#139,.T.);
#1203=EDGE_CURVE('',#970,#934,#567,.T.);
#1204=EDGE_CURVE('',#971,#970,#568,.T.);
#1205=EDGE_CURVE('',#938,#971,#569,.T.);
#1206=EDGE_CURVE('',#914,#969,#570,.T.);
#1207=EDGE_CURVE('',#968,#913,#571,.T.);
#1208=EDGE_CURVE('',#947,#972,#140,.T.);
#1209=EDGE_CURVE('',#972,#973,#572,.T.);
#1210=EDGE_CURVE('',#973,#948,#141,.T.);
#1211=EDGE_CURVE('',#973,#966,#142,.T.);
#1212=EDGE_CURVE('',#946,#974,#143,.T.);
#1213=EDGE_CURVE('',#974,#975,#573,.T.);
#1214=EDGE_CURVE('',#975,#947,#144,.T.);
#1215=EDGE_CURVE('',#975,#972,#145,.T.);
#1216=EDGE_CURVE('',#976,#946,#146,.T.);
#1217=EDGE_CURVE('',#945,#977,#147,.T.);
#1218=EDGE_CURVE('',#977,#976,#574,.T.);
#1219=EDGE_CURVE('',#976,#974,#148,.T.);
#1220=EDGE_CURVE('',#958,#977,#149,.T.);
#1221=EDGE_CURVE('',#978,#972,#575,.T.);
#1222=EDGE_CURVE('',#979,#978,#576,.T.);
#1223=EDGE_CURVE('',#973,#979,#577,.T.);
#1224=EDGE_CURVE('',#975,#980,#578,.T.);
#1225=EDGE_CURVE('',#980,#978,#150,.T.);
#1226=EDGE_CURVE('',#981,#974,#579,.T.);
#1227=EDGE_CURVE('',#981,#980,#580,.T.);
#1228=EDGE_CURVE('',#976,#982,#581,.T.);
#1229=EDGE_CURVE('',#982,#981,#151,.T.);
#1230=EDGE_CURVE('',#983,#977,#582,.T.);
#1231=EDGE_CURVE('',#983,#982,#583,.T.);
#1232=EDGE_CURVE('',#959,#983,#152,.T.);
#1233=EDGE_CURVE('',#971,#984,#584,.T.);
#1234=EDGE_CURVE('',#984,#961,#585,.T.);
#1235=EDGE_CURVE('',#979,#967,#153,.T.);
#1236=EDGE_CURVE('',#985,#986,#586,.T.);
#1237=EDGE_CURVE('',#987,#985,#587,.T.);
#1238=EDGE_CURVE('',#988,#987,#588,.T.);
#1239=EDGE_CURVE('',#986,#988,#589,.T.);
#1240=EDGE_CURVE('',#989,#990,#590,.T.);
#1241=EDGE_CURVE('',#991,#989,#591,.T.);
#1242=EDGE_CURVE('',#992,#991,#592,.T.);
#1243=EDGE_CURVE('',#990,#992,#593,.T.);
#1244=EDGE_CURVE('',#985,#924,#594,.T.);
#1245=EDGE_CURVE('',#926,#987,#595,.T.);
#1246=EDGE_CURVE('',#925,#988,#596,.T.);
#1247=EDGE_CURVE('',#923,#986,#597,.T.);
#1248=EDGE_CURVE('',#991,#930,#598,.T.);
#1249=EDGE_CURVE('',#929,#992,#599,.T.);
#1250=EDGE_CURVE('',#927,#990,#600,.T.);
#1251=EDGE_CURVE('',#928,#989,#601,.T.);
#1252=EDGE_CURVE('',#993,#994,#602,.T.);
#1253=EDGE_CURVE('',#995,#993,#603,.T.);
#1254=EDGE_CURVE('',#984,#995,#604,.T.);
#1255=EDGE_CURVE('',#996,#970,#605,.T.);
#1256=EDGE_CURVE('',#997,#996,#606,.T.);
#1257=EDGE_CURVE('',#994,#997,#607,.T.);
#1258=EDGE_CURVE('',#965,#995,#608,.T.);
#1259=EDGE_CURVE('',#998,#993,#609,.T.);
#1260=EDGE_CURVE('',#999,#998,#610,.T.);
#1261=EDGE_CURVE('',#999,#996,#611,.T.);
#1262=EDGE_CURVE('',#1000,#994,#612,.T.);
#1263=EDGE_CURVE('',#998,#1000,#613,.T.);
#1264=EDGE_CURVE('',#1001,#997,#614,.T.);
#1265=EDGE_CURVE('',#1000,#1001,#615,.T.);
#1266=EDGE_CURVE('',#1001,#999,#616,.T.);
#1267=EDGE_CURVE('',#1002,#1003,#617,.T.);
#1268=EDGE_CURVE('',#1002,#1004,#618,.T.);
#1269=EDGE_CURVE('',#1005,#1004,#619,.T.);
#1270=EDGE_CURVE('',#1003,#1005,#620,.T.);
#1271=EDGE_CURVE('',#1006,#1002,#621,.T.);
#1272=EDGE_CURVE('',#1006,#1007,#622,.T.);
#1273=EDGE_CURVE('',#1004,#1007,#623,.T.);
#1274=EDGE_CURVE('',#1008,#1006,#154,.T.);
#1275=EDGE_CURVE('',#1008,#1009,#624,.T.);
#1276=EDGE_CURVE('',#1007,#1009,#155,.T.);
#1277=EDGE_CURVE('',#1010,#1008,#625,.T.);
#1278=EDGE_CURVE('',#1010,#1011,#626,.T.);
#1279=EDGE_CURVE('',#1009,#1011,#627,.T.);
#1280=EDGE_CURVE('',#1012,#1010,#156,.T.);
#1281=EDGE_CURVE('',#1012,#1013,#628,.T.);
#1282=EDGE_CURVE('',#1011,#1013,#157,.T.);
#1283=EDGE_CURVE('',#1014,#1012,#629,.T.);
#1284=EDGE_CURVE('',#1014,#1015,#630,.T.);
#1285=EDGE_CURVE('',#1013,#1015,#631,.T.);
#1286=EDGE_CURVE('',#1016,#1014,#632,.T.);
#1287=EDGE_CURVE('',#1016,#1017,#633,.T.);
#1288=EDGE_CURVE('',#1015,#1017,#634,.T.);
#1289=EDGE_CURVE('',#1018,#1016,#635,.T.);
#1290=EDGE_CURVE('',#1018,#1019,#636,.T.);
#1291=EDGE_CURVE('',#1017,#1019,#637,.T.);
#1292=EDGE_CURVE('',#1020,#1018,#158,.T.);
#1293=EDGE_CURVE('',#1020,#1021,#638,.T.);
#1294=EDGE_CURVE('',#1019,#1021,#159,.T.);
#1295=EDGE_CURVE('',#1022,#1020,#639,.T.);
#1296=EDGE_CURVE('',#1022,#1023,#640,.T.);
#1297=EDGE_CURVE('',#1021,#1023,#641,.T.);
#1298=EDGE_CURVE('',#1024,#1022,#642,.T.);
#1299=EDGE_CURVE('',#1024,#1025,#643,.T.);
#1300=EDGE_CURVE('',#1023,#1025,#644,.T.);
#1301=EDGE_CURVE('',#1003,#1024,#645,.T.);
#1302=EDGE_CURVE('',#1025,#1005,#646,.T.);
#1303=EDGE_CURVE('',#1026,#1027,#647,.T.);
#1304=EDGE_CURVE('',#1026,#1028,#648,.T.);
#1305=EDGE_CURVE('',#1029,#1028,#649,.T.);
#1306=EDGE_CURVE('',#1027,#1029,#650,.T.);
#1307=EDGE_CURVE('',#1027,#1030,#160,.T.);
#1308=EDGE_CURVE('',#1031,#1029,#161,.T.);
#1309=EDGE_CURVE('',#1030,#1031,#651,.T.);
#1310=EDGE_CURVE('',#1030,#1032,#652,.T.);
#1311=EDGE_CURVE('',#1033,#1031,#653,.T.);
#1312=EDGE_CURVE('',#1032,#1033,#654,.T.);
#1313=EDGE_CURVE('',#1032,#1034,#162,.T.);
#1314=EDGE_CURVE('',#1035,#1033,#163,.T.);
#1315=EDGE_CURVE('',#1034,#1035,#655,.T.);
#1316=EDGE_CURVE('',#1034,#1036,#656,.T.);
#1317=EDGE_CURVE('',#1037,#1035,#657,.T.);
#1318=EDGE_CURVE('',#1036,#1037,#658,.T.);
#1319=EDGE_CURVE('',#1036,#1038,#164,.T.);
#1320=EDGE_CURVE('',#1039,#1037,#165,.T.);
#1321=EDGE_CURVE('',#1038,#1039,#659,.T.);
#1322=EDGE_CURVE('',#1038,#1040,#660,.T.);
#1323=EDGE_CURVE('',#1041,#1039,#661,.T.);
#1324=EDGE_CURVE('',#1040,#1041,#662,.T.);
#1325=EDGE_CURVE('',#1040,#1026,#166,.T.);
#1326=EDGE_CURVE('',#1028,#1041,#167,.T.);
#1327=ORIENTED_EDGE('',*,*,#1042,.T.);
#1328=ORIENTED_EDGE('',*,*,#1043,.T.);
#1329=ORIENTED_EDGE('',*,*,#1044,.T.);
#1330=ORIENTED_EDGE('',*,*,#1045,.F.);
#1331=ORIENTED_EDGE('',*,*,#1046,.T.);
#1332=ORIENTED_EDGE('',*,*,#1043,.F.);
#1333=ORIENTED_EDGE('',*,*,#1047,.T.);
#1334=ORIENTED_EDGE('',*,*,#1048,.T.);
#1335=ORIENTED_EDGE('',*,*,#1049,.T.);
#1336=ORIENTED_EDGE('',*,*,#1048,.F.);
#1337=ORIENTED_EDGE('',*,*,#1050,.T.);
#1338=ORIENTED_EDGE('',*,*,#1051,.T.);
#1339=ORIENTED_EDGE('',*,*,#1052,.T.);
#1340=ORIENTED_EDGE('',*,*,#1051,.F.);
#1341=ORIENTED_EDGE('',*,*,#1053,.T.);
#1342=ORIENTED_EDGE('',*,*,#1045,.T.);
#1343=ORIENTED_EDGE('',*,*,#1052,.F.);
#1344=ORIENTED_EDGE('',*,*,#1054,.F.);
#1345=ORIENTED_EDGE('',*,*,#1055,.F.);
#1346=ORIENTED_EDGE('',*,*,#1056,.T.);
#1347=ORIENTED_EDGE('',*,*,#1044,.F.);
#1348=ORIENTED_EDGE('',*,*,#1057,.F.);
#1349=ORIENTED_EDGE('',*,*,#1058,.F.);
#1350=ORIENTED_EDGE('',*,*,#1054,.T.);
#1351=ORIENTED_EDGE('',*,*,#1042,.F.);
#1352=ORIENTED_EDGE('',*,*,#1053,.F.);
#1353=ORIENTED_EDGE('',*,*,#1050,.F.);
#1354=ORIENTED_EDGE('',*,*,#1047,.F.);
#1355=ORIENTED_EDGE('',*,*,#1059,.T.);
#1356=ORIENTED_EDGE('',*,*,#1060,.T.);
#1357=ORIENTED_EDGE('',*,*,#1058,.T.);
#1358=ORIENTED_EDGE('',*,*,#1061,.F.);
#1359=ORIENTED_EDGE('',*,*,#1062,.T.);
#1360=ORIENTED_EDGE('',*,*,#1063,.T.);
#1361=ORIENTED_EDGE('',*,*,#1055,.T.);
#1362=ORIENTED_EDGE('',*,*,#1060,.F.);
#1363=ORIENTED_EDGE('',*,*,#1064,.T.);
#1364=ORIENTED_EDGE('',*,*,#1065,.T.);
#1365=ORIENTED_EDGE('',*,*,#1066,.T.);
#1366=ORIENTED_EDGE('',*,*,#1063,.F.);
#1367=ORIENTED_EDGE('',*,*,#1067,.T.);
#1368=ORIENTED_EDGE('',*,*,#1065,.F.);
#1369=ORIENTED_EDGE('',*,*,#1068,.T.);
#1370=ORIENTED_EDGE('',*,*,#1061,.T.);
#1371=ORIENTED_EDGE('',*,*,#1059,.F.);
#1372=ORIENTED_EDGE('',*,*,#1068,.F.);
#1373=ORIENTED_EDGE('',*,*,#1064,.F.);
#1374=ORIENTED_EDGE('',*,*,#1062,.F.);
#1375=ORIENTED_EDGE('',*,*,#1046,.F.);
#1376=ORIENTED_EDGE('',*,*,#1069,.F.);
#1377=ORIENTED_EDGE('',*,*,#1067,.F.);
#1378=ORIENTED_EDGE('',*,*,#1057,.T.);
#1379=ORIENTED_EDGE('',*,*,#1049,.F.);
#1380=ORIENTED_EDGE('',*,*,#1056,.F.);
#1381=ORIENTED_EDGE('',*,*,#1066,.F.);
#1382=ORIENTED_EDGE('',*,*,#1069,.T.);
#1383=ORIENTED_EDGE('',*,*,#1070,.F.);
#1384=ORIENTED_EDGE('',*,*,#1071,.F.);
#1385=ORIENTED_EDGE('',*,*,#1072,.F.);
#1386=ORIENTED_EDGE('',*,*,#1073,.T.);
#1387=ORIENTED_EDGE('',*,*,#1074,.F.);
#1388=ORIENTED_EDGE('',*,*,#1073,.F.);
#1389=ORIENTED_EDGE('',*,*,#1075,.F.);
#1390=ORIENTED_EDGE('',*,*,#1076,.T.);
#1391=ORIENTED_EDGE('',*,*,#1077,.F.);
#1392=ORIENTED_EDGE('',*,*,#1078,.F.);
#1393=ORIENTED_EDGE('',*,*,#1079,.F.);
#1394=ORIENTED_EDGE('',*,*,#1080,.F.);
#1395=ORIENTED_EDGE('',*,*,#1075,.T.);
#1396=ORIENTED_EDGE('',*,*,#1081,.F.);
#1397=ORIENTED_EDGE('',*,*,#1078,.T.);
#1398=ORIENTED_EDGE('',*,*,#1082,.T.);
#1399=ORIENTED_EDGE('',*,*,#1079,.T.);
#1400=ORIENTED_EDGE('',*,*,#1081,.T.);
#1401=ORIENTED_EDGE('',*,*,#1072,.T.);
#1402=ORIENTED_EDGE('',*,*,#1083,.F.);
#1403=ORIENTED_EDGE('',*,*,#1080,.T.);
#1404=ORIENTED_EDGE('',*,*,#1083,.T.);
#1405=ORIENTED_EDGE('',*,*,#1084,.T.);
#1406=ORIENTED_EDGE('',*,*,#1085,.F.);
#1407=ORIENTED_EDGE('',*,*,#1077,.T.);
#1408=ORIENTED_EDGE('',*,*,#1085,.T.);
#1409=ORIENTED_EDGE('',*,*,#1086,.T.);
#1410=ORIENTED_EDGE('',*,*,#1082,.F.);
#1411=ORIENTED_EDGE('',*,*,#1087,.F.);
#1412=ORIENTED_EDGE('',*,*,#1088,.F.);
#1413=ORIENTED_EDGE('',*,*,#1089,.F.);
#1414=ORIENTED_EDGE('',*,*,#1090,.F.);
#1415=ORIENTED_EDGE('',*,*,#1091,.F.);
#1416=ORIENTED_EDGE('',*,*,#1076,.F.);
#1417=ORIENTED_EDGE('',*,*,#1086,.F.);
#1418=ORIENTED_EDGE('',*,*,#1092,.T.);
#1419=ORIENTED_EDGE('',*,*,#1093,.F.);
#1420=ORIENTED_EDGE('',*,*,#1092,.F.);
#1421=ORIENTED_EDGE('',*,*,#1084,.F.);
#1422=ORIENTED_EDGE('',*,*,#1071,.T.);
#1423=ORIENTED_EDGE('',*,*,#1070,.T.);
#1424=ORIENTED_EDGE('',*,*,#1094,.F.);
#1425=ORIENTED_EDGE('',*,*,#1089,.T.);
#1426=ORIENTED_EDGE('',*,*,#1095,.T.);
#1427=ORIENTED_EDGE('',*,*,#1074,.T.);
#1428=ORIENTED_EDGE('',*,*,#1096,.F.);
#1429=ORIENTED_EDGE('',*,*,#1090,.T.);
#1430=ORIENTED_EDGE('',*,*,#1094,.T.);
#1431=ORIENTED_EDGE('',*,*,#1088,.T.);
#1432=ORIENTED_EDGE('',*,*,#1097,.F.);
#1433=ORIENTED_EDGE('',*,*,#1093,.T.);
#1434=ORIENTED_EDGE('',*,*,#1095,.F.);
#1435=ORIENTED_EDGE('',*,*,#1091,.T.);
#1436=ORIENTED_EDGE('',*,*,#1097,.T.);
#1437=ORIENTED_EDGE('',*,*,#1087,.T.);
#1438=ORIENTED_EDGE('',*,*,#1096,.T.);
#1439=ORIENTED_EDGE('',*,*,#1098,.T.);
#1440=ORIENTED_EDGE('',*,*,#1099,.T.);
#1441=ORIENTED_EDGE('',*,*,#1100,.T.);
#1442=ORIENTED_EDGE('',*,*,#1098,.F.);
#1443=ORIENTED_EDGE('',*,*,#1099,.F.);
#1444=ORIENTED_EDGE('',*,*,#1101,.T.);
#1445=ORIENTED_EDGE('',*,*,#1102,.T.);
#1446=ORIENTED_EDGE('',*,*,#1103,.T.);
#1447=ORIENTED_EDGE('',*,*,#1104,.T.);
#1448=ORIENTED_EDGE('',*,*,#1105,.T.);
#1449=ORIENTED_EDGE('',*,*,#1106,.T.);
#1450=ORIENTED_EDGE('',*,*,#1107,.T.);
#1451=ORIENTED_EDGE('',*,*,#1108,.T.);
#1452=ORIENTED_EDGE('',*,*,#1105,.F.);
#1453=ORIENTED_EDGE('',*,*,#1103,.F.);
#1454=ORIENTED_EDGE('',*,*,#1109,.T.);
#1455=ORIENTED_EDGE('',*,*,#1110,.T.);
#1456=ORIENTED_EDGE('',*,*,#1111,.T.);
#1457=ORIENTED_EDGE('',*,*,#1112,.T.);
#1458=ORIENTED_EDGE('',*,*,#1113,.T.);
#1459=ORIENTED_EDGE('',*,*,#1110,.F.);
#1460=ORIENTED_EDGE('',*,*,#1107,.F.);
#1461=ORIENTED_EDGE('',*,*,#1114,.T.);
#1462=ORIENTED_EDGE('',*,*,#1115,.T.);
#1463=ORIENTED_EDGE('',*,*,#1116,.T.);
#1464=ORIENTED_EDGE('',*,*,#1117,.T.);
#1465=ORIENTED_EDGE('',*,*,#1118,.T.);
#1466=ORIENTED_EDGE('',*,*,#1115,.F.);
#1467=ORIENTED_EDGE('',*,*,#1112,.F.);
#1468=ORIENTED_EDGE('',*,*,#1119,.T.);
#1469=ORIENTED_EDGE('',*,*,#1101,.F.);
#1470=ORIENTED_EDGE('',*,*,#1117,.F.);
#1471=ORIENTED_EDGE('',*,*,#1120,.T.);
#1472=ORIENTED_EDGE('',*,*,#1109,.F.);
#1473=ORIENTED_EDGE('',*,*,#1121,.T.);
#1474=ORIENTED_EDGE('',*,*,#1122,.F.);
#1475=ORIENTED_EDGE('',*,*,#1123,.T.);
#1476=ORIENTED_EDGE('',*,*,#1102,.F.);
#1477=ORIENTED_EDGE('',*,*,#1124,.F.);
#1478=ORIENTED_EDGE('',*,*,#1125,.F.);
#1479=ORIENTED_EDGE('',*,*,#1121,.F.);
#1480=ORIENTED_EDGE('',*,*,#1120,.F.);
#1481=ORIENTED_EDGE('',*,*,#1126,.T.);
#1482=ORIENTED_EDGE('',*,*,#1127,.F.);
#1483=ORIENTED_EDGE('',*,*,#1124,.T.);
#1484=ORIENTED_EDGE('',*,*,#1116,.F.);
#1485=ORIENTED_EDGE('',*,*,#1128,.F.);
#1486=ORIENTED_EDGE('',*,*,#1129,.F.);
#1487=ORIENTED_EDGE('',*,*,#1126,.F.);
#1488=ORIENTED_EDGE('',*,*,#1104,.F.);
#1489=ORIENTED_EDGE('',*,*,#1108,.F.);
#1490=ORIENTED_EDGE('',*,*,#1113,.F.);
#1491=ORIENTED_EDGE('',*,*,#1118,.F.);
#1492=ORIENTED_EDGE('',*,*,#1130,.F.);
#1493=ORIENTED_EDGE('',*,*,#1131,.F.);
#1494=ORIENTED_EDGE('',*,*,#1132,.F.);
#1495=ORIENTED_EDGE('',*,*,#1133,.F.);
#1496=ORIENTED_EDGE('',*,*,#1134,.F.);
#1497=ORIENTED_EDGE('',*,*,#1135,.F.);
#1498=ORIENTED_EDGE('',*,*,#1136,.F.);
#1499=ORIENTED_EDGE('',*,*,#1137,.F.);
#1500=ORIENTED_EDGE('',*,*,#1138,.T.);
#1501=ORIENTED_EDGE('',*,*,#1139,.T.);
#1502=ORIENTED_EDGE('',*,*,#1140,.T.);
#1503=ORIENTED_EDGE('',*,*,#1141,.T.);
#1504=ORIENTED_EDGE('',*,*,#1142,.T.);
#1505=ORIENTED_EDGE('',*,*,#1143,.T.);
#1506=ORIENTED_EDGE('',*,*,#1144,.T.);
#1507=ORIENTED_EDGE('',*,*,#1145,.T.);
#1508=ORIENTED_EDGE('',*,*,#1144,.F.);
#1509=ORIENTED_EDGE('',*,*,#1146,.T.);
#1510=ORIENTED_EDGE('',*,*,#1138,.F.);
#1511=ORIENTED_EDGE('',*,*,#1147,.T.);
#1512=ORIENTED_EDGE('',*,*,#1148,.T.);
#1513=ORIENTED_EDGE('',*,*,#1149,.T.);
#1514=ORIENTED_EDGE('',*,*,#1150,.T.);
#1515=ORIENTED_EDGE('',*,*,#1149,.F.);
#1516=ORIENTED_EDGE('',*,*,#1151,.T.);
#1517=ORIENTED_EDGE('',*,*,#1142,.F.);
#1518=ORIENTED_EDGE('',*,*,#1106,.F.);
#1519=ORIENTED_EDGE('',*,*,#1123,.F.);
#1520=ORIENTED_EDGE('',*,*,#1152,.F.);
#1521=ORIENTED_EDGE('',*,*,#1153,.F.);
#1522=ORIENTED_EDGE('',*,*,#1154,.F.);
#1523=ORIENTED_EDGE('',*,*,#1139,.F.);
#1524=ORIENTED_EDGE('',*,*,#1155,.F.);
#1525=ORIENTED_EDGE('',*,*,#1156,.F.);
#1526=ORIENTED_EDGE('',*,*,#1146,.F.);
#1527=ORIENTED_EDGE('',*,*,#1157,.T.);
#1528=ORIENTED_EDGE('',*,*,#1158,.T.);
#1529=ORIENTED_EDGE('',*,*,#1155,.T.);
#1530=ORIENTED_EDGE('',*,*,#1143,.F.);
#1531=ORIENTED_EDGE('',*,*,#1159,.F.);
#1532=ORIENTED_EDGE('',*,*,#1160,.F.);
#1533=ORIENTED_EDGE('',*,*,#1161,.F.);
#1534=ORIENTED_EDGE('',*,*,#1162,.F.);
#1535=ORIENTED_EDGE('',*,*,#1163,.F.);
#1536=ORIENTED_EDGE('',*,*,#1164,.F.);
#1537=ORIENTED_EDGE('',*,*,#1165,.F.);
#1538=ORIENTED_EDGE('',*,*,#1166,.F.);
#1539=ORIENTED_EDGE('',*,*,#1167,.F.);
#1540=ORIENTED_EDGE('',*,*,#1168,.F.);
#1541=ORIENTED_EDGE('',*,*,#1169,.F.);
#1542=ORIENTED_EDGE('',*,*,#1170,.F.);
#1543=ORIENTED_EDGE('',*,*,#1171,.F.);
#1544=ORIENTED_EDGE('',*,*,#1172,.F.);
#1545=ORIENTED_EDGE('',*,*,#1157,.F.);
#1546=ORIENTED_EDGE('',*,*,#1151,.F.);
#1547=ORIENTED_EDGE('',*,*,#1173,.T.);
#1548=ORIENTED_EDGE('',*,*,#1174,.T.);
#1549=ORIENTED_EDGE('',*,*,#1159,.T.);
#1550=ORIENTED_EDGE('',*,*,#1148,.F.);
#1551=ORIENTED_EDGE('',*,*,#1175,.F.);
#1552=ORIENTED_EDGE('',*,*,#1176,.F.);
#1553=ORIENTED_EDGE('',*,*,#1173,.F.);
#1554=ORIENTED_EDGE('',*,*,#1177,.T.);
#1555=ORIENTED_EDGE('',*,*,#1178,.T.);
#1556=ORIENTED_EDGE('',*,*,#1179,.T.);
#1557=ORIENTED_EDGE('',*,*,#1180,.T.);
#1558=ORIENTED_EDGE('',*,*,#1181,.T.);
#1559=ORIENTED_EDGE('',*,*,#1164,.T.);
#1560=ORIENTED_EDGE('',*,*,#1182,.T.);
#1561=ORIENTED_EDGE('',*,*,#1183,.T.);
#1562=ORIENTED_EDGE('',*,*,#1182,.F.);
#1563=ORIENTED_EDGE('',*,*,#1184,.T.);
#1564=ORIENTED_EDGE('',*,*,#1179,.F.);
#1565=ORIENTED_EDGE('',*,*,#1185,.T.);
#1566=ORIENTED_EDGE('',*,*,#1186,.T.);
#1567=ORIENTED_EDGE('',*,*,#1187,.T.);
#1568=ORIENTED_EDGE('',*,*,#1153,.T.);
#1569=ORIENTED_EDGE('',*,*,#1185,.F.);
#1570=ORIENTED_EDGE('',*,*,#1188,.T.);
#1571=ORIENTED_EDGE('',*,*,#1181,.F.);
#1572=ORIENTED_EDGE('',*,*,#1180,.F.);
#1573=ORIENTED_EDGE('',*,*,#1189,.F.);
#1574=ORIENTED_EDGE('',*,*,#1190,.F.);
#1575=ORIENTED_EDGE('',*,*,#1191,.F.);
#1576=ORIENTED_EDGE('',*,*,#1184,.F.);
#1577=ORIENTED_EDGE('',*,*,#1163,.T.);
#1578=ORIENTED_EDGE('',*,*,#1192,.T.);
#1579=ORIENTED_EDGE('',*,*,#1189,.T.);
#1580=ORIENTED_EDGE('',*,*,#1188,.F.);
#1581=ORIENTED_EDGE('',*,*,#1152,.T.);
#1582=ORIENTED_EDGE('',*,*,#1193,.F.);
#1583=ORIENTED_EDGE('',*,*,#1165,.T.);
#1584=ORIENTED_EDGE('',*,*,#1194,.T.);
#1585=ORIENTED_EDGE('',*,*,#1195,.T.);
#1586=ORIENTED_EDGE('',*,*,#1158,.F.);
#1587=ORIENTED_EDGE('',*,*,#1172,.T.);
#1588=ORIENTED_EDGE('',*,*,#1196,.T.);
#1589=ORIENTED_EDGE('',*,*,#1197,.T.);
#1590=ORIENTED_EDGE('',*,*,#1194,.F.);
#1591=ORIENTED_EDGE('',*,*,#1171,.T.);
#1592=ORIENTED_EDGE('',*,*,#1198,.T.);
#1593=ORIENTED_EDGE('',*,*,#1199,.T.);
#1594=ORIENTED_EDGE('',*,*,#1196,.F.);
#1595=ORIENTED_EDGE('',*,*,#1170,.T.);
#1596=ORIENTED_EDGE('',*,*,#1200,.T.);
#1597=ORIENTED_EDGE('',*,*,#1129,.T.);
#1598=ORIENTED_EDGE('',*,*,#1198,.F.);
#1599=ORIENTED_EDGE('',*,*,#1169,.T.);
#1600=ORIENTED_EDGE('',*,*,#1201,.T.);
#1601=ORIENTED_EDGE('',*,*,#1127,.T.);
#1602=ORIENTED_EDGE('',*,*,#1200,.F.);
#1603=ORIENTED_EDGE('',*,*,#1168,.T.);
#1604=ORIENTED_EDGE('',*,*,#1202,.T.);
#1605=ORIENTED_EDGE('',*,*,#1125,.T.);
#1606=ORIENTED_EDGE('',*,*,#1201,.F.);
#1607=ORIENTED_EDGE('',*,*,#1167,.T.);
#1608=ORIENTED_EDGE('',*,*,#1193,.T.);
#1609=ORIENTED_EDGE('',*,*,#1122,.T.);
#1610=ORIENTED_EDGE('',*,*,#1202,.F.);
#1611=ORIENTED_EDGE('',*,*,#1166,.T.);
#1612=ORIENTED_EDGE('',*,*,#1141,.F.);
#1613=ORIENTED_EDGE('',*,*,#1203,.F.);
#1614=ORIENTED_EDGE('',*,*,#1204,.F.);
#1615=ORIENTED_EDGE('',*,*,#1205,.F.);
#1616=ORIENTED_EDGE('',*,*,#1150,.F.);
#1617=ORIENTED_EDGE('',*,*,#1145,.F.);
#1618=ORIENTED_EDGE('',*,*,#1119,.F.);
#1619=ORIENTED_EDGE('',*,*,#1206,.T.);
#1620=ORIENTED_EDGE('',*,*,#1199,.F.);
#1621=ORIENTED_EDGE('',*,*,#1128,.T.);
#1622=ORIENTED_EDGE('',*,*,#1111,.F.);
#1623=ORIENTED_EDGE('',*,*,#1207,.F.);
#1624=ORIENTED_EDGE('',*,*,#1197,.F.);
#1625=ORIENTED_EDGE('',*,*,#1206,.F.);
#1626=ORIENTED_EDGE('',*,*,#1114,.F.);
#1627=ORIENTED_EDGE('',*,*,#1156,.T.);
#1628=ORIENTED_EDGE('',*,*,#1195,.F.);
#1629=ORIENTED_EDGE('',*,*,#1207,.T.);
#1630=ORIENTED_EDGE('',*,*,#1208,.T.);
#1631=ORIENTED_EDGE('',*,*,#1209,.T.);
#1632=ORIENTED_EDGE('',*,*,#1210,.T.);
#1633=ORIENTED_EDGE('',*,*,#1162,.T.);
#1634=ORIENTED_EDGE('',*,*,#1210,.F.);
#1635=ORIENTED_EDGE('',*,*,#1211,.T.);
#1636=ORIENTED_EDGE('',*,*,#1192,.F.);
#1637=ORIENTED_EDGE('',*,*,#1212,.T.);
#1638=ORIENTED_EDGE('',*,*,#1213,.T.);
#1639=ORIENTED_EDGE('',*,*,#1214,.T.);
#1640=ORIENTED_EDGE('',*,*,#1161,.T.);
#1641=ORIENTED_EDGE('',*,*,#1214,.F.);
#1642=ORIENTED_EDGE('',*,*,#1215,.T.);
#1643=ORIENTED_EDGE('',*,*,#1208,.F.);
#1644=ORIENTED_EDGE('',*,*,#1216,.T.);
#1645=ORIENTED_EDGE('',*,*,#1160,.T.);
#1646=ORIENTED_EDGE('',*,*,#1217,.T.);
#1647=ORIENTED_EDGE('',*,*,#1218,.T.);
#1648=ORIENTED_EDGE('',*,*,#1216,.F.);
#1649=ORIENTED_EDGE('',*,*,#1219,.T.);
#1650=ORIENTED_EDGE('',*,*,#1212,.F.);
#1651=ORIENTED_EDGE('',*,*,#1174,.F.);
#1652=ORIENTED_EDGE('',*,*,#1220,.T.);
#1653=ORIENTED_EDGE('',*,*,#1217,.F.);
#1654=ORIENTED_EDGE('',*,*,#1209,.F.);
#1655=ORIENTED_EDGE('',*,*,#1221,.F.);
#1656=ORIENTED_EDGE('',*,*,#1222,.F.);
#1657=ORIENTED_EDGE('',*,*,#1223,.F.);
#1658=ORIENTED_EDGE('',*,*,#1215,.F.);
#1659=ORIENTED_EDGE('',*,*,#1224,.T.);
#1660=ORIENTED_EDGE('',*,*,#1225,.T.);
#1661=ORIENTED_EDGE('',*,*,#1221,.T.);
#1662=ORIENTED_EDGE('',*,*,#1213,.F.);
#1663=ORIENTED_EDGE('',*,*,#1226,.F.);
#1664=ORIENTED_EDGE('',*,*,#1227,.T.);
#1665=ORIENTED_EDGE('',*,*,#1224,.F.);
#1666=ORIENTED_EDGE('',*,*,#1219,.F.);
#1667=ORIENTED_EDGE('',*,*,#1228,.T.);
#1668=ORIENTED_EDGE('',*,*,#1229,.T.);
#1669=ORIENTED_EDGE('',*,*,#1226,.T.);
#1670=ORIENTED_EDGE('',*,*,#1218,.F.);
#1671=ORIENTED_EDGE('',*,*,#1230,.F.);
#1672=ORIENTED_EDGE('',*,*,#1231,.T.);
#1673=ORIENTED_EDGE('',*,*,#1228,.F.);
#1674=ORIENTED_EDGE('',*,*,#1220,.F.);
#1675=ORIENTED_EDGE('',*,*,#1176,.T.);
#1676=ORIENTED_EDGE('',*,*,#1232,.T.);
#1677=ORIENTED_EDGE('',*,*,#1230,.T.);
#1678=ORIENTED_EDGE('',*,*,#1147,.F.);
#1679=ORIENTED_EDGE('',*,*,#1205,.T.);
#1680=ORIENTED_EDGE('',*,*,#1233,.T.);
#1681=ORIENTED_EDGE('',*,*,#1234,.T.);
#1682=ORIENTED_EDGE('',*,*,#1177,.F.);
#1683=ORIENTED_EDGE('',*,*,#1191,.T.);
#1684=ORIENTED_EDGE('',*,*,#1235,.F.);
#1685=ORIENTED_EDGE('',*,*,#1222,.T.);
#1686=ORIENTED_EDGE('',*,*,#1225,.F.);
#1687=ORIENTED_EDGE('',*,*,#1227,.F.);
#1688=ORIENTED_EDGE('',*,*,#1229,.F.);
#1689=ORIENTED_EDGE('',*,*,#1231,.F.);
#1690=ORIENTED_EDGE('',*,*,#1232,.F.);
#1691=ORIENTED_EDGE('',*,*,#1175,.T.);
#1692=ORIENTED_EDGE('',*,*,#1236,.F.);
#1693=ORIENTED_EDGE('',*,*,#1237,.F.);
#1694=ORIENTED_EDGE('',*,*,#1238,.F.);
#1695=ORIENTED_EDGE('',*,*,#1239,.F.);
#1696=ORIENTED_EDGE('',*,*,#1100,.F.);
#1697=ORIENTED_EDGE('',*,*,#1240,.F.);
#1698=ORIENTED_EDGE('',*,*,#1241,.F.);
#1699=ORIENTED_EDGE('',*,*,#1242,.F.);
#1700=ORIENTED_EDGE('',*,*,#1243,.F.);
#1701=ORIENTED_EDGE('',*,*,#1211,.F.);
#1702=ORIENTED_EDGE('',*,*,#1223,.T.);
#1703=ORIENTED_EDGE('',*,*,#1235,.T.);
#1704=ORIENTED_EDGE('',*,*,#1190,.T.);
#1705=ORIENTED_EDGE('',*,*,#1237,.T.);
#1706=ORIENTED_EDGE('',*,*,#1244,.T.);
#1707=ORIENTED_EDGE('',*,*,#1133,.T.);
#1708=ORIENTED_EDGE('',*,*,#1245,.T.);
#1709=ORIENTED_EDGE('',*,*,#1238,.T.);
#1710=ORIENTED_EDGE('',*,*,#1245,.F.);
#1711=ORIENTED_EDGE('',*,*,#1132,.T.);
#1712=ORIENTED_EDGE('',*,*,#1246,.T.);
#1713=ORIENTED_EDGE('',*,*,#1239,.T.);
#1714=ORIENTED_EDGE('',*,*,#1246,.F.);
#1715=ORIENTED_EDGE('',*,*,#1131,.T.);
#1716=ORIENTED_EDGE('',*,*,#1247,.T.);
#1717=ORIENTED_EDGE('',*,*,#1236,.T.);
#1718=ORIENTED_EDGE('',*,*,#1247,.F.);
#1719=ORIENTED_EDGE('',*,*,#1130,.T.);
#1720=ORIENTED_EDGE('',*,*,#1244,.F.);
#1721=ORIENTED_EDGE('',*,*,#1242,.T.);
#1722=ORIENTED_EDGE('',*,*,#1248,.T.);
#1723=ORIENTED_EDGE('',*,*,#1136,.T.);
#1724=ORIENTED_EDGE('',*,*,#1249,.T.);
#1725=ORIENTED_EDGE('',*,*,#1243,.T.);
#1726=ORIENTED_EDGE('',*,*,#1249,.F.);
#1727=ORIENTED_EDGE('',*,*,#1135,.T.);
#1728=ORIENTED_EDGE('',*,*,#1250,.T.);
#1729=ORIENTED_EDGE('',*,*,#1240,.T.);
#1730=ORIENTED_EDGE('',*,*,#1250,.F.);
#1731=ORIENTED_EDGE('',*,*,#1134,.T.);
#1732=ORIENTED_EDGE('',*,*,#1251,.T.);
#1733=ORIENTED_EDGE('',*,*,#1241,.T.);
#1734=ORIENTED_EDGE('',*,*,#1251,.F.);
#1735=ORIENTED_EDGE('',*,*,#1137,.T.);
#1736=ORIENTED_EDGE('',*,*,#1248,.F.);
#1737=ORIENTED_EDGE('',*,*,#1252,.F.);
#1738=ORIENTED_EDGE('',*,*,#1253,.F.);
#1739=ORIENTED_EDGE('',*,*,#1254,.F.);
#1740=ORIENTED_EDGE('',*,*,#1233,.F.);
#1741=ORIENTED_EDGE('',*,*,#1204,.T.);
#1742=ORIENTED_EDGE('',*,*,#1255,.F.);
#1743=ORIENTED_EDGE('',*,*,#1256,.F.);
#1744=ORIENTED_EDGE('',*,*,#1257,.F.);
#1745=ORIENTED_EDGE('',*,*,#1178,.F.);
#1746=ORIENTED_EDGE('',*,*,#1234,.F.);
#1747=ORIENTED_EDGE('',*,*,#1254,.T.);
#1748=ORIENTED_EDGE('',*,*,#1258,.F.);
#1749=ORIENTED_EDGE('',*,*,#1186,.F.);
#1750=ORIENTED_EDGE('',*,*,#1183,.F.);
#1751=ORIENTED_EDGE('',*,*,#1258,.T.);
#1752=ORIENTED_EDGE('',*,*,#1253,.T.);
#1753=ORIENTED_EDGE('',*,*,#1259,.F.);
#1754=ORIENTED_EDGE('',*,*,#1260,.F.);
#1755=ORIENTED_EDGE('',*,*,#1261,.T.);
#1756=ORIENTED_EDGE('',*,*,#1255,.T.);
#1757=ORIENTED_EDGE('',*,*,#1203,.T.);
#1758=ORIENTED_EDGE('',*,*,#1140,.F.);
#1759=ORIENTED_EDGE('',*,*,#1154,.T.);
#1760=ORIENTED_EDGE('',*,*,#1187,.F.);
#1761=ORIENTED_EDGE('',*,*,#1252,.T.);
#1762=ORIENTED_EDGE('',*,*,#1262,.F.);
#1763=ORIENTED_EDGE('',*,*,#1263,.F.);
#1764=ORIENTED_EDGE('',*,*,#1259,.T.);
#1765=ORIENTED_EDGE('',*,*,#1257,.T.);
#1766=ORIENTED_EDGE('',*,*,#1264,.F.);
#1767=ORIENTED_EDGE('',*,*,#1265,.F.);
#1768=ORIENTED_EDGE('',*,*,#1262,.T.);
#1769=ORIENTED_EDGE('',*,*,#1256,.T.);
#1770=ORIENTED_EDGE('',*,*,#1261,.F.);
#1771=ORIENTED_EDGE('',*,*,#1266,.F.);
#1772=ORIENTED_EDGE('',*,*,#1264,.T.);
#1773=ORIENTED_EDGE('',*,*,#1263,.T.);
#1774=ORIENTED_EDGE('',*,*,#1265,.T.);
#1775=ORIENTED_EDGE('',*,*,#1266,.T.);
#1776=ORIENTED_EDGE('',*,*,#1260,.T.);
#1777=ORIENTED_EDGE('',*,*,#1267,.F.);
#1778=ORIENTED_EDGE('',*,*,#1268,.T.);
#1779=ORIENTED_EDGE('',*,*,#1269,.F.);
#1780=ORIENTED_EDGE('',*,*,#1270,.F.);
#1781=ORIENTED_EDGE('',*,*,#1271,.F.);
#1782=ORIENTED_EDGE('',*,*,#1272,.T.);
#1783=ORIENTED_EDGE('',*,*,#1273,.F.);
#1784=ORIENTED_EDGE('',*,*,#1268,.F.);
#1785=ORIENTED_EDGE('',*,*,#1274,.F.);
#1786=ORIENTED_EDGE('',*,*,#1275,.T.);
#1787=ORIENTED_EDGE('',*,*,#1276,.F.);
#1788=ORIENTED_EDGE('',*,*,#1272,.F.);
#1789=ORIENTED_EDGE('',*,*,#1277,.F.);
#1790=ORIENTED_EDGE('',*,*,#1278,.T.);
#1791=ORIENTED_EDGE('',*,*,#1279,.F.);
#1792=ORIENTED_EDGE('',*,*,#1275,.F.);
#1793=ORIENTED_EDGE('',*,*,#1280,.F.);
#1794=ORIENTED_EDGE('',*,*,#1281,.T.);
#1795=ORIENTED_EDGE('',*,*,#1282,.F.);
#1796=ORIENTED_EDGE('',*,*,#1278,.F.);
#1797=ORIENTED_EDGE('',*,*,#1283,.F.);
#1798=ORIENTED_EDGE('',*,*,#1284,.T.);
#1799=ORIENTED_EDGE('',*,*,#1285,.F.);
#1800=ORIENTED_EDGE('',*,*,#1281,.F.);
#1801=ORIENTED_EDGE('',*,*,#1286,.F.);
#1802=ORIENTED_EDGE('',*,*,#1287,.T.);
#1803=ORIENTED_EDGE('',*,*,#1288,.F.);
#1804=ORIENTED_EDGE('',*,*,#1284,.F.);
#1805=ORIENTED_EDGE('',*,*,#1289,.F.);
#1806=ORIENTED_EDGE('',*,*,#1290,.T.);
#1807=ORIENTED_EDGE('',*,*,#1291,.F.);
#1808=ORIENTED_EDGE('',*,*,#1287,.F.);
#1809=ORIENTED_EDGE('',*,*,#1292,.F.);
#1810=ORIENTED_EDGE('',*,*,#1293,.T.);
#1811=ORIENTED_EDGE('',*,*,#1294,.F.);
#1812=ORIENTED_EDGE('',*,*,#1290,.F.);
#1813=ORIENTED_EDGE('',*,*,#1295,.F.);
#1814=ORIENTED_EDGE('',*,*,#1296,.T.);
#1815=ORIENTED_EDGE('',*,*,#1297,.F.);
#1816=ORIENTED_EDGE('',*,*,#1293,.F.);
#1817=ORIENTED_EDGE('',*,*,#1298,.F.);
#1818=ORIENTED_EDGE('',*,*,#1299,.T.);
#1819=ORIENTED_EDGE('',*,*,#1300,.F.);
#1820=ORIENTED_EDGE('',*,*,#1296,.F.);
#1821=ORIENTED_EDGE('',*,*,#1301,.F.);
#1822=ORIENTED_EDGE('',*,*,#1270,.T.);
#1823=ORIENTED_EDGE('',*,*,#1302,.F.);
#1824=ORIENTED_EDGE('',*,*,#1299,.F.);
#1825=ORIENTED_EDGE('',*,*,#1303,.F.);
#1826=ORIENTED_EDGE('',*,*,#1304,.T.);
#1827=ORIENTED_EDGE('',*,*,#1305,.F.);
#1828=ORIENTED_EDGE('',*,*,#1306,.F.);
#1829=ORIENTED_EDGE('',*,*,#1307,.F.);
#1830=ORIENTED_EDGE('',*,*,#1306,.T.);
#1831=ORIENTED_EDGE('',*,*,#1308,.F.);
#1832=ORIENTED_EDGE('',*,*,#1309,.F.);
#1833=ORIENTED_EDGE('',*,*,#1310,.F.);
#1834=ORIENTED_EDGE('',*,*,#1309,.T.);
#1835=ORIENTED_EDGE('',*,*,#1311,.F.);
#1836=ORIENTED_EDGE('',*,*,#1312,.F.);
#1837=ORIENTED_EDGE('',*,*,#1313,.F.);
#1838=ORIENTED_EDGE('',*,*,#1312,.T.);
#1839=ORIENTED_EDGE('',*,*,#1314,.F.);
#1840=ORIENTED_EDGE('',*,*,#1315,.F.);
#1841=ORIENTED_EDGE('',*,*,#1316,.F.);
#1842=ORIENTED_EDGE('',*,*,#1315,.T.);
#1843=ORIENTED_EDGE('',*,*,#1317,.F.);
#1844=ORIENTED_EDGE('',*,*,#1318,.F.);
#1845=ORIENTED_EDGE('',*,*,#1319,.F.);
#1846=ORIENTED_EDGE('',*,*,#1318,.T.);
#1847=ORIENTED_EDGE('',*,*,#1320,.F.);
#1848=ORIENTED_EDGE('',*,*,#1321,.F.);
#1849=ORIENTED_EDGE('',*,*,#1322,.F.);
#1850=ORIENTED_EDGE('',*,*,#1321,.T.);
#1851=ORIENTED_EDGE('',*,*,#1323,.F.);
#1852=ORIENTED_EDGE('',*,*,#1324,.F.);
#1853=ORIENTED_EDGE('',*,*,#1325,.F.);
#1854=ORIENTED_EDGE('',*,*,#1324,.T.);
#1855=ORIENTED_EDGE('',*,*,#1326,.F.);
#1856=ORIENTED_EDGE('',*,*,#1304,.F.);
#1857=ORIENTED_EDGE('',*,*,#1325,.T.);
#1858=ORIENTED_EDGE('',*,*,#1303,.T.);
#1859=ORIENTED_EDGE('',*,*,#1307,.T.);
#1860=ORIENTED_EDGE('',*,*,#1310,.T.);
#1861=ORIENTED_EDGE('',*,*,#1313,.T.);
#1862=ORIENTED_EDGE('',*,*,#1316,.T.);
#1863=ORIENTED_EDGE('',*,*,#1319,.T.);
#1864=ORIENTED_EDGE('',*,*,#1322,.T.);
#1865=ORIENTED_EDGE('',*,*,#1267,.T.);
#1866=ORIENTED_EDGE('',*,*,#1301,.T.);
#1867=ORIENTED_EDGE('',*,*,#1298,.T.);
#1868=ORIENTED_EDGE('',*,*,#1295,.T.);
#1869=ORIENTED_EDGE('',*,*,#1292,.T.);
#1870=ORIENTED_EDGE('',*,*,#1289,.T.);
#1871=ORIENTED_EDGE('',*,*,#1286,.T.);
#1872=ORIENTED_EDGE('',*,*,#1283,.T.);
#1873=ORIENTED_EDGE('',*,*,#1280,.T.);
#1874=ORIENTED_EDGE('',*,*,#1277,.T.);
#1875=ORIENTED_EDGE('',*,*,#1274,.T.);
#1876=ORIENTED_EDGE('',*,*,#1271,.T.);
#1877=ORIENTED_EDGE('',*,*,#1326,.T.);
#1878=ORIENTED_EDGE('',*,*,#1323,.T.);
#1879=ORIENTED_EDGE('',*,*,#1320,.T.);
#1880=ORIENTED_EDGE('',*,*,#1317,.T.);
#1881=ORIENTED_EDGE('',*,*,#1314,.T.);
#1882=ORIENTED_EDGE('',*,*,#1311,.T.);
#1883=ORIENTED_EDGE('',*,*,#1308,.T.);
#1884=ORIENTED_EDGE('',*,*,#1305,.T.);
#1885=ORIENTED_EDGE('',*,*,#1269,.T.);
#1886=ORIENTED_EDGE('',*,*,#1273,.T.);
#1887=ORIENTED_EDGE('',*,*,#1276,.T.);
#1888=ORIENTED_EDGE('',*,*,#1279,.T.);
#1889=ORIENTED_EDGE('',*,*,#1282,.T.);
#1890=ORIENTED_EDGE('',*,*,#1285,.T.);
#1891=ORIENTED_EDGE('',*,*,#1288,.T.);
#1892=ORIENTED_EDGE('',*,*,#1291,.T.);
#1893=ORIENTED_EDGE('',*,*,#1294,.T.);
#1894=ORIENTED_EDGE('',*,*,#1297,.T.);
#1895=ORIENTED_EDGE('',*,*,#1300,.T.);
#1896=ORIENTED_EDGE('',*,*,#1302,.T.);
#1897=PLANE('',#2099);
#1898=PLANE('',#2100);
#1899=PLANE('',#2101);
#1900=PLANE('',#2102);
#1901=PLANE('',#2103);
#1902=PLANE('',#2104);
#1903=PLANE('',#2105);
#1904=PLANE('',#2106);
#1905=PLANE('',#2107);
#1906=PLANE('',#2108);
#1907=PLANE('',#2109);
#1908=PLANE('',#2110);
#1909=PLANE('',#2111);
#1910=PLANE('',#2112);
#1911=PLANE('',#2113);
#1912=PLANE('',#2114);
#1913=PLANE('',#2115);
#1914=PLANE('',#2116);
#1915=PLANE('',#2117);
#1916=PLANE('',#2118);
#1917=PLANE('',#2119);
#1918=PLANE('',#2120);
#1919=PLANE('',#2121);
#1920=PLANE('',#2122);
#1921=PLANE('',#2123);
#1922=PLANE('',#2124);
#1923=PLANE('',#2125);
#1924=PLANE('',#2126);
#1925=PLANE('',#2133);
#1926=PLANE('',#2156);
#1927=PLANE('',#2159);
#1928=PLANE('',#2160);
#1929=PLANE('',#2174);
#1930=PLANE('',#2177);
#1931=PLANE('',#2184);
#1932=PLANE('',#2198);
#1933=PLANE('',#2218);
#1934=PLANE('',#2220);
#1935=PLANE('',#2239);
#1936=PLANE('',#2242);
#1937=PLANE('',#2245);
#1938=PLANE('',#2248);
#1939=PLANE('',#2251);
#1940=PLANE('',#2252);
#1941=PLANE('',#2253);
#1942=PLANE('',#2254);
#1943=PLANE('',#2255);
#1944=PLANE('',#2256);
#1945=PLANE('',#2257);
#1946=PLANE('',#2258);
#1947=PLANE('',#2259);
#1948=PLANE('',#2260);
#1949=PLANE('',#2261);
#1950=PLANE('',#2262);
#1951=PLANE('',#2263);
#1952=PLANE('',#2264);
#1953=PLANE('',#2265);
#1954=PLANE('',#2267);
#1955=PLANE('',#2268);
#1956=PLANE('',#2272);
#1957=PLANE('',#2276);
#1958=PLANE('',#2277);
#1959=PLANE('',#2278);
#1960=PLANE('',#2282);
#1961=PLANE('',#2283);
#1962=PLANE('',#2284);
#1963=PLANE('',#2285);
#1964=PLANE('',#2289);
#1965=PLANE('',#2293);
#1966=PLANE('',#2297);
#1967=PLANE('',#2301);
#1968=PLANE('',#2302);
#1969=ADVANCED_FACE('',(#196),#1897,.T.);
#1970=ADVANCED_FACE('',(#197),#1898,.T.);
#1971=ADVANCED_FACE('',(#198),#1899,.T.);
#1972=ADVANCED_FACE('',(#199),#1900,.T.);
#1973=ADVANCED_FACE('',(#200),#1901,.F.);
#1974=ADVANCED_FACE('',(#201),#1902,.F.);
#1975=ADVANCED_FACE('',(#202),#1903,.F.);
#1976=ADVANCED_FACE('',(#203),#1904,.T.);
#1977=ADVANCED_FACE('',(#204),#1905,.T.);
#1978=ADVANCED_FACE('',(#205),#1906,.T.);
#1979=ADVANCED_FACE('',(#206),#1907,.T.);
#1980=ADVANCED_FACE('',(#207),#1908,.T.);
#1981=ADVANCED_FACE('',(#208),#1909,.F.);
#1982=ADVANCED_FACE('',(#209),#1910,.F.);
#1983=ADVANCED_FACE('',(#210),#1911,.F.);
#1984=ADVANCED_FACE('',(#211),#1912,.F.);
#1985=ADVANCED_FACE('',(#212),#1913,.T.);
#1986=ADVANCED_FACE('',(#213),#1914,.T.);
#1987=ADVANCED_FACE('',(#214),#1915,.T.);
#1988=ADVANCED_FACE('',(#215),#1916,.T.);
#1989=ADVANCED_FACE('',(#216),#1917,.T.);
#1990=ADVANCED_FACE('',(#217),#1918,.F.);
#1991=ADVANCED_FACE('',(#218),#1919,.F.);
#1992=ADVANCED_FACE('',(#219),#1920,.F.);
#1993=ADVANCED_FACE('',(#220),#1921,.T.);
#1994=ADVANCED_FACE('',(#221),#1922,.T.);
#1995=ADVANCED_FACE('',(#222),#1923,.T.);
#1996=ADVANCED_FACE('',(#223),#1924,.T.);
#1997=ADVANCED_FACE('',(#224,#82),#168,.T.);
#1998=ADVANCED_FACE('',(#225,#83),#46,.T.);
#1999=ADVANCED_FACE('',(#226),#1925,.T.);
#2000=ADVANCED_FACE('',(#227),#47,.F.);
#2001=ADVANCED_FACE('',(#228),#48,.F.);
#2002=ADVANCED_FACE('',(#229),#34,.F.);
#2003=ADVANCED_FACE('',(#230),#49,.F.);
#2004=ADVANCED_FACE('',(#231),#35,.F.);
#2005=ADVANCED_FACE('',(#232),#50,.F.);
#2006=ADVANCED_FACE('',(#233),#36,.F.);
#2007=ADVANCED_FACE('',(#234),#37,.F.);
#2008=ADVANCED_FACE('',(#235),#51,.F.);
#2009=ADVANCED_FACE('',(#236),#1926,.F.);
#2010=ADVANCED_FACE('',(#237),#52,.F.);
#2011=ADVANCED_FACE('',(#238),#1927,.F.);
#2012=ADVANCED_FACE('',(#239,#84,#85),#1928,.F.);
#2013=ADVANCED_FACE('',(#240),#53,.T.);
#2014=ADVANCED_FACE('',(#241),#54,.T.);
#2015=ADVANCED_FACE('',(#242),#38,.T.);
#2016=ADVANCED_FACE('',(#243),#55,.T.);
#2017=ADVANCED_FACE('',(#244),#39,.T.);
#2018=ADVANCED_FACE('',(#245),#1929,.F.);
#2019=ADVANCED_FACE('',(#246),#56,.T.);
#2020=ADVANCED_FACE('',(#247),#1930,.F.);
#2021=ADVANCED_FACE('',(#248),#57,.T.);
#2022=ADVANCED_FACE('',(#249),#1931,.F.);
#2023=ADVANCED_FACE('',(#250),#58,.T.);
#2024=ADVANCED_FACE('',(#251),#59,.T.);
#2025=ADVANCED_FACE('',(#252),#40,.T.);
#2026=ADVANCED_FACE('',(#253),#60,.T.);
#2027=ADVANCED_FACE('',(#254),#41,.T.);
#2028=ADVANCED_FACE('',(#255),#1932,.F.);
#2029=ADVANCED_FACE('',(#256),#61,.T.);
#2030=ADVANCED_FACE('',(#257),#62,.T.);
#2031=ADVANCED_FACE('',(#258),#30,.T.);
#2032=ADVANCED_FACE('',(#259),#63,.T.);
#2033=ADVANCED_FACE('',(#260),#31,.T.);
#2034=ADVANCED_FACE('',(#261),#64,.T.);
#2035=ADVANCED_FACE('',(#262),#32,.T.);
#2036=ADVANCED_FACE('',(#263),#65,.T.);
#2037=ADVANCED_FACE('',(#264),#33,.T.);
#2038=ADVANCED_FACE('',(#265),#1933,.F.);
#2039=ADVANCED_FACE('',(#266),#66,.F.);
#2040=ADVANCED_FACE('',(#267),#1934,.F.);
#2041=ADVANCED_FACE('',(#268),#67,.F.);
#2042=ADVANCED_FACE('',(#269),#68,.T.);
#2043=ADVANCED_FACE('',(#270),#42,.T.);
#2044=ADVANCED_FACE('',(#271),#69,.T.);
#2045=ADVANCED_FACE('',(#272),#43,.T.);
#2046=ADVANCED_FACE('',(#273),#70,.T.);
#2047=ADVANCED_FACE('',(#274),#44,.T.);
#2048=ADVANCED_FACE('',(#275),#45,.T.);
#2049=ADVANCED_FACE('',(#276),#1935,.F.);
#2050=ADVANCED_FACE('',(#277),#71,.T.);
#2051=ADVANCED_FACE('',(#278),#1936,.F.);
#2052=ADVANCED_FACE('',(#279),#72,.T.);
#2053=ADVANCED_FACE('',(#280),#1937,.T.);
#2054=ADVANCED_FACE('',(#281),#73,.T.);
#2055=ADVANCED_FACE('',(#282,#86,#87,#88),#1938,.F.);
#2056=ADVANCED_FACE('',(#283),#74,.T.);
#2057=ADVANCED_FACE('',(#284),#1939,.F.);
#2058=ADVANCED_FACE('',(#285),#1940,.F.);
#2059=ADVANCED_FACE('',(#286),#1941,.F.);
#2060=ADVANCED_FACE('',(#287),#1942,.F.);
#2061=ADVANCED_FACE('',(#288),#1943,.F.);
#2062=ADVANCED_FACE('',(#289),#1944,.F.);
#2063=ADVANCED_FACE('',(#290),#1945,.F.);
#2064=ADVANCED_FACE('',(#291),#1946,.F.);
#2065=ADVANCED_FACE('',(#292),#1947,.F.);
#2066=ADVANCED_FACE('',(#293),#1948,.F.);
#2067=ADVANCED_FACE('',(#294),#1949,.F.);
#2068=ADVANCED_FACE('',(#295),#1950,.F.);
#2069=ADVANCED_FACE('',(#296),#1951,.F.);
#2070=ADVANCED_FACE('',(#297),#1952,.F.);
#2071=ADVANCED_FACE('',(#298),#1953,.T.);
#2072=ADVANCED_FACE('',(#299),#1954,.F.);
#2073=ADVANCED_FACE('',(#300),#1955,.F.);
#2074=ADVANCED_FACE('',(#301),#75,.T.);
#2075=ADVANCED_FACE('',(#302),#1956,.F.);
#2076=ADVANCED_FACE('',(#303),#76,.T.);
#2077=ADVANCED_FACE('',(#304),#1957,.F.);
#2078=ADVANCED_FACE('',(#305),#1958,.F.);
#2079=ADVANCED_FACE('',(#306),#1959,.F.);
#2080=ADVANCED_FACE('',(#307),#77,.F.);
#2081=ADVANCED_FACE('',(#308),#1960,.F.);
#2082=ADVANCED_FACE('',(#309),#1961,.F.);
#2083=ADVANCED_FACE('',(#310),#1962,.F.);
#2084=ADVANCED_FACE('',(#311),#1963,.T.);
#2085=ADVANCED_FACE('',(#312),#78,.T.);
#2086=ADVANCED_FACE('',(#313),#1964,.T.);
#2087=ADVANCED_FACE('',(#314),#79,.T.);
#2088=ADVANCED_FACE('',(#315),#1965,.T.);
#2089=ADVANCED_FACE('',(#316),#80,.T.);
#2090=ADVANCED_FACE('',(#317),#1966,.T.);
#2091=ADVANCED_FACE('',(#318),#81,.T.);
#2092=ADVANCED_FACE('',(#319,#89),#1967,.F.);
#2093=ADVANCED_FACE('',(#320,#90),#1968,.T.);
#2094=CLOSED_SHELL('',(#1969,#1970,#1971,#1972,#1973,#1974,#1975,#1976,
#1977,#1978,#1979,#1980,#1981,#1982));
#2095=CLOSED_SHELL('',(#1983,#1984,#1985,#1986,#1987,#1988,#1989,#1990,
#1991,#1992,#1993,#1994,#1995,#1996));
#2096=CLOSED_SHELL('',(#1997,#1998,#1999,#2000,#2001,#2002,#2003,#2004,
#2005,#2006,#2007,#2008,#2009,#2010,#2011,#2012,#2013,#2014,#2015,#2016,
#2017,#2018,#2019,#2020,#2021,#2022,#2023,#2024,#2025,#2026,#2027,#2028,
#2029,#2030,#2031,#2032,#2033,#2034,#2035,#2036,#2037,#2038,#2039,#2040,
#2041,#2042,#2043,#2044,#2045,#2046,#2047,#2048,#2049,#2050,#2051,#2052,
#2053,#2054,#2055,#2056,#2057,#2058,#2059,#2060,#2061,#2062,#2063,#2064,
#2065,#2066,#2067,#2068,#2069,#2070,#2071));
#2097=CLOSED_SHELL('',(#2072,#2073,#2074,#2075,#2076,#2077,#2078,#2079,
#2080,#2081,#2082,#2083,#2084,#2085,#2086,#2087,#2088,#2089,#2090,#2091,
#2092,#2093));
#2098=AXIS2_PLACEMENT_3D('placement',#2939,#2309,#2310);
#2099=AXIS2_PLACEMENT_3D('',#2940,#2311,#2312);
#2100=AXIS2_PLACEMENT_3D('',#2949,#2317,#2318);
#2101=AXIS2_PLACEMENT_3D('',#2955,#2322,#2323);
#2102=AXIS2_PLACEMENT_3D('',#2961,#2327,#2328);
#2103=AXIS2_PLACEMENT_3D('',#2964,#2331,#2332);
#2104=AXIS2_PLACEMENT_3D('',#2970,#2336,#2337);
#2105=AXIS2_PLACEMENT_3D('',#2974,#2340,#2341);
#2106=AXIS2_PLACEMENT_3D('',#2975,#2342,#2343);
#2107=AXIS2_PLACEMENT_3D('',#2981,#2347,#2348);
#2108=AXIS2_PLACEMENT_3D('',#2985,#2351,#2352);
#2109=AXIS2_PLACEMENT_3D('',#2991,#2356,#2357);
#2110=AXIS2_PLACEMENT_3D('',#2994,#2360,#2361);
#2111=AXIS2_PLACEMENT_3D('',#2995,#2362,#2363);
#2112=AXIS2_PLACEMENT_3D('',#2997,#2365,#2366);
#2113=AXIS2_PLACEMENT_3D('',#2998,#2367,#2368);
#2114=AXIS2_PLACEMENT_3D('',#3007,#2373,#2374);
#2115=AXIS2_PLACEMENT_3D('',#3013,#2378,#2379);
#2116=AXIS2_PLACEMENT_3D('',#3022,#2384,#2385);
#2117=AXIS2_PLACEMENT_3D('',#3025,#2388,#2389);
#2118=AXIS2_PLACEMENT_3D('',#3027,#2391,#2392);
#2119=AXIS2_PLACEMENT_3D('',#3031,#2395,#2396);
#2120=AXIS2_PLACEMENT_3D('',#3033,#2398,#2399);
#2121=AXIS2_PLACEMENT_3D('',#3042,#2404,#2405);
#2122=AXIS2_PLACEMENT_3D('',#3046,#2408,#2409);
#2123=AXIS2_PLACEMENT_3D('',#3048,#2411,#2412);
#2124=AXIS2_PLACEMENT_3D('',#3051,#2415,#2416);
#2125=AXIS2_PLACEMENT_3D('',#3053,#2418,#2419);
#2126=AXIS2_PLACEMENT_3D('',#3055,#2421,#2422);
#2127=AXIS2_PLACEMENT_3D('placement',#3056,#2423,#2424);
#2128=AXIS2_PLACEMENT_3D('',#3057,#2425,#2426);
#2129=AXIS2_PLACEMENT_3D('',#3059,#2427,#2428);
#2130=AXIS2_PLACEMENT_3D('',#3061,#2429,#2430);
#2131=AXIS2_PLACEMENT_3D('',#3062,#2431,#2432);
#2132=AXIS2_PLACEMENT_3D('',#3064,#2433,#2434);
#2133=AXIS2_PLACEMENT_3D('',#3065,#2435,#2436);
#2134=AXIS2_PLACEMENT_3D('',#3066,#2437,#2438);
#2135=AXIS2_PLACEMENT_3D('',#3069,#2439,#2440);
#2136=AXIS2_PLACEMENT_3D('',#3073,#2442,#2443);
#2137=AXIS2_PLACEMENT_3D('',#3075,#2445,#2446);
#2138=AXIS2_PLACEMENT_3D('',#3077,#2447,#2448);
#2139=AXIS2_PLACEMENT_3D('',#3081,#2450,#2451);
#2140=AXIS2_PLACEMENT_3D('',#3083,#2453,#2454);
#2141=AXIS2_PLACEMENT_3D('',#3084,#2455,#2456);
#2142=AXIS2_PLACEMENT_3D('',#3085,#2457,#2458);
#2143=AXIS2_PLACEMENT_3D('',#3087,#2459,#2460);
#2144=AXIS2_PLACEMENT_3D('',#3091,#2462,#2463);
#2145=AXIS2_PLACEMENT_3D('',#3093,#2465,#2466);
#2146=AXIS2_PLACEMENT_3D('',#3094,#2467,#2468);
#2147=AXIS2_PLACEMENT_3D('',#3095,#2469,#2470);
#2148=AXIS2_PLACEMENT_3D('',#3097,#2471,#2472);
#2149=AXIS2_PLACEMENT_3D('',#3100,#2474,#2475);
#2150=AXIS2_PLACEMENT_3D('',#3102,#2477,#2478);
#2151=AXIS2_PLACEMENT_3D('',#3103,#2479,#2480);
#2152=AXIS2_PLACEMENT_3D('',#3104,#2481,#2482);
#2153=AXIS2_PLACEMENT_3D('',#3105,#2483,#2484);
#2154=AXIS2_PLACEMENT_3D('',#3106,#2485,#2486);
#2155=AXIS2_PLACEMENT_3D('',#3110,#2488,#2489);
#2156=AXIS2_PLACEMENT_3D('',#3112,#2491,#2492);
#2157=AXIS2_PLACEMENT_3D('',#3116,#2495,#2496);
#2158=AXIS2_PLACEMENT_3D('',#3119,#2498,#2499);
#2159=AXIS2_PLACEMENT_3D('',#3120,#2500,#2501);
#2160=AXIS2_PLACEMENT_3D('',#3124,#2504,#2505);
#2161=AXIS2_PLACEMENT_3D('',#3141,#2514,#2515);
#2162=AXIS2_PLACEMENT_3D('',#3144,#2516,#2517);
#2163=AXIS2_PLACEMENT_3D('',#3148,#2519,#2520);
#2164=AXIS2_PLACEMENT_3D('',#3150,#2522,#2523);
#2165=AXIS2_PLACEMENT_3D('',#3153,#2524,#2525);
#2166=AXIS2_PLACEMENT_3D('',#3156,#2527,#2528);
#2167=AXIS2_PLACEMENT_3D('',#3158,#2530,#2531);
#2168=AXIS2_PLACEMENT_3D('',#3159,#2532,#2533);
#2169=AXIS2_PLACEMENT_3D('',#3160,#2534,#2535);
#2170=AXIS2_PLACEMENT_3D('',#3163,#2536,#2537);
#2171=AXIS2_PLACEMENT_3D('',#3166,#2539,#2540);
#2172=AXIS2_PLACEMENT_3D('',#3168,#2542,#2543);
#2173=AXIS2_PLACEMENT_3D('',#3169,#2544,#2545);
#2174=AXIS2_PLACEMENT_3D('',#3170,#2546,#2547);
#2175=AXIS2_PLACEMENT_3D('',#3179,#2553,#2554);
#2176=AXIS2_PLACEMENT_3D('',#3182,#2556,#2557);
#2177=AXIS2_PLACEMENT_3D('',#3183,#2558,#2559);
#2178=AXIS2_PLACEMENT_3D('',#3199,#2567,#2568);
#2179=AXIS2_PLACEMENT_3D('',#3203,#2570,#2571);
#2180=AXIS2_PLACEMENT_3D('',#3207,#2573,#2574);
#2181=AXIS2_PLACEMENT_3D('',#3210,#2576,#2577);
#2182=AXIS2_PLACEMENT_3D('',#3211,#2578,#2579);
#2183=AXIS2_PLACEMENT_3D('',#3214,#2581,#2582);
#2184=AXIS2_PLACEMENT_3D('',#3215,#2583,#2584);
#2185=AXIS2_PLACEMENT_3D('',#3219,#2587,#2588);
#2186=AXIS2_PLACEMENT_3D('',#3222,#2589,#2590);
#2187=AXIS2_PLACEMENT_3D('',#3226,#2592,#2593);
#2188=AXIS2_PLACEMENT_3D('',#3228,#2595,#2596);
#2189=AXIS2_PLACEMENT_3D('',#3230,#2597,#2598);
#2190=AXIS2_PLACEMENT_3D('',#3231,#2599,#2600);
#2191=AXIS2_PLACEMENT_3D('',#3233,#2602,#2603);
#2192=AXIS2_PLACEMENT_3D('',#3234,#2604,#2605);
#2193=AXIS2_PLACEMENT_3D('',#3235,#2606,#2607);
#2194=AXIS2_PLACEMENT_3D('',#3236,#2608,#2609);
#2195=AXIS2_PLACEMENT_3D('',#3239,#2611,#2612);
#2196=AXIS2_PLACEMENT_3D('',#3240,#2613,#2614);
#2197=AXIS2_PLACEMENT_3D('',#3241,#2615,#2616);
#2198=AXIS2_PLACEMENT_3D('',#3242,#2617,#2618);
#2199=AXIS2_PLACEMENT_3D('',#3248,#2622,#2623);
#2200=AXIS2_PLACEMENT_3D('',#3249,#2624,#2625);
#2201=AXIS2_PLACEMENT_3D('',#3250,#2626,#2627);
#2202=AXIS2_PLACEMENT_3D('',#3251,#2628,#2629);
#2203=AXIS2_PLACEMENT_3D('',#3252,#2630,#2631);
#2204=AXIS2_PLACEMENT_3D('',#3254,#2632,#2633);
#2205=AXIS2_PLACEMENT_3D('',#3255,#2634,#2635);
#2206=AXIS2_PLACEMENT_3D('',#3256,#2636,#2637);
#2207=AXIS2_PLACEMENT_3D('',#3258,#2638,#2639);
#2208=AXIS2_PLACEMENT_3D('',#3260,#2641,#2642);
#2209=AXIS2_PLACEMENT_3D('',#3261,#2643,#2644);
#2210=AXIS2_PLACEMENT_3D('',#3262,#2645,#2646);
#2211=AXIS2_PLACEMENT_3D('',#3263,#2647,#2648);
#2212=AXIS2_PLACEMENT_3D('',#3264,#2649,#2650);
#2213=AXIS2_PLACEMENT_3D('',#3265,#2651,#2652);
#2214=AXIS2_PLACEMENT_3D('',#3266,#2653,#2654);
#2215=AXIS2_PLACEMENT_3D('',#3267,#2655,#2656);
#2216=AXIS2_PLACEMENT_3D('',#3268,#2657,#2658);
#2217=AXIS2_PLACEMENT_3D('',#3269,#2659,#2660);
#2218=AXIS2_PLACEMENT_3D('',#3270,#2661,#2662);
#2219=AXIS2_PLACEMENT_3D('',#3276,#2666,#2667);
#2220=AXIS2_PLACEMENT_3D('',#3278,#2669,#2670);
#2221=AXIS2_PLACEMENT_3D('',#3280,#2672,#2673);
#2222=AXIS2_PLACEMENT_3D('',#3281,#2674,#2675);
#2223=AXIS2_PLACEMENT_3D('',#3283,#2676,#2677);
#2224=AXIS2_PLACEMENT_3D('',#3286,#2679,#2680);
#2225=AXIS2_PLACEMENT_3D('',#3287,#2681,#2682);
#2226=AXIS2_PLACEMENT_3D('',#3288,#2683,#2684);
#2227=AXIS2_PLACEMENT_3D('',#3289,#2685,#2686);
#2228=AXIS2_PLACEMENT_3D('',#3291,#2687,#2688);
#2229=AXIS2_PLACEMENT_3D('',#3294,#2690,#2691);
#2230=AXIS2_PLACEMENT_3D('',#3295,#2692,#2693);
#2231=AXIS2_PLACEMENT_3D('',#3296,#2694,#2695);
#2232=AXIS2_PLACEMENT_3D('',#3297,#2696,#2697);
#2233=AXIS2_PLACEMENT_3D('',#3299,#2698,#2699);
#2234=AXIS2_PLACEMENT_3D('',#3301,#2700,#2701);
#2235=AXIS2_PLACEMENT_3D('',#3303,#2703,#2704);
#2236=AXIS2_PLACEMENT_3D('',#3304,#2705,#2706);
#2237=AXIS2_PLACEMENT_3D('',#3305,#2707,#2708);
#2238=AXIS2_PLACEMENT_3D('',#3306,#2709,#2710);
#2239=AXIS2_PLACEMENT_3D('',#3307,#2711,#2712);
#2240=AXIS2_PLACEMENT_3D('',#3313,#2716,#2717);
#2241=AXIS2_PLACEMENT_3D('',#3316,#2719,#2720);
#2242=AXIS2_PLACEMENT_3D('',#3317,#2721,#2722);
#2243=AXIS2_PLACEMENT_3D('',#3321,#2725,#2726);
#2244=AXIS2_PLACEMENT_3D('',#3324,#2728,#2729);
#2245=AXIS2_PLACEMENT_3D('',#3325,#2730,#2731);
#2246=AXIS2_PLACEMENT_3D('',#3329,#2734,#2735);
#2247=AXIS2_PLACEMENT_3D('',#3330,#2736,#2737);
#2248=AXIS2_PLACEMENT_3D('',#3331,#2738,#2739);
#2249=AXIS2_PLACEMENT_3D('',#3335,#2742,#2743);
#2250=AXIS2_PLACEMENT_3D('',#3352,#2752,#2753);
#2251=AXIS2_PLACEMENT_3D('',#3353,#2754,#2755);
#2252=AXIS2_PLACEMENT_3D('',#3356,#2758,#2759);
#2253=AXIS2_PLACEMENT_3D('',#3358,#2761,#2762);
#2254=AXIS2_PLACEMENT_3D('',#3360,#2764,#2765);
#2255=AXIS2_PLACEMENT_3D('',#3361,#2766,#2767);
#2256=AXIS2_PLACEMENT_3D('',#3364,#2770,#2771);
#2257=AXIS2_PLACEMENT_3D('',#3366,#2773,#2774);
#2258=AXIS2_PLACEMENT_3D('',#3368,#2776,#2777);
#2259=AXIS2_PLACEMENT_3D('',#3369,#2778,#2779);
#2260=AXIS2_PLACEMENT_3D('',#3381,#2786,#2787);
#2261=AXIS2_PLACEMENT_3D('',#3383,#2789,#2790);
#2262=AXIS2_PLACEMENT_3D('',#3389,#2794,#2795);
#2263=AXIS2_PLACEMENT_3D('',#3393,#2798,#2799);
#2264=AXIS2_PLACEMENT_3D('',#3397,#2802,#2803);
#2265=AXIS2_PLACEMENT_3D('',#3399,#2805,#2806);
#2266=AXIS2_PLACEMENT_3D('placement',#3400,#2807,#2808);
#2267=AXIS2_PLACEMENT_3D('',#3401,#2809,#2810);
#2268=AXIS2_PLACEMENT_3D('',#3410,#2815,#2816);
#2269=AXIS2_PLACEMENT_3D('',#3416,#2820,#2821);
#2270=AXIS2_PLACEMENT_3D('',#3418,#2822,#2823);
#2271=AXIS2_PLACEMENT_3D('',#3421,#2825,#2826);
#2272=AXIS2_PLACEMENT_3D('',#3422,#2827,#2828);
#2273=AXIS2_PLACEMENT_3D('',#3428,#2832,#2833);
#2274=AXIS2_PLACEMENT_3D('',#3430,#2834,#2835);
#2275=AXIS2_PLACEMENT_3D('',#3433,#2837,#2838);
#2276=AXIS2_PLACEMENT_3D('',#3434,#2839,#2840);
#2277=AXIS2_PLACEMENT_3D('',#3440,#2844,#2845);
#2278=AXIS2_PLACEMENT_3D('',#3446,#2849,#2850);
#2279=AXIS2_PLACEMENT_3D('',#3452,#2854,#2855);
#2280=AXIS2_PLACEMENT_3D('',#3454,#2856,#2857);
#2281=AXIS2_PLACEMENT_3D('',#3457,#2859,#2860);
#2282=AXIS2_PLACEMENT_3D('',#3458,#2861,#2862);
#2283=AXIS2_PLACEMENT_3D('',#3464,#2866,#2867);
#2284=AXIS2_PLACEMENT_3D('',#3470,#2871,#2872);
#2285=AXIS2_PLACEMENT_3D('',#3473,#2875,#2876);
#2286=AXIS2_PLACEMENT_3D('',#3482,#2881,#2882);
#2287=AXIS2_PLACEMENT_3D('',#3484,#2883,#2884);
#2288=AXIS2_PLACEMENT_3D('',#3486,#2885,#2886);
#2289=AXIS2_PLACEMENT_3D('',#3488,#2888,#2889);
#2290=AXIS2_PLACEMENT_3D('',#3494,#2893,#2894);
#2291=AXIS2_PLACEMENT_3D('',#3496,#2895,#2896);
#2292=AXIS2_PLACEMENT_3D('',#3498,#2897,#2898);
#2293=AXIS2_PLACEMENT_3D('',#3500,#2900,#2901);
#2294=AXIS2_PLACEMENT_3D('',#3506,#2905,#2906);
#2295=AXIS2_PLACEMENT_3D('',#3508,#2907,#2908);
#2296=AXIS2_PLACEMENT_3D('',#3510,#2909,#2910);
#2297=AXIS2_PLACEMENT_3D('',#3512,#2912,#2913);
#2298=AXIS2_PLACEMENT_3D('',#3518,#2917,#2918);
#2299=AXIS2_PLACEMENT_3D('',#3519,#2919,#2920);
#2300=AXIS2_PLACEMENT_3D('',#3520,#2921,#2922);
#2301=AXIS2_PLACEMENT_3D('',#3521,#2923,#2924);
#2302=AXIS2_PLACEMENT_3D('',#3522,#2925,#2926);
#2303=AXIS2_PLACEMENT_3D('placement',#3523,#2927,#2928);
#2304=AXIS2_PLACEMENT_3D('',#3524,#2929,#2930);
#2305=AXIS2_PLACEMENT_3D('',#3525,#2931,#2932);
#2306=AXIS2_PLACEMENT_3D('',#3526,#2933,#2934);
#2307=AXIS2_PLACEMENT_3D('placement',#3527,#2935,#2936);
#2308=AXIS2_PLACEMENT_3D('',#3528,#2937,#2938);
#2309=DIRECTION('axis',(0.,0.,1.));
#2310=DIRECTION('refdir',(1.,0.,0.));
#2311=DIRECTION('center_axis',(-6.72497112580428E-17,-0.707106781186547,
-0.707106781186548));
#2312=DIRECTION('ref_axis',(-1.,0.,9.5062846483529E-17));
#2313=DIRECTION('',(-1.,-2.11176528989829E-32,9.51054537267987E-17));
#2314=DIRECTION('',(-0.577350269189626,0.577350269189626,-0.577350269189625));
#2315=DIRECTION('',(1.,2.11176528989829E-32,-9.51054537267987E-17));
#2316=DIRECTION('',(0.577350269189626,0.577350269189626,-0.577350269189625));
#2317=DIRECTION('center_axis',(-0.707106781186548,-0.707106781186548,-1.53329341668337E-16));
#2318=DIRECTION('ref_axis',(-2.22044604925031E-16,0.,1.));
#2319=DIRECTION('',(0.,2.16840434497101E-16,-1.));
#2320=DIRECTION('',(0.,-2.16840434497101E-16,1.));
#2321=DIRECTION('',(-0.577350269189626,0.577350269189626,0.577350269189625));
#2322=DIRECTION('center_axis',(6.72497112580428E-17,-0.707106781186547,
0.707106781186548));
#2323=DIRECTION('ref_axis',(1.,0.,-9.99200722162641E-17));
#2324=DIRECTION('',(-1.,-2.11176528989828E-32,9.51054537267986E-17));
#2325=DIRECTION('',(1.,2.11176528989828E-32,-9.51054537267986E-17));
#2326=DIRECTION('',(0.577350269189625,0.577350269189626,0.577350269189626));
#2327=DIRECTION('center_axis',(0.707106781186548,-0.707106781186547,-4.22328186700508E-16));
#2328=DIRECTION('ref_axis',(-5.77315972805081E-16,0.,-1.));
#2329=DIRECTION('',(3.80421814907195E-16,-2.16840434497101E-16,1.));
#2330=DIRECTION('',(-3.80421814907195E-16,2.16840434497101E-16,-1.));
#2331=DIRECTION('center_axis',(-1.,-8.24908316366518E-32,3.80421814907195E-16));
#2332=DIRECTION('ref_axis',(4.44089209850063E-16,0.,1.));
#2333=DIRECTION('',(0.,-1.,-2.1350442781253E-16));
#2334=DIRECTION('',(-3.80421814907195E-16,2.16840434497101E-16,-1.));
#2335=DIRECTION('',(0.,-1.,-2.1350442781253E-16));
#2336=DIRECTION('center_axis',(9.51054537267987E-17,-2.16840434497101E-16,
1.));
#2337=DIRECTION('ref_axis',(0.,-1.,-2.22044604925031E-16));
#2338=DIRECTION('',(0.,-1.,-2.16840434497101E-16));
#2339=DIRECTION('',(-1.,-2.11176528989829E-32,9.51054537267987E-17));
#2340=DIRECTION('center_axis',(-4.94944989819909E-34,1.,2.16840434497101E-16));
#2341=DIRECTION('ref_axis',(0.,0.,1.));
#2342=DIRECTION('center_axis',(-6.72497112580428E-17,0.707106781186547,
-0.707106781186548));
#2343=DIRECTION('ref_axis',(-1.,0.,9.5062846483529E-17));
#2344=DIRECTION('',(1.,2.11176528989829E-32,-9.51054537267987E-17));
#2345=DIRECTION('',(0.577350269189626,-0.577350269189626,-0.577350269189626));
#2346=DIRECTION('',(-0.577350269189626,-0.577350269189626,-0.577350269189625));
#2347=DIRECTION('center_axis',(0.707106781186548,0.707106781186547,-1.15669503363834E-16));
#2348=DIRECTION('ref_axis',(-1.77635683940025E-16,0.,-1.));
#2349=DIRECTION('',(3.80421814907195E-16,-2.16840434497101E-16,1.));
#2350=DIRECTION('',(0.577350269189625,-0.577350269189626,0.577350269189626));
#2351=DIRECTION('center_axis',(6.72497112580428E-17,0.707106781186547,0.707106781186548));
#2352=DIRECTION('ref_axis',(1.,0.,-9.99200722162641E-17));
#2353=DIRECTION('',(-1.,-2.11176528989828E-32,9.51054537267986E-17));
#2354=DIRECTION('',(-0.577350269189626,-0.577350269189626,0.577350269189625));
#2355=DIRECTION('',(1.,2.11176528989828E-32,-9.51054537267986E-17));
#2356=DIRECTION('center_axis',(-0.707106781186548,0.707106781186548,1.53329341668337E-16));
#2357=DIRECTION('ref_axis',(2.22044604925031E-16,0.,1.));
#2358=DIRECTION('',(0.,-2.16840434497101E-16,1.));
#2359=DIRECTION('',(0.,2.16840434497101E-16,-1.));
#2360=DIRECTION('center_axis',(-4.94944989819909E-34,1.,2.16840434497101E-16));
#2361=DIRECTION('ref_axis',(0.,0.,1.));
#2362=DIRECTION('center_axis',(1.,0.,0.));
#2363=DIRECTION('ref_axis',(0.,0.,-1.));
#2364=DIRECTION('',(0.,-1.,-2.16840434497101E-16));
#2365=DIRECTION('center_axis',(-9.51054537267986E-17,2.16840434497101E-16,
-1.));
#2366=DIRECTION('ref_axis',(0.,1.,2.22044604925031E-16));
#2367=DIRECTION('center_axis',(-1.,-8.24908316366518E-32,3.80421814907195E-16));
#2368=DIRECTION('ref_axis',(4.44089209850063E-16,0.,1.));
#2369=DIRECTION('',(3.80421814907195E-16,-2.16840434497101E-16,1.));
#2370=DIRECTION('',(0.,-1.,-2.16840434497101E-16));
#2371=DIRECTION('',(-3.80421814907195E-16,2.16840434497101E-16,-1.));
#2372=DIRECTION('',(0.,-1.,-2.16840434497101E-16));
#2373=DIRECTION('center_axis',(-9.51054537267986E-17,2.16840434497101E-16,
-1.));
#2374=DIRECTION('ref_axis',(0.,1.,2.22044604925031E-16));
#2375=DIRECTION('',(-1.,-2.11176528989828E-32,9.51054537267986E-17));
#2376=DIRECTION('',(1.,2.11176528989828E-32,-9.51054537267986E-17));
#2377=DIRECTION('',(0.,-1.,-2.16840434497101E-16));
#2378=DIRECTION('center_axis',(-4.94944989819909E-34,1.,2.16840434497101E-16));
#2379=DIRECTION('ref_axis',(0.,0.,1.));
#2380=DIRECTION('',(0.,2.16840434497101E-16,-1.));
#2381=DIRECTION('',(-1.,-2.11176528989828E-32,9.51054537267986E-17));
#2382=DIRECTION('',(3.80421814907195E-16,-2.16840434497101E-16,1.));
#2383=DIRECTION('',(1.,2.11176528989829E-32,-9.51054537267987E-17));
#2384=DIRECTION('center_axis',(6.72497112580428E-17,0.707106781186547,0.707106781186548));
#2385=DIRECTION('ref_axis',(1.,0.,-9.99200722162641E-17));
#2386=DIRECTION('',(0.577350269189626,-0.577350269189626,0.577350269189625));
#2387=DIRECTION('',(-0.577350269189626,-0.577350269189626,0.577350269189625));
#2388=DIRECTION('center_axis',(0.707106781186548,0.707106781186548,-1.15669503363834E-16));
#2389=DIRECTION('ref_axis',(-1.55431223447522E-16,0.,-1.));
#2390=DIRECTION('',(0.577350269189626,-0.577350269189626,-0.577350269189626));
#2391=DIRECTION('center_axis',(-6.72497112580428E-17,0.707106781186547,
-0.707106781186548));
#2392=DIRECTION('ref_axis',(-1.,0.,9.5062846483529E-17));
#2393=DIRECTION('',(-1.,-2.11176528989829E-32,9.51054537267987E-17));
#2394=DIRECTION('',(-0.577350269189626,-0.577350269189626,-0.577350269189626));
#2395=DIRECTION('center_axis',(-0.707106781186548,0.707106781186548,1.53329341668337E-16));
#2396=DIRECTION('ref_axis',(2.22044604925031E-16,0.,1.));
#2397=DIRECTION('',(0.,-2.16840434497101E-16,1.));
#2398=DIRECTION('center_axis',(-4.94944989819909E-34,1.,2.16840434497101E-16));
#2399=DIRECTION('ref_axis',(0.,0.,1.));
#2400=DIRECTION('',(0.,-2.16840434497101E-16,1.));
#2401=DIRECTION('',(-1.,-2.11176528989829E-32,9.51054537267987E-17));
#2402=DIRECTION('',(-3.80421814907195E-16,2.16840434497101E-16,-1.));
#2403=DIRECTION('',(1.,2.11176528989828E-32,-9.51054537267986E-17));
#2404=DIRECTION('center_axis',(1.,0.,0.));
#2405=DIRECTION('ref_axis',(0.,0.,-1.));
#2406=DIRECTION('',(0.,2.16840434497101E-16,-1.));
#2407=DIRECTION('',(0.,-1.,-2.16840434497101E-16));
#2408=DIRECTION('center_axis',(9.51054537267987E-17,-2.16840434497101E-16,
1.));
#2409=DIRECTION('ref_axis',(0.,-1.,-2.22044604925031E-16));
#2410=DIRECTION('',(1.,2.11176528989829E-32,-9.51054537267987E-17));
#2411=DIRECTION('center_axis',(0.707106781186548,-0.707106781186548,-4.22328186700508E-16));
#2412=DIRECTION('ref_axis',(-5.99520433297585E-16,0.,-1.));
#2413=DIRECTION('',(0.577350269189626,0.577350269189626,0.577350269189625));
#2414=DIRECTION('',(0.577350269189626,0.577350269189626,-0.577350269189625));
#2415=DIRECTION('center_axis',(6.72497112580428E-17,-0.707106781186547,
0.707106781186548));
#2416=DIRECTION('ref_axis',(1.,0.,-9.99200722162641E-17));
#2417=DIRECTION('',(-0.577350269189626,0.577350269189626,0.577350269189625));
#2418=DIRECTION('center_axis',(-6.72497112580428E-17,-0.707106781186547,
-0.707106781186548));
#2419=DIRECTION('ref_axis',(-1.,0.,9.5062846483529E-17));
#2420=DIRECTION('',(0.577350269189626,-0.577350269189626,0.577350269189625));
#2421=DIRECTION('center_axis',(-0.707106781186548,-0.707106781186548,-1.53329341668337E-16));
#2422=DIRECTION('ref_axis',(-2.22044604925031E-16,0.,1.));
#2423=DIRECTION('axis',(0.,0.,1.));
#2424=DIRECTION('refdir',(1.,0.,0.));
#2425=DIRECTION('center_axis',(0.,1.,0.));
#2426=DIRECTION('ref_axis',(0.,1.3412810381264E-16,-1.));
#2427=DIRECTION('center_axis',(0.,-1.,-1.3412810381264E-16));
#2428=DIRECTION('ref_axis',(0.,1.3412810381264E-16,-1.));
#2429=DIRECTION('center_axis',(0.,1.,1.3412810381264E-16));
#2430=DIRECTION('ref_axis',(0.,1.3412810381264E-16,-1.));
#2431=DIRECTION('center_axis',(0.,1.,1.3412810381264E-16));
#2432=DIRECTION('ref_axis',(0.,-1.3412810381264E-16,1.));
#2433=DIRECTION('center_axis',(0.,-1.,-1.3412810381264E-16));
#2434=DIRECTION('ref_axis',(0.,-1.3412810381264E-16,1.));
#2435=DIRECTION('center_axis',(0.,-1.,-1.3412810381264E-16));
#2436=DIRECTION('ref_axis',(0.,2.22044604925031E-16,-1.));
#2437=DIRECTION('center_axis',(0.,-2.16840434497101E-16,1.));
#2438=DIRECTION('ref_axis',(-0.707106781186548,-0.707106781186548,-1.83995210002005E-16));
#2439=DIRECTION('center_axis',(0.,0.,-1.));
#2440=DIRECTION('ref_axis',(0.,-1.,0.));
#2441=DIRECTION('',(0.,-2.16840434497101E-16,1.));
#2442=DIRECTION('center_axis',(0.,0.,1.));
#2443=DIRECTION('ref_axis',(-1.,0.,0.));
#2444=DIRECTION('',(0.,2.16840434497101E-16,-1.));
#2445=DIRECTION('center_axis',(1.,0.,0.));
#2446=DIRECTION('ref_axis',(0.,-0.707106781186548,0.707106781186548));
#2447=DIRECTION('center_axis',(-1.,0.,0.));
#2448=DIRECTION('ref_axis',(0.,-1.,0.));
#2449=DIRECTION('',(1.,0.,0.));
#2450=DIRECTION('center_axis',(1.,0.,0.));
#2451=DIRECTION('ref_axis',(0.,0.,1.));
#2452=DIRECTION('',(-1.,0.,0.));
#2453=DIRECTION('center_axis',(-0.816496580927726,0.408248290463864,-0.408248290463862));
#2454=DIRECTION('ref_axis',(-0.577350269189625,-0.577350269189627,0.577350269189625));
#2455=DIRECTION('center_axis',(0.,1.,1.78837471750186E-16));
#2456=DIRECTION('ref_axis',(-0.707106781186548,0.,0.707106781186548));
#2457=DIRECTION('center_axis',(0.,2.16840434497101E-16,-1.));
#2458=DIRECTION('ref_axis',(0.707106781186548,-0.707106781186548,-1.83995210002005E-16));
#2459=DIRECTION('center_axis',(0.,0.,1.));
#2460=DIRECTION('ref_axis',(0.,-1.,0.));
#2461=DIRECTION('',(0.,2.16840434497101E-16,-1.));
#2462=DIRECTION('center_axis',(0.,0.,-1.));
#2463=DIRECTION('ref_axis',(1.,2.77555756156289E-15,0.));
#2464=DIRECTION('',(0.,-2.16840434497101E-16,1.));
#2465=DIRECTION('center_axis',(-0.408248290463862,-0.816496580927728,-0.408248290463862));
#2466=DIRECTION('ref_axis',(0.577350269189626,-0.577350269189624,0.577350269189628));
#2467=DIRECTION('center_axis',(0.,1.,1.78837471750186E-16));
#2468=DIRECTION('ref_axis',(0.707106781186548,0.,0.707106781186548));
#2469=DIRECTION('center_axis',(-1.,0.,0.));
#2470=DIRECTION('ref_axis',(0.,-0.707106781186548,-0.707106781186548));
#2471=DIRECTION('center_axis',(1.,0.,0.));
#2472=DIRECTION('ref_axis',(0.,-1.,0.));
#2473=DIRECTION('',(-1.,0.,0.));
#2474=DIRECTION('center_axis',(-1.,0.,0.));
#2475=DIRECTION('ref_axis',(0.,0.,-1.));
#2476=DIRECTION('',(1.,0.,0.));
#2477=DIRECTION('center_axis',(-0.408248290463862,-0.816496580927728,0.408248290463862));
#2478=DIRECTION('ref_axis',(0.577350269189626,-0.577350269189624,-0.577350269189628));
#2479=DIRECTION('center_axis',(0.,1.,1.78837471750186E-16));
#2480=DIRECTION('ref_axis',(0.707106781186548,0.,-0.707106781186548));
#2481=DIRECTION('center_axis',(-0.816496580927726,0.408248290463864,0.408248290463862));
#2482=DIRECTION('ref_axis',(-0.577350269189625,-0.577350269189627,-0.577350269189625));
#2483=DIRECTION('center_axis',(0.,1.,1.78837471750186E-16));
#2484=DIRECTION('ref_axis',(-0.707106781186548,0.,-0.707106781186548));
#2485=DIRECTION('center_axis',(0.,-1.,-1.78837471750186E-16));
#2486=DIRECTION('ref_axis',(-0.707106781186548,0.,0.707106781186548));
#2487=DIRECTION('',(0.,1.,1.78837471750186E-16));
#2488=DIRECTION('center_axis',(0.,-1.,-1.78837471750186E-16));
#2489=DIRECTION('ref_axis',(-0.707106781186548,-1.73472347597681E-16,0.707106781186547));
#2490=DIRECTION('',(0.,-1.,-1.78837471750186E-16));
#2491=DIRECTION('center_axis',(-1.,0.,0.));
#2492=DIRECTION('ref_axis',(0.,0.,1.));
#2493=DIRECTION('',(0.,-1.,-1.78837471750186E-16));
#2494=DIRECTION('',(0.,1.78837471750186E-16,-1.));
#2495=DIRECTION('center_axis',(0.,1.,1.78837471750186E-16));
#2496=DIRECTION('ref_axis',(-0.707106781186548,0.,-0.707106781186548));
#2497=DIRECTION('',(0.,1.,1.78837471750186E-16));
#2498=DIRECTION('center_axis',(0.,-1.,-1.78837471750186E-16));
#2499=DIRECTION('ref_axis',(-0.707106781186549,1.73472347597681E-16,-0.707106781186546));
#2500=DIRECTION('center_axis',(0.,1.78837471750186E-16,-1.));
#2501=DIRECTION('ref_axis',(0.,1.,0.));
#2502=DIRECTION('',(0.,-1.,-1.78837471750186E-16));
#2503=DIRECTION('',(1.,0.,0.));
#2504=DIRECTION('center_axis',(0.,-1.,-2.16840434497101E-16));
#2505=DIRECTION('ref_axis',(0.,0.,-1.));
#2506=DIRECTION('',(0.,-2.16840434497101E-16,1.));
#2507=DIRECTION('',(-1.,-2.0622707909163E-32,9.51054537267987E-17));
#2508=DIRECTION('',(-3.80421814907195E-16,2.16840434497101E-16,-1.));
#2509=DIRECTION('',(1.,2.06227079091629E-32,-9.51054537267987E-17));
#2510=DIRECTION('',(0.,-2.16840434497101E-16,1.));
#2511=DIRECTION('',(-1.,-2.0622707909163E-32,9.51054537267987E-17));
#2512=DIRECTION('',(-3.80421814907195E-16,2.16840434497101E-16,-1.));
#2513=DIRECTION('',(1.,2.06227079091629E-32,-9.51054537267987E-17));
#2514=DIRECTION('center_axis',(0.,1.,1.78837471750186E-16));
#2515=DIRECTION('ref_axis',(-0.707106781186548,0.,-0.707106781186548));
#2516=DIRECTION('center_axis',(0.,-1.,0.));
#2517=DIRECTION('ref_axis',(-1.,0.,0.));
#2518=DIRECTION('',(0.,-1.,-1.78837471750186E-16));
#2519=DIRECTION('center_axis',(-1.56732580109638E-31,-1.,-7.22801448323669E-16));
#2520=DIRECTION('ref_axis',(-0.707106781186548,0.,-0.707106781186548));
#2521=DIRECTION('',(0.,1.,1.78837471750186E-16));
#2522=DIRECTION('center_axis',(-7.2280144832367E-16,1.78837471750186E-16,
-1.));
#2523=DIRECTION('ref_axis',(-0.707106781186548,0.707106781186548,0.));
#2524=DIRECTION('center_axis',(0.,0.,-1.));
#2525=DIRECTION('ref_axis',(-1.,0.,0.));
#2526=DIRECTION('',(-7.2280144832367E-16,1.78837471750186E-16,-1.));
#2527=DIRECTION('center_axis',(0.,0.,1.));
#2528=DIRECTION('ref_axis',(0.,1.,0.));
#2529=DIRECTION('',(7.2280144832367E-16,-1.78837471750186E-16,1.));
#2530=DIRECTION('center_axis',(-0.816496580927725,-0.408248290463868,0.408248290463861));
#2531=DIRECTION('ref_axis',(-0.577350269189628,0.577350269189624,-0.577350269189626));
#2532=DIRECTION('center_axis',(-1.,0.,0.));
#2533=DIRECTION('ref_axis',(0.,0.707106781186549,-0.707106781186546));
#2534=DIRECTION('center_axis',(-1.29263983595578E-31,1.,0.));
#2535=DIRECTION('ref_axis',(-0.707106781186548,0.,0.707106781186548));
#2536=DIRECTION('center_axis',(0.,1.,1.3412810381264E-16));
#2537=DIRECTION('ref_axis',(-0.707106781186548,0.,0.707106781186548));
#2538=DIRECTION('',(-1.29263983595578E-31,1.,0.));
#2539=DIRECTION('center_axis',(0.,-1.,0.));
#2540=DIRECTION('ref_axis',(0.,0.,1.));
#2541=DIRECTION('',(1.29263983595578E-31,-1.,0.));
#2542=DIRECTION('center_axis',(-0.408248290463863,-0.816496580927726,0.408248290463863));
#2543=DIRECTION('ref_axis',(-0.577350269189626,0.577350269189624,0.577350269189628));
#2544=DIRECTION('center_axis',(-1.,0.,0.));
#2545=DIRECTION('ref_axis',(0.,0.707106781186549,0.707106781186546));
#2546=DIRECTION('center_axis',(0.,-1.78837471750186E-16,1.));
#2547=DIRECTION('ref_axis',(0.,-1.,0.));
#2548=DIRECTION('',(-1.,0.,0.));
#2549=DIRECTION('',(0.,1.,1.78837471750186E-16));
#2550=DIRECTION('',(-1.,1.56732580109638E-31,2.80296583676912E-47));
#2551=DIRECTION('',(-1.,0.,0.));
#2552=DIRECTION('',(0.,1.,1.78837471750186E-16));
#2553=DIRECTION('center_axis',(1.,0.,0.));
#2554=DIRECTION('ref_axis',(0.,0.707106781186548,-0.707106781186548));
#2555=DIRECTION('',(1.,0.,0.));
#2556=DIRECTION('center_axis',(-1.,0.,0.));
#2557=DIRECTION('ref_axis',(0.,1.,0.));
#2558=DIRECTION('center_axis',(0.,-1.,-1.78837471750186E-16));
#2559=DIRECTION('ref_axis',(0.,0.,-1.));
#2560=DIRECTION('',(-1.,0.,0.));
#2561=DIRECTION('',(0.,-1.78837471750186E-16,1.));
#2562=DIRECTION('',(1.,0.,0.));
#2563=DIRECTION('',(0.,1.78837471750186E-16,-1.));
#2564=DIRECTION('',(-1.,0.,0.));
#2565=DIRECTION('',(0.,-1.78837471750186E-16,1.));
#2566=DIRECTION('',(1.,0.,0.));
#2567=DIRECTION('center_axis',(0.,1.,1.78837471750186E-16));
#2568=DIRECTION('ref_axis',(-0.707106781186548,-1.26457189004814E-16,0.707106781186547));
#2569=DIRECTION('',(0.,-1.78837471750186E-16,1.));
#2570=DIRECTION('center_axis',(0.,1.,1.78837471750186E-16));
#2571=DIRECTION('ref_axis',(-0.707106781186549,1.26457189004814E-16,-0.707106781186546));
#2572=DIRECTION('',(-1.,0.,0.));
#2573=DIRECTION('center_axis',(0.,1.,1.78837471750186E-16));
#2574=DIRECTION('ref_axis',(0.707106781186549,1.26457189004814E-16,-0.707106781186546));
#2575=DIRECTION('',(0.,1.78837471750186E-16,-1.));
#2576=DIRECTION('center_axis',(0.,1.,1.78837471750186E-16));
#2577=DIRECTION('ref_axis',(0.707106781186548,-1.26457189004814E-16,0.707106781186547));
#2578=DIRECTION('center_axis',(-1.,0.,0.));
#2579=DIRECTION('ref_axis',(0.,0.707106781186548,0.707106781186548));
#2580=DIRECTION('',(1.,0.,0.));
#2581=DIRECTION('center_axis',(-1.,0.,0.));
#2582=DIRECTION('ref_axis',(0.,0.,1.));
#2583=DIRECTION('center_axis',(0.,0.,-1.));
#2584=DIRECTION('ref_axis',(-1.,0.,0.));
#2585=DIRECTION('',(-1.,0.,0.));
#2586=DIRECTION('',(0.,-1.,0.));
#2587=DIRECTION('center_axis',(0.,1.,0.));
#2588=DIRECTION('ref_axis',(0.707106781186548,0.,0.707106781186548));
#2589=DIRECTION('center_axis',(0.,1.,1.3412810381264E-16));
#2590=DIRECTION('ref_axis',(0.707106781186548,0.,0.707106781186548));
#2591=DIRECTION('',(0.,1.,0.));
#2592=DIRECTION('center_axis',(0.,-1.,0.));
#2593=DIRECTION('ref_axis',(1.,0.,0.));
#2594=DIRECTION('',(0.,-1.,0.));
#2595=DIRECTION('center_axis',(0.,-1.78837471750186E-16,1.));
#2596=DIRECTION('ref_axis',(0.707106781186548,0.707106781186548,0.));
#2597=DIRECTION('center_axis',(0.,0.,1.));
#2598=DIRECTION('ref_axis',(1.,0.,0.));
#2599=DIRECTION('center_axis',(0.,0.,-1.));
#2600=DIRECTION('ref_axis',(0.,1.,0.));
#2601=DIRECTION('',(0.,1.78837471750186E-16,-1.));
#2602=DIRECTION('center_axis',(0.408248290463861,-0.816496580927727,0.408248290463863));
#2603=DIRECTION('ref_axis',(0.577350269189626,0.577350269189624,0.577350269189628));
#2604=DIRECTION('center_axis',(1.,0.,0.));
#2605=DIRECTION('ref_axis',(0.,0.707106781186549,0.707106781186546));
#2606=DIRECTION('center_axis',(0.,1.,1.78837471750186E-16));
#2607=DIRECTION('ref_axis',(0.707106781186548,0.,-0.707106781186548));
#2608=DIRECTION('center_axis',(0.,-1.,0.));
#2609=DIRECTION('ref_axis',(0.,0.,-1.));
#2610=DIRECTION('',(0.,-1.,-1.78837471750186E-16));
#2611=DIRECTION('center_axis',(-1.56732580109638E-31,-1.,-7.22801448323669E-16));
#2612=DIRECTION('ref_axis',(0.707106781186548,0.,-0.707106781186548));
#2613=DIRECTION('center_axis',(-0.816496580927727,0.40824829046386,-0.408248290463863));
#2614=DIRECTION('ref_axis',(0.577350269189627,0.577350269189624,-0.577350269189627));
#2615=DIRECTION('center_axis',(1.,0.,0.));
#2616=DIRECTION('ref_axis',(0.,0.707106781186549,-0.707106781186546));
#2617=DIRECTION('center_axis',(0.,0.,-1.));
#2618=DIRECTION('ref_axis',(-1.,0.,0.));
#2619=DIRECTION('',(1.,0.,0.));
#2620=DIRECTION('',(0.,1.,0.));
#2621=DIRECTION('',(-1.,0.,0.));
#2622=DIRECTION('center_axis',(-1.,0.,0.));
#2623=DIRECTION('ref_axis',(0.,0.707106781186548,0.707106781186548));
#2624=DIRECTION('center_axis',(1.,0.,0.));
#2625=DIRECTION('ref_axis',(0.,1.,0.));
#2626=DIRECTION('center_axis',(1.,0.,0.));
#2627=DIRECTION('ref_axis',(0.,0.707106781186548,-0.707106781186548));
#2628=DIRECTION('center_axis',(-1.,0.,0.));
#2629=DIRECTION('ref_axis',(0.,1.,0.));
#2630=DIRECTION('center_axis',(0.,1.,1.78837471750186E-16));
#2631=DIRECTION('ref_axis',(0.,0.,1.));
#2632=DIRECTION('center_axis',(0.,0.,1.));
#2633=DIRECTION('ref_axis',(0.,1.,0.));
#2634=DIRECTION('center_axis',(0.,-1.,-1.78837471750186E-16));
#2635=DIRECTION('ref_axis',(0.707106781186548,-1.73472347597681E-16,0.707106781186547));
#2636=DIRECTION('center_axis',(0.,1.78837471750186E-16,-1.));
#2637=DIRECTION('ref_axis',(-0.707106781186548,0.707106781186548,0.));
#2638=DIRECTION('center_axis',(0.,0.,1.));
#2639=DIRECTION('ref_axis',(0.,1.,0.));
#2640=DIRECTION('',(0.,-1.78837471750186E-16,1.));
#2641=DIRECTION('center_axis',(0.,1.,1.78837471750186E-16));
#2642=DIRECTION('ref_axis',(0.,0.,1.));
#2643=DIRECTION('center_axis',(1.,0.,0.));
#2644=DIRECTION('ref_axis',(0.,1.,0.));
#2645=DIRECTION('center_axis',(0.,-1.,-1.78837471750186E-16));
#2646=DIRECTION('ref_axis',(0.707106781186549,1.73472347597681E-16,-0.707106781186546));
#2647=DIRECTION('center_axis',(-1.,0.,0.));
#2648=DIRECTION('ref_axis',(0.,0.70710678118655,0.707106781186546));
#2649=DIRECTION('center_axis',(1.,0.,0.));
#2650=DIRECTION('ref_axis',(0.,1.,0.));
#2651=DIRECTION('center_axis',(0.,1.,1.78837471750186E-16));
#2652=DIRECTION('ref_axis',(0.,0.,1.));
#2653=DIRECTION('center_axis',(0.,0.,-1.));
#2654=DIRECTION('ref_axis',(0.,1.,0.));
#2655=DIRECTION('center_axis',(0.,-1.78837471750186E-16,1.));
#2656=DIRECTION('ref_axis',(0.707106781186548,0.707106781186548,0.));
#2657=DIRECTION('center_axis',(-1.38777878078144E-15,0.,-1.));
#2658=DIRECTION('ref_axis',(0.,1.,0.));
#2659=DIRECTION('center_axis',(0.,1.,1.78837471750186E-16));
#2660=DIRECTION('ref_axis',(0.,0.,1.));
#2661=DIRECTION('center_axis',(1.,1.29263983595578E-31,-7.2280144832367E-16));
#2662=DIRECTION('ref_axis',(-8.88178419700125E-16,0.,-1.));
#2663=DIRECTION('',(0.,7.2280144832367E-16,-1.));
#2664=DIRECTION('',(0.,1.,1.78837471750186E-16));
#2665=DIRECTION('',(-7.2280144832367E-16,0.,-1.));
#2666=DIRECTION('center_axis',(0.,1.,1.78837471750186E-16));
#2667=DIRECTION('ref_axis',(0.707106781186548,0.,-0.707106781186548));
#2668=DIRECTION('',(0.,1.,1.78837471750186E-16));
#2669=DIRECTION('center_axis',(1.,0.,0.));
#2670=DIRECTION('ref_axis',(0.,0.,-1.));
#2671=DIRECTION('',(0.,-1.,-1.78837471750186E-16));
#2672=DIRECTION('center_axis',(0.,-1.,-1.78837471750186E-16));
#2673=DIRECTION('ref_axis',(0.707106781186548,0.,0.707106781186548));
#2674=DIRECTION('center_axis',(0.,-1.78837471750186E-16,1.));
#2675=DIRECTION('ref_axis',(-0.707106781186548,0.707106781186548,0.));
#2676=DIRECTION('center_axis',(-2.77555756156289E-15,0.,1.));
#2677=DIRECTION('ref_axis',(0.,1.,0.));
#2678=DIRECTION('',(0.,-1.78837471750186E-16,1.));
#2679=DIRECTION('center_axis',(0.,0.,-1.));
#2680=DIRECTION('ref_axis',(-1.,0.,0.));
#2681=DIRECTION('center_axis',(-0.408248290463863,-0.816496580927726,0.408248290463863));
#2682=DIRECTION('ref_axis',(-0.577350269189627,0.577350269189623,0.577350269189627));
#2683=DIRECTION('center_axis',(0.,1.,0.));
#2684=DIRECTION('ref_axis',(-0.707106781186548,0.,0.707106781186548));
#2685=DIRECTION('center_axis',(-1.,0.,0.));
#2686=DIRECTION('ref_axis',(0.,0.707106781186548,-0.707106781186548));
#2687=DIRECTION('center_axis',(-1.,0.,0.));
#2688=DIRECTION('ref_axis',(0.,1.,0.));
#2689=DIRECTION('',(-1.,0.,0.));
#2690=DIRECTION('center_axis',(1.,0.,0.));
#2691=DIRECTION('ref_axis',(0.,0.,-1.));
#2692=DIRECTION('center_axis',(0.408248290463865,-0.408248290463861,-0.816496580927726));
#2693=DIRECTION('ref_axis',(-0.577350269189627,0.577350269189623,-0.577350269189627));
#2694=DIRECTION('center_axis',(0.,1.,0.));
#2695=DIRECTION('ref_axis',(-0.707106781186548,0.,-0.707106781186548));
#2696=DIRECTION('center_axis',(0.,-1.78837471750186E-16,1.));
#2697=DIRECTION('ref_axis',(0.707106781186548,0.707106781186548,0.));
#2698=DIRECTION('center_axis',(2.77555756156289E-15,0.,1.));
#2699=DIRECTION('ref_axis',(1.,0.,-2.77555756156289E-15));
#2700=DIRECTION('center_axis',(0.,0.,-1.));
#2701=DIRECTION('ref_axis',(0.,1.,0.));
#2702=DIRECTION('',(0.,1.78837471750186E-16,-1.));
#2703=DIRECTION('center_axis',(-0.816496580927728,0.408248290463868,-0.408248290463855));
#2704=DIRECTION('ref_axis',(0.577350269189623,0.577350269189632,-0.577350269189623));
#2705=DIRECTION('center_axis',(0.,1.,0.));
#2706=DIRECTION('ref_axis',(0.707106781186548,0.,-0.707106781186548));
#2707=DIRECTION('center_axis',(0.408248290463863,-0.816496580927726,0.408248290463863));
#2708=DIRECTION('ref_axis',(0.577350269189627,0.577350269189623,0.577350269189627));
#2709=DIRECTION('center_axis',(0.,1.,0.));
#2710=DIRECTION('ref_axis',(0.707106781186548,0.,0.707106781186548));
#2711=DIRECTION('center_axis',(1.,0.,0.));
#2712=DIRECTION('ref_axis',(0.,0.,-1.));
#2713=DIRECTION('',(0.,1.,0.));
#2714=DIRECTION('',(0.,1.3412810381264E-16,-1.));
#2715=DIRECTION('',(0.,-1.,0.));
#2716=DIRECTION('center_axis',(0.,1.,0.));
#2717=DIRECTION('ref_axis',(-0.707106781186548,0.,-0.707106781186548));
#2718=DIRECTION('',(0.,-1.,0.));
#2719=DIRECTION('center_axis',(0.,1.,1.3412810381264E-16));
#2720=DIRECTION('ref_axis',(-0.707106781186548,0.,-0.707106781186548));
#2721=DIRECTION('center_axis',(0.,0.,1.));
#2722=DIRECTION('ref_axis',(1.,0.,0.));
#2723=DIRECTION('',(0.,1.,0.));
#2724=DIRECTION('',(-1.,0.,0.));
#2725=DIRECTION('center_axis',(0.,1.,0.));
#2726=DIRECTION('ref_axis',(0.707106781186548,0.,-0.707106781186548));
#2727=DIRECTION('',(0.,-1.,0.));
#2728=DIRECTION('center_axis',(0.,1.,1.3412810381264E-16));
#2729=DIRECTION('ref_axis',(0.707106781186548,0.,-0.707106781186548));
#2730=DIRECTION('center_axis',(1.,0.,0.));
#2731=DIRECTION('ref_axis',(0.,0.,-1.));
#2732=DIRECTION('',(0.,1.,0.));
#2733=DIRECTION('',(0.,1.3412810381264E-16,-1.));
#2734=DIRECTION('center_axis',(0.,-1.,0.));
#2735=DIRECTION('ref_axis',(0.707106781186548,0.,0.707106781186548));
#2736=DIRECTION('center_axis',(0.,1.,1.3412810381264E-16));
#2737=DIRECTION('ref_axis',(0.707106781186548,0.,0.707106781186548));
#2738=DIRECTION('center_axis',(0.,1.,1.3412810381264E-16));
#2739=DIRECTION('ref_axis',(0.,-1.3412810381264E-16,1.));
#2740=DIRECTION('',(-1.,0.,0.));
#2741=DIRECTION('',(0.,0.,1.));
#2742=DIRECTION('center_axis',(0.,1.,1.3412810381264E-16));
#2743=DIRECTION('ref_axis',(-0.707106781186548,0.,0.707106781186548));
#2744=DIRECTION('',(0.,1.3412810381264E-16,-1.));
#2745=DIRECTION('',(-1.,-1.27563141706163E-32,9.51054537267987E-17));
#2746=DIRECTION('',(3.80421814907195E-16,-1.3412810381264E-16,1.));
#2747=DIRECTION('',(1.,1.27563141706163E-32,-9.51054537267987E-17));
#2748=DIRECTION('',(0.,1.3412810381264E-16,-1.));
#2749=DIRECTION('',(-1.,-1.27563141706163E-32,9.51054537267987E-17));
#2750=DIRECTION('',(3.80421814907195E-16,-1.3412810381264E-16,1.));
#2751=DIRECTION('',(1.,1.27563141706163E-32,-9.51054537267987E-17));
#2752=DIRECTION('center_axis',(0.,-1.,0.));
#2753=DIRECTION('ref_axis',(-0.707106781186548,0.,0.707106781186548));
#2754=DIRECTION('center_axis',(-9.73879846162418E-16,-2.1350442781253E-16,
1.));
#2755=DIRECTION('ref_axis',(1.,0.,9.76996261670138E-16));
#2756=DIRECTION('',(0.,1.,2.1350442781253E-16));
#2757=DIRECTION('',(0.,-1.,-2.1350442781253E-16));
#2758=DIRECTION('center_axis',(1.,0.,0.));
#2759=DIRECTION('ref_axis',(0.,2.22044604925031E-16,-1.));
#2760=DIRECTION('',(0.,-1.,-2.1350442781253E-16));
#2761=DIRECTION('center_axis',(-4.86939923081209E-16,2.1350442781253E-16,
-1.));
#2762=DIRECTION('ref_axis',(-1.,0.,4.87110352054287E-16));
#2763=DIRECTION('',(0.,-1.,-2.1350442781253E-16));
#2764=DIRECTION('center_axis',(-1.,0.,0.));
#2765=DIRECTION('ref_axis',(0.,-2.22044604925031E-16,1.));
#2766=DIRECTION('center_axis',(1.,0.,0.));
#2767=DIRECTION('ref_axis',(0.,2.22044604925031E-16,-1.));
#2768=DIRECTION('',(0.,1.,2.1350442781253E-16));
#2769=DIRECTION('',(0.,-1.,-2.1350442781253E-16));
#2770=DIRECTION('center_axis',(0.,2.1350442781253E-16,-1.));
#2771=DIRECTION('ref_axis',(-1.,0.,0.));
#2772=DIRECTION('',(0.,-1.,-2.1350442781253E-16));
#2773=DIRECTION('center_axis',(-1.,0.,0.));
#2774=DIRECTION('ref_axis',(0.,-2.22044604925031E-16,1.));
#2775=DIRECTION('',(0.,-1.,-2.1350442781253E-16));
#2776=DIRECTION('center_axis',(-7.30409884621814E-16,-2.1350442781253E-16,
1.));
#2777=DIRECTION('ref_axis',(1.,0.,7.32747196252603E-16));
#2778=DIRECTION('center_axis',(0.,1.78837471750186E-16,-1.));
#2779=DIRECTION('ref_axis',(0.,1.,0.));
#2780=DIRECTION('',(1.97127667724637E-16,-1.,0.));
#2781=DIRECTION('',(1.,0.,-2.16840434497101E-16));
#2782=DIRECTION('',(0.,1.,1.78837471750186E-16));
#2783=DIRECTION('',(1.,0.,-2.16840434497101E-16));
#2784=DIRECTION('',(0.,1.,0.));
#2785=DIRECTION('',(1.,0.,0.));
#2786=DIRECTION('center_axis',(-1.,0.,0.));
#2787=DIRECTION('ref_axis',(0.,0.,1.));
#2788=DIRECTION('',(7.22801448323669E-16,-7.22801448323669E-16,1.));
#2789=DIRECTION('center_axis',(-1.56732580109638E-31,-1.,-7.22801448323669E-16));
#2790=DIRECTION('ref_axis',(0.,0.,-1.));
#2791=DIRECTION('',(0.,0.,-1.));
#2792=DIRECTION('',(-1.,0.,0.));
#2793=DIRECTION('',(0.,0.,-1.));
#2794=DIRECTION('center_axis',(1.,1.97127667724637E-16,0.));
#2795=DIRECTION('ref_axis',(-2.22044604925031E-16,1.,0.));
#2796=DIRECTION('',(0.,0.,-1.));
#2797=DIRECTION('',(1.97127667724637E-16,-1.,0.));
#2798=DIRECTION('center_axis',(0.,1.,0.));
#2799=DIRECTION('ref_axis',(0.,0.,1.));
#2800=DIRECTION('',(0.,0.,-1.));
#2801=DIRECTION('',(1.,0.,0.));
#2802=DIRECTION('center_axis',(-1.,0.,0.));
#2803=DIRECTION('ref_axis',(0.,0.,1.));
#2804=DIRECTION('',(0.,1.,0.));
#2805=DIRECTION('center_axis',(0.,0.,1.));
#2806=DIRECTION('ref_axis',(1.,0.,0.));
#2807=DIRECTION('axis',(0.,0.,1.));
#2808=DIRECTION('refdir',(1.,0.,0.));
#2809=DIRECTION('center_axis',(0.212429649393117,0.97717636282235,0.));
#2810=DIRECTION('ref_axis',(-0.97717636282235,0.212429649393117,0.));
#2811=DIRECTION('',(-0.97717636282235,0.212429649393117,0.));
#2812=DIRECTION('',(0.,0.,1.));
#2813=DIRECTION('',(0.97717636282235,-0.212429649393117,0.));
#2814=DIRECTION('',(0.,0.,1.));
#2815=DIRECTION('center_axis',(0.97717636282235,-0.21242964939312,0.));
#2816=DIRECTION('ref_axis',(0.21242964939312,0.97717636282235,0.));
#2817=DIRECTION('',(0.21242964939312,0.97717636282235,0.));
#2818=DIRECTION('',(0.,0.,1.));
#2819=DIRECTION('',(-0.21242964939312,-0.97717636282235,0.));
#2820=DIRECTION('center_axis',(0.,0.,1.));
#2821=DIRECTION('ref_axis',(-0.97717636282235,0.212429649393117,0.));
#2822=DIRECTION('center_axis',(0.,0.,-1.));
#2823=DIRECTION('ref_axis',(-0.97717636282235,0.212429649393117,0.));
#2824=DIRECTION('',(0.,0.,1.));
#2825=DIRECTION('center_axis',(0.,0.,1.));
#2826=DIRECTION('ref_axis',(-0.97717636282235,0.212429649393117,0.));
#2827=DIRECTION('center_axis',(0.,1.,0.));
#2828=DIRECTION('ref_axis',(-1.,0.,0.));
#2829=DIRECTION('',(-1.,0.,0.));
#2830=DIRECTION('',(0.,0.,1.));
#2831=DIRECTION('',(1.,0.,0.));
#2832=DIRECTION('center_axis',(0.,0.,1.));
#2833=DIRECTION('ref_axis',(0.,-1.,0.));
#2834=DIRECTION('center_axis',(0.,0.,-1.));
#2835=DIRECTION('ref_axis',(0.,-1.,0.));
#2836=DIRECTION('',(0.,0.,1.));
#2837=DIRECTION('center_axis',(0.,0.,1.));
#2838=DIRECTION('ref_axis',(0.,-1.,0.));
#2839=DIRECTION('center_axis',(-0.97717636282235,0.212429649393118,0.));
#2840=DIRECTION('ref_axis',(-0.212429649393118,-0.97717636282235,0.));
#2841=DIRECTION('',(-0.212429649393118,-0.97717636282235,0.));
#2842=DIRECTION('',(0.,0.,1.));
#2843=DIRECTION('',(0.212429649393118,0.97717636282235,0.));
#2844=DIRECTION('center_axis',(0.212429649393117,0.97717636282235,0.));
#2845=DIRECTION('ref_axis',(-0.97717636282235,0.212429649393117,0.));
#2846=DIRECTION('',(-0.97717636282235,0.212429649393117,0.));
#2847=DIRECTION('',(0.,0.,1.));
#2848=DIRECTION('',(0.97717636282235,-0.212429649393117,0.));
#2849=DIRECTION('center_axis',(0.97717636282235,-0.212429649393118,0.));
#2850=DIRECTION('ref_axis',(0.212429649393118,0.97717636282235,0.));
#2851=DIRECTION('',(0.212429649393118,0.97717636282235,0.));
#2852=DIRECTION('',(0.,0.,1.));
#2853=DIRECTION('',(-0.212429649393118,-0.97717636282235,0.));
#2854=DIRECTION('center_axis',(0.,0.,1.));
#2855=DIRECTION('ref_axis',(0.,1.,0.));
#2856=DIRECTION('center_axis',(0.,0.,1.));
#2857=DIRECTION('ref_axis',(0.,1.,0.));
#2858=DIRECTION('',(0.,0.,1.));
#2859=DIRECTION('center_axis',(0.,0.,-1.));
#2860=DIRECTION('ref_axis',(0.,1.,0.));
#2861=DIRECTION('center_axis',(0.,-1.,0.));
#2862=DIRECTION('ref_axis',(1.,0.,0.));
#2863=DIRECTION('',(1.,0.,0.));
#2864=DIRECTION('',(0.,0.,1.));
#2865=DIRECTION('',(-1.,0.,0.));
#2866=DIRECTION('center_axis',(-0.801142253320357,-0.598473967641686,0.));
#2867=DIRECTION('ref_axis',(0.598473967641686,-0.801142253320357,0.));
#2868=DIRECTION('',(0.598473967641686,-0.801142253320357,0.));
#2869=DIRECTION('',(0.,0.,1.));
#2870=DIRECTION('',(-0.598473967641686,0.801142253320357,0.));
#2871=DIRECTION('center_axis',(-0.97717636282235,0.212429649393118,0.));
#2872=DIRECTION('ref_axis',(-0.212429649393118,-0.97717636282235,0.));
#2873=DIRECTION('',(-0.212429649393118,-0.97717636282235,0.));
#2874=DIRECTION('',(0.212429649393118,0.97717636282235,0.));
#2875=DIRECTION('center_axis',(0.,1.,0.));
#2876=DIRECTION('ref_axis',(-1.,0.,0.));
#2877=DIRECTION('',(1.,0.,0.));
#2878=DIRECTION('',(0.,0.,1.));
#2879=DIRECTION('',(-1.,0.,0.));
#2880=DIRECTION('',(0.,0.,1.));
#2881=DIRECTION('center_axis',(0.,0.,1.));
#2882=DIRECTION('ref_axis',(-1.,0.,0.));
#2883=DIRECTION('center_axis',(0.,0.,-1.));
#2884=DIRECTION('ref_axis',(-1.,0.,0.));
#2885=DIRECTION('center_axis',(0.,0.,1.));
#2886=DIRECTION('ref_axis',(-1.,0.,0.));
#2887=DIRECTION('',(0.,0.,1.));
#2888=DIRECTION('center_axis',(1.,0.,0.));
#2889=DIRECTION('ref_axis',(0.,1.,0.));
#2890=DIRECTION('',(0.,-1.,0.));
#2891=DIRECTION('',(0.,1.,0.));
#2892=DIRECTION('',(0.,0.,1.));
#2893=DIRECTION('center_axis',(0.,0.,1.));
#2894=DIRECTION('ref_axis',(0.,1.,0.));
#2895=DIRECTION('center_axis',(0.,0.,-1.));
#2896=DIRECTION('ref_axis',(0.,1.,0.));
#2897=DIRECTION('center_axis',(0.,0.,1.));
#2898=DIRECTION('ref_axis',(0.,1.,0.));
#2899=DIRECTION('',(0.,0.,1.));
#2900=DIRECTION('center_axis',(0.,-1.,0.));
#2901=DIRECTION('ref_axis',(1.,0.,0.));
#2902=DIRECTION('',(-1.,0.,0.));
#2903=DIRECTION('',(1.,0.,0.));
#2904=DIRECTION('',(0.,0.,1.));
#2905=DIRECTION('center_axis',(0.,0.,1.));
#2906=DIRECTION('ref_axis',(1.,0.,0.));
#2907=DIRECTION('center_axis',(0.,0.,-1.));
#2908=DIRECTION('ref_axis',(1.,0.,0.));
#2909=DIRECTION('center_axis',(0.,0.,1.));
#2910=DIRECTION('ref_axis',(1.,0.,0.));
#2911=DIRECTION('',(0.,0.,1.));
#2912=DIRECTION('center_axis',(-1.,0.,0.));
#2913=DIRECTION('ref_axis',(0.,-1.,0.));
#2914=DIRECTION('',(0.,1.,0.));
#2915=DIRECTION('',(0.,-1.,0.));
#2916=DIRECTION('',(0.,0.,1.));
#2917=DIRECTION('center_axis',(0.,0.,1.));
#2918=DIRECTION('ref_axis',(0.,-1.,0.));
#2919=DIRECTION('center_axis',(0.,0.,-1.));
#2920=DIRECTION('ref_axis',(0.,-1.,0.));
#2921=DIRECTION('center_axis',(0.,0.,1.));
#2922=DIRECTION('ref_axis',(0.,-1.,0.));
#2923=DIRECTION('center_axis',(0.,0.,1.));
#2924=DIRECTION('ref_axis',(1.,0.,0.));
#2925=DIRECTION('center_axis',(0.,0.,1.));
#2926=DIRECTION('ref_axis',(1.,0.,0.));
#2927=DIRECTION('axis',(0.,0.,1.));
#2928=DIRECTION('refdir',(1.,0.,0.));
#2929=DIRECTION('',(0.,0.,1.));
#2930=DIRECTION('',(1.,0.,0.));
#2931=DIRECTION('',(0.,0.,1.));
#2932=DIRECTION('',(1.,0.,0.));
#2933=DIRECTION('',(1.,0.,0.));
#2934=DIRECTION('',(0.,1.11022302462516E-16,-1.));
#2935=DIRECTION('axis',(0.,0.,1.));
#2936=DIRECTION('refdir',(1.,0.,0.));
#2937=DIRECTION('',(0.,-1.,1.3412810381264E-16));
#2938=DIRECTION('',(1.,0.,0.));
#2939=CARTESIAN_POINT('',(0.,0.,0.));
#2940=CARTESIAN_POINT('Origin',(1.41,-3.6,-0.0200000000000017));
#2941=CARTESIAN_POINT('',(2.35,-3.7,0.0799999999999982));
#2942=CARTESIAN_POINT('',(1.61,-3.7,0.0799999999999983));
#2943=CARTESIAN_POINT('',(1.41,-3.7,0.0799999999999983));
#2944=CARTESIAN_POINT('',(1.41,-3.5,-0.120000000000002));
#2945=CARTESIAN_POINT('',(1.61,-3.7,0.0799999999999983));
#2946=CARTESIAN_POINT('',(2.55,-3.5,-0.120000000000002));
#2947=CARTESIAN_POINT('',(1.41,-3.5,-0.120000000000002));
#2948=CARTESIAN_POINT('',(2.35,-3.7,0.0799999999999982));
#2949=CARTESIAN_POINT('Origin',(1.51,-3.6,0.449999999999998));
#2950=CARTESIAN_POINT('',(1.41,-3.5,1.02));
#2951=CARTESIAN_POINT('',(1.41,-3.5,0.449999999999998));
#2952=CARTESIAN_POINT('',(1.61,-3.7,0.819999999999998));
#2953=CARTESIAN_POINT('',(1.61,-3.7,0.449999999999998));
#2954=CARTESIAN_POINT('',(1.61,-3.7,0.819999999999998));
#2955=CARTESIAN_POINT('Origin',(1.41,-3.6,0.919999999999998));
#2956=CARTESIAN_POINT('',(2.55,-3.5,1.02));
#2957=CARTESIAN_POINT('',(1.41,-3.5,1.02));
#2958=CARTESIAN_POINT('',(2.35,-3.7,0.819999999999998));
#2959=CARTESIAN_POINT('',(1.41,-3.7,0.819999999999998));
#2960=CARTESIAN_POINT('',(2.35,-3.7,0.819999999999998));
#2961=CARTESIAN_POINT('Origin',(2.45,-3.6,0.449999999999998));
#2962=CARTESIAN_POINT('',(2.55,-3.5,0.449999999999998));
#2963=CARTESIAN_POINT('',(2.35,-3.7,0.449999999999998));
#2964=CARTESIAN_POINT('Origin',(2.55,10.9,-0.119999999999999));
#2965=CARTESIAN_POINT('',(2.55,10.7,-0.119999999999999));
#2966=CARTESIAN_POINT('',(2.55,3.2,-0.120000000000001));
#2967=CARTESIAN_POINT('',(2.55,10.7,1.02));
#2968=CARTESIAN_POINT('',(2.55,10.7,0.450000000000001));
#2969=CARTESIAN_POINT('',(2.55,3.2,1.02));
#2970=CARTESIAN_POINT('Origin',(1.41,10.9,-0.119999999999999));
#2971=CARTESIAN_POINT('',(1.41,10.7,-0.119999999999999));
#2972=CARTESIAN_POINT('',(1.41,10.9,-0.119999999999999));
#2973=CARTESIAN_POINT('',(1.41,10.7,-0.119999999999999));
#2974=CARTESIAN_POINT('Origin',(1.41,-3.7,1.02));
#2975=CARTESIAN_POINT('Origin',(1.41,10.8,-0.0199999999999986));
#2976=CARTESIAN_POINT('',(1.61,10.9,0.0800000000000014));
#2977=CARTESIAN_POINT('',(2.35,10.9,0.0800000000000014));
#2978=CARTESIAN_POINT('',(1.41,10.9,0.0800000000000014));
#2979=CARTESIAN_POINT('',(2.35,10.9,0.0800000000000014));
#2980=CARTESIAN_POINT('',(1.61,10.9,0.0800000000000014));
#2981=CARTESIAN_POINT('Origin',(2.45,10.8,0.450000000000001));
#2982=CARTESIAN_POINT('',(2.35,10.9,0.820000000000001));
#2983=CARTESIAN_POINT('',(2.35,10.9,0.450000000000001));
#2984=CARTESIAN_POINT('',(2.35,10.9,0.820000000000001));
#2985=CARTESIAN_POINT('Origin',(1.41,10.8,0.920000000000001));
#2986=CARTESIAN_POINT('',(1.61,10.9,0.820000000000002));
#2987=CARTESIAN_POINT('',(1.41,10.9,0.820000000000002));
#2988=CARTESIAN_POINT('',(1.41,10.7,1.02));
#2989=CARTESIAN_POINT('',(1.61,10.9,0.820000000000002));
#2990=CARTESIAN_POINT('',(1.41,10.7,1.02));
#2991=CARTESIAN_POINT('Origin',(1.51,10.8,0.450000000000002));
#2992=CARTESIAN_POINT('',(1.41,10.7,0.450000000000001));
#2993=CARTESIAN_POINT('',(1.61,10.9,0.450000000000002));
#2994=CARTESIAN_POINT('Origin',(1.41,10.9,1.02));
#2995=CARTESIAN_POINT('Origin',(1.41,10.9,-0.119999999999999));
#2996=CARTESIAN_POINT('',(1.41,10.9,1.02));
#2997=CARTESIAN_POINT('Origin',(1.41,10.9,1.02));
#2998=CARTESIAN_POINT('Origin',(-1.41,10.9,-0.119999999999999));
#2999=CARTESIAN_POINT('',(-1.41,-3.5,-0.120000000000002));
#3000=CARTESIAN_POINT('',(-1.41,-3.5,1.02));
#3001=CARTESIAN_POINT('',(-1.41,-3.5,0.449999999999998));
#3002=CARTESIAN_POINT('',(-1.41,10.7,-0.119999999999999));
#3003=CARTESIAN_POINT('',(-1.41,10.9,-0.119999999999999));
#3004=CARTESIAN_POINT('',(-1.41,10.7,1.02));
#3005=CARTESIAN_POINT('',(-1.41,10.7,0.450000000000001));
#3006=CARTESIAN_POINT('',(-1.41,10.9,1.02));
#3007=CARTESIAN_POINT('Origin',(-2.55,10.9,1.02));
#3008=CARTESIAN_POINT('',(-2.55,-3.5,1.02));
#3009=CARTESIAN_POINT('',(-2.55,-3.5,1.02));
#3010=CARTESIAN_POINT('',(-2.55,10.7,1.02));
#3011=CARTESIAN_POINT('',(-2.55,10.7,1.02));
#3012=CARTESIAN_POINT('',(-2.55,10.9,1.02));
#3013=CARTESIAN_POINT('Origin',(-2.55,10.9,1.02));
#3014=CARTESIAN_POINT('',(-2.35,10.9,0.820000000000001));
#3015=CARTESIAN_POINT('',(-2.35,10.9,0.080000000000001));
#3016=CARTESIAN_POINT('',(-2.35,10.9,0.450000000000001));
#3017=CARTESIAN_POINT('',(-1.61,10.9,0.820000000000001));
#3018=CARTESIAN_POINT('',(-2.55,10.9,0.820000000000001));
#3019=CARTESIAN_POINT('',(-1.61,10.9,0.0800000000000009));
#3020=CARTESIAN_POINT('',(-1.61,10.9,0.450000000000001));
#3021=CARTESIAN_POINT('',(-2.55,10.9,0.080000000000001));
#3022=CARTESIAN_POINT('Origin',(-2.55,10.8,0.920000000000001));
#3023=CARTESIAN_POINT('',(-1.61,10.9,0.820000000000001));
#3024=CARTESIAN_POINT('',(-2.35,10.9,0.820000000000001));
#3025=CARTESIAN_POINT('Origin',(-1.51,10.8,0.450000000000001));
#3026=CARTESIAN_POINT('',(-1.61,10.9,0.0800000000000009));
#3027=CARTESIAN_POINT('Origin',(-2.55,10.8,-0.019999999999999));
#3028=CARTESIAN_POINT('',(-2.55,10.7,-0.119999999999999));
#3029=CARTESIAN_POINT('',(-2.55,10.7,-0.119999999999999));
#3030=CARTESIAN_POINT('',(-2.35,10.9,0.080000000000001));
#3031=CARTESIAN_POINT('Origin',(-2.45,10.8,0.450000000000001));
#3032=CARTESIAN_POINT('',(-2.55,10.7,0.450000000000001));
#3033=CARTESIAN_POINT('Origin',(-2.55,-3.7,1.02));
#3034=CARTESIAN_POINT('',(-2.35,-3.7,0.0799999999999979));
#3035=CARTESIAN_POINT('',(-2.35,-3.7,0.819999999999998));
#3036=CARTESIAN_POINT('',(-2.35,-3.7,0.449999999999998));
#3037=CARTESIAN_POINT('',(-1.61,-3.7,0.0799999999999978));
#3038=CARTESIAN_POINT('',(-2.55,-3.7,0.0799999999999979));
#3039=CARTESIAN_POINT('',(-1.61,-3.7,0.819999999999998));
#3040=CARTESIAN_POINT('',(-1.61,-3.7,0.449999999999998));
#3041=CARTESIAN_POINT('',(-2.55,-3.7,0.819999999999998));
#3042=CARTESIAN_POINT('Origin',(-2.55,10.9,-0.119999999999999));
#3043=CARTESIAN_POINT('',(-2.55,-3.5,-0.120000000000002));
#3044=CARTESIAN_POINT('',(-2.55,-3.5,0.449999999999998));
#3045=CARTESIAN_POINT('',(-2.55,10.9,-0.119999999999999));
#3046=CARTESIAN_POINT('Origin',(-2.55,10.9,-0.119999999999999));
#3047=CARTESIAN_POINT('',(-2.55,-3.5,-0.120000000000002));
#3048=CARTESIAN_POINT('Origin',(-1.51,-3.6,0.449999999999998));
#3049=CARTESIAN_POINT('',(-1.61,-3.7,0.819999999999998));
#3050=CARTESIAN_POINT('',(-1.61,-3.7,0.0799999999999978));
#3051=CARTESIAN_POINT('Origin',(-2.55,-3.6,0.919999999999998));
#3052=CARTESIAN_POINT('',(-2.35,-3.7,0.819999999999998));
#3053=CARTESIAN_POINT('Origin',(-2.55,-3.6,-0.0200000000000022));
#3054=CARTESIAN_POINT('',(-2.55,-3.5,-0.120000000000002));
#3055=CARTESIAN_POINT('Origin',(-2.45,-3.6,0.449999999999998));
#3056=CARTESIAN_POINT('',(0.,0.,0.));
#3057=CARTESIAN_POINT('Origin',(3.48,-1.4,3.85));
#3058=CARTESIAN_POINT('',(3.48,-1.3,4.44));
#3059=CARTESIAN_POINT('Origin',(3.48,-1.3,3.85));
#3060=CARTESIAN_POINT('',(3.48,-1.5,4.24));
#3061=CARTESIAN_POINT('Origin',(3.48,-1.5,3.85));
#3062=CARTESIAN_POINT('Origin',(3.48,-1.5,3.85));
#3063=CARTESIAN_POINT('',(3.48,-1.38017818823206E-15,4.44));
#3064=CARTESIAN_POINT('Origin',(3.48,-1.30104260698261E-15,3.85));
#3065=CARTESIAN_POINT('Origin',(3.48,-1.5,3.85));
#3066=CARTESIAN_POINT('Origin',(-3.9,3.4,0.049999999999999));
#3067=CARTESIAN_POINT('',(-3.9,3.2,-3.75));
#3068=CARTESIAN_POINT('',(-4.1,3.4,-3.75));
#3069=CARTESIAN_POINT('Origin',(-3.9,3.4,-3.75));
#3070=CARTESIAN_POINT('',(-4.1,3.4,2.25));
#3071=CARTESIAN_POINT('',(-4.1,3.4,0.049999999999999));
#3072=CARTESIAN_POINT('',(-3.9,3.2,2.25));
#3073=CARTESIAN_POINT('Origin',(-3.9,3.4,2.25));
#3074=CARTESIAN_POINT('',(-3.9,3.2,0.0499999999999989));
#3075=CARTESIAN_POINT('Origin',(0.8,3.4,2.25));
#3076=CARTESIAN_POINT('',(-3.9,3.4,2.45));
#3077=CARTESIAN_POINT('Origin',(-3.9,3.4,2.25));
#3078=CARTESIAN_POINT('',(3.9,3.4,2.45));
#3079=CARTESIAN_POINT('',(0.8,3.4,2.45));
#3080=CARTESIAN_POINT('',(3.9,3.2,2.25));
#3081=CARTESIAN_POINT('Origin',(3.9,3.4,2.25));
#3082=CARTESIAN_POINT('',(0.8,3.2,2.25));
#3083=CARTESIAN_POINT('Origin',(-3.9,3.4,2.25));
#3084=CARTESIAN_POINT('Origin',(-3.9,3.4,2.25));
#3085=CARTESIAN_POINT('Origin',(3.9,3.4,0.049999999999999));
#3086=CARTESIAN_POINT('',(4.1,3.4,2.25));
#3087=CARTESIAN_POINT('Origin',(3.9,3.4,2.25));
#3088=CARTESIAN_POINT('',(4.1,3.4,-3.75));
#3089=CARTESIAN_POINT('',(4.1,3.4,0.049999999999999));
#3090=CARTESIAN_POINT('',(3.9,3.2,-3.75));
#3091=CARTESIAN_POINT('Origin',(3.9,3.4,-3.75));
#3092=CARTESIAN_POINT('',(3.9,3.2,0.0499999999999989));
#3093=CARTESIAN_POINT('Origin',(3.9,3.4,2.25));
#3094=CARTESIAN_POINT('Origin',(3.9,3.4,2.25));
#3095=CARTESIAN_POINT('Origin',(0.,3.4,-3.75));
#3096=CARTESIAN_POINT('',(3.9,3.4,-3.95));
#3097=CARTESIAN_POINT('Origin',(3.9,3.4,-3.75));
#3098=CARTESIAN_POINT('',(-3.9,3.4,-3.95));
#3099=CARTESIAN_POINT('',(0.,3.4,-3.95));
#3100=CARTESIAN_POINT('Origin',(-3.9,3.4,-3.75));
#3101=CARTESIAN_POINT('',(0.,3.2,-3.75));
#3102=CARTESIAN_POINT('Origin',(3.9,3.4,-3.75));
#3103=CARTESIAN_POINT('Origin',(3.9,3.4,-3.75));
#3104=CARTESIAN_POINT('Origin',(-3.9,3.4,-3.75));
#3105=CARTESIAN_POINT('Origin',(-3.9,3.4,-3.75));
#3106=CARTESIAN_POINT('Origin',(-3.9,3.2,2.25));
#3107=CARTESIAN_POINT('',(-4.1,10.8,2.25));
#3108=CARTESIAN_POINT('',(-4.1,3.2,2.25));
#3109=CARTESIAN_POINT('',(-3.9,10.8,2.45));
#3110=CARTESIAN_POINT('Origin',(-3.9,10.8,2.25));
#3111=CARTESIAN_POINT('',(-3.9,3.2,2.45));
#3112=CARTESIAN_POINT('Origin',(-4.1,3.2,-3.95));
#3113=CARTESIAN_POINT('',(-4.1,10.8,-3.75));
#3114=CARTESIAN_POINT('',(-4.1,3.2,-3.75));
#3115=CARTESIAN_POINT('',(-4.1,10.8,0.45));
#3116=CARTESIAN_POINT('Origin',(-3.9,3.2,-3.75));
#3117=CARTESIAN_POINT('',(-3.9,10.8,-3.95));
#3118=CARTESIAN_POINT('',(-3.9,3.2,-3.95));
#3119=CARTESIAN_POINT('Origin',(-3.9,10.8,-3.75));
#3120=CARTESIAN_POINT('Origin',(-4.1,3.2,-3.95));
#3121=CARTESIAN_POINT('',(3.9,10.8,-3.95));
#3122=CARTESIAN_POINT('',(3.9,3.2,-3.95));
#3123=CARTESIAN_POINT('',(0.4,10.8,-3.95));
#3124=CARTESIAN_POINT('Origin',(4.1,3.2,4.05));
#3125=CARTESIAN_POINT('',(1.41,3.2,-0.12));
#3126=CARTESIAN_POINT('',(1.41,3.2,1.02));
#3127=CARTESIAN_POINT('',(1.41,3.2,4.05));
#3128=CARTESIAN_POINT('',(2.55,3.2,-0.120000000000001));
#3129=CARTESIAN_POINT('',(4.1,3.2,-0.120000000000001));
#3130=CARTESIAN_POINT('',(2.55,3.2,1.02));
#3131=CARTESIAN_POINT('',(2.55,3.2,4.05));
#3132=CARTESIAN_POINT('',(4.1,3.2,1.02));
#3133=CARTESIAN_POINT('',(-2.55,3.2,-0.120000000000001));
#3134=CARTESIAN_POINT('',(-2.55,3.2,1.02));
#3135=CARTESIAN_POINT('',(-2.55,3.2,4.05));
#3136=CARTESIAN_POINT('',(-1.41,3.2,-0.120000000000001));
#3137=CARTESIAN_POINT('',(4.1,3.2,-0.120000000000002));
#3138=CARTESIAN_POINT('',(-1.41,3.2,1.02));
#3139=CARTESIAN_POINT('',(-1.41,3.2,4.05));
#3140=CARTESIAN_POINT('',(4.1,3.2,1.02));
#3141=CARTESIAN_POINT('Origin',(2.2,1.6,2.65));
#3142=CARTESIAN_POINT('',(2.,10.8,2.65));
#3143=CARTESIAN_POINT('',(2.2,10.8,2.45));
#3144=CARTESIAN_POINT('Origin',(2.2,10.8,2.65));
#3145=CARTESIAN_POINT('',(2.2,9.4,2.45));
#3146=CARTESIAN_POINT('',(2.2,1.6,2.45));
#3147=CARTESIAN_POINT('',(2.,9.4,2.65));
#3148=CARTESIAN_POINT('Origin',(2.2,9.4,2.65));
#3149=CARTESIAN_POINT('',(2.,1.6,2.65));
#3150=CARTESIAN_POINT('Origin',(2.2,10.8,4.85));
#3151=CARTESIAN_POINT('',(2.,10.8,4.65));
#3152=CARTESIAN_POINT('',(2.2,11.,4.65));
#3153=CARTESIAN_POINT('Origin',(2.2,10.8,4.65));
#3154=CARTESIAN_POINT('',(2.2,11.,2.65));
#3155=CARTESIAN_POINT('',(2.2,11.,4.85));
#3156=CARTESIAN_POINT('Origin',(2.2,10.8,2.65));
#3157=CARTESIAN_POINT('',(2.,10.8,4.85));
#3158=CARTESIAN_POINT('Origin',(2.2,10.8,2.65));
#3159=CARTESIAN_POINT('Origin',(2.2,10.8,2.65));
#3160=CARTESIAN_POINT('Origin',(2.2,5.5,4.65));
#3161=CARTESIAN_POINT('',(2.,-3.03576608295941E-15,4.65));
#3162=CARTESIAN_POINT('',(2.2,-1.30104260698261E-15,4.85));
#3163=CARTESIAN_POINT('Origin',(2.2,-1.11022302462516E-15,4.65));
#3164=CARTESIAN_POINT('',(2.2,10.8,4.85));
#3165=CARTESIAN_POINT('',(2.2,5.5,4.85));
#3166=CARTESIAN_POINT('Origin',(2.2,10.8,4.65));
#3167=CARTESIAN_POINT('',(2.,5.5,4.65));
#3168=CARTESIAN_POINT('Origin',(2.2,10.8,4.65));
#3169=CARTESIAN_POINT('Origin',(2.2,10.8,4.65));
#3170=CARTESIAN_POINT('Origin',(-2.5,3.2,2.45));
#3171=CARTESIAN_POINT('',(-2.2,10.8,2.45));
#3172=CARTESIAN_POINT('',(1.2,10.8,2.45));
#3173=CARTESIAN_POINT('',(-2.2,9.4,2.45));
#3174=CARTESIAN_POINT('',(-2.2,1.6,2.45));
#3175=CARTESIAN_POINT('',(-2.25,9.4,2.45));
#3176=CARTESIAN_POINT('',(3.9,10.8,2.45));
#3177=CARTESIAN_POINT('',(1.2,10.8,2.45));
#3178=CARTESIAN_POINT('',(3.9,3.2,2.45));
#3179=CARTESIAN_POINT('Origin',(1.2,10.8,2.65));
#3180=CARTESIAN_POINT('',(3.9,11.,2.65));
#3181=CARTESIAN_POINT('',(1.2,11.,2.65));
#3182=CARTESIAN_POINT('Origin',(3.9,10.8,2.65));
#3183=CARTESIAN_POINT('Origin',(4.9,11.,4.85));
#3184=CARTESIAN_POINT('',(4.7,11.,4.65));
#3185=CARTESIAN_POINT('',(4.9,11.,4.65));
#3186=CARTESIAN_POINT('',(4.7,11.,-4.65));
#3187=CARTESIAN_POINT('',(4.7,11.,4.85));
#3188=CARTESIAN_POINT('',(-4.7,11.,-4.65));
#3189=CARTESIAN_POINT('',(4.9,11.,-4.65));
#3190=CARTESIAN_POINT('',(-4.7,11.,4.65));
#3191=CARTESIAN_POINT('',(-4.7,11.,4.85));
#3192=CARTESIAN_POINT('',(-2.2,11.,4.65));
#3193=CARTESIAN_POINT('',(4.9,11.,4.65));
#3194=CARTESIAN_POINT('',(-2.2,11.,2.65));
#3195=CARTESIAN_POINT('',(-2.2,11.,4.85));
#3196=CARTESIAN_POINT('',(-3.9,11.,2.65));
#3197=CARTESIAN_POINT('',(1.2,11.,2.65));
#3198=CARTESIAN_POINT('',(-4.3,11.,2.25));
#3199=CARTESIAN_POINT('Origin',(-3.9,11.,2.25));
#3200=CARTESIAN_POINT('',(-4.3,11.,-3.75));
#3201=CARTESIAN_POINT('',(-4.3,11.,0.45));
#3202=CARTESIAN_POINT('',(-3.9,11.,-4.15));
#3203=CARTESIAN_POINT('Origin',(-3.9,11.,-3.75));
#3204=CARTESIAN_POINT('',(3.9,11.,-4.15));
#3205=CARTESIAN_POINT('',(0.4,11.,-4.15));
#3206=CARTESIAN_POINT('',(4.3,11.,-3.75));
#3207=CARTESIAN_POINT('Origin',(3.9,11.,-3.75));
#3208=CARTESIAN_POINT('',(4.3,11.,2.25));
#3209=CARTESIAN_POINT('',(4.3,11.,0.45));
#3210=CARTESIAN_POINT('Origin',(3.9,11.,2.25));
#3211=CARTESIAN_POINT('Origin',(4.9,10.8,4.65));
#3212=CARTESIAN_POINT('',(4.7,10.8,4.85));
#3213=CARTESIAN_POINT('',(4.9,10.8,4.85));
#3214=CARTESIAN_POINT('Origin',(4.7,10.8,4.65));
#3215=CARTESIAN_POINT('Origin',(4.9,11.,4.85));
#3216=CARTESIAN_POINT('',(4.7,-1.30104260698261E-15,4.85));
#3217=CARTESIAN_POINT('',(4.9,-1.30104260698261E-15,4.85));
#3218=CARTESIAN_POINT('',(4.7,5.5,4.85));
#3219=CARTESIAN_POINT('Origin',(-2.2,5.5,4.65));
#3220=CARTESIAN_POINT('',(-2.2,-1.30104260698261E-15,4.85));
#3221=CARTESIAN_POINT('',(-2.,-3.03576608295941E-15,4.65));
#3222=CARTESIAN_POINT('Origin',(-2.2,-1.11022302462516E-15,4.65));
#3223=CARTESIAN_POINT('',(-2.,10.8,4.65));
#3224=CARTESIAN_POINT('',(-2.,5.5,4.65));
#3225=CARTESIAN_POINT('',(-2.2,10.8,4.85));
#3226=CARTESIAN_POINT('Origin',(-2.2,10.8,4.65));
#3227=CARTESIAN_POINT('',(-2.2,5.5,4.85));
#3228=CARTESIAN_POINT('Origin',(-2.2,10.8,4.85));
#3229=CARTESIAN_POINT('',(-2.,10.8,2.65));
#3230=CARTESIAN_POINT('Origin',(-2.2,10.8,2.65));
#3231=CARTESIAN_POINT('Origin',(-2.2,10.8,4.65));
#3232=CARTESIAN_POINT('',(-2.,10.8,4.85));
#3233=CARTESIAN_POINT('Origin',(-2.2,10.8,4.65));
#3234=CARTESIAN_POINT('Origin',(-2.2,10.8,4.65));
#3235=CARTESIAN_POINT('Origin',(-2.2,1.6,2.65));
#3236=CARTESIAN_POINT('Origin',(-2.2,10.8,2.65));
#3237=CARTESIAN_POINT('',(-2.,9.4,2.65));
#3238=CARTESIAN_POINT('',(-2.,1.6,2.65));
#3239=CARTESIAN_POINT('Origin',(-2.2,9.4,2.65));
#3240=CARTESIAN_POINT('Origin',(-2.2,10.8,2.65));
#3241=CARTESIAN_POINT('Origin',(-2.2,10.8,2.65));
#3242=CARTESIAN_POINT('Origin',(4.9,11.,4.85));
#3243=CARTESIAN_POINT('',(-4.7,10.8,4.85));
#3244=CARTESIAN_POINT('',(4.9,10.8,4.85));
#3245=CARTESIAN_POINT('',(-4.7,-1.30104260698261E-15,4.85));
#3246=CARTESIAN_POINT('',(-4.7,5.5,4.85));
#3247=CARTESIAN_POINT('',(4.9,-1.30104260698261E-15,4.85));
#3248=CARTESIAN_POINT('Origin',(4.9,10.8,4.65));
#3249=CARTESIAN_POINT('Origin',(-4.7,10.8,4.65));
#3250=CARTESIAN_POINT('Origin',(1.2,10.8,2.65));
#3251=CARTESIAN_POINT('Origin',(-3.9,10.8,2.65));
#3252=CARTESIAN_POINT('Origin',(3.9,10.8,2.25));
#3253=CARTESIAN_POINT('',(4.1,10.8,2.25));
#3254=CARTESIAN_POINT('Origin',(4.3,10.8,2.25));
#3255=CARTESIAN_POINT('Origin',(3.9,10.8,2.25));
#3256=CARTESIAN_POINT('Origin',(4.3,10.8,0.45));
#3257=CARTESIAN_POINT('',(4.1,10.8,-3.75));
#3258=CARTESIAN_POINT('Origin',(4.3,10.8,-3.75));
#3259=CARTESIAN_POINT('',(4.1,10.8,0.45));
#3260=CARTESIAN_POINT('Origin',(3.9,10.8,-3.75));
#3261=CARTESIAN_POINT('Origin',(3.9,10.8,-4.15));
#3262=CARTESIAN_POINT('Origin',(3.9,10.8,-3.75));
#3263=CARTESIAN_POINT('Origin',(0.4,10.8,-4.15));
#3264=CARTESIAN_POINT('Origin',(-3.9,10.8,-4.15));
#3265=CARTESIAN_POINT('Origin',(-3.9,10.8,-3.75));
#3266=CARTESIAN_POINT('Origin',(-4.3,10.8,-3.75));
#3267=CARTESIAN_POINT('Origin',(-4.3,10.8,0.45));
#3268=CARTESIAN_POINT('Origin',(-4.3,10.8,2.25));
#3269=CARTESIAN_POINT('Origin',(-3.9,10.8,2.25));
#3270=CARTESIAN_POINT('Origin',(2.,-3.03576608295941E-15,4.85));
#3271=CARTESIAN_POINT('',(2.,9.4,3.65));
#3272=CARTESIAN_POINT('',(2.,9.4,3.65));
#3273=CARTESIAN_POINT('',(2.,-3.03576608295941E-15,3.65));
#3274=CARTESIAN_POINT('',(2.,-3.03576608295941E-15,3.65));
#3275=CARTESIAN_POINT('',(2.,-3.03576608295941E-15,4.85));
#3276=CARTESIAN_POINT('Origin',(3.9,3.2,-3.75));
#3277=CARTESIAN_POINT('',(4.1,3.2,-3.75));
#3278=CARTESIAN_POINT('Origin',(4.1,3.2,-3.95));
#3279=CARTESIAN_POINT('',(4.1,3.2,2.25));
#3280=CARTESIAN_POINT('Origin',(3.9,3.2,2.25));
#3281=CARTESIAN_POINT('Origin',(-4.7,10.8,4.85));
#3282=CARTESIAN_POINT('',(-4.9,10.8,-4.65));
#3283=CARTESIAN_POINT('Origin',(-4.7,10.8,-4.65));
#3284=CARTESIAN_POINT('',(-4.9,10.8,4.65));
#3285=CARTESIAN_POINT('',(-4.9,10.8,4.85));
#3286=CARTESIAN_POINT('Origin',(-4.7,10.8,4.65));
#3287=CARTESIAN_POINT('Origin',(-4.7,10.8,4.65));
#3288=CARTESIAN_POINT('Origin',(-4.7,10.8,4.65));
#3289=CARTESIAN_POINT('Origin',(4.9,10.8,-4.65));
#3290=CARTESIAN_POINT('',(4.7,10.8,-4.85));
#3291=CARTESIAN_POINT('Origin',(4.7,10.8,-4.65));
#3292=CARTESIAN_POINT('',(-4.7,10.8,-4.85));
#3293=CARTESIAN_POINT('',(4.9,10.8,-4.85));
#3294=CARTESIAN_POINT('Origin',(-4.7,10.8,-4.65));
#3295=CARTESIAN_POINT('Origin',(-4.7,10.8,-4.65));
#3296=CARTESIAN_POINT('Origin',(-4.7,10.8,-4.65));
#3297=CARTESIAN_POINT('Origin',(4.7,10.8,4.85));
#3298=CARTESIAN_POINT('',(4.9,10.8,-4.65));
#3299=CARTESIAN_POINT('Origin',(4.7,10.8,-4.65));
#3300=CARTESIAN_POINT('',(4.9,10.8,4.65));
#3301=CARTESIAN_POINT('Origin',(4.7,10.8,4.65));
#3302=CARTESIAN_POINT('',(4.9,10.8,4.85));
#3303=CARTESIAN_POINT('Origin',(4.7,10.8,-4.65));
#3304=CARTESIAN_POINT('Origin',(4.7,10.8,-4.65));
#3305=CARTESIAN_POINT('Origin',(4.7,10.8,4.65));
#3306=CARTESIAN_POINT('Origin',(4.7,10.8,4.65));
#3307=CARTESIAN_POINT('Origin',(-4.9,-1.30104260698261E-15,4.85));
#3308=CARTESIAN_POINT('',(-4.9,-2.68256207625275E-17,-4.65));
#3309=CARTESIAN_POINT('',(-4.9,5.5,-4.65));
#3310=CARTESIAN_POINT('',(-4.9,-1.27421698622008E-15,4.65));
#3311=CARTESIAN_POINT('',(-4.9,-1.30104260698261E-15,4.85));
#3312=CARTESIAN_POINT('',(-4.9,5.5,4.65));
#3313=CARTESIAN_POINT('Origin',(-4.7,5.5,-4.65));
#3314=CARTESIAN_POINT('',(-4.7,0.,-4.85));
#3315=CARTESIAN_POINT('',(-4.7,5.5,-4.85));
#3316=CARTESIAN_POINT('Origin',(-4.7,-1.11022302462516E-15,-4.65));
#3317=CARTESIAN_POINT('Origin',(4.9,11.,-4.85));
#3318=CARTESIAN_POINT('',(4.7,0.,-4.85));
#3319=CARTESIAN_POINT('',(4.7,5.5,-4.85));
#3320=CARTESIAN_POINT('',(4.9,0.,-4.85));
#3321=CARTESIAN_POINT('Origin',(4.7,5.5,-4.65));
#3322=CARTESIAN_POINT('',(4.9,-2.68256207625275E-17,-4.65));
#3323=CARTESIAN_POINT('',(4.9,5.5,-4.65));
#3324=CARTESIAN_POINT('Origin',(4.7,-1.11022302462516E-15,-4.65));
#3325=CARTESIAN_POINT('Origin',(4.9,-1.30104260698261E-15,4.85));
#3326=CARTESIAN_POINT('',(4.9,-1.27421698622008E-15,4.65));
#3327=CARTESIAN_POINT('',(4.9,5.5,4.65));
#3328=CARTESIAN_POINT('',(4.9,-1.30104260698261E-15,4.85));
#3329=CARTESIAN_POINT('Origin',(4.7,5.5,4.65));
#3330=CARTESIAN_POINT('Origin',(4.7,-1.11022302462516E-15,4.65));
#3331=CARTESIAN_POINT('Origin',(4.9,-1.30104260698261E-15,4.85));
#3332=CARTESIAN_POINT('',(-2.,-3.03576608295941E-15,3.65));
#3333=CARTESIAN_POINT('',(-2.,-3.03576608295941E-15,3.65));
#3334=CARTESIAN_POINT('',(-2.,-3.03576608295941E-15,4.85));
#3335=CARTESIAN_POINT('Origin',(-4.7,-1.11022302462516E-15,4.65));
#3336=CARTESIAN_POINT('',(1.41,-8.67361737988404E-16,1.02));
#3337=CARTESIAN_POINT('',(1.41,-4.33680868994202E-16,-0.120000000000001));
#3338=CARTESIAN_POINT('',(1.41,-1.30104260698261E-15,4.85));
#3339=CARTESIAN_POINT('',(2.55,-8.67361737988404E-16,1.02));
#3340=CARTESIAN_POINT('',(4.9,-8.67361737988404E-16,1.02));
#3341=CARTESIAN_POINT('',(2.55,3.90312782094782E-15,-0.120000000000001));
#3342=CARTESIAN_POINT('',(2.55,-1.30104260698261E-15,4.85));
#3343=CARTESIAN_POINT('',(4.9,-4.33680868994202E-16,-0.120000000000001));
#3344=CARTESIAN_POINT('',(-2.55,-8.67361737988404E-16,1.02));
#3345=CARTESIAN_POINT('',(-2.55,-4.33680868994202E-16,-0.120000000000002));
#3346=CARTESIAN_POINT('',(-2.55,-1.30104260698261E-15,4.85));
#3347=CARTESIAN_POINT('',(-1.41,-8.67361737988404E-16,1.02));
#3348=CARTESIAN_POINT('',(4.9,-8.67361737988404E-16,1.02));
#3349=CARTESIAN_POINT('',(-1.41,3.90312782094782E-15,-0.120000000000002));
#3350=CARTESIAN_POINT('',(-1.41,-1.30104260698261E-15,4.85));
#3351=CARTESIAN_POINT('',(4.9,-4.33680868994202E-16,-0.120000000000003));
#3352=CARTESIAN_POINT('Origin',(-4.7,5.5,4.65));
#3353=CARTESIAN_POINT('Origin',(1.41,3.2,1.02));
#3354=CARTESIAN_POINT('',(1.41,3.2,1.02));
#3355=CARTESIAN_POINT('',(2.55,3.2,1.02));
#3356=CARTESIAN_POINT('Origin',(2.55,3.2,1.02));
#3357=CARTESIAN_POINT('',(2.55,3.2,-0.120000000000001));
#3358=CARTESIAN_POINT('Origin',(2.55,3.2,-0.120000000000001));
#3359=CARTESIAN_POINT('',(1.41,3.2,-0.12));
#3360=CARTESIAN_POINT('Origin',(1.41,3.2,-0.12));
#3361=CARTESIAN_POINT('Origin',(-1.41,3.2,1.02));
#3362=CARTESIAN_POINT('',(-1.41,3.2,1.02));
#3363=CARTESIAN_POINT('',(-1.41,3.2,-0.120000000000001));
#3364=CARTESIAN_POINT('Origin',(-1.41,3.2,-0.120000000000001));
#3365=CARTESIAN_POINT('',(-2.55,3.2,-0.120000000000001));
#3366=CARTESIAN_POINT('Origin',(-2.55,3.2,-0.120000000000001));
#3367=CARTESIAN_POINT('',(-2.55,3.2,1.02));
#3368=CARTESIAN_POINT('Origin',(-2.55,3.2,1.02));
#3369=CARTESIAN_POINT('Origin',(-2.,-3.03576608295941E-15,3.65));
#3370=CARTESIAN_POINT('',(-1.,9.4,3.65));
#3371=CARTESIAN_POINT('',(-1.,7.2,3.65));
#3372=CARTESIAN_POINT('',(-1.,9.4,3.65));
#3373=CARTESIAN_POINT('',(-2.,9.4,3.65));
#3374=CARTESIAN_POINT('',(-2.,9.4,3.65));
#3375=CARTESIAN_POINT('',(-2.,-3.03576608295941E-15,3.65));
#3376=CARTESIAN_POINT('',(1.,9.4,3.65));
#3377=CARTESIAN_POINT('',(-2.,9.4,3.65));
#3378=CARTESIAN_POINT('',(1.,7.2,3.65));
#3379=CARTESIAN_POINT('',(1.,9.4,3.65));
#3380=CARTESIAN_POINT('',(-1.,7.2,3.65));
#3381=CARTESIAN_POINT('Origin',(-2.,-3.03576608295941E-15,4.85));
#3382=CARTESIAN_POINT('',(-2.,9.4,3.65));
#3383=CARTESIAN_POINT('Origin',(-2.,9.4,3.65));
#3384=CARTESIAN_POINT('',(-1.,9.4,4.15));
#3385=CARTESIAN_POINT('',(-1.,9.4,4.15));
#3386=CARTESIAN_POINT('',(1.,9.4,4.15));
#3387=CARTESIAN_POINT('',(-1.,9.4,4.15));
#3388=CARTESIAN_POINT('',(1.,9.4,4.15));
#3389=CARTESIAN_POINT('Origin',(-1.,9.4,4.15));
#3390=CARTESIAN_POINT('',(-1.,7.2,4.15));
#3391=CARTESIAN_POINT('',(-1.,7.2,4.15));
#3392=CARTESIAN_POINT('',(-1.,9.4,4.15));
#3393=CARTESIAN_POINT('Origin',(-1.,7.2,4.15));
#3394=CARTESIAN_POINT('',(1.,7.2,4.15));
#3395=CARTESIAN_POINT('',(1.,7.2,4.15));
#3396=CARTESIAN_POINT('',(-1.,7.2,4.15));
#3397=CARTESIAN_POINT('Origin',(1.,9.4,4.15));
#3398=CARTESIAN_POINT('',(1.,9.4,4.15));
#3399=CARTESIAN_POINT('Origin',(-1.,7.2,4.15));
#3400=CARTESIAN_POINT('',(0.,0.,0.));
#3401=CARTESIAN_POINT('Origin',(2.58413383869961,-3.8626439375466,0.));
#3402=CARTESIAN_POINT('',(2.58413383869961,-3.8626439375466,0.));
#3403=CARTESIAN_POINT('',(2.35340881632473,-3.81248632273513,0.));
#3404=CARTESIAN_POINT('',(2.7362942957888,-3.89572229860887,0.));
#3405=CARTESIAN_POINT('',(2.58413383869961,-3.8626439375466,0.01));
#3406=CARTESIAN_POINT('',(2.58413383869961,-3.8626439375466,0.));
#3407=CARTESIAN_POINT('',(2.35340881632473,-3.81248632273513,0.01));
#3408=CARTESIAN_POINT('',(2.7362942957888,-3.89572229860887,0.01));
#3409=CARTESIAN_POINT('',(2.35340881632473,-3.81248632273513,0.));
#3410=CARTESIAN_POINT('Origin',(2.54579495639384,-4.03900279175203,0.));
#3411=CARTESIAN_POINT('',(2.54579495639384,-4.03900279175203,0.));
#3412=CARTESIAN_POINT('',(2.62055145292522,-3.69512291628938,0.));
#3413=CARTESIAN_POINT('',(2.54579495639384,-4.03900279175203,0.01));
#3414=CARTESIAN_POINT('',(2.54579495639384,-4.03900279175203,0.));
#3415=CARTESIAN_POINT('',(2.62055145292522,-3.69512291628938,0.01));
#3416=CARTESIAN_POINT('Origin',(2.66989635447228,-4.06598135722496,0.));
#3417=CARTESIAN_POINT('',(2.66989635447228,-4.19298135722496,0.));
#3418=CARTESIAN_POINT('Origin',(2.66989635447228,-4.06598135722496,0.));
#3419=CARTESIAN_POINT('',(2.66989635447228,-4.19298135722496,0.01));
#3420=CARTESIAN_POINT('',(2.66989635447228,-4.19298135722496,0.));
#3421=CARTESIAN_POINT('Origin',(2.66989635447228,-4.06598135722496,0.01));
#3422=CARTESIAN_POINT('Origin',(3.09571532310606,-4.19298135722496,0.));
#3423=CARTESIAN_POINT('',(3.09571532310606,-4.19298135722496,0.));
#3424=CARTESIAN_POINT('',(3.04767209337052,-4.19298135722496,0.));
#3425=CARTESIAN_POINT('',(3.09571532310606,-4.19298135722496,0.01));
#3426=CARTESIAN_POINT('',(3.09571532310606,-4.19298135722496,0.));
#3427=CARTESIAN_POINT('',(3.04767209337052,-4.19298135722496,0.01));
#3428=CARTESIAN_POINT('Origin',(3.09571532310606,-4.06598135722496,0.));
#3429=CARTESIAN_POINT('',(3.2198167211845,-4.09295992269788,0.));
#3430=CARTESIAN_POINT('Origin',(3.09571532310606,-4.06598135722496,0.));
#3431=CARTESIAN_POINT('',(3.2198167211845,-4.09295992269788,0.01));
#3432=CARTESIAN_POINT('',(3.2198167211845,-4.09295992269788,0.));
#3433=CARTESIAN_POINT('Origin',(3.09571532310606,-4.06598135722496,0.01));
#3434=CARTESIAN_POINT('Origin',(3.56974232017631,-2.48330220750548,0.));
#3435=CARTESIAN_POINT('',(3.56974232017631,-2.48330220750548,0.));
#3436=CARTESIAN_POINT('',(3.45992818803923,-2.98844720272987,0.));
#3437=CARTESIAN_POINT('',(3.56974232017631,-2.48330220750548,0.01));
#3438=CARTESIAN_POINT('',(3.56974232017631,-2.48330220750548,0.));
#3439=CARTESIAN_POINT('',(3.45992818803923,-2.98844720272987,0.01));
#3440=CARTESIAN_POINT('Origin',(3.80046734255119,-2.53345982231695,0.));
#3441=CARTESIAN_POINT('',(3.80046734255119,-2.53345982231695,0.));
#3442=CARTESIAN_POINT('',(3.50986223523017,-2.47028479740972,0.));
#3443=CARTESIAN_POINT('',(3.80046734255119,-2.53345982231695,0.01));
#3444=CARTESIAN_POINT('',(3.80046734255119,-2.53345982231695,0.));
#3445=CARTESIAN_POINT('',(3.50986223523017,-2.47028479740972,0.01));
#3446=CARTESIAN_POINT('Origin',(3.43481649969838,-4.2154536574648,0.));
#3447=CARTESIAN_POINT('',(3.43481649969838,-4.2154536574648,0.));
#3448=CARTESIAN_POINT('',(3.5078277889877,-3.87960173511526,0.));
#3449=CARTESIAN_POINT('',(3.43481649969838,-4.2154536574648,0.01));
#3450=CARTESIAN_POINT('',(3.43481649969838,-4.2154536574648,0.));
#3451=CARTESIAN_POINT('',(3.5078277889877,-3.87960173511526,0.01));
#3452=CARTESIAN_POINT('Origin',(3.1866137035415,-4.16149652651895,0.));
#3453=CARTESIAN_POINT('',(3.1866137035415,-4.41549652651895,0.));
#3454=CARTESIAN_POINT('Origin',(3.1866137035415,-4.16149652651895,0.));
#3455=CARTESIAN_POINT('',(3.1866137035415,-4.41549652651895,0.01));
#3456=CARTESIAN_POINT('',(3.1866137035415,-4.41549652651895,0.));
#3457=CARTESIAN_POINT('Origin',(3.1866137035415,-4.16149652651895,0.01));
#3458=CARTESIAN_POINT('Origin',(2.27069250241488,-4.41549652651895,0.));
#3459=CARTESIAN_POINT('',(2.27069250241488,-4.41549652651895,0.));
#3460=CARTESIAN_POINT('',(2.63516068302493,-4.41549652651895,0.));
#3461=CARTESIAN_POINT('',(2.27069250241488,-4.41549652651895,0.01));
#3462=CARTESIAN_POINT('',(2.27069250241488,-4.41549652651895,0.));
#3463=CARTESIAN_POINT('',(2.63516068302493,-4.41549652651895,0.01));
#3464=CARTESIAN_POINT('Origin',(2.23322346789666,-4.36533891170748,0.));
#3465=CARTESIAN_POINT('',(2.23322346789666,-4.36533891170748,0.));
#3466=CARTESIAN_POINT('',(2.14322482467831,-4.24486296835468,0.));
#3467=CARTESIAN_POINT('',(2.23322346789666,-4.36533891170748,0.01));
#3468=CARTESIAN_POINT('',(2.23322346789666,-4.36533891170748,0.));
#3469=CARTESIAN_POINT('',(2.14322482467831,-4.24486296835468,0.01));
#3470=CARTESIAN_POINT('Origin',(2.35340881632473,-3.81248632273513,0.));
#3471=CARTESIAN_POINT('',(2.40899587170322,-3.55678587437519,0.));
#3472=CARTESIAN_POINT('',(2.40899587170322,-3.55678587437519,0.01));
#3473=CARTESIAN_POINT('Origin',(4.01073526143169,-2.070253440276,0.));
#3474=CARTESIAN_POINT('',(1.98852246583827,-2.070253440276,0.));
#3475=CARTESIAN_POINT('',(4.01073526143169,-2.070253440276,0.));
#3476=CARTESIAN_POINT('',(1.98852246583827,-2.070253440276,0.));
#3477=CARTESIAN_POINT('',(1.98852246583827,-2.070253440276,0.01));
#3478=CARTESIAN_POINT('',(1.98852246583827,-2.070253440276,0.));
#3479=CARTESIAN_POINT('',(4.01073526143169,-2.070253440276,0.01));
#3480=CARTESIAN_POINT('',(1.98852246583827,-2.070253440276,0.01));
#3481=CARTESIAN_POINT('',(4.01073526143169,-2.070253440276,0.));
#3482=CARTESIAN_POINT('Origin',(4.01073526143169,-2.197253440276,0.));
#3483=CARTESIAN_POINT('',(4.13773526143169,-2.197253440276,0.));
#3484=CARTESIAN_POINT('Origin',(4.01073526143169,-2.197253440276,0.));
#3485=CARTESIAN_POINT('',(4.13773526143169,-2.197253440276,0.01));
#3486=CARTESIAN_POINT('Origin',(4.01073526143169,-2.197253440276,0.01));
#3487=CARTESIAN_POINT('',(4.13773526143169,-2.197253440276,0.));
#3488=CARTESIAN_POINT('Origin',(4.13773526143169,-4.63754608562654,0.));
#3489=CARTESIAN_POINT('',(4.13773526143169,-4.63754608562654,0.));
#3490=CARTESIAN_POINT('',(4.13773526143169,-2.197253440276,0.));
#3491=CARTESIAN_POINT('',(4.13773526143169,-4.63754608562654,0.01));
#3492=CARTESIAN_POINT('',(4.13773526143169,-2.197253440276,0.01));
#3493=CARTESIAN_POINT('',(4.13773526143169,-4.63754608562654,0.));
#3494=CARTESIAN_POINT('Origin',(4.01073526143169,-4.63754608562654,0.));
#3495=CARTESIAN_POINT('',(4.01073526143169,-4.76454608562654,0.));
#3496=CARTESIAN_POINT('Origin',(4.01073526143169,-4.63754608562654,0.));
#3497=CARTESIAN_POINT('',(4.01073526143169,-4.76454608562654,0.01));
#3498=CARTESIAN_POINT('Origin',(4.01073526143169,-4.63754608562654,0.01));
#3499=CARTESIAN_POINT('',(4.01073526143169,-4.76454608562654,0.));
#3500=CARTESIAN_POINT('Origin',(1.98852246583827,-4.76454608562654,0.));
#3501=CARTESIAN_POINT('',(1.98852246583827,-4.76454608562654,0.));
#3502=CARTESIAN_POINT('',(4.01073526143169,-4.76454608562654,0.));
#3503=CARTESIAN_POINT('',(1.98852246583827,-4.76454608562654,0.01));
#3504=CARTESIAN_POINT('',(4.01073526143169,-4.76454608562654,0.01));
#3505=CARTESIAN_POINT('',(1.98852246583827,-4.76454608562654,0.));
#3506=CARTESIAN_POINT('Origin',(1.98852246583827,-4.63754608562654,0.));
#3507=CARTESIAN_POINT('',(1.86152246583827,-4.63754608562654,0.));
#3508=CARTESIAN_POINT('Origin',(1.98852246583827,-4.63754608562654,0.));
#3509=CARTESIAN_POINT('',(1.86152246583827,-4.63754608562654,0.01));
#3510=CARTESIAN_POINT('Origin',(1.98852246583827,-4.63754608562654,0.01));
#3511=CARTESIAN_POINT('',(1.86152246583827,-4.63754608562654,0.));
#3512=CARTESIAN_POINT('Origin',(1.86152246583827,-2.197253440276,0.));
#3513=CARTESIAN_POINT('',(1.86152246583827,-2.197253440276,0.));
#3514=CARTESIAN_POINT('',(1.86152246583827,-4.63754608562654,0.));
#3515=CARTESIAN_POINT('',(1.86152246583827,-2.197253440276,0.01));
#3516=CARTESIAN_POINT('',(1.86152246583827,-4.63754608562654,0.01));
#3517=CARTESIAN_POINT('',(1.86152246583827,-2.197253440276,0.));
#3518=CARTESIAN_POINT('Origin',(1.98852246583827,-2.197253440276,0.));
#3519=CARTESIAN_POINT('Origin',(1.98852246583827,-2.197253440276,0.));
#3520=CARTESIAN_POINT('Origin',(1.98852246583827,-2.197253440276,0.01));
#3521=CARTESIAN_POINT('Origin',(2.99962886363498,-3.41739976295127,0.));
#3522=CARTESIAN_POINT('Origin',(2.99962886363498,-3.41739976295127,0.01));
#3523=CARTESIAN_POINT('',(0.,0.,0.));
#3524=CARTESIAN_POINT('',(0.,0.,0.));
#3525=CARTESIAN_POINT('',(0.,0.,0.));
#3526=CARTESIAN_POINT('',(4.891,5.5101274897585,3.3550389145871));
#3527=CARTESIAN_POINT('',(0.,0.,0.));
#3528=CARTESIAN_POINT('',(-5.55111512312578E-17,1.23259516440783E-32,6.50521303491303E-17));
#3529=UNCERTAINTY_MEASURE_WITH_UNIT(LENGTH_MEASURE(0.01),#3541,
'DISTANCE_ACCURACY_VALUE',
'Maximum model space distance between geometric entities at asserted c
onnectivities');
#3530=UNCERTAINTY_MEASURE_WITH_UNIT(LENGTH_MEASURE(0.01),#3541,
'DISTANCE_ACCURACY_VALUE',
'Maximum model space distance between geometric entities at asserted c
onnectivities');
#3531=UNCERTAINTY_MEASURE_WITH_UNIT(LENGTH_MEASURE(0.01),#3541,
'DISTANCE_ACCURACY_VALUE',
'Maximum model space distance between geometric entities at asserted c
onnectivities');
#3532=UNCERTAINTY_MEASURE_WITH_UNIT(LENGTH_MEASURE(0.01),#3541,
'DISTANCE_ACCURACY_VALUE',
'Maximum model space distance between geometric entities at asserted c
onnectivities');
#3533=UNCERTAINTY_MEASURE_WITH_UNIT(LENGTH_MEASURE(0.01),#3541,
'DISTANCE_ACCURACY_VALUE',
'Maximum model space distance between geometric entities at asserted c
onnectivities');
#3534=UNCERTAINTY_MEASURE_WITH_UNIT(LENGTH_MEASURE(1.E-6),#3541,
'DISTANCE_ACCURACY_VALUE',
'Maximum model space distance between geometric entities at asserted c
onnectivities');
#3535=(
GEOMETRIC_REPRESENTATION_CONTEXT(3)
GLOBAL_UNCERTAINTY_ASSIGNED_CONTEXT((#3529))
GLOBAL_UNIT_ASSIGNED_CONTEXT((#3541,#3543,#3542))
REPRESENTATION_CONTEXT('','3D')
);
#3536=(
GEOMETRIC_REPRESENTATION_CONTEXT(3)
GLOBAL_UNCERTAINTY_ASSIGNED_CONTEXT((#3530))
GLOBAL_UNIT_ASSIGNED_CONTEXT((#3541,#3543,#3542))
REPRESENTATION_CONTEXT('','3D')
);
#3537=(
GEOMETRIC_REPRESENTATION_CONTEXT(3)
GLOBAL_UNCERTAINTY_ASSIGNED_CONTEXT((#3531))
GLOBAL_UNIT_ASSIGNED_CONTEXT((#3541,#28,#3542))
REPRESENTATION_CONTEXT('','3D')
);
#3538=(
GEOMETRIC_REPRESENTATION_CONTEXT(3)
GLOBAL_UNCERTAINTY_ASSIGNED_CONTEXT((#3532))
GLOBAL_UNIT_ASSIGNED_CONTEXT((#3541,#28,#3542))
REPRESENTATION_CONTEXT('','3D')
);
#3539=(
GEOMETRIC_REPRESENTATION_CONTEXT(3)
GLOBAL_UNCERTAINTY_ASSIGNED_CONTEXT((#3533))
GLOBAL_UNIT_ASSIGNED_CONTEXT((#3541,#28,#3542))
REPRESENTATION_CONTEXT('','3D')
);
#3540=(
GEOMETRIC_REPRESENTATION_CONTEXT(3)
GLOBAL_UNCERTAINTY_ASSIGNED_CONTEXT((#3534))
GLOBAL_UNIT_ASSIGNED_CONTEXT((#3541,#28,#3542))
REPRESENTATION_CONTEXT('','3D')
);
#3541=(
LENGTH_UNIT()
NAMED_UNIT(*)
SI_UNIT(.MILLI.,.METRE.)
);
#3542=(
NAMED_UNIT(*)
SI_UNIT($,.STERADIAN.)
SOLID_ANGLE_UNIT()
);
#3543=(
NAMED_UNIT(*)
PLANE_ANGLE_UNIT()
SI_UNIT($,.RADIAN.)
);
#3544=SHAPE_DEFINITION_REPRESENTATION(#3549,#3558);
#3545=SHAPE_DEFINITION_REPRESENTATION(#3550,#3559);
#3546=SHAPE_DEFINITION_REPRESENTATION(#3551,#3560);
#3547=SHAPE_DEFINITION_REPRESENTATION(#3552,#3561);
#3548=SHAPE_DEFINITION_REPRESENTATION(#3556,#3562);
#3549=PRODUCT_DEFINITION_SHAPE('',$,#3564);
#3550=PRODUCT_DEFINITION_SHAPE('',$,#3565);
#3551=PRODUCT_DEFINITION_SHAPE('',$,#3566);
#3552=PRODUCT_DEFINITION_SHAPE('',$,#3567);
#3553=PRODUCT_DEFINITION_SHAPE($,$,#23);
#3554=PRODUCT_DEFINITION_SHAPE($,$,#24);
#3555=PRODUCT_DEFINITION_SHAPE($,$,#25);
#3556=PRODUCT_DEFINITION_SHAPE('',$,#3568);
#3557=PRODUCT_DEFINITION_SHAPE($,$,#26);
#3558=SHAPE_REPRESENTATION('',(#2098),#3535);
#3559=SHAPE_REPRESENTATION('',(#2127),#3536);
#3560=SHAPE_REPRESENTATION('',(#2266),#3537);
#3561=SHAPE_REPRESENTATION('',(#2303,#2304,#2305,#2306),#3538);
#3562=SHAPE_REPRESENTATION('',(#2307,#2308),#3539);
#3563=PRODUCT_DEFINITION_CONTEXT('part definition',#3580,'design');
#3564=PRODUCT_DEFINITION('1','1',#3569,#3563);
#3565=PRODUCT_DEFINITION('B2P-VH-FB-B','B2P-VH-FB-B',#3570,#3563);
#3566=PRODUCT_DEFINITION('JST Logo adjustable','JST Logo adjustable',#3571,
#3563);
#3567=PRODUCT_DEFINITION('1','1',#3572,#3563);
#3568=PRODUCT_DEFINITION('2','2',#3573,#3563);
#3569=PRODUCT_DEFINITION_FORMATION('',$,#3582);
#3570=PRODUCT_DEFINITION_FORMATION('',$,#3583);
#3571=PRODUCT_DEFINITION_FORMATION('',$,#3584);
#3572=PRODUCT_DEFINITION_FORMATION('',$,#3585);
#3573=PRODUCT_DEFINITION_FORMATION('',$,#3586);
#3574=PRODUCT_RELATED_PRODUCT_CATEGORY('1','1',(#3582));
#3575=PRODUCT_RELATED_PRODUCT_CATEGORY('B2P-VH-FB-B','B2P-VH-FB-B',(#3583));
#3576=PRODUCT_RELATED_PRODUCT_CATEGORY('JST Logo adjustable',
'JST Logo adjustable',(#3584));
#3577=PRODUCT_RELATED_PRODUCT_CATEGORY('1','1',(#3585));
#3578=PRODUCT_RELATED_PRODUCT_CATEGORY('2','2',(#3586));
#3579=APPLICATION_PROTOCOL_DEFINITION('international standard',
'automotive_design',2009,#3580);
#3580=APPLICATION_CONTEXT(
'Core Data for Automotive Mechanical Design Process');
#3581=PRODUCT_CONTEXT('part definition',#3580,'mechanical');
#3582=PRODUCT('1','1',$,(#3581));
#3583=PRODUCT('B2P-VH-FB-B','B2P-VH-FB-B',$,(#3581));
#3584=PRODUCT('JST Logo adjustable','JST Logo adjustable',$,(#3581));
#3585=PRODUCT('1','1',$,(#3581));
#3586=PRODUCT('2','2',$,(#3581));
#3587=PRESENTATION_STYLE_ASSIGNMENT((#3593));
#3588=PRESENTATION_STYLE_ASSIGNMENT((#3594));
#3589=PRESENTATION_STYLE_ASSIGNMENT((#3595));
#3590=PRESENTATION_STYLE_ASSIGNMENT((#3596));
#3591=PRESENTATION_STYLE_ASSIGNMENT((#3597));
#3592=PRESENTATION_STYLE_ASSIGNMENT((#3598));
#3593=SURFACE_STYLE_USAGE(.BOTH.,#3599);
#3594=SURFACE_STYLE_USAGE(.BOTH.,#3600);
#3595=SURFACE_STYLE_USAGE(.BOTH.,#3601);
#3596=SURFACE_STYLE_USAGE(.BOTH.,#3602);
#3597=SURFACE_STYLE_USAGE(.BOTH.,#3603);
#3598=SURFACE_STYLE_USAGE(.BOTH.,#3604);
#3599=SURFACE_SIDE_STYLE($,(#3605));
#3600=SURFACE_SIDE_STYLE($,(#3606));
#3601=SURFACE_SIDE_STYLE($,(#3607));
#3602=SURFACE_SIDE_STYLE($,(#3608));
#3603=SURFACE_SIDE_STYLE($,(#3609));
#3604=SURFACE_SIDE_STYLE($,(#3610));
#3605=SURFACE_STYLE_FILL_AREA(#3611);
#3606=SURFACE_STYLE_FILL_AREA(#3612);
#3607=SURFACE_STYLE_FILL_AREA(#3613);
#3608=SURFACE_STYLE_FILL_AREA(#3614);
#3609=SURFACE_STYLE_FILL_AREA(#3615);
#3610=SURFACE_STYLE_FILL_AREA(#3616);
#3611=FILL_AREA_STYLE($,(#3617));
#3612=FILL_AREA_STYLE($,(#3618));
#3613=FILL_AREA_STYLE($,(#3619));
#3614=FILL_AREA_STYLE($,(#3620));
#3615=FILL_AREA_STYLE($,(#3621));
#3616=FILL_AREA_STYLE($,(#3622));
#3617=FILL_AREA_STYLE_COLOUR($,#3623);
#3618=FILL_AREA_STYLE_COLOUR($,#3624);
#3619=FILL_AREA_STYLE_COLOUR($,#3625);
#3620=FILL_AREA_STYLE_COLOUR($,#3626);
#3621=FILL_AREA_STYLE_COLOUR($,#3627);
#3622=FILL_AREA_STYLE_COLOUR($,#3628);
#3623=COLOUR_RGB('',0.831372549019608,0.831372549019608,0.831372549019608);
#3624=COLOUR_RGB('',0.831372549019608,0.831372549019608,0.831372549019608);
#3625=COLOUR_RGB('',0.831372549019608,0.831372549019608,0.831372549019608);
#3626=COLOUR_RGB('',1.,0.992156862745098,0.956862745098039);
#3627=COLOUR_RGB('',1.,0.992156862745098,0.956862745098039);
#3628=COLOUR_RGB('',0.286274509803922,0.286274509803922,0.286274509803922);
ENDSEC;
END-ISO-10303-21;
