ISO-10303-21;
HEADER;
/* Generated by software containing ST-Developer
 * from STEP Tools, Inc. (www.steptools.com) 
 */
/* OPTION: using custom renumber hook */

FILE_DESCRIPTION(
/* description */ ('STEP AP242',
'CAx-IF Rec.Pracs.---Representation and Presentation of Product Manufa
cturing Information (PMI)---4.0---2014-10-13',
'CAx-IF Rec.Pracs.---3D Tessellated Geometry---0.4---2014-09-14','2;1',
'CAx-IF Rec.Pracs.---User Defined Attributes---1.5---2016-08-15'),
/* implementation_level */ '2;1');

FILE_NAME(
/* name */ '69065d75ee2a6d5daf038d6b',
/* time_stamp */ '2025-11-01T19:20:22Z',
/* author */ (''),
/* organization */ (''),
/* preprocessor_version */ 'ST-DEVELOPER v20',
/* originating_system */ 'ONSHAPE BY PTC INC, 1.206',
/* authorisation */ '  ');

FILE_SCHEMA (('AP242_MANAGED_MODEL_BASED_3D_ENGINEERING_MIM_LF { 1 0 10303 442 1 1 4 }'));
ENDSEC;

DATA;
#10=SHAPE_REPRESENTATION_RELATIONSHIP('','',#11864,#11);
#11=ADVANCED_BREP_SHAPE_REPRESENTATION('',(#11862),#19934);
#12=B_SPLINE_CURVE_WITH_KNOTS('',3,(#18706,#18707,#18708,#18709),
 .UNSPECIFIED.,.F.,.F.,(4,4),(0.0170189251602399,0.0340278414395253),
 .UNSPECIFIED.);
#13=B_SPLINE_CURVE_WITH_KNOTS('',3,(#18713,#18714,#18715,#18716),
 .UNSPECIFIED.,.F.,.F.,(4,4),(0.0170189251602399,0.0340278414395253),
 .UNSPECIFIED.);
#14=B_SPLINE_CURVE_WITH_KNOTS('',3,(#18718,#18719,#18720,#18721),
 .UNSPECIFIED.,.F.,.F.,(4,4),(0.0170189251602399,0.0340278414395253),
 .UNSPECIFIED.);
#15=B_SPLINE_CURVE_WITH_KNOTS('',3,(#18742,#18743,#18744,#18745),
 .UNSPECIFIED.,.F.,.F.,(4,4),(0.0170189251602399,0.0340278414395253),
 .UNSPECIFIED.);
#16=B_SPLINE_CURVE_WITH_KNOTS('',3,(#18749,#18750,#18751,#18752),
 .UNSPECIFIED.,.F.,.F.,(4,4),(0.0170189251602399,0.0340278414395253),
 .UNSPECIFIED.);
#17=B_SPLINE_CURVE_WITH_KNOTS('',3,(#18772,#18773,#18774,#18775),
 .UNSPECIFIED.,.F.,.F.,(4,4),(0.0170189251602399,0.0340278414395253),
 .UNSPECIFIED.);
#18=B_SPLINE_CURVE_WITH_KNOTS('',3,(#18779,#18780,#18781,#18782),
 .UNSPECIFIED.,.F.,.F.,(4,4),(0.0170189251602399,0.0340278414395253),
 .UNSPECIFIED.);
#19=B_SPLINE_CURVE_WITH_KNOTS('',3,(#18802,#18803,#18804,#18805),
 .UNSPECIFIED.,.F.,.F.,(4,4),(0.0170189251602399,0.0340278414395253),
 .UNSPECIFIED.);
#20=B_SPLINE_CURVE_WITH_KNOTS('',3,(#18809,#18810,#18811,#18812),
 .UNSPECIFIED.,.F.,.F.,(4,4),(0.0170189251602399,0.0340278414395253),
 .UNSPECIFIED.);
#21=B_SPLINE_CURVE_WITH_KNOTS('',3,(#18832,#18833,#18834,#18835),
 .UNSPECIFIED.,.F.,.F.,(4,4),(0.0170189251602399,0.0340278414395253),
 .UNSPECIFIED.);
#22=B_SPLINE_CURVE_WITH_KNOTS('',3,(#18839,#18840,#18841,#18842),
 .UNSPECIFIED.,.F.,.F.,(4,4),(0.0170189251602399,0.0340278414395253),
 .UNSPECIFIED.);
#23=B_SPLINE_CURVE_WITH_KNOTS('',3,(#18862,#18863,#18864,#18865),
 .UNSPECIFIED.,.F.,.F.,(4,4),(0.0170189251602399,0.0340278414395253),
 .UNSPECIFIED.);
#24=B_SPLINE_CURVE_WITH_KNOTS('',3,(#18869,#18870,#18871,#18872),
 .UNSPECIFIED.,.F.,.F.,(4,4),(0.0170189251602399,0.0340278414395253),
 .UNSPECIFIED.);
#25=B_SPLINE_CURVE_WITH_KNOTS('',3,(#18892,#18893,#18894,#18895),
 .UNSPECIFIED.,.F.,.F.,(4,4),(0.0170189251602399,0.0340278414395253),
 .UNSPECIFIED.);
#26=B_SPLINE_CURVE_WITH_KNOTS('',3,(#18899,#18900,#18901,#18902),
 .UNSPECIFIED.,.F.,.F.,(4,4),(0.0170189251602399,0.0340278414395253),
 .UNSPECIFIED.);
#27=B_SPLINE_CURVE_WITH_KNOTS('',3,(#18922,#18923,#18924,#18925),
 .UNSPECIFIED.,.F.,.F.,(4,4),(0.0170189251602399,0.0340278414395253),
 .UNSPECIFIED.);
#28=B_SPLINE_CURVE_WITH_KNOTS('',3,(#18929,#18930,#18931,#18932),
 .UNSPECIFIED.,.F.,.F.,(4,4),(0.0170189251602399,0.0340278414395253),
 .UNSPECIFIED.);
#29=B_SPLINE_CURVE_WITH_KNOTS('',3,(#18952,#18953,#18954,#18955),
 .UNSPECIFIED.,.F.,.F.,(4,4),(0.0170189251602399,0.0340278414395253),
 .UNSPECIFIED.);
#30=B_SPLINE_CURVE_WITH_KNOTS('',3,(#18959,#18960,#18961,#18962),
 .UNSPECIFIED.,.F.,.F.,(4,4),(0.0170189251602399,0.0340278414395253),
 .UNSPECIFIED.);
#31=B_SPLINE_CURVE_WITH_KNOTS('',3,(#18982,#18983,#18984,#18985),
 .UNSPECIFIED.,.F.,.F.,(4,4),(0.0170189251602399,0.0340278414395253),
 .UNSPECIFIED.);
#32=B_SPLINE_CURVE_WITH_KNOTS('',3,(#18989,#18990,#18991,#18992),
 .UNSPECIFIED.,.F.,.F.,(4,4),(0.0170189251602399,0.0340278414395253),
 .UNSPECIFIED.);
#33=B_SPLINE_CURVE_WITH_KNOTS('',3,(#19012,#19013,#19014,#19015),
 .UNSPECIFIED.,.F.,.F.,(4,4),(0.0170189251602399,0.0340278414395253),
 .UNSPECIFIED.);
#34=B_SPLINE_CURVE_WITH_KNOTS('',3,(#19019,#19020,#19021,#19022),
 .UNSPECIFIED.,.F.,.F.,(4,4),(0.0170189251602399,0.0340278414395253),
 .UNSPECIFIED.);
#35=B_SPLINE_CURVE_WITH_KNOTS('',3,(#19042,#19043,#19044,#19045),
 .UNSPECIFIED.,.F.,.F.,(4,4),(0.0170189251602399,0.0340278414395253),
 .UNSPECIFIED.);
#36=B_SPLINE_CURVE_WITH_KNOTS('',3,(#19049,#19050,#19051,#19052),
 .UNSPECIFIED.,.F.,.F.,(4,4),(0.0170189251602399,0.0340278414395253),
 .UNSPECIFIED.);
#37=B_SPLINE_CURVE_WITH_KNOTS('',3,(#19072,#19073,#19074,#19075),
 .UNSPECIFIED.,.F.,.F.,(4,4),(0.0170189251602399,0.0340278414395253),
 .UNSPECIFIED.);
#38=B_SPLINE_CURVE_WITH_KNOTS('',3,(#19079,#19080,#19081,#19082),
 .UNSPECIFIED.,.F.,.F.,(4,4),(0.0170189251602399,0.0340278414395253),
 .UNSPECIFIED.);
#39=B_SPLINE_CURVE_WITH_KNOTS('',3,(#19102,#19103,#19104,#19105),
 .UNSPECIFIED.,.F.,.F.,(4,4),(0.0170189251602399,0.0340278414395253),
 .UNSPECIFIED.);
#40=B_SPLINE_CURVE_WITH_KNOTS('',3,(#19109,#19110,#19111,#19112),
 .UNSPECIFIED.,.F.,.F.,(4,4),(0.0170189251602399,0.0340278414395253),
 .UNSPECIFIED.);
#41=B_SPLINE_CURVE_WITH_KNOTS('',3,(#19132,#19133,#19134,#19135),
 .UNSPECIFIED.,.F.,.F.,(4,4),(0.0170189251602399,0.0340278414395253),
 .UNSPECIFIED.);
#42=B_SPLINE_CURVE_WITH_KNOTS('',3,(#19139,#19140,#19141,#19142),
 .UNSPECIFIED.,.F.,.F.,(4,4),(0.0170189251602399,0.0340278414395253),
 .UNSPECIFIED.);
#43=B_SPLINE_CURVE_WITH_KNOTS('',3,(#19162,#19163,#19164,#19165),
 .UNSPECIFIED.,.F.,.F.,(4,4),(0.0170189251602399,0.0340278414395253),
 .UNSPECIFIED.);
#44=B_SPLINE_CURVE_WITH_KNOTS('',3,(#19169,#19170,#19171,#19172),
 .UNSPECIFIED.,.F.,.F.,(4,4),(0.0170189251602399,0.0340278414395253),
 .UNSPECIFIED.);
#45=B_SPLINE_CURVE_WITH_KNOTS('',3,(#19192,#19193,#19194,#19195),
 .UNSPECIFIED.,.F.,.F.,(4,4),(0.0170189251602399,0.0340278414395253),
 .UNSPECIFIED.);
#46=B_SPLINE_CURVE_WITH_KNOTS('',3,(#19199,#19200,#19201,#19202),
 .UNSPECIFIED.,.F.,.F.,(4,4),(0.0170189251602399,0.0340278414395253),
 .UNSPECIFIED.);
#47=B_SPLINE_CURVE_WITH_KNOTS('',3,(#19222,#19223,#19224,#19225),
 .UNSPECIFIED.,.F.,.F.,(4,4),(0.0170189251602399,0.0340278414395253),
 .UNSPECIFIED.);
#48=B_SPLINE_CURVE_WITH_KNOTS('',3,(#19229,#19230,#19231,#19232),
 .UNSPECIFIED.,.F.,.F.,(4,4),(0.0170189251602399,0.0340278414395253),
 .UNSPECIFIED.);
#49=B_SPLINE_CURVE_WITH_KNOTS('',3,(#19252,#19253,#19254,#19255),
 .UNSPECIFIED.,.F.,.F.,(4,4),(0.0170189251602399,0.0340278414395253),
 .UNSPECIFIED.);
#50=B_SPLINE_CURVE_WITH_KNOTS('',3,(#19259,#19260,#19261,#19262),
 .UNSPECIFIED.,.F.,.F.,(4,4),(0.0170189251602399,0.0340278414395253),
 .UNSPECIFIED.);
#51=B_SPLINE_CURVE_WITH_KNOTS('',3,(#19282,#19283,#19284,#19285),
 .UNSPECIFIED.,.F.,.F.,(4,4),(0.0170189251602399,0.0340278414395253),
 .UNSPECIFIED.);
#52=B_SPLINE_CURVE_WITH_KNOTS('',3,(#19289,#19290,#19291,#19292),
 .UNSPECIFIED.,.F.,.F.,(4,4),(0.0170189251602399,0.0340278414395253),
 .UNSPECIFIED.);
#53=B_SPLINE_CURVE_WITH_KNOTS('',3,(#19312,#19313,#19314,#19315),
 .UNSPECIFIED.,.F.,.F.,(4,4),(0.0170189251602399,0.0340278414395253),
 .UNSPECIFIED.);
#54=B_SPLINE_CURVE_WITH_KNOTS('',3,(#19319,#19320,#19321,#19322),
 .UNSPECIFIED.,.F.,.F.,(4,4),(0.0170189251602399,0.0340278414395253),
 .UNSPECIFIED.);
#55=B_SPLINE_CURVE_WITH_KNOTS('',3,(#19342,#19343,#19344,#19345),
 .UNSPECIFIED.,.F.,.F.,(4,4),(0.0170189251602399,0.0340278414395253),
 .UNSPECIFIED.);
#56=B_SPLINE_CURVE_WITH_KNOTS('',3,(#19349,#19350,#19351,#19352),
 .UNSPECIFIED.,.F.,.F.,(4,4),(0.0170189251602399,0.0340278414395253),
 .UNSPECIFIED.);
#57=B_SPLINE_CURVE_WITH_KNOTS('',3,(#19372,#19373,#19374,#19375),
 .UNSPECIFIED.,.F.,.F.,(4,4),(0.0170189251602399,0.0340278414395253),
 .UNSPECIFIED.);
#58=B_SPLINE_CURVE_WITH_KNOTS('',3,(#19379,#19380,#19381,#19382),
 .UNSPECIFIED.,.F.,.F.,(4,4),(0.0170189251602399,0.0340278414395253),
 .UNSPECIFIED.);
#59=B_SPLINE_CURVE_WITH_KNOTS('',3,(#19402,#19403,#19404,#19405),
 .UNSPECIFIED.,.F.,.F.,(4,4),(0.0170189251602399,0.0340278414395253),
 .UNSPECIFIED.);
#60=B_SPLINE_CURVE_WITH_KNOTS('',3,(#19409,#19410,#19411,#19412),
 .UNSPECIFIED.,.F.,.F.,(4,4),(0.0170189251602399,0.0340278414395253),
 .UNSPECIFIED.);
#61=B_SPLINE_CURVE_WITH_KNOTS('',3,(#19432,#19433,#19434,#19435),
 .UNSPECIFIED.,.F.,.F.,(4,4),(0.0170189251602399,0.0340278414395253),
 .UNSPECIFIED.);
#62=B_SPLINE_CURVE_WITH_KNOTS('',3,(#19439,#19440,#19441,#19442),
 .UNSPECIFIED.,.F.,.F.,(4,4),(0.0170189251602399,0.0340278414395253),
 .UNSPECIFIED.);
#63=B_SPLINE_CURVE_WITH_KNOTS('',3,(#19462,#19463,#19464,#19465),
 .UNSPECIFIED.,.F.,.F.,(4,4),(0.0170189251602399,0.0340278414395253),
 .UNSPECIFIED.);
#64=B_SPLINE_CURVE_WITH_KNOTS('',3,(#19469,#19470,#19471,#19472),
 .UNSPECIFIED.,.F.,.F.,(4,4),(0.0170189251602399,0.0340278414395253),
 .UNSPECIFIED.);
#65=B_SPLINE_CURVE_WITH_KNOTS('',3,(#19492,#19493,#19494,#19495),
 .UNSPECIFIED.,.F.,.F.,(4,4),(0.0170189251602399,0.0340278414395253),
 .UNSPECIFIED.);
#66=B_SPLINE_CURVE_WITH_KNOTS('',3,(#19499,#19500,#19501,#19502),
 .UNSPECIFIED.,.F.,.F.,(4,4),(0.0170189251602399,0.0340278414395253),
 .UNSPECIFIED.);
#67=B_SPLINE_CURVE_WITH_KNOTS('',3,(#19522,#19523,#19524,#19525),
 .UNSPECIFIED.,.F.,.F.,(4,4),(0.0170189251602399,0.0340278414395253),
 .UNSPECIFIED.);
#68=B_SPLINE_CURVE_WITH_KNOTS('',3,(#19529,#19530,#19531,#19532),
 .UNSPECIFIED.,.F.,.F.,(4,4),(0.0170189251602399,0.0340278414395253),
 .UNSPECIFIED.);
#69=B_SPLINE_CURVE_WITH_KNOTS('',3,(#19552,#19553,#19554,#19555),
 .UNSPECIFIED.,.F.,.F.,(4,4),(0.0170189251602399,0.0340278414395253),
 .UNSPECIFIED.);
#70=B_SPLINE_CURVE_WITH_KNOTS('',3,(#19559,#19560,#19561,#19562),
 .UNSPECIFIED.,.F.,.F.,(4,4),(0.0170189251602399,0.0340278414395253),
 .UNSPECIFIED.);
#71=B_SPLINE_CURVE_WITH_KNOTS('',3,(#19582,#19583,#19584,#19585),
 .UNSPECIFIED.,.F.,.F.,(4,4),(0.0170189251602399,0.0340278414395253),
 .UNSPECIFIED.);
#72=B_SPLINE_CURVE_WITH_KNOTS('',3,(#19589,#19590,#19591,#19592),
 .UNSPECIFIED.,.F.,.F.,(4,4),(0.0170189251602399,0.0340278414395253),
 .UNSPECIFIED.);
#73=B_SPLINE_CURVE_WITH_KNOTS('',3,(#19612,#19613,#19614,#19615),
 .UNSPECIFIED.,.F.,.F.,(4,4),(0.0170189251602399,0.0340278414395253),
 .UNSPECIFIED.);
#74=B_SPLINE_CURVE_WITH_KNOTS('',3,(#19619,#19620,#19621,#19622),
 .UNSPECIFIED.,.F.,.F.,(4,4),(0.0170189251602399,0.0340278414395253),
 .UNSPECIFIED.);
#75=B_SPLINE_CURVE_WITH_KNOTS('',3,(#19642,#19643,#19644,#19645),
 .UNSPECIFIED.,.F.,.F.,(4,4),(0.0170189251602399,0.0340278414395253),
 .UNSPECIFIED.);
#76=B_SPLINE_CURVE_WITH_KNOTS('',3,(#19649,#19650,#19651,#19652),
 .UNSPECIFIED.,.F.,.F.,(4,4),(0.0170189251602399,0.0340278414395253),
 .UNSPECIFIED.);
#77=B_SPLINE_CURVE_WITH_KNOTS('',3,(#19672,#19673,#19674,#19675),
 .UNSPECIFIED.,.F.,.F.,(4,4),(0.0170189251602399,0.0340278414395253),
 .UNSPECIFIED.);
#78=B_SPLINE_CURVE_WITH_KNOTS('',3,(#19679,#19680,#19681,#19682),
 .UNSPECIFIED.,.F.,.F.,(4,4),(0.0170189251602399,0.0340278414395253),
 .UNSPECIFIED.);
#79=B_SPLINE_CURVE_WITH_KNOTS('',3,(#19702,#19703,#19704,#19705),
 .UNSPECIFIED.,.F.,.F.,(4,4),(0.0170189251602399,0.0340278414395253),
 .UNSPECIFIED.);
#80=B_SPLINE_CURVE_WITH_KNOTS('',3,(#19709,#19710,#19711,#19712),
 .UNSPECIFIED.,.F.,.F.,(4,4),(0.0170189251602399,0.0340278414395253),
 .UNSPECIFIED.);
#81=B_SPLINE_CURVE_WITH_KNOTS('',3,(#19732,#19733,#19734,#19735),
 .UNSPECIFIED.,.F.,.F.,(4,4),(0.0170189251602399,0.0340278414395253),
 .UNSPECIFIED.);
#82=B_SPLINE_CURVE_WITH_KNOTS('',3,(#19739,#19740,#19741,#19742),
 .UNSPECIFIED.,.F.,.F.,(4,4),(0.0170189251602399,0.0340278414395253),
 .UNSPECIFIED.);
#83=B_SPLINE_CURVE_WITH_KNOTS('',3,(#19762,#19763,#19764,#19765),
 .UNSPECIFIED.,.F.,.F.,(4,4),(0.0170189251602399,0.0340278414395253),
 .UNSPECIFIED.);
#84=B_SPLINE_CURVE_WITH_KNOTS('',3,(#19769,#19770,#19771,#19772),
 .UNSPECIFIED.,.F.,.F.,(4,4),(0.0170189251602399,0.0340278414395253),
 .UNSPECIFIED.);
#85=B_SPLINE_CURVE_WITH_KNOTS('',3,(#19792,#19793,#19794,#19795),
 .UNSPECIFIED.,.F.,.F.,(4,4),(0.0170189251602399,0.0340278414395253),
 .UNSPECIFIED.);
#86=B_SPLINE_CURVE_WITH_KNOTS('',3,(#19799,#19800,#19801,#19802),
 .UNSPECIFIED.,.F.,.F.,(4,4),(0.0170189251602399,0.0340278414395253),
 .UNSPECIFIED.);
#87=B_SPLINE_CURVE_WITH_KNOTS('',3,(#19822,#19823,#19824,#19825),
 .UNSPECIFIED.,.F.,.F.,(4,4),(0.0170189251602399,0.0340278414395253),
 .UNSPECIFIED.);
#88=B_SPLINE_CURVE_WITH_KNOTS('',3,(#19829,#19830,#19831,#19832),
 .UNSPECIFIED.,.F.,.F.,(4,4),(0.0170189251602399,0.0340278414395253),
 .UNSPECIFIED.);
#89=B_SPLINE_CURVE_WITH_KNOTS('',3,(#19852,#19853,#19854,#19855),
 .UNSPECIFIED.,.F.,.F.,(4,4),(0.0170189251602399,0.0340278414395253),
 .UNSPECIFIED.);
#90=B_SPLINE_CURVE_WITH_KNOTS('',3,(#19859,#19860,#19861,#19862),
 .UNSPECIFIED.,.F.,.F.,(4,4),(0.0170189251602399,0.0340278414395253),
 .UNSPECIFIED.);
#91=B_SPLINE_CURVE_WITH_KNOTS('',3,(#19883,#19884,#19885,#19886),
 .UNSPECIFIED.,.F.,.F.,(4,4),(0.0170189251602399,0.0340278414395253),
 .UNSPECIFIED.);
#92=CONICAL_SURFACE('',#12628,0.02265,0.0323416601811551);
#93=CONICAL_SURFACE('',#12634,0.02265,0.0323416601811551);
#94=CONICAL_SURFACE('',#12640,0.02265,0.0323416601811551);
#95=CONICAL_SURFACE('',#12646,0.02265,0.0323416601811551);
#96=CONICAL_SURFACE('',#12652,0.02265,0.0323416601811551);
#97=CONICAL_SURFACE('',#12658,0.02265,0.0323416601811551);
#98=CONICAL_SURFACE('',#12664,0.02265,0.0323416601811551);
#99=CONICAL_SURFACE('',#12670,0.02265,0.0323416601811551);
#100=CONICAL_SURFACE('',#12676,0.02265,0.0323416601811551);
#101=CONICAL_SURFACE('',#12682,0.02265,0.0323416601811551);
#102=CONICAL_SURFACE('',#12688,0.02265,0.0323416601811551);
#103=CONICAL_SURFACE('',#12694,0.02265,0.0323416601811551);
#104=CONICAL_SURFACE('',#12700,0.02265,0.0323416601811551);
#105=CONICAL_SURFACE('',#12706,0.02265,0.0323416601811551);
#106=CONICAL_SURFACE('',#12712,0.02265,0.0323416601811551);
#107=CONICAL_SURFACE('',#12718,0.02265,0.0323416601811551);
#108=CONICAL_SURFACE('',#12724,0.02265,0.0323416601811551);
#109=CONICAL_SURFACE('',#12730,0.02265,0.0323416601811551);
#110=CONICAL_SURFACE('',#12736,0.02265,0.0323416601811551);
#111=CONICAL_SURFACE('',#12742,0.02265,0.0323416601811551);
#112=CONICAL_SURFACE('',#12748,0.02265,0.0323416601811551);
#113=CONICAL_SURFACE('',#12754,0.02265,0.0323416601811551);
#114=CONICAL_SURFACE('',#12760,0.02265,0.0323416601811551);
#115=CONICAL_SURFACE('',#12766,0.02265,0.0323416601811551);
#116=CONICAL_SURFACE('',#12772,0.02265,0.0323416601811551);
#117=CONICAL_SURFACE('',#12778,0.02265,0.0323416601811551);
#118=CONICAL_SURFACE('',#12784,0.02265,0.0323416601811551);
#119=CONICAL_SURFACE('',#12790,0.02265,0.0323416601811551);
#120=CONICAL_SURFACE('',#12796,0.02265,0.0323416601811551);
#121=CONICAL_SURFACE('',#12802,0.02265,0.0323416601811551);
#122=CONICAL_SURFACE('',#12808,0.02265,0.0323416601811551);
#123=CONICAL_SURFACE('',#12814,0.02265,0.0323416601811551);
#124=CONICAL_SURFACE('',#12820,0.02265,0.0323416601811551);
#125=CONICAL_SURFACE('',#12826,0.02265,0.0323416601811551);
#126=CONICAL_SURFACE('',#12832,0.02265,0.0323416601811551);
#127=CONICAL_SURFACE('',#12838,0.02265,0.0323416601811551);
#128=CONICAL_SURFACE('',#12844,0.02265,0.0323416601811551);
#129=CONICAL_SURFACE('',#12850,0.02265,0.0323416601811551);
#130=CONICAL_SURFACE('',#12856,0.02265,0.0323416601811551);
#131=CONICAL_SURFACE('',#12862,0.02265,0.0323416601811551);
#132=CIRCLE('',#11868,0.02765);
#133=CIRCLE('',#11869,0.02765);
#134=CIRCLE('',#11871,0.0007);
#135=CIRCLE('',#11872,0.0007);
#136=CIRCLE('',#11875,0.0267380304394985);
#137=CIRCLE('',#11876,0.0267380304394985);
#138=CIRCLE('',#11879,0.0007);
#139=CIRCLE('',#11880,0.0007);
#140=CIRCLE('',#11883,0.0267380304394985);
#141=CIRCLE('',#11884,0.0267380304394985);
#142=CIRCLE('',#11888,0.0007);
#143=CIRCLE('',#11889,0.0007);
#144=CIRCLE('',#11892,0.0267380304394985);
#145=CIRCLE('',#11893,0.0267380304394985);
#146=CIRCLE('',#11897,0.0007);
#147=CIRCLE('',#11898,0.0007);
#148=CIRCLE('',#11901,0.0267380304394985);
#149=CIRCLE('',#11902,0.0267380304394985);
#150=CIRCLE('',#11906,0.0007);
#151=CIRCLE('',#11907,0.0007);
#152=CIRCLE('',#11910,0.0267380304394985);
#153=CIRCLE('',#11911,0.0267380304394985);
#154=CIRCLE('',#11915,0.0007);
#155=CIRCLE('',#11916,0.0007);
#156=CIRCLE('',#11919,0.0267380304394985);
#157=CIRCLE('',#11920,0.0267380304394985);
#158=CIRCLE('',#11924,0.0007);
#159=CIRCLE('',#11925,0.0007);
#160=CIRCLE('',#11928,0.0267380304394985);
#161=CIRCLE('',#11929,0.0267380304394985);
#162=CIRCLE('',#11933,0.0007);
#163=CIRCLE('',#11934,0.0007);
#164=CIRCLE('',#11937,0.0267380304394985);
#165=CIRCLE('',#11938,0.0267380304394985);
#166=CIRCLE('',#11942,0.0007);
#167=CIRCLE('',#11943,0.0007);
#168=CIRCLE('',#11946,0.0267380304394985);
#169=CIRCLE('',#11947,0.0267380304394985);
#170=CIRCLE('',#11951,0.0007);
#171=CIRCLE('',#11952,0.0007);
#172=CIRCLE('',#11955,0.0267380304394985);
#173=CIRCLE('',#11956,0.0267380304394985);
#174=CIRCLE('',#11960,0.0007);
#175=CIRCLE('',#11961,0.0007);
#176=CIRCLE('',#11964,0.0267380304394985);
#177=CIRCLE('',#11965,0.0267380304394985);
#178=CIRCLE('',#11969,0.0007);
#179=CIRCLE('',#11970,0.0007);
#180=CIRCLE('',#11973,0.0267380304394985);
#181=CIRCLE('',#11974,0.0267380304394985);
#182=CIRCLE('',#11978,0.0007);
#183=CIRCLE('',#11979,0.0007);
#184=CIRCLE('',#11982,0.0267380304394985);
#185=CIRCLE('',#11983,0.0267380304394985);
#186=CIRCLE('',#11987,0.0007);
#187=CIRCLE('',#11988,0.0007);
#188=CIRCLE('',#11991,0.0267380304394985);
#189=CIRCLE('',#11992,0.0267380304394985);
#190=CIRCLE('',#11996,0.0007);
#191=CIRCLE('',#11997,0.0007);
#192=CIRCLE('',#12000,0.0267380304394985);
#193=CIRCLE('',#12001,0.0267380304394985);
#194=CIRCLE('',#12005,0.0007);
#195=CIRCLE('',#12006,0.0007);
#196=CIRCLE('',#12009,0.0267380304394985);
#197=CIRCLE('',#12010,0.0267380304394985);
#198=CIRCLE('',#12014,0.0007);
#199=CIRCLE('',#12015,0.0007);
#200=CIRCLE('',#12018,0.0267380304394985);
#201=CIRCLE('',#12019,0.0267380304394985);
#202=CIRCLE('',#12023,0.0007);
#203=CIRCLE('',#12024,0.0007);
#204=CIRCLE('',#12027,0.0267380304394985);
#205=CIRCLE('',#12028,0.0267380304394985);
#206=CIRCLE('',#12032,0.0007);
#207=CIRCLE('',#12033,0.0007);
#208=CIRCLE('',#12036,0.0267380304394985);
#209=CIRCLE('',#12037,0.0267380304394985);
#210=CIRCLE('',#12041,0.0007);
#211=CIRCLE('',#12042,0.0007);
#212=CIRCLE('',#12045,0.0267380304394985);
#213=CIRCLE('',#12046,0.0267380304394985);
#214=CIRCLE('',#12050,0.0007);
#215=CIRCLE('',#12051,0.0007);
#216=CIRCLE('',#12054,0.0267380304394985);
#217=CIRCLE('',#12055,0.0267380304394985);
#218=CIRCLE('',#12059,0.0007);
#219=CIRCLE('',#12060,0.0007);
#220=CIRCLE('',#12063,0.0267380304394985);
#221=CIRCLE('',#12064,0.0267380304394985);
#222=CIRCLE('',#12068,0.0007);
#223=CIRCLE('',#12069,0.0007);
#224=CIRCLE('',#12072,0.0267380304394985);
#225=CIRCLE('',#12073,0.0267380304394985);
#226=CIRCLE('',#12077,0.0007);
#227=CIRCLE('',#12078,0.0007);
#228=CIRCLE('',#12081,0.0267380304394985);
#229=CIRCLE('',#12082,0.0267380304394985);
#230=CIRCLE('',#12086,0.0007);
#231=CIRCLE('',#12087,0.0007);
#232=CIRCLE('',#12090,0.0267380304394985);
#233=CIRCLE('',#12091,0.0267380304394985);
#234=CIRCLE('',#12095,0.0007);
#235=CIRCLE('',#12096,0.0007);
#236=CIRCLE('',#12099,0.0267380304394985);
#237=CIRCLE('',#12100,0.0267380304394985);
#238=CIRCLE('',#12104,0.0007);
#239=CIRCLE('',#12105,0.0007);
#240=CIRCLE('',#12108,0.0267380304394985);
#241=CIRCLE('',#12109,0.0267380304394985);
#242=CIRCLE('',#12113,0.0007);
#243=CIRCLE('',#12114,0.0007);
#244=CIRCLE('',#12117,0.0267380304394985);
#245=CIRCLE('',#12118,0.0267380304394985);
#246=CIRCLE('',#12122,0.0007);
#247=CIRCLE('',#12123,0.0007);
#248=CIRCLE('',#12126,0.0267380304394985);
#249=CIRCLE('',#12127,0.0267380304394985);
#250=CIRCLE('',#12131,0.0007);
#251=CIRCLE('',#12132,0.0007);
#252=CIRCLE('',#12135,0.0267380304394985);
#253=CIRCLE('',#12136,0.0267380304394985);
#254=CIRCLE('',#12140,0.0007);
#255=CIRCLE('',#12141,0.0007);
#256=CIRCLE('',#12144,0.0267380304394985);
#257=CIRCLE('',#12145,0.0267380304394985);
#258=CIRCLE('',#12149,0.0007);
#259=CIRCLE('',#12150,0.0007);
#260=CIRCLE('',#12153,0.0267380304394985);
#261=CIRCLE('',#12154,0.0267380304394985);
#262=CIRCLE('',#12158,0.0007);
#263=CIRCLE('',#12159,0.0007);
#264=CIRCLE('',#12162,0.0267380304394985);
#265=CIRCLE('',#12163,0.0267380304394985);
#266=CIRCLE('',#12167,0.0007);
#267=CIRCLE('',#12168,0.0007);
#268=CIRCLE('',#12171,0.0267380304394985);
#269=CIRCLE('',#12172,0.0267380304394985);
#270=CIRCLE('',#12176,0.0007);
#271=CIRCLE('',#12177,0.0007);
#272=CIRCLE('',#12180,0.0267380304394985);
#273=CIRCLE('',#12181,0.0267380304394985);
#274=CIRCLE('',#12185,0.0007);
#275=CIRCLE('',#12186,0.0007);
#276=CIRCLE('',#12189,0.0267380304394985);
#277=CIRCLE('',#12190,0.0267380304394985);
#278=CIRCLE('',#12194,0.0007);
#279=CIRCLE('',#12195,0.0007);
#280=CIRCLE('',#12198,0.0267380304394985);
#281=CIRCLE('',#12199,0.0267380304394985);
#282=CIRCLE('',#12203,0.0007);
#283=CIRCLE('',#12204,0.0007);
#284=CIRCLE('',#12207,0.0267380304394985);
#285=CIRCLE('',#12208,0.0267380304394985);
#286=CIRCLE('',#12212,0.0007);
#287=CIRCLE('',#12213,0.0007);
#288=CIRCLE('',#12216,0.0267380304394985);
#289=CIRCLE('',#12217,0.0267380304394985);
#290=CIRCLE('',#12221,0.0007);
#291=CIRCLE('',#12222,0.0007);
#292=CIRCLE('',#12225,0.0267380304394985);
#293=CIRCLE('',#12226,0.0267380304394985);
#294=CIRCLE('',#12230,0.0007);
#295=CIRCLE('',#12231,0.0007);
#296=CIRCLE('',#12234,0.0267380304394985);
#297=CIRCLE('',#12235,0.0267380304394985);
#298=CIRCLE('',#12239,0.0007);
#299=CIRCLE('',#12240,0.0007);
#300=CIRCLE('',#12243,0.0267380304394985);
#301=CIRCLE('',#12244,0.0267380304394985);
#302=CIRCLE('',#12248,0.0007);
#303=CIRCLE('',#12249,0.0007);
#304=CIRCLE('',#12252,0.0267380304394985);
#305=CIRCLE('',#12253,0.0267380304394985);
#306=CIRCLE('',#12257,0.0007);
#307=CIRCLE('',#12258,0.0007);
#308=CIRCLE('',#12261,0.0267380304394985);
#309=CIRCLE('',#12262,0.0267380304394985);
#310=CIRCLE('',#12266,0.0007);
#311=CIRCLE('',#12267,0.0007);
#312=CIRCLE('',#12270,0.0267380304394985);
#313=CIRCLE('',#12271,0.0267380304394985);
#314=CIRCLE('',#12275,0.0007);
#315=CIRCLE('',#12276,0.0007);
#316=CIRCLE('',#12279,0.0267380304394985);
#317=CIRCLE('',#12280,0.0267380304394985);
#318=CIRCLE('',#12284,0.0007);
#319=CIRCLE('',#12285,0.0007);
#320=CIRCLE('',#12288,0.0267380304394985);
#321=CIRCLE('',#12289,0.0267380304394985);
#322=CIRCLE('',#12293,0.0007);
#323=CIRCLE('',#12294,0.0007);
#324=CIRCLE('',#12297,0.0267380304394985);
#325=CIRCLE('',#12298,0.0267380304394985);
#326=CIRCLE('',#12302,0.0007);
#327=CIRCLE('',#12303,0.0007);
#328=CIRCLE('',#12306,0.0267380304394985);
#329=CIRCLE('',#12307,0.0267380304394985);
#330=CIRCLE('',#12311,0.0007);
#331=CIRCLE('',#12312,0.0007);
#332=CIRCLE('',#12315,0.0267380304394985);
#333=CIRCLE('',#12316,0.0267380304394985);
#334=CIRCLE('',#12320,0.0007);
#335=CIRCLE('',#12321,0.0007);
#336=CIRCLE('',#12324,0.0267380304394985);
#337=CIRCLE('',#12325,0.0267380304394985);
#338=CIRCLE('',#12329,0.0007);
#339=CIRCLE('',#12330,0.0007);
#340=CIRCLE('',#12333,0.0267380304394985);
#341=CIRCLE('',#12334,0.0267380304394985);
#342=CIRCLE('',#12338,0.0007);
#343=CIRCLE('',#12339,0.0007);
#344=CIRCLE('',#12342,0.0267380304394985);
#345=CIRCLE('',#12343,0.0267380304394985);
#346=CIRCLE('',#12347,0.0007);
#347=CIRCLE('',#12348,0.0007);
#348=CIRCLE('',#12351,0.0267380304394985);
#349=CIRCLE('',#12352,0.0267380304394985);
#350=CIRCLE('',#12356,0.0007);
#351=CIRCLE('',#12357,0.0007);
#352=CIRCLE('',#12360,0.0267380304394985);
#353=CIRCLE('',#12361,0.0267380304394985);
#354=CIRCLE('',#12365,0.0007);
#355=CIRCLE('',#12366,0.0007);
#356=CIRCLE('',#12369,0.0267380304394985);
#357=CIRCLE('',#12370,0.0267380304394985);
#358=CIRCLE('',#12374,0.0007);
#359=CIRCLE('',#12375,0.0007);
#360=CIRCLE('',#12378,0.0267380304394985);
#361=CIRCLE('',#12379,0.0267380304394985);
#362=CIRCLE('',#12383,0.0007);
#363=CIRCLE('',#12384,0.0007);
#364=CIRCLE('',#12387,0.0267380304394985);
#365=CIRCLE('',#12388,0.0267380304394985);
#366=CIRCLE('',#12392,0.0007);
#367=CIRCLE('',#12393,0.0007);
#368=CIRCLE('',#12396,0.0267380304394985);
#369=CIRCLE('',#12397,0.0267380304394985);
#370=CIRCLE('',#12401,0.0007);
#371=CIRCLE('',#12402,0.0007);
#372=CIRCLE('',#12405,0.0267380304394985);
#373=CIRCLE('',#12406,0.0267380304394985);
#374=CIRCLE('',#12410,0.0007);
#375=CIRCLE('',#12411,0.0007);
#376=CIRCLE('',#12414,0.0267380304394985);
#377=CIRCLE('',#12415,0.0267380304394985);
#378=CIRCLE('',#12419,0.0007);
#379=CIRCLE('',#12420,0.0007);
#380=CIRCLE('',#12423,0.0267380304394985);
#381=CIRCLE('',#12424,0.0267380304394985);
#382=CIRCLE('',#12428,0.0007);
#383=CIRCLE('',#12429,0.0007);
#384=CIRCLE('',#12432,0.0267380304394985);
#385=CIRCLE('',#12433,0.0267380304394985);
#386=CIRCLE('',#12437,0.0007);
#387=CIRCLE('',#12438,0.0007);
#388=CIRCLE('',#12441,0.0267380304394985);
#389=CIRCLE('',#12442,0.0267380304394985);
#390=CIRCLE('',#12446,0.0007);
#391=CIRCLE('',#12447,0.0007);
#392=CIRCLE('',#12450,0.0267380304394985);
#393=CIRCLE('',#12451,0.0267380304394985);
#394=CIRCLE('',#12455,0.0007);
#395=CIRCLE('',#12456,0.0007);
#396=CIRCLE('',#12459,0.0267380304394985);
#397=CIRCLE('',#12460,0.0267380304394985);
#398=CIRCLE('',#12464,0.0007);
#399=CIRCLE('',#12465,0.0007);
#400=CIRCLE('',#12468,0.0267380304394985);
#401=CIRCLE('',#12469,0.0267380304394985);
#402=CIRCLE('',#12473,0.0007);
#403=CIRCLE('',#12474,0.0007);
#404=CIRCLE('',#12477,0.0267380304394985);
#405=CIRCLE('',#12478,0.0267380304394985);
#406=CIRCLE('',#12482,0.0007);
#407=CIRCLE('',#12483,0.0007);
#408=CIRCLE('',#12486,0.0267380304394985);
#409=CIRCLE('',#12487,0.0267380304394985);
#410=CIRCLE('',#12491,0.0007);
#411=CIRCLE('',#12492,0.0007);
#412=CIRCLE('',#12495,0.0267380304394985);
#413=CIRCLE('',#12496,0.0267380304394985);
#414=CIRCLE('',#12500,0.0007);
#415=CIRCLE('',#12501,0.0007);
#416=CIRCLE('',#12504,0.0267380304394985);
#417=CIRCLE('',#12505,0.0267380304394985);
#418=CIRCLE('',#12509,0.0007);
#419=CIRCLE('',#12510,0.0007);
#420=CIRCLE('',#12513,0.0267380304394985);
#421=CIRCLE('',#12514,0.0267380304394985);
#422=CIRCLE('',#12518,0.0007);
#423=CIRCLE('',#12519,0.0007);
#424=CIRCLE('',#12522,0.0267380304394985);
#425=CIRCLE('',#12523,0.0267380304394985);
#426=CIRCLE('',#12527,0.0007);
#427=CIRCLE('',#12528,0.0007);
#428=CIRCLE('',#12531,0.0267380304394985);
#429=CIRCLE('',#12532,0.0267380304394985);
#430=CIRCLE('',#12536,0.0007);
#431=CIRCLE('',#12537,0.0007);
#432=CIRCLE('',#12540,0.0267380304394985);
#433=CIRCLE('',#12541,0.0267380304394985);
#434=CIRCLE('',#12545,0.0007);
#435=CIRCLE('',#12546,0.0007);
#436=CIRCLE('',#12549,0.0267380304394985);
#437=CIRCLE('',#12550,0.0267380304394985);
#438=CIRCLE('',#12554,0.0007);
#439=CIRCLE('',#12555,0.0007);
#440=CIRCLE('',#12558,0.0267380304394985);
#441=CIRCLE('',#12559,0.0267380304394985);
#442=CIRCLE('',#12563,0.0007);
#443=CIRCLE('',#12564,0.0007);
#444=CIRCLE('',#12567,0.0267380304394985);
#445=CIRCLE('',#12568,0.0267380304394985);
#446=CIRCLE('',#12572,0.0007);
#447=CIRCLE('',#12573,0.0007);
#448=CIRCLE('',#12576,0.0267380304394985);
#449=CIRCLE('',#12577,0.0267380304394985);
#450=CIRCLE('',#12581,0.0007);
#451=CIRCLE('',#12582,0.0007);
#452=CIRCLE('',#12585,0.0267380304394985);
#453=CIRCLE('',#12586,0.0267380304394985);
#454=CIRCLE('',#12590,0.0007);
#455=CIRCLE('',#12591,0.0007);
#456=CIRCLE('',#12594,0.0267380304394985);
#457=CIRCLE('',#12595,0.0267380304394985);
#458=CIRCLE('',#12599,0.0007);
#459=CIRCLE('',#12600,0.0007);
#460=CIRCLE('',#12603,0.0267380304394985);
#461=CIRCLE('',#12604,0.0267380304394985);
#462=CIRCLE('',#12608,0.0007);
#463=CIRCLE('',#12609,0.0007);
#464=CIRCLE('',#12612,0.0267380304394985);
#465=CIRCLE('',#12613,0.0267380304394985);
#466=CIRCLE('',#12617,0.0007);
#467=CIRCLE('',#12618,0.0007);
#468=CIRCLE('',#12621,0.0267380304394985);
#469=CIRCLE('',#12622,0.0267380304394985);
#470=CIRCLE('',#12626,0.02765);
#471=CIRCLE('',#12627,0.02765);
#472=CIRCLE('',#12629,0.02265);
#473=CIRCLE('',#12630,0.0221);
#474=CIRCLE('',#12635,0.02265);
#475=CIRCLE('',#12636,0.0221);
#476=CIRCLE('',#12641,0.02265);
#477=CIRCLE('',#12642,0.0221);
#478=CIRCLE('',#12647,0.02265);
#479=CIRCLE('',#12648,0.0221);
#480=CIRCLE('',#12653,0.02265);
#481=CIRCLE('',#12654,0.0221);
#482=CIRCLE('',#12659,0.02265);
#483=CIRCLE('',#12660,0.0221);
#484=CIRCLE('',#12665,0.02265);
#485=CIRCLE('',#12666,0.0221);
#486=CIRCLE('',#12671,0.02265);
#487=CIRCLE('',#12672,0.0221);
#488=CIRCLE('',#12677,0.02265);
#489=CIRCLE('',#12678,0.0221);
#490=CIRCLE('',#12683,0.02265);
#491=CIRCLE('',#12684,0.0221);
#492=CIRCLE('',#12689,0.02265);
#493=CIRCLE('',#12690,0.0221);
#494=CIRCLE('',#12695,0.02265);
#495=CIRCLE('',#12696,0.0221);
#496=CIRCLE('',#12701,0.02265);
#497=CIRCLE('',#12702,0.0221);
#498=CIRCLE('',#12707,0.02265);
#499=CIRCLE('',#12708,0.0221);
#500=CIRCLE('',#12713,0.02265);
#501=CIRCLE('',#12714,0.0221);
#502=CIRCLE('',#12719,0.02265);
#503=CIRCLE('',#12720,0.0221);
#504=CIRCLE('',#12725,0.02265);
#505=CIRCLE('',#12726,0.0221);
#506=CIRCLE('',#12731,0.02265);
#507=CIRCLE('',#12732,0.0221);
#508=CIRCLE('',#12737,0.02265);
#509=CIRCLE('',#12738,0.0221);
#510=CIRCLE('',#12743,0.02265);
#511=CIRCLE('',#12744,0.0221);
#512=CIRCLE('',#12749,0.02265);
#513=CIRCLE('',#12750,0.0221);
#514=CIRCLE('',#12755,0.02265);
#515=CIRCLE('',#12756,0.0221);
#516=CIRCLE('',#12761,0.02265);
#517=CIRCLE('',#12762,0.0221);
#518=CIRCLE('',#12767,0.02265);
#519=CIRCLE('',#12768,0.0221);
#520=CIRCLE('',#12773,0.02265);
#521=CIRCLE('',#12774,0.0221);
#522=CIRCLE('',#12779,0.02265);
#523=CIRCLE('',#12780,0.0221);
#524=CIRCLE('',#12785,0.02265);
#525=CIRCLE('',#12786,0.0221);
#526=CIRCLE('',#12791,0.02265);
#527=CIRCLE('',#12792,0.0221);
#528=CIRCLE('',#12797,0.02265);
#529=CIRCLE('',#12798,0.0221);
#530=CIRCLE('',#12803,0.02265);
#531=CIRCLE('',#12804,0.0221);
#532=CIRCLE('',#12809,0.02265);
#533=CIRCLE('',#12810,0.0221);
#534=CIRCLE('',#12815,0.02265);
#535=CIRCLE('',#12816,0.0221);
#536=CIRCLE('',#12821,0.02265);
#537=CIRCLE('',#12822,0.0221);
#538=CIRCLE('',#12827,0.02265);
#539=CIRCLE('',#12828,0.0221);
#540=CIRCLE('',#12833,0.02265);
#541=CIRCLE('',#12834,0.0221);
#542=CIRCLE('',#12839,0.02265);
#543=CIRCLE('',#12840,0.0221);
#544=CIRCLE('',#12845,0.02265);
#545=CIRCLE('',#12846,0.0221);
#546=CIRCLE('',#12851,0.02265);
#547=CIRCLE('',#12852,0.0221);
#548=CIRCLE('',#12857,0.02265);
#549=CIRCLE('',#12858,0.0221);
#550=CIRCLE('',#12863,0.02265);
#551=CIRCLE('',#12864,0.0221);
#552=CIRCLE('',#12872,0.0007);
#553=CIRCLE('',#12873,0.0267380304394985);
#554=CIRCLE('',#12875,0.0267380304394985);
#555=CIRCLE('',#12876,0.0007);
#556=CYLINDRICAL_SURFACE('',#11867,0.02765);
#557=CYLINDRICAL_SURFACE('',#11870,0.0007);
#558=CYLINDRICAL_SURFACE('',#11874,0.0267380304394985);
#559=CYLINDRICAL_SURFACE('',#11878,0.0007);
#560=CYLINDRICAL_SURFACE('',#11882,0.0267380304394985);
#561=CYLINDRICAL_SURFACE('',#11887,0.0007);
#562=CYLINDRICAL_SURFACE('',#11891,0.0267380304394985);
#563=CYLINDRICAL_SURFACE('',#11896,0.0007);
#564=CYLINDRICAL_SURFACE('',#11900,0.0267380304394985);
#565=CYLINDRICAL_SURFACE('',#11905,0.0007);
#566=CYLINDRICAL_SURFACE('',#11909,0.0267380304394985);
#567=CYLINDRICAL_SURFACE('',#11914,0.0007);
#568=CYLINDRICAL_SURFACE('',#11918,0.0267380304394985);
#569=CYLINDRICAL_SURFACE('',#11923,0.0007);
#570=CYLINDRICAL_SURFACE('',#11927,0.0267380304394985);
#571=CYLINDRICAL_SURFACE('',#11932,0.0007);
#572=CYLINDRICAL_SURFACE('',#11936,0.0267380304394985);
#573=CYLINDRICAL_SURFACE('',#11941,0.0007);
#574=CYLINDRICAL_SURFACE('',#11945,0.0267380304394985);
#575=CYLINDRICAL_SURFACE('',#11950,0.0007);
#576=CYLINDRICAL_SURFACE('',#11954,0.0267380304394985);
#577=CYLINDRICAL_SURFACE('',#11959,0.0007);
#578=CYLINDRICAL_SURFACE('',#11963,0.0267380304394985);
#579=CYLINDRICAL_SURFACE('',#11968,0.0007);
#580=CYLINDRICAL_SURFACE('',#11972,0.0267380304394985);
#581=CYLINDRICAL_SURFACE('',#11977,0.0007);
#582=CYLINDRICAL_SURFACE('',#11981,0.0267380304394985);
#583=CYLINDRICAL_SURFACE('',#11986,0.0007);
#584=CYLINDRICAL_SURFACE('',#11990,0.0267380304394985);
#585=CYLINDRICAL_SURFACE('',#11995,0.0007);
#586=CYLINDRICAL_SURFACE('',#11999,0.0267380304394985);
#587=CYLINDRICAL_SURFACE('',#12004,0.0007);
#588=CYLINDRICAL_SURFACE('',#12008,0.0267380304394985);
#589=CYLINDRICAL_SURFACE('',#12013,0.0007);
#590=CYLINDRICAL_SURFACE('',#12017,0.0267380304394985);
#591=CYLINDRICAL_SURFACE('',#12022,0.0007);
#592=CYLINDRICAL_SURFACE('',#12026,0.0267380304394985);
#593=CYLINDRICAL_SURFACE('',#12031,0.0007);
#594=CYLINDRICAL_SURFACE('',#12035,0.0267380304394985);
#595=CYLINDRICAL_SURFACE('',#12040,0.0007);
#596=CYLINDRICAL_SURFACE('',#12044,0.0267380304394985);
#597=CYLINDRICAL_SURFACE('',#12049,0.0007);
#598=CYLINDRICAL_SURFACE('',#12053,0.0267380304394985);
#599=CYLINDRICAL_SURFACE('',#12058,0.0007);
#600=CYLINDRICAL_SURFACE('',#12062,0.0267380304394985);
#601=CYLINDRICAL_SURFACE('',#12067,0.0007);
#602=CYLINDRICAL_SURFACE('',#12071,0.0267380304394985);
#603=CYLINDRICAL_SURFACE('',#12076,0.0007);
#604=CYLINDRICAL_SURFACE('',#12080,0.0267380304394985);
#605=CYLINDRICAL_SURFACE('',#12085,0.0007);
#606=CYLINDRICAL_SURFACE('',#12089,0.0267380304394985);
#607=CYLINDRICAL_SURFACE('',#12094,0.0007);
#608=CYLINDRICAL_SURFACE('',#12098,0.0267380304394985);
#609=CYLINDRICAL_SURFACE('',#12103,0.0007);
#610=CYLINDRICAL_SURFACE('',#12107,0.0267380304394985);
#611=CYLINDRICAL_SURFACE('',#12112,0.0007);
#612=CYLINDRICAL_SURFACE('',#12116,0.0267380304394985);
#613=CYLINDRICAL_SURFACE('',#12121,0.0007);
#614=CYLINDRICAL_SURFACE('',#12125,0.0267380304394985);
#615=CYLINDRICAL_SURFACE('',#12130,0.0007);
#616=CYLINDRICAL_SURFACE('',#12134,0.0267380304394985);
#617=CYLINDRICAL_SURFACE('',#12139,0.0007);
#618=CYLINDRICAL_SURFACE('',#12143,0.0267380304394985);
#619=CYLINDRICAL_SURFACE('',#12148,0.0007);
#620=CYLINDRICAL_SURFACE('',#12152,0.0267380304394985);
#621=CYLINDRICAL_SURFACE('',#12157,0.0007);
#622=CYLINDRICAL_SURFACE('',#12161,0.0267380304394985);
#623=CYLINDRICAL_SURFACE('',#12166,0.0007);
#624=CYLINDRICAL_SURFACE('',#12170,0.0267380304394985);
#625=CYLINDRICAL_SURFACE('',#12175,0.0007);
#626=CYLINDRICAL_SURFACE('',#12179,0.0267380304394985);
#627=CYLINDRICAL_SURFACE('',#12184,0.0007);
#628=CYLINDRICAL_SURFACE('',#12188,0.0267380304394985);
#629=CYLINDRICAL_SURFACE('',#12193,0.0007);
#630=CYLINDRICAL_SURFACE('',#12197,0.0267380304394985);
#631=CYLINDRICAL_SURFACE('',#12202,0.0007);
#632=CYLINDRICAL_SURFACE('',#12206,0.0267380304394985);
#633=CYLINDRICAL_SURFACE('',#12211,0.0007);
#634=CYLINDRICAL_SURFACE('',#12215,0.0267380304394985);
#635=CYLINDRICAL_SURFACE('',#12220,0.0007);
#636=CYLINDRICAL_SURFACE('',#12224,0.0267380304394985);
#637=CYLINDRICAL_SURFACE('',#12229,0.0007);
#638=CYLINDRICAL_SURFACE('',#12233,0.0267380304394985);
#639=CYLINDRICAL_SURFACE('',#12238,0.0007);
#640=CYLINDRICAL_SURFACE('',#12242,0.0267380304394985);
#641=CYLINDRICAL_SURFACE('',#12247,0.0007);
#642=CYLINDRICAL_SURFACE('',#12251,0.0267380304394985);
#643=CYLINDRICAL_SURFACE('',#12256,0.0007);
#644=CYLINDRICAL_SURFACE('',#12260,0.0267380304394985);
#645=CYLINDRICAL_SURFACE('',#12265,0.0007);
#646=CYLINDRICAL_SURFACE('',#12269,0.0267380304394985);
#647=CYLINDRICAL_SURFACE('',#12274,0.0007);
#648=CYLINDRICAL_SURFACE('',#12278,0.0267380304394985);
#649=CYLINDRICAL_SURFACE('',#12283,0.0007);
#650=CYLINDRICAL_SURFACE('',#12287,0.0267380304394985);
#651=CYLINDRICAL_SURFACE('',#12292,0.0007);
#652=CYLINDRICAL_SURFACE('',#12296,0.0267380304394985);
#653=CYLINDRICAL_SURFACE('',#12301,0.0007);
#654=CYLINDRICAL_SURFACE('',#12305,0.0267380304394985);
#655=CYLINDRICAL_SURFACE('',#12310,0.0007);
#656=CYLINDRICAL_SURFACE('',#12314,0.0267380304394985);
#657=CYLINDRICAL_SURFACE('',#12319,0.0007);
#658=CYLINDRICAL_SURFACE('',#12323,0.0267380304394985);
#659=CYLINDRICAL_SURFACE('',#12328,0.0007);
#660=CYLINDRICAL_SURFACE('',#12332,0.0267380304394985);
#661=CYLINDRICAL_SURFACE('',#12337,0.0007);
#662=CYLINDRICAL_SURFACE('',#12341,0.0267380304394985);
#663=CYLINDRICAL_SURFACE('',#12346,0.0007);
#664=CYLINDRICAL_SURFACE('',#12350,0.0267380304394985);
#665=CYLINDRICAL_SURFACE('',#12355,0.0007);
#666=CYLINDRICAL_SURFACE('',#12359,0.0267380304394985);
#667=CYLINDRICAL_SURFACE('',#12364,0.0007);
#668=CYLINDRICAL_SURFACE('',#12368,0.0267380304394985);
#669=CYLINDRICAL_SURFACE('',#12373,0.0007);
#670=CYLINDRICAL_SURFACE('',#12377,0.0267380304394985);
#671=CYLINDRICAL_SURFACE('',#12382,0.0007);
#672=CYLINDRICAL_SURFACE('',#12386,0.0267380304394985);
#673=CYLINDRICAL_SURFACE('',#12391,0.0007);
#674=CYLINDRICAL_SURFACE('',#12395,0.0267380304394985);
#675=CYLINDRICAL_SURFACE('',#12400,0.0007);
#676=CYLINDRICAL_SURFACE('',#12404,0.0267380304394985);
#677=CYLINDRICAL_SURFACE('',#12409,0.0007);
#678=CYLINDRICAL_SURFACE('',#12413,0.0267380304394985);
#679=CYLINDRICAL_SURFACE('',#12418,0.0007);
#680=CYLINDRICAL_SURFACE('',#12422,0.0267380304394985);
#681=CYLINDRICAL_SURFACE('',#12427,0.0007);
#682=CYLINDRICAL_SURFACE('',#12431,0.0267380304394985);
#683=CYLINDRICAL_SURFACE('',#12436,0.0007);
#684=CYLINDRICAL_SURFACE('',#12440,0.0267380304394985);
#685=CYLINDRICAL_SURFACE('',#12445,0.0007);
#686=CYLINDRICAL_SURFACE('',#12449,0.0267380304394985);
#687=CYLINDRICAL_SURFACE('',#12454,0.0007);
#688=CYLINDRICAL_SURFACE('',#12458,0.0267380304394985);
#689=CYLINDRICAL_SURFACE('',#12463,0.0007);
#690=CYLINDRICAL_SURFACE('',#12467,0.0267380304394985);
#691=CYLINDRICAL_SURFACE('',#12472,0.0007);
#692=CYLINDRICAL_SURFACE('',#12476,0.0267380304394985);
#693=CYLINDRICAL_SURFACE('',#12481,0.0007);
#694=CYLINDRICAL_SURFACE('',#12485,0.0267380304394985);
#695=CYLINDRICAL_SURFACE('',#12490,0.0007);
#696=CYLINDRICAL_SURFACE('',#12494,0.0267380304394985);
#697=CYLINDRICAL_SURFACE('',#12499,0.0007);
#698=CYLINDRICAL_SURFACE('',#12503,0.0267380304394985);
#699=CYLINDRICAL_SURFACE('',#12508,0.0007);
#700=CYLINDRICAL_SURFACE('',#12512,0.0267380304394985);
#701=CYLINDRICAL_SURFACE('',#12517,0.0007);
#702=CYLINDRICAL_SURFACE('',#12521,0.0267380304394985);
#703=CYLINDRICAL_SURFACE('',#12526,0.0007);
#704=CYLINDRICAL_SURFACE('',#12530,0.0267380304394985);
#705=CYLINDRICAL_SURFACE('',#12535,0.0007);
#706=CYLINDRICAL_SURFACE('',#12539,0.0267380304394985);
#707=CYLINDRICAL_SURFACE('',#12544,0.0007);
#708=CYLINDRICAL_SURFACE('',#12548,0.0267380304394985);
#709=CYLINDRICAL_SURFACE('',#12553,0.0007);
#710=CYLINDRICAL_SURFACE('',#12557,0.0267380304394985);
#711=CYLINDRICAL_SURFACE('',#12562,0.0007);
#712=CYLINDRICAL_SURFACE('',#12566,0.0267380304394985);
#713=CYLINDRICAL_SURFACE('',#12571,0.0007);
#714=CYLINDRICAL_SURFACE('',#12575,0.0267380304394985);
#715=CYLINDRICAL_SURFACE('',#12580,0.0007);
#716=CYLINDRICAL_SURFACE('',#12584,0.0267380304394985);
#717=CYLINDRICAL_SURFACE('',#12589,0.0007);
#718=CYLINDRICAL_SURFACE('',#12593,0.0267380304394985);
#719=CYLINDRICAL_SURFACE('',#12598,0.0007);
#720=CYLINDRICAL_SURFACE('',#12602,0.0267380304394985);
#721=CYLINDRICAL_SURFACE('',#12607,0.0007);
#722=CYLINDRICAL_SURFACE('',#12611,0.0267380304394985);
#723=CYLINDRICAL_SURFACE('',#12616,0.0007);
#724=CYLINDRICAL_SURFACE('',#12620,0.0267380304394985);
#725=CYLINDRICAL_SURFACE('',#12625,0.02765);
#726=CYLINDRICAL_SURFACE('',#12877,0.0007);
#727=CYLINDRICAL_SURFACE('',#12879,0.0267380304394985);
#728=ORIENTED_EDGE('',*,*,#4246,.T.);
#729=ORIENTED_EDGE('',*,*,#4247,.T.);
#730=ORIENTED_EDGE('',*,*,#4248,.F.);
#731=ORIENTED_EDGE('',*,*,#4249,.T.);
#732=ORIENTED_EDGE('',*,*,#4250,.F.);
#733=ORIENTED_EDGE('',*,*,#4251,.T.);
#734=ORIENTED_EDGE('',*,*,#4252,.F.);
#735=ORIENTED_EDGE('',*,*,#4253,.F.);
#736=ORIENTED_EDGE('',*,*,#4254,.T.);
#737=ORIENTED_EDGE('',*,*,#4255,.T.);
#738=ORIENTED_EDGE('',*,*,#4256,.T.);
#739=ORIENTED_EDGE('',*,*,#4257,.F.);
#740=ORIENTED_EDGE('',*,*,#4258,.F.);
#741=ORIENTED_EDGE('',*,*,#4253,.T.);
#742=ORIENTED_EDGE('',*,*,#4259,.T.);
#743=ORIENTED_EDGE('',*,*,#4249,.F.);
#744=ORIENTED_EDGE('',*,*,#4260,.F.);
#745=ORIENTED_EDGE('',*,*,#4257,.T.);
#746=ORIENTED_EDGE('',*,*,#4261,.T.);
#747=ORIENTED_EDGE('',*,*,#4262,.T.);
#748=ORIENTED_EDGE('',*,*,#4263,.F.);
#749=ORIENTED_EDGE('',*,*,#4255,.F.);
#750=ORIENTED_EDGE('',*,*,#4264,.F.);
#751=ORIENTED_EDGE('',*,*,#4265,.F.);
#752=ORIENTED_EDGE('',*,*,#4266,.T.);
#753=ORIENTED_EDGE('',*,*,#4267,.T.);
#754=ORIENTED_EDGE('',*,*,#4268,.T.);
#755=ORIENTED_EDGE('',*,*,#4269,.F.);
#756=ORIENTED_EDGE('',*,*,#4270,.F.);
#757=ORIENTED_EDGE('',*,*,#4265,.T.);
#758=ORIENTED_EDGE('',*,*,#4271,.T.);
#759=ORIENTED_EDGE('',*,*,#4272,.F.);
#760=ORIENTED_EDGE('',*,*,#4273,.F.);
#761=ORIENTED_EDGE('',*,*,#4269,.T.);
#762=ORIENTED_EDGE('',*,*,#4262,.F.);
#763=ORIENTED_EDGE('',*,*,#4274,.F.);
#764=ORIENTED_EDGE('',*,*,#4272,.T.);
#765=ORIENTED_EDGE('',*,*,#4275,.T.);
#766=ORIENTED_EDGE('',*,*,#4276,.T.);
#767=ORIENTED_EDGE('',*,*,#4277,.T.);
#768=ORIENTED_EDGE('',*,*,#4278,.F.);
#769=ORIENTED_EDGE('',*,*,#4267,.F.);
#770=ORIENTED_EDGE('',*,*,#4279,.F.);
#771=ORIENTED_EDGE('',*,*,#4280,.F.);
#772=ORIENTED_EDGE('',*,*,#4281,.T.);
#773=ORIENTED_EDGE('',*,*,#4282,.T.);
#774=ORIENTED_EDGE('',*,*,#4283,.T.);
#775=ORIENTED_EDGE('',*,*,#4284,.F.);
#776=ORIENTED_EDGE('',*,*,#4285,.F.);
#777=ORIENTED_EDGE('',*,*,#4280,.T.);
#778=ORIENTED_EDGE('',*,*,#4286,.T.);
#779=ORIENTED_EDGE('',*,*,#4287,.F.);
#780=ORIENTED_EDGE('',*,*,#4288,.F.);
#781=ORIENTED_EDGE('',*,*,#4284,.T.);
#782=ORIENTED_EDGE('',*,*,#4277,.F.);
#783=ORIENTED_EDGE('',*,*,#4289,.F.);
#784=ORIENTED_EDGE('',*,*,#4287,.T.);
#785=ORIENTED_EDGE('',*,*,#4290,.T.);
#786=ORIENTED_EDGE('',*,*,#4291,.T.);
#787=ORIENTED_EDGE('',*,*,#4292,.T.);
#788=ORIENTED_EDGE('',*,*,#4293,.F.);
#789=ORIENTED_EDGE('',*,*,#4282,.F.);
#790=ORIENTED_EDGE('',*,*,#4294,.F.);
#791=ORIENTED_EDGE('',*,*,#4295,.F.);
#792=ORIENTED_EDGE('',*,*,#4296,.T.);
#793=ORIENTED_EDGE('',*,*,#4297,.T.);
#794=ORIENTED_EDGE('',*,*,#4298,.T.);
#795=ORIENTED_EDGE('',*,*,#4299,.F.);
#796=ORIENTED_EDGE('',*,*,#4300,.F.);
#797=ORIENTED_EDGE('',*,*,#4295,.T.);
#798=ORIENTED_EDGE('',*,*,#4301,.T.);
#799=ORIENTED_EDGE('',*,*,#4302,.F.);
#800=ORIENTED_EDGE('',*,*,#4303,.F.);
#801=ORIENTED_EDGE('',*,*,#4299,.T.);
#802=ORIENTED_EDGE('',*,*,#4292,.F.);
#803=ORIENTED_EDGE('',*,*,#4304,.F.);
#804=ORIENTED_EDGE('',*,*,#4302,.T.);
#805=ORIENTED_EDGE('',*,*,#4305,.T.);
#806=ORIENTED_EDGE('',*,*,#4306,.T.);
#807=ORIENTED_EDGE('',*,*,#4307,.T.);
#808=ORIENTED_EDGE('',*,*,#4308,.F.);
#809=ORIENTED_EDGE('',*,*,#4297,.F.);
#810=ORIENTED_EDGE('',*,*,#4309,.F.);
#811=ORIENTED_EDGE('',*,*,#4310,.F.);
#812=ORIENTED_EDGE('',*,*,#4311,.T.);
#813=ORIENTED_EDGE('',*,*,#4312,.T.);
#814=ORIENTED_EDGE('',*,*,#4313,.T.);
#815=ORIENTED_EDGE('',*,*,#4314,.F.);
#816=ORIENTED_EDGE('',*,*,#4315,.F.);
#817=ORIENTED_EDGE('',*,*,#4310,.T.);
#818=ORIENTED_EDGE('',*,*,#4316,.T.);
#819=ORIENTED_EDGE('',*,*,#4317,.F.);
#820=ORIENTED_EDGE('',*,*,#4318,.F.);
#821=ORIENTED_EDGE('',*,*,#4314,.T.);
#822=ORIENTED_EDGE('',*,*,#4307,.F.);
#823=ORIENTED_EDGE('',*,*,#4319,.F.);
#824=ORIENTED_EDGE('',*,*,#4317,.T.);
#825=ORIENTED_EDGE('',*,*,#4320,.T.);
#826=ORIENTED_EDGE('',*,*,#4321,.T.);
#827=ORIENTED_EDGE('',*,*,#4322,.T.);
#828=ORIENTED_EDGE('',*,*,#4323,.F.);
#829=ORIENTED_EDGE('',*,*,#4312,.F.);
#830=ORIENTED_EDGE('',*,*,#4324,.F.);
#831=ORIENTED_EDGE('',*,*,#4325,.F.);
#832=ORIENTED_EDGE('',*,*,#4326,.T.);
#833=ORIENTED_EDGE('',*,*,#4327,.T.);
#834=ORIENTED_EDGE('',*,*,#4328,.T.);
#835=ORIENTED_EDGE('',*,*,#4329,.F.);
#836=ORIENTED_EDGE('',*,*,#4330,.F.);
#837=ORIENTED_EDGE('',*,*,#4325,.T.);
#838=ORIENTED_EDGE('',*,*,#4331,.T.);
#839=ORIENTED_EDGE('',*,*,#4332,.F.);
#840=ORIENTED_EDGE('',*,*,#4333,.F.);
#841=ORIENTED_EDGE('',*,*,#4329,.T.);
#842=ORIENTED_EDGE('',*,*,#4322,.F.);
#843=ORIENTED_EDGE('',*,*,#4334,.F.);
#844=ORIENTED_EDGE('',*,*,#4332,.T.);
#845=ORIENTED_EDGE('',*,*,#4335,.T.);
#846=ORIENTED_EDGE('',*,*,#4336,.T.);
#847=ORIENTED_EDGE('',*,*,#4337,.T.);
#848=ORIENTED_EDGE('',*,*,#4338,.F.);
#849=ORIENTED_EDGE('',*,*,#4327,.F.);
#850=ORIENTED_EDGE('',*,*,#4339,.F.);
#851=ORIENTED_EDGE('',*,*,#4340,.F.);
#852=ORIENTED_EDGE('',*,*,#4341,.T.);
#853=ORIENTED_EDGE('',*,*,#4342,.T.);
#854=ORIENTED_EDGE('',*,*,#4343,.T.);
#855=ORIENTED_EDGE('',*,*,#4344,.F.);
#856=ORIENTED_EDGE('',*,*,#4345,.F.);
#857=ORIENTED_EDGE('',*,*,#4340,.T.);
#858=ORIENTED_EDGE('',*,*,#4346,.T.);
#859=ORIENTED_EDGE('',*,*,#4347,.F.);
#860=ORIENTED_EDGE('',*,*,#4348,.F.);
#861=ORIENTED_EDGE('',*,*,#4344,.T.);
#862=ORIENTED_EDGE('',*,*,#4337,.F.);
#863=ORIENTED_EDGE('',*,*,#4349,.F.);
#864=ORIENTED_EDGE('',*,*,#4347,.T.);
#865=ORIENTED_EDGE('',*,*,#4350,.T.);
#866=ORIENTED_EDGE('',*,*,#4351,.T.);
#867=ORIENTED_EDGE('',*,*,#4352,.T.);
#868=ORIENTED_EDGE('',*,*,#4353,.F.);
#869=ORIENTED_EDGE('',*,*,#4342,.F.);
#870=ORIENTED_EDGE('',*,*,#4354,.F.);
#871=ORIENTED_EDGE('',*,*,#4355,.F.);
#872=ORIENTED_EDGE('',*,*,#4356,.T.);
#873=ORIENTED_EDGE('',*,*,#4357,.T.);
#874=ORIENTED_EDGE('',*,*,#4358,.T.);
#875=ORIENTED_EDGE('',*,*,#4359,.F.);
#876=ORIENTED_EDGE('',*,*,#4360,.F.);
#877=ORIENTED_EDGE('',*,*,#4355,.T.);
#878=ORIENTED_EDGE('',*,*,#4361,.T.);
#879=ORIENTED_EDGE('',*,*,#4362,.F.);
#880=ORIENTED_EDGE('',*,*,#4363,.F.);
#881=ORIENTED_EDGE('',*,*,#4359,.T.);
#882=ORIENTED_EDGE('',*,*,#4352,.F.);
#883=ORIENTED_EDGE('',*,*,#4364,.F.);
#884=ORIENTED_EDGE('',*,*,#4362,.T.);
#885=ORIENTED_EDGE('',*,*,#4365,.T.);
#886=ORIENTED_EDGE('',*,*,#4366,.T.);
#887=ORIENTED_EDGE('',*,*,#4367,.T.);
#888=ORIENTED_EDGE('',*,*,#4368,.F.);
#889=ORIENTED_EDGE('',*,*,#4357,.F.);
#890=ORIENTED_EDGE('',*,*,#4369,.F.);
#891=ORIENTED_EDGE('',*,*,#4370,.F.);
#892=ORIENTED_EDGE('',*,*,#4371,.T.);
#893=ORIENTED_EDGE('',*,*,#4372,.T.);
#894=ORIENTED_EDGE('',*,*,#4373,.T.);
#895=ORIENTED_EDGE('',*,*,#4374,.F.);
#896=ORIENTED_EDGE('',*,*,#4375,.F.);
#897=ORIENTED_EDGE('',*,*,#4370,.T.);
#898=ORIENTED_EDGE('',*,*,#4376,.T.);
#899=ORIENTED_EDGE('',*,*,#4377,.F.);
#900=ORIENTED_EDGE('',*,*,#4378,.F.);
#901=ORIENTED_EDGE('',*,*,#4374,.T.);
#902=ORIENTED_EDGE('',*,*,#4367,.F.);
#903=ORIENTED_EDGE('',*,*,#4379,.F.);
#904=ORIENTED_EDGE('',*,*,#4377,.T.);
#905=ORIENTED_EDGE('',*,*,#4380,.T.);
#906=ORIENTED_EDGE('',*,*,#4381,.T.);
#907=ORIENTED_EDGE('',*,*,#4382,.T.);
#908=ORIENTED_EDGE('',*,*,#4383,.F.);
#909=ORIENTED_EDGE('',*,*,#4372,.F.);
#910=ORIENTED_EDGE('',*,*,#4384,.F.);
#911=ORIENTED_EDGE('',*,*,#4385,.F.);
#912=ORIENTED_EDGE('',*,*,#4386,.T.);
#913=ORIENTED_EDGE('',*,*,#4387,.T.);
#914=ORIENTED_EDGE('',*,*,#4388,.T.);
#915=ORIENTED_EDGE('',*,*,#4389,.F.);
#916=ORIENTED_EDGE('',*,*,#4390,.F.);
#917=ORIENTED_EDGE('',*,*,#4385,.T.);
#918=ORIENTED_EDGE('',*,*,#4391,.T.);
#919=ORIENTED_EDGE('',*,*,#4392,.F.);
#920=ORIENTED_EDGE('',*,*,#4393,.F.);
#921=ORIENTED_EDGE('',*,*,#4389,.T.);
#922=ORIENTED_EDGE('',*,*,#4382,.F.);
#923=ORIENTED_EDGE('',*,*,#4394,.F.);
#924=ORIENTED_EDGE('',*,*,#4392,.T.);
#925=ORIENTED_EDGE('',*,*,#4395,.T.);
#926=ORIENTED_EDGE('',*,*,#4396,.T.);
#927=ORIENTED_EDGE('',*,*,#4397,.T.);
#928=ORIENTED_EDGE('',*,*,#4398,.F.);
#929=ORIENTED_EDGE('',*,*,#4387,.F.);
#930=ORIENTED_EDGE('',*,*,#4399,.F.);
#931=ORIENTED_EDGE('',*,*,#4400,.F.);
#932=ORIENTED_EDGE('',*,*,#4401,.T.);
#933=ORIENTED_EDGE('',*,*,#4402,.T.);
#934=ORIENTED_EDGE('',*,*,#4403,.T.);
#935=ORIENTED_EDGE('',*,*,#4404,.F.);
#936=ORIENTED_EDGE('',*,*,#4405,.F.);
#937=ORIENTED_EDGE('',*,*,#4400,.T.);
#938=ORIENTED_EDGE('',*,*,#4406,.T.);
#939=ORIENTED_EDGE('',*,*,#4407,.F.);
#940=ORIENTED_EDGE('',*,*,#4408,.F.);
#941=ORIENTED_EDGE('',*,*,#4404,.T.);
#942=ORIENTED_EDGE('',*,*,#4397,.F.);
#943=ORIENTED_EDGE('',*,*,#4409,.F.);
#944=ORIENTED_EDGE('',*,*,#4407,.T.);
#945=ORIENTED_EDGE('',*,*,#4410,.T.);
#946=ORIENTED_EDGE('',*,*,#4411,.T.);
#947=ORIENTED_EDGE('',*,*,#4412,.T.);
#948=ORIENTED_EDGE('',*,*,#4413,.F.);
#949=ORIENTED_EDGE('',*,*,#4402,.F.);
#950=ORIENTED_EDGE('',*,*,#4414,.F.);
#951=ORIENTED_EDGE('',*,*,#4415,.F.);
#952=ORIENTED_EDGE('',*,*,#4416,.T.);
#953=ORIENTED_EDGE('',*,*,#4417,.T.);
#954=ORIENTED_EDGE('',*,*,#4418,.T.);
#955=ORIENTED_EDGE('',*,*,#4419,.F.);
#956=ORIENTED_EDGE('',*,*,#4420,.F.);
#957=ORIENTED_EDGE('',*,*,#4415,.T.);
#958=ORIENTED_EDGE('',*,*,#4421,.T.);
#959=ORIENTED_EDGE('',*,*,#4422,.F.);
#960=ORIENTED_EDGE('',*,*,#4423,.F.);
#961=ORIENTED_EDGE('',*,*,#4419,.T.);
#962=ORIENTED_EDGE('',*,*,#4412,.F.);
#963=ORIENTED_EDGE('',*,*,#4424,.F.);
#964=ORIENTED_EDGE('',*,*,#4422,.T.);
#965=ORIENTED_EDGE('',*,*,#4425,.T.);
#966=ORIENTED_EDGE('',*,*,#4426,.T.);
#967=ORIENTED_EDGE('',*,*,#4427,.T.);
#968=ORIENTED_EDGE('',*,*,#4428,.F.);
#969=ORIENTED_EDGE('',*,*,#4417,.F.);
#970=ORIENTED_EDGE('',*,*,#4429,.F.);
#971=ORIENTED_EDGE('',*,*,#4430,.F.);
#972=ORIENTED_EDGE('',*,*,#4431,.T.);
#973=ORIENTED_EDGE('',*,*,#4432,.T.);
#974=ORIENTED_EDGE('',*,*,#4433,.T.);
#975=ORIENTED_EDGE('',*,*,#4434,.F.);
#976=ORIENTED_EDGE('',*,*,#4435,.F.);
#977=ORIENTED_EDGE('',*,*,#4430,.T.);
#978=ORIENTED_EDGE('',*,*,#4436,.T.);
#979=ORIENTED_EDGE('',*,*,#4437,.F.);
#980=ORIENTED_EDGE('',*,*,#4438,.F.);
#981=ORIENTED_EDGE('',*,*,#4434,.T.);
#982=ORIENTED_EDGE('',*,*,#4427,.F.);
#983=ORIENTED_EDGE('',*,*,#4439,.F.);
#984=ORIENTED_EDGE('',*,*,#4437,.T.);
#985=ORIENTED_EDGE('',*,*,#4440,.T.);
#986=ORIENTED_EDGE('',*,*,#4441,.T.);
#987=ORIENTED_EDGE('',*,*,#4442,.T.);
#988=ORIENTED_EDGE('',*,*,#4443,.F.);
#989=ORIENTED_EDGE('',*,*,#4432,.F.);
#990=ORIENTED_EDGE('',*,*,#4444,.F.);
#991=ORIENTED_EDGE('',*,*,#4445,.F.);
#992=ORIENTED_EDGE('',*,*,#4446,.T.);
#993=ORIENTED_EDGE('',*,*,#4447,.T.);
#994=ORIENTED_EDGE('',*,*,#4448,.T.);
#995=ORIENTED_EDGE('',*,*,#4449,.F.);
#996=ORIENTED_EDGE('',*,*,#4450,.F.);
#997=ORIENTED_EDGE('',*,*,#4445,.T.);
#998=ORIENTED_EDGE('',*,*,#4451,.T.);
#999=ORIENTED_EDGE('',*,*,#4452,.F.);
#1000=ORIENTED_EDGE('',*,*,#4453,.F.);
#1001=ORIENTED_EDGE('',*,*,#4449,.T.);
#1002=ORIENTED_EDGE('',*,*,#4442,.F.);
#1003=ORIENTED_EDGE('',*,*,#4454,.F.);
#1004=ORIENTED_EDGE('',*,*,#4452,.T.);
#1005=ORIENTED_EDGE('',*,*,#4455,.T.);
#1006=ORIENTED_EDGE('',*,*,#4456,.T.);
#1007=ORIENTED_EDGE('',*,*,#4457,.T.);
#1008=ORIENTED_EDGE('',*,*,#4458,.F.);
#1009=ORIENTED_EDGE('',*,*,#4447,.F.);
#1010=ORIENTED_EDGE('',*,*,#4459,.F.);
#1011=ORIENTED_EDGE('',*,*,#4460,.F.);
#1012=ORIENTED_EDGE('',*,*,#4461,.T.);
#1013=ORIENTED_EDGE('',*,*,#4462,.T.);
#1014=ORIENTED_EDGE('',*,*,#4463,.T.);
#1015=ORIENTED_EDGE('',*,*,#4464,.F.);
#1016=ORIENTED_EDGE('',*,*,#4465,.F.);
#1017=ORIENTED_EDGE('',*,*,#4460,.T.);
#1018=ORIENTED_EDGE('',*,*,#4466,.T.);
#1019=ORIENTED_EDGE('',*,*,#4467,.F.);
#1020=ORIENTED_EDGE('',*,*,#4468,.F.);
#1021=ORIENTED_EDGE('',*,*,#4464,.T.);
#1022=ORIENTED_EDGE('',*,*,#4457,.F.);
#1023=ORIENTED_EDGE('',*,*,#4469,.F.);
#1024=ORIENTED_EDGE('',*,*,#4467,.T.);
#1025=ORIENTED_EDGE('',*,*,#4470,.T.);
#1026=ORIENTED_EDGE('',*,*,#4471,.T.);
#1027=ORIENTED_EDGE('',*,*,#4472,.T.);
#1028=ORIENTED_EDGE('',*,*,#4473,.F.);
#1029=ORIENTED_EDGE('',*,*,#4462,.F.);
#1030=ORIENTED_EDGE('',*,*,#4474,.F.);
#1031=ORIENTED_EDGE('',*,*,#4475,.F.);
#1032=ORIENTED_EDGE('',*,*,#4476,.T.);
#1033=ORIENTED_EDGE('',*,*,#4477,.T.);
#1034=ORIENTED_EDGE('',*,*,#4478,.T.);
#1035=ORIENTED_EDGE('',*,*,#4479,.F.);
#1036=ORIENTED_EDGE('',*,*,#4480,.F.);
#1037=ORIENTED_EDGE('',*,*,#4475,.T.);
#1038=ORIENTED_EDGE('',*,*,#4481,.T.);
#1039=ORIENTED_EDGE('',*,*,#4482,.F.);
#1040=ORIENTED_EDGE('',*,*,#4483,.F.);
#1041=ORIENTED_EDGE('',*,*,#4479,.T.);
#1042=ORIENTED_EDGE('',*,*,#4472,.F.);
#1043=ORIENTED_EDGE('',*,*,#4484,.F.);
#1044=ORIENTED_EDGE('',*,*,#4482,.T.);
#1045=ORIENTED_EDGE('',*,*,#4485,.T.);
#1046=ORIENTED_EDGE('',*,*,#4486,.T.);
#1047=ORIENTED_EDGE('',*,*,#4487,.T.);
#1048=ORIENTED_EDGE('',*,*,#4488,.F.);
#1049=ORIENTED_EDGE('',*,*,#4477,.F.);
#1050=ORIENTED_EDGE('',*,*,#4489,.F.);
#1051=ORIENTED_EDGE('',*,*,#4490,.F.);
#1052=ORIENTED_EDGE('',*,*,#4491,.T.);
#1053=ORIENTED_EDGE('',*,*,#4492,.T.);
#1054=ORIENTED_EDGE('',*,*,#4493,.T.);
#1055=ORIENTED_EDGE('',*,*,#4494,.F.);
#1056=ORIENTED_EDGE('',*,*,#4495,.F.);
#1057=ORIENTED_EDGE('',*,*,#4490,.T.);
#1058=ORIENTED_EDGE('',*,*,#4496,.T.);
#1059=ORIENTED_EDGE('',*,*,#4497,.F.);
#1060=ORIENTED_EDGE('',*,*,#4498,.F.);
#1061=ORIENTED_EDGE('',*,*,#4494,.T.);
#1062=ORIENTED_EDGE('',*,*,#4487,.F.);
#1063=ORIENTED_EDGE('',*,*,#4499,.F.);
#1064=ORIENTED_EDGE('',*,*,#4497,.T.);
#1065=ORIENTED_EDGE('',*,*,#4500,.T.);
#1066=ORIENTED_EDGE('',*,*,#4501,.T.);
#1067=ORIENTED_EDGE('',*,*,#4502,.T.);
#1068=ORIENTED_EDGE('',*,*,#4503,.F.);
#1069=ORIENTED_EDGE('',*,*,#4492,.F.);
#1070=ORIENTED_EDGE('',*,*,#4504,.F.);
#1071=ORIENTED_EDGE('',*,*,#4505,.F.);
#1072=ORIENTED_EDGE('',*,*,#4506,.T.);
#1073=ORIENTED_EDGE('',*,*,#4507,.T.);
#1074=ORIENTED_EDGE('',*,*,#4508,.T.);
#1075=ORIENTED_EDGE('',*,*,#4509,.F.);
#1076=ORIENTED_EDGE('',*,*,#4510,.F.);
#1077=ORIENTED_EDGE('',*,*,#4505,.T.);
#1078=ORIENTED_EDGE('',*,*,#4511,.T.);
#1079=ORIENTED_EDGE('',*,*,#4512,.F.);
#1080=ORIENTED_EDGE('',*,*,#4513,.F.);
#1081=ORIENTED_EDGE('',*,*,#4509,.T.);
#1082=ORIENTED_EDGE('',*,*,#4502,.F.);
#1083=ORIENTED_EDGE('',*,*,#4514,.F.);
#1084=ORIENTED_EDGE('',*,*,#4512,.T.);
#1085=ORIENTED_EDGE('',*,*,#4515,.T.);
#1086=ORIENTED_EDGE('',*,*,#4516,.T.);
#1087=ORIENTED_EDGE('',*,*,#4517,.T.);
#1088=ORIENTED_EDGE('',*,*,#4518,.F.);
#1089=ORIENTED_EDGE('',*,*,#4507,.F.);
#1090=ORIENTED_EDGE('',*,*,#4519,.F.);
#1091=ORIENTED_EDGE('',*,*,#4520,.F.);
#1092=ORIENTED_EDGE('',*,*,#4521,.T.);
#1093=ORIENTED_EDGE('',*,*,#4522,.T.);
#1094=ORIENTED_EDGE('',*,*,#4523,.T.);
#1095=ORIENTED_EDGE('',*,*,#4524,.F.);
#1096=ORIENTED_EDGE('',*,*,#4525,.F.);
#1097=ORIENTED_EDGE('',*,*,#4520,.T.);
#1098=ORIENTED_EDGE('',*,*,#4526,.T.);
#1099=ORIENTED_EDGE('',*,*,#4527,.F.);
#1100=ORIENTED_EDGE('',*,*,#4528,.F.);
#1101=ORIENTED_EDGE('',*,*,#4524,.T.);
#1102=ORIENTED_EDGE('',*,*,#4517,.F.);
#1103=ORIENTED_EDGE('',*,*,#4529,.F.);
#1104=ORIENTED_EDGE('',*,*,#4527,.T.);
#1105=ORIENTED_EDGE('',*,*,#4530,.T.);
#1106=ORIENTED_EDGE('',*,*,#4531,.T.);
#1107=ORIENTED_EDGE('',*,*,#4532,.T.);
#1108=ORIENTED_EDGE('',*,*,#4533,.F.);
#1109=ORIENTED_EDGE('',*,*,#4522,.F.);
#1110=ORIENTED_EDGE('',*,*,#4534,.F.);
#1111=ORIENTED_EDGE('',*,*,#4535,.F.);
#1112=ORIENTED_EDGE('',*,*,#4536,.T.);
#1113=ORIENTED_EDGE('',*,*,#4537,.T.);
#1114=ORIENTED_EDGE('',*,*,#4538,.T.);
#1115=ORIENTED_EDGE('',*,*,#4539,.F.);
#1116=ORIENTED_EDGE('',*,*,#4540,.F.);
#1117=ORIENTED_EDGE('',*,*,#4535,.T.);
#1118=ORIENTED_EDGE('',*,*,#4541,.T.);
#1119=ORIENTED_EDGE('',*,*,#4542,.F.);
#1120=ORIENTED_EDGE('',*,*,#4543,.F.);
#1121=ORIENTED_EDGE('',*,*,#4539,.T.);
#1122=ORIENTED_EDGE('',*,*,#4532,.F.);
#1123=ORIENTED_EDGE('',*,*,#4544,.F.);
#1124=ORIENTED_EDGE('',*,*,#4542,.T.);
#1125=ORIENTED_EDGE('',*,*,#4545,.T.);
#1126=ORIENTED_EDGE('',*,*,#4546,.T.);
#1127=ORIENTED_EDGE('',*,*,#4547,.T.);
#1128=ORIENTED_EDGE('',*,*,#4548,.F.);
#1129=ORIENTED_EDGE('',*,*,#4537,.F.);
#1130=ORIENTED_EDGE('',*,*,#4549,.F.);
#1131=ORIENTED_EDGE('',*,*,#4550,.F.);
#1132=ORIENTED_EDGE('',*,*,#4551,.T.);
#1133=ORIENTED_EDGE('',*,*,#4552,.T.);
#1134=ORIENTED_EDGE('',*,*,#4553,.T.);
#1135=ORIENTED_EDGE('',*,*,#4554,.F.);
#1136=ORIENTED_EDGE('',*,*,#4555,.F.);
#1137=ORIENTED_EDGE('',*,*,#4550,.T.);
#1138=ORIENTED_EDGE('',*,*,#4556,.T.);
#1139=ORIENTED_EDGE('',*,*,#4557,.F.);
#1140=ORIENTED_EDGE('',*,*,#4558,.F.);
#1141=ORIENTED_EDGE('',*,*,#4554,.T.);
#1142=ORIENTED_EDGE('',*,*,#4547,.F.);
#1143=ORIENTED_EDGE('',*,*,#4559,.F.);
#1144=ORIENTED_EDGE('',*,*,#4557,.T.);
#1145=ORIENTED_EDGE('',*,*,#4560,.T.);
#1146=ORIENTED_EDGE('',*,*,#4561,.T.);
#1147=ORIENTED_EDGE('',*,*,#4562,.T.);
#1148=ORIENTED_EDGE('',*,*,#4563,.F.);
#1149=ORIENTED_EDGE('',*,*,#4552,.F.);
#1150=ORIENTED_EDGE('',*,*,#4564,.F.);
#1151=ORIENTED_EDGE('',*,*,#4565,.F.);
#1152=ORIENTED_EDGE('',*,*,#4566,.T.);
#1153=ORIENTED_EDGE('',*,*,#4567,.T.);
#1154=ORIENTED_EDGE('',*,*,#4568,.T.);
#1155=ORIENTED_EDGE('',*,*,#4569,.F.);
#1156=ORIENTED_EDGE('',*,*,#4570,.F.);
#1157=ORIENTED_EDGE('',*,*,#4565,.T.);
#1158=ORIENTED_EDGE('',*,*,#4571,.T.);
#1159=ORIENTED_EDGE('',*,*,#4572,.F.);
#1160=ORIENTED_EDGE('',*,*,#4573,.F.);
#1161=ORIENTED_EDGE('',*,*,#4569,.T.);
#1162=ORIENTED_EDGE('',*,*,#4562,.F.);
#1163=ORIENTED_EDGE('',*,*,#4574,.F.);
#1164=ORIENTED_EDGE('',*,*,#4572,.T.);
#1165=ORIENTED_EDGE('',*,*,#4575,.T.);
#1166=ORIENTED_EDGE('',*,*,#4576,.T.);
#1167=ORIENTED_EDGE('',*,*,#4577,.T.);
#1168=ORIENTED_EDGE('',*,*,#4578,.F.);
#1169=ORIENTED_EDGE('',*,*,#4567,.F.);
#1170=ORIENTED_EDGE('',*,*,#4579,.F.);
#1171=ORIENTED_EDGE('',*,*,#4580,.F.);
#1172=ORIENTED_EDGE('',*,*,#4581,.T.);
#1173=ORIENTED_EDGE('',*,*,#4582,.T.);
#1174=ORIENTED_EDGE('',*,*,#4583,.T.);
#1175=ORIENTED_EDGE('',*,*,#4584,.F.);
#1176=ORIENTED_EDGE('',*,*,#4585,.F.);
#1177=ORIENTED_EDGE('',*,*,#4580,.T.);
#1178=ORIENTED_EDGE('',*,*,#4586,.T.);
#1179=ORIENTED_EDGE('',*,*,#4587,.F.);
#1180=ORIENTED_EDGE('',*,*,#4588,.F.);
#1181=ORIENTED_EDGE('',*,*,#4584,.T.);
#1182=ORIENTED_EDGE('',*,*,#4577,.F.);
#1183=ORIENTED_EDGE('',*,*,#4589,.F.);
#1184=ORIENTED_EDGE('',*,*,#4587,.T.);
#1185=ORIENTED_EDGE('',*,*,#4590,.T.);
#1186=ORIENTED_EDGE('',*,*,#4591,.T.);
#1187=ORIENTED_EDGE('',*,*,#4592,.T.);
#1188=ORIENTED_EDGE('',*,*,#4593,.F.);
#1189=ORIENTED_EDGE('',*,*,#4582,.F.);
#1190=ORIENTED_EDGE('',*,*,#4594,.F.);
#1191=ORIENTED_EDGE('',*,*,#4595,.F.);
#1192=ORIENTED_EDGE('',*,*,#4596,.T.);
#1193=ORIENTED_EDGE('',*,*,#4597,.T.);
#1194=ORIENTED_EDGE('',*,*,#4598,.T.);
#1195=ORIENTED_EDGE('',*,*,#4599,.F.);
#1196=ORIENTED_EDGE('',*,*,#4600,.F.);
#1197=ORIENTED_EDGE('',*,*,#4595,.T.);
#1198=ORIENTED_EDGE('',*,*,#4601,.T.);
#1199=ORIENTED_EDGE('',*,*,#4602,.F.);
#1200=ORIENTED_EDGE('',*,*,#4603,.F.);
#1201=ORIENTED_EDGE('',*,*,#4599,.T.);
#1202=ORIENTED_EDGE('',*,*,#4592,.F.);
#1203=ORIENTED_EDGE('',*,*,#4604,.F.);
#1204=ORIENTED_EDGE('',*,*,#4602,.T.);
#1205=ORIENTED_EDGE('',*,*,#4605,.T.);
#1206=ORIENTED_EDGE('',*,*,#4606,.T.);
#1207=ORIENTED_EDGE('',*,*,#4607,.T.);
#1208=ORIENTED_EDGE('',*,*,#4608,.F.);
#1209=ORIENTED_EDGE('',*,*,#4597,.F.);
#1210=ORIENTED_EDGE('',*,*,#4609,.F.);
#1211=ORIENTED_EDGE('',*,*,#4610,.F.);
#1212=ORIENTED_EDGE('',*,*,#4611,.T.);
#1213=ORIENTED_EDGE('',*,*,#4612,.T.);
#1214=ORIENTED_EDGE('',*,*,#4613,.T.);
#1215=ORIENTED_EDGE('',*,*,#4614,.F.);
#1216=ORIENTED_EDGE('',*,*,#4615,.F.);
#1217=ORIENTED_EDGE('',*,*,#4610,.T.);
#1218=ORIENTED_EDGE('',*,*,#4616,.T.);
#1219=ORIENTED_EDGE('',*,*,#4617,.F.);
#1220=ORIENTED_EDGE('',*,*,#4618,.F.);
#1221=ORIENTED_EDGE('',*,*,#4614,.T.);
#1222=ORIENTED_EDGE('',*,*,#4607,.F.);
#1223=ORIENTED_EDGE('',*,*,#4619,.F.);
#1224=ORIENTED_EDGE('',*,*,#4617,.T.);
#1225=ORIENTED_EDGE('',*,*,#4620,.T.);
#1226=ORIENTED_EDGE('',*,*,#4621,.T.);
#1227=ORIENTED_EDGE('',*,*,#4622,.T.);
#1228=ORIENTED_EDGE('',*,*,#4623,.F.);
#1229=ORIENTED_EDGE('',*,*,#4612,.F.);
#1230=ORIENTED_EDGE('',*,*,#4624,.F.);
#1231=ORIENTED_EDGE('',*,*,#4625,.F.);
#1232=ORIENTED_EDGE('',*,*,#4626,.T.);
#1233=ORIENTED_EDGE('',*,*,#4627,.T.);
#1234=ORIENTED_EDGE('',*,*,#4628,.T.);
#1235=ORIENTED_EDGE('',*,*,#4629,.F.);
#1236=ORIENTED_EDGE('',*,*,#4630,.F.);
#1237=ORIENTED_EDGE('',*,*,#4625,.T.);
#1238=ORIENTED_EDGE('',*,*,#4631,.T.);
#1239=ORIENTED_EDGE('',*,*,#4632,.F.);
#1240=ORIENTED_EDGE('',*,*,#4633,.F.);
#1241=ORIENTED_EDGE('',*,*,#4629,.T.);
#1242=ORIENTED_EDGE('',*,*,#4622,.F.);
#1243=ORIENTED_EDGE('',*,*,#4634,.F.);
#1244=ORIENTED_EDGE('',*,*,#4632,.T.);
#1245=ORIENTED_EDGE('',*,*,#4635,.T.);
#1246=ORIENTED_EDGE('',*,*,#4636,.T.);
#1247=ORIENTED_EDGE('',*,*,#4637,.T.);
#1248=ORIENTED_EDGE('',*,*,#4638,.F.);
#1249=ORIENTED_EDGE('',*,*,#4627,.F.);
#1250=ORIENTED_EDGE('',*,*,#4639,.F.);
#1251=ORIENTED_EDGE('',*,*,#4640,.F.);
#1252=ORIENTED_EDGE('',*,*,#4641,.T.);
#1253=ORIENTED_EDGE('',*,*,#4642,.T.);
#1254=ORIENTED_EDGE('',*,*,#4643,.T.);
#1255=ORIENTED_EDGE('',*,*,#4644,.F.);
#1256=ORIENTED_EDGE('',*,*,#4645,.F.);
#1257=ORIENTED_EDGE('',*,*,#4640,.T.);
#1258=ORIENTED_EDGE('',*,*,#4646,.T.);
#1259=ORIENTED_EDGE('',*,*,#4647,.F.);
#1260=ORIENTED_EDGE('',*,*,#4648,.F.);
#1261=ORIENTED_EDGE('',*,*,#4644,.T.);
#1262=ORIENTED_EDGE('',*,*,#4637,.F.);
#1263=ORIENTED_EDGE('',*,*,#4649,.F.);
#1264=ORIENTED_EDGE('',*,*,#4647,.T.);
#1265=ORIENTED_EDGE('',*,*,#4650,.T.);
#1266=ORIENTED_EDGE('',*,*,#4651,.T.);
#1267=ORIENTED_EDGE('',*,*,#4652,.T.);
#1268=ORIENTED_EDGE('',*,*,#4653,.F.);
#1269=ORIENTED_EDGE('',*,*,#4642,.F.);
#1270=ORIENTED_EDGE('',*,*,#4654,.F.);
#1271=ORIENTED_EDGE('',*,*,#4655,.F.);
#1272=ORIENTED_EDGE('',*,*,#4656,.T.);
#1273=ORIENTED_EDGE('',*,*,#4657,.T.);
#1274=ORIENTED_EDGE('',*,*,#4658,.T.);
#1275=ORIENTED_EDGE('',*,*,#4659,.F.);
#1276=ORIENTED_EDGE('',*,*,#4660,.F.);
#1277=ORIENTED_EDGE('',*,*,#4655,.T.);
#1278=ORIENTED_EDGE('',*,*,#4661,.T.);
#1279=ORIENTED_EDGE('',*,*,#4662,.F.);
#1280=ORIENTED_EDGE('',*,*,#4663,.F.);
#1281=ORIENTED_EDGE('',*,*,#4659,.T.);
#1282=ORIENTED_EDGE('',*,*,#4652,.F.);
#1283=ORIENTED_EDGE('',*,*,#4664,.F.);
#1284=ORIENTED_EDGE('',*,*,#4662,.T.);
#1285=ORIENTED_EDGE('',*,*,#4665,.T.);
#1286=ORIENTED_EDGE('',*,*,#4666,.T.);
#1287=ORIENTED_EDGE('',*,*,#4667,.T.);
#1288=ORIENTED_EDGE('',*,*,#4668,.F.);
#1289=ORIENTED_EDGE('',*,*,#4657,.F.);
#1290=ORIENTED_EDGE('',*,*,#4669,.F.);
#1291=ORIENTED_EDGE('',*,*,#4670,.F.);
#1292=ORIENTED_EDGE('',*,*,#4671,.T.);
#1293=ORIENTED_EDGE('',*,*,#4672,.T.);
#1294=ORIENTED_EDGE('',*,*,#4673,.T.);
#1295=ORIENTED_EDGE('',*,*,#4674,.F.);
#1296=ORIENTED_EDGE('',*,*,#4675,.F.);
#1297=ORIENTED_EDGE('',*,*,#4670,.T.);
#1298=ORIENTED_EDGE('',*,*,#4676,.T.);
#1299=ORIENTED_EDGE('',*,*,#4677,.F.);
#1300=ORIENTED_EDGE('',*,*,#4678,.F.);
#1301=ORIENTED_EDGE('',*,*,#4674,.T.);
#1302=ORIENTED_EDGE('',*,*,#4667,.F.);
#1303=ORIENTED_EDGE('',*,*,#4679,.F.);
#1304=ORIENTED_EDGE('',*,*,#4677,.T.);
#1305=ORIENTED_EDGE('',*,*,#4680,.T.);
#1306=ORIENTED_EDGE('',*,*,#4681,.T.);
#1307=ORIENTED_EDGE('',*,*,#4682,.T.);
#1308=ORIENTED_EDGE('',*,*,#4683,.F.);
#1309=ORIENTED_EDGE('',*,*,#4672,.F.);
#1310=ORIENTED_EDGE('',*,*,#4684,.F.);
#1311=ORIENTED_EDGE('',*,*,#4685,.F.);
#1312=ORIENTED_EDGE('',*,*,#4686,.T.);
#1313=ORIENTED_EDGE('',*,*,#4687,.T.);
#1314=ORIENTED_EDGE('',*,*,#4688,.T.);
#1315=ORIENTED_EDGE('',*,*,#4689,.F.);
#1316=ORIENTED_EDGE('',*,*,#4690,.F.);
#1317=ORIENTED_EDGE('',*,*,#4685,.T.);
#1318=ORIENTED_EDGE('',*,*,#4691,.T.);
#1319=ORIENTED_EDGE('',*,*,#4692,.F.);
#1320=ORIENTED_EDGE('',*,*,#4693,.F.);
#1321=ORIENTED_EDGE('',*,*,#4689,.T.);
#1322=ORIENTED_EDGE('',*,*,#4682,.F.);
#1323=ORIENTED_EDGE('',*,*,#4694,.F.);
#1324=ORIENTED_EDGE('',*,*,#4692,.T.);
#1325=ORIENTED_EDGE('',*,*,#4695,.T.);
#1326=ORIENTED_EDGE('',*,*,#4696,.T.);
#1327=ORIENTED_EDGE('',*,*,#4697,.T.);
#1328=ORIENTED_EDGE('',*,*,#4698,.F.);
#1329=ORIENTED_EDGE('',*,*,#4687,.F.);
#1330=ORIENTED_EDGE('',*,*,#4699,.F.);
#1331=ORIENTED_EDGE('',*,*,#4700,.F.);
#1332=ORIENTED_EDGE('',*,*,#4701,.T.);
#1333=ORIENTED_EDGE('',*,*,#4702,.T.);
#1334=ORIENTED_EDGE('',*,*,#4703,.T.);
#1335=ORIENTED_EDGE('',*,*,#4704,.F.);
#1336=ORIENTED_EDGE('',*,*,#4705,.F.);
#1337=ORIENTED_EDGE('',*,*,#4700,.T.);
#1338=ORIENTED_EDGE('',*,*,#4706,.T.);
#1339=ORIENTED_EDGE('',*,*,#4707,.F.);
#1340=ORIENTED_EDGE('',*,*,#4708,.F.);
#1341=ORIENTED_EDGE('',*,*,#4704,.T.);
#1342=ORIENTED_EDGE('',*,*,#4697,.F.);
#1343=ORIENTED_EDGE('',*,*,#4709,.F.);
#1344=ORIENTED_EDGE('',*,*,#4707,.T.);
#1345=ORIENTED_EDGE('',*,*,#4710,.T.);
#1346=ORIENTED_EDGE('',*,*,#4711,.T.);
#1347=ORIENTED_EDGE('',*,*,#4712,.T.);
#1348=ORIENTED_EDGE('',*,*,#4713,.F.);
#1349=ORIENTED_EDGE('',*,*,#4702,.F.);
#1350=ORIENTED_EDGE('',*,*,#4714,.F.);
#1351=ORIENTED_EDGE('',*,*,#4715,.F.);
#1352=ORIENTED_EDGE('',*,*,#4716,.T.);
#1353=ORIENTED_EDGE('',*,*,#4717,.T.);
#1354=ORIENTED_EDGE('',*,*,#4718,.T.);
#1355=ORIENTED_EDGE('',*,*,#4719,.F.);
#1356=ORIENTED_EDGE('',*,*,#4720,.F.);
#1357=ORIENTED_EDGE('',*,*,#4715,.T.);
#1358=ORIENTED_EDGE('',*,*,#4721,.T.);
#1359=ORIENTED_EDGE('',*,*,#4722,.F.);
#1360=ORIENTED_EDGE('',*,*,#4723,.F.);
#1361=ORIENTED_EDGE('',*,*,#4719,.T.);
#1362=ORIENTED_EDGE('',*,*,#4712,.F.);
#1363=ORIENTED_EDGE('',*,*,#4724,.F.);
#1364=ORIENTED_EDGE('',*,*,#4722,.T.);
#1365=ORIENTED_EDGE('',*,*,#4725,.T.);
#1366=ORIENTED_EDGE('',*,*,#4726,.T.);
#1367=ORIENTED_EDGE('',*,*,#4727,.T.);
#1368=ORIENTED_EDGE('',*,*,#4728,.F.);
#1369=ORIENTED_EDGE('',*,*,#4717,.F.);
#1370=ORIENTED_EDGE('',*,*,#4729,.F.);
#1371=ORIENTED_EDGE('',*,*,#4730,.F.);
#1372=ORIENTED_EDGE('',*,*,#4731,.T.);
#1373=ORIENTED_EDGE('',*,*,#4732,.T.);
#1374=ORIENTED_EDGE('',*,*,#4733,.T.);
#1375=ORIENTED_EDGE('',*,*,#4734,.F.);
#1376=ORIENTED_EDGE('',*,*,#4735,.F.);
#1377=ORIENTED_EDGE('',*,*,#4730,.T.);
#1378=ORIENTED_EDGE('',*,*,#4736,.T.);
#1379=ORIENTED_EDGE('',*,*,#4737,.F.);
#1380=ORIENTED_EDGE('',*,*,#4738,.F.);
#1381=ORIENTED_EDGE('',*,*,#4734,.T.);
#1382=ORIENTED_EDGE('',*,*,#4727,.F.);
#1383=ORIENTED_EDGE('',*,*,#4739,.F.);
#1384=ORIENTED_EDGE('',*,*,#4737,.T.);
#1385=ORIENTED_EDGE('',*,*,#4740,.T.);
#1386=ORIENTED_EDGE('',*,*,#4741,.T.);
#1387=ORIENTED_EDGE('',*,*,#4742,.T.);
#1388=ORIENTED_EDGE('',*,*,#4743,.F.);
#1389=ORIENTED_EDGE('',*,*,#4732,.F.);
#1390=ORIENTED_EDGE('',*,*,#4744,.F.);
#1391=ORIENTED_EDGE('',*,*,#4745,.F.);
#1392=ORIENTED_EDGE('',*,*,#4746,.T.);
#1393=ORIENTED_EDGE('',*,*,#4747,.T.);
#1394=ORIENTED_EDGE('',*,*,#4748,.T.);
#1395=ORIENTED_EDGE('',*,*,#4749,.F.);
#1396=ORIENTED_EDGE('',*,*,#4750,.F.);
#1397=ORIENTED_EDGE('',*,*,#4745,.T.);
#1398=ORIENTED_EDGE('',*,*,#4751,.T.);
#1399=ORIENTED_EDGE('',*,*,#4752,.F.);
#1400=ORIENTED_EDGE('',*,*,#4753,.F.);
#1401=ORIENTED_EDGE('',*,*,#4749,.T.);
#1402=ORIENTED_EDGE('',*,*,#4742,.F.);
#1403=ORIENTED_EDGE('',*,*,#4754,.F.);
#1404=ORIENTED_EDGE('',*,*,#4752,.T.);
#1405=ORIENTED_EDGE('',*,*,#4755,.T.);
#1406=ORIENTED_EDGE('',*,*,#4756,.T.);
#1407=ORIENTED_EDGE('',*,*,#4757,.T.);
#1408=ORIENTED_EDGE('',*,*,#4758,.F.);
#1409=ORIENTED_EDGE('',*,*,#4747,.F.);
#1410=ORIENTED_EDGE('',*,*,#4759,.F.);
#1411=ORIENTED_EDGE('',*,*,#4760,.F.);
#1412=ORIENTED_EDGE('',*,*,#4761,.T.);
#1413=ORIENTED_EDGE('',*,*,#4762,.T.);
#1414=ORIENTED_EDGE('',*,*,#4763,.T.);
#1415=ORIENTED_EDGE('',*,*,#4764,.F.);
#1416=ORIENTED_EDGE('',*,*,#4765,.F.);
#1417=ORIENTED_EDGE('',*,*,#4760,.T.);
#1418=ORIENTED_EDGE('',*,*,#4766,.T.);
#1419=ORIENTED_EDGE('',*,*,#4767,.F.);
#1420=ORIENTED_EDGE('',*,*,#4768,.F.);
#1421=ORIENTED_EDGE('',*,*,#4764,.T.);
#1422=ORIENTED_EDGE('',*,*,#4757,.F.);
#1423=ORIENTED_EDGE('',*,*,#4769,.F.);
#1424=ORIENTED_EDGE('',*,*,#4767,.T.);
#1425=ORIENTED_EDGE('',*,*,#4770,.T.);
#1426=ORIENTED_EDGE('',*,*,#4771,.T.);
#1427=ORIENTED_EDGE('',*,*,#4772,.T.);
#1428=ORIENTED_EDGE('',*,*,#4773,.F.);
#1429=ORIENTED_EDGE('',*,*,#4762,.F.);
#1430=ORIENTED_EDGE('',*,*,#4774,.F.);
#1431=ORIENTED_EDGE('',*,*,#4775,.F.);
#1432=ORIENTED_EDGE('',*,*,#4776,.T.);
#1433=ORIENTED_EDGE('',*,*,#4777,.T.);
#1434=ORIENTED_EDGE('',*,*,#4778,.T.);
#1435=ORIENTED_EDGE('',*,*,#4779,.F.);
#1436=ORIENTED_EDGE('',*,*,#4780,.F.);
#1437=ORIENTED_EDGE('',*,*,#4775,.T.);
#1438=ORIENTED_EDGE('',*,*,#4781,.T.);
#1439=ORIENTED_EDGE('',*,*,#4782,.F.);
#1440=ORIENTED_EDGE('',*,*,#4783,.F.);
#1441=ORIENTED_EDGE('',*,*,#4779,.T.);
#1442=ORIENTED_EDGE('',*,*,#4772,.F.);
#1443=ORIENTED_EDGE('',*,*,#4784,.F.);
#1444=ORIENTED_EDGE('',*,*,#4782,.T.);
#1445=ORIENTED_EDGE('',*,*,#4785,.T.);
#1446=ORIENTED_EDGE('',*,*,#4786,.T.);
#1447=ORIENTED_EDGE('',*,*,#4787,.T.);
#1448=ORIENTED_EDGE('',*,*,#4788,.F.);
#1449=ORIENTED_EDGE('',*,*,#4777,.F.);
#1450=ORIENTED_EDGE('',*,*,#4789,.F.);
#1451=ORIENTED_EDGE('',*,*,#4790,.F.);
#1452=ORIENTED_EDGE('',*,*,#4791,.T.);
#1453=ORIENTED_EDGE('',*,*,#4792,.T.);
#1454=ORIENTED_EDGE('',*,*,#4793,.T.);
#1455=ORIENTED_EDGE('',*,*,#4794,.F.);
#1456=ORIENTED_EDGE('',*,*,#4795,.F.);
#1457=ORIENTED_EDGE('',*,*,#4790,.T.);
#1458=ORIENTED_EDGE('',*,*,#4796,.T.);
#1459=ORIENTED_EDGE('',*,*,#4797,.F.);
#1460=ORIENTED_EDGE('',*,*,#4798,.F.);
#1461=ORIENTED_EDGE('',*,*,#4794,.T.);
#1462=ORIENTED_EDGE('',*,*,#4787,.F.);
#1463=ORIENTED_EDGE('',*,*,#4799,.F.);
#1464=ORIENTED_EDGE('',*,*,#4797,.T.);
#1465=ORIENTED_EDGE('',*,*,#4800,.T.);
#1466=ORIENTED_EDGE('',*,*,#4801,.T.);
#1467=ORIENTED_EDGE('',*,*,#4802,.T.);
#1468=ORIENTED_EDGE('',*,*,#4803,.F.);
#1469=ORIENTED_EDGE('',*,*,#4792,.F.);
#1470=ORIENTED_EDGE('',*,*,#4804,.F.);
#1471=ORIENTED_EDGE('',*,*,#4805,.F.);
#1472=ORIENTED_EDGE('',*,*,#4806,.T.);
#1473=ORIENTED_EDGE('',*,*,#4807,.T.);
#1474=ORIENTED_EDGE('',*,*,#4808,.T.);
#1475=ORIENTED_EDGE('',*,*,#4809,.F.);
#1476=ORIENTED_EDGE('',*,*,#4810,.F.);
#1477=ORIENTED_EDGE('',*,*,#4805,.T.);
#1478=ORIENTED_EDGE('',*,*,#4811,.T.);
#1479=ORIENTED_EDGE('',*,*,#4812,.F.);
#1480=ORIENTED_EDGE('',*,*,#4813,.F.);
#1481=ORIENTED_EDGE('',*,*,#4809,.T.);
#1482=ORIENTED_EDGE('',*,*,#4802,.F.);
#1483=ORIENTED_EDGE('',*,*,#4814,.F.);
#1484=ORIENTED_EDGE('',*,*,#4812,.T.);
#1485=ORIENTED_EDGE('',*,*,#4815,.T.);
#1486=ORIENTED_EDGE('',*,*,#4816,.T.);
#1487=ORIENTED_EDGE('',*,*,#4817,.T.);
#1488=ORIENTED_EDGE('',*,*,#4818,.F.);
#1489=ORIENTED_EDGE('',*,*,#4807,.F.);
#1490=ORIENTED_EDGE('',*,*,#4819,.F.);
#1491=ORIENTED_EDGE('',*,*,#4820,.F.);
#1492=ORIENTED_EDGE('',*,*,#4821,.T.);
#1493=ORIENTED_EDGE('',*,*,#4822,.T.);
#1494=ORIENTED_EDGE('',*,*,#4823,.T.);
#1495=ORIENTED_EDGE('',*,*,#4824,.F.);
#1496=ORIENTED_EDGE('',*,*,#4825,.F.);
#1497=ORIENTED_EDGE('',*,*,#4820,.T.);
#1498=ORIENTED_EDGE('',*,*,#4826,.T.);
#1499=ORIENTED_EDGE('',*,*,#4827,.F.);
#1500=ORIENTED_EDGE('',*,*,#4828,.F.);
#1501=ORIENTED_EDGE('',*,*,#4824,.T.);
#1502=ORIENTED_EDGE('',*,*,#4817,.F.);
#1503=ORIENTED_EDGE('',*,*,#4829,.F.);
#1504=ORIENTED_EDGE('',*,*,#4827,.T.);
#1505=ORIENTED_EDGE('',*,*,#4830,.T.);
#1506=ORIENTED_EDGE('',*,*,#4831,.T.);
#1507=ORIENTED_EDGE('',*,*,#4832,.T.);
#1508=ORIENTED_EDGE('',*,*,#4833,.F.);
#1509=ORIENTED_EDGE('',*,*,#4822,.F.);
#1510=ORIENTED_EDGE('',*,*,#4834,.F.);
#1511=ORIENTED_EDGE('',*,*,#4835,.F.);
#1512=ORIENTED_EDGE('',*,*,#4836,.T.);
#1513=ORIENTED_EDGE('',*,*,#4837,.T.);
#1514=ORIENTED_EDGE('',*,*,#4838,.T.);
#1515=ORIENTED_EDGE('',*,*,#4839,.F.);
#1516=ORIENTED_EDGE('',*,*,#4840,.F.);
#1517=ORIENTED_EDGE('',*,*,#4835,.T.);
#1518=ORIENTED_EDGE('',*,*,#4841,.T.);
#1519=ORIENTED_EDGE('',*,*,#4842,.F.);
#1520=ORIENTED_EDGE('',*,*,#4843,.F.);
#1521=ORIENTED_EDGE('',*,*,#4839,.T.);
#1522=ORIENTED_EDGE('',*,*,#4832,.F.);
#1523=ORIENTED_EDGE('',*,*,#4844,.F.);
#1524=ORIENTED_EDGE('',*,*,#4842,.T.);
#1525=ORIENTED_EDGE('',*,*,#4845,.T.);
#1526=ORIENTED_EDGE('',*,*,#4846,.T.);
#1527=ORIENTED_EDGE('',*,*,#4847,.T.);
#1528=ORIENTED_EDGE('',*,*,#4848,.F.);
#1529=ORIENTED_EDGE('',*,*,#4837,.F.);
#1530=ORIENTED_EDGE('',*,*,#4849,.F.);
#1531=ORIENTED_EDGE('',*,*,#4850,.F.);
#1532=ORIENTED_EDGE('',*,*,#4851,.T.);
#1533=ORIENTED_EDGE('',*,*,#4852,.T.);
#1534=ORIENTED_EDGE('',*,*,#4853,.T.);
#1535=ORIENTED_EDGE('',*,*,#4854,.F.);
#1536=ORIENTED_EDGE('',*,*,#4855,.F.);
#1537=ORIENTED_EDGE('',*,*,#4850,.T.);
#1538=ORIENTED_EDGE('',*,*,#4856,.T.);
#1539=ORIENTED_EDGE('',*,*,#4857,.F.);
#1540=ORIENTED_EDGE('',*,*,#4858,.F.);
#1541=ORIENTED_EDGE('',*,*,#4854,.T.);
#1542=ORIENTED_EDGE('',*,*,#4847,.F.);
#1543=ORIENTED_EDGE('',*,*,#4859,.F.);
#1544=ORIENTED_EDGE('',*,*,#4857,.T.);
#1545=ORIENTED_EDGE('',*,*,#4860,.T.);
#1546=ORIENTED_EDGE('',*,*,#4861,.T.);
#1547=ORIENTED_EDGE('',*,*,#4862,.T.);
#1548=ORIENTED_EDGE('',*,*,#4863,.F.);
#1549=ORIENTED_EDGE('',*,*,#4852,.F.);
#1550=ORIENTED_EDGE('',*,*,#4864,.F.);
#1551=ORIENTED_EDGE('',*,*,#4865,.F.);
#1552=ORIENTED_EDGE('',*,*,#4866,.T.);
#1553=ORIENTED_EDGE('',*,*,#4867,.T.);
#1554=ORIENTED_EDGE('',*,*,#4868,.T.);
#1555=ORIENTED_EDGE('',*,*,#4869,.F.);
#1556=ORIENTED_EDGE('',*,*,#4870,.F.);
#1557=ORIENTED_EDGE('',*,*,#4865,.T.);
#1558=ORIENTED_EDGE('',*,*,#4871,.T.);
#1559=ORIENTED_EDGE('',*,*,#4872,.F.);
#1560=ORIENTED_EDGE('',*,*,#4873,.F.);
#1561=ORIENTED_EDGE('',*,*,#4869,.T.);
#1562=ORIENTED_EDGE('',*,*,#4862,.F.);
#1563=ORIENTED_EDGE('',*,*,#4874,.F.);
#1564=ORIENTED_EDGE('',*,*,#4872,.T.);
#1565=ORIENTED_EDGE('',*,*,#4875,.T.);
#1566=ORIENTED_EDGE('',*,*,#4876,.T.);
#1567=ORIENTED_EDGE('',*,*,#4877,.T.);
#1568=ORIENTED_EDGE('',*,*,#4878,.F.);
#1569=ORIENTED_EDGE('',*,*,#4867,.F.);
#1570=ORIENTED_EDGE('',*,*,#4879,.F.);
#1571=ORIENTED_EDGE('',*,*,#4880,.F.);
#1572=ORIENTED_EDGE('',*,*,#4881,.T.);
#1573=ORIENTED_EDGE('',*,*,#4882,.T.);
#1574=ORIENTED_EDGE('',*,*,#4883,.T.);
#1575=ORIENTED_EDGE('',*,*,#4884,.F.);
#1576=ORIENTED_EDGE('',*,*,#4885,.F.);
#1577=ORIENTED_EDGE('',*,*,#4880,.T.);
#1578=ORIENTED_EDGE('',*,*,#4886,.T.);
#1579=ORIENTED_EDGE('',*,*,#4887,.F.);
#1580=ORIENTED_EDGE('',*,*,#4888,.F.);
#1581=ORIENTED_EDGE('',*,*,#4884,.T.);
#1582=ORIENTED_EDGE('',*,*,#4877,.F.);
#1583=ORIENTED_EDGE('',*,*,#4889,.F.);
#1584=ORIENTED_EDGE('',*,*,#4887,.T.);
#1585=ORIENTED_EDGE('',*,*,#4890,.T.);
#1586=ORIENTED_EDGE('',*,*,#4891,.T.);
#1587=ORIENTED_EDGE('',*,*,#4892,.T.);
#1588=ORIENTED_EDGE('',*,*,#4893,.F.);
#1589=ORIENTED_EDGE('',*,*,#4882,.F.);
#1590=ORIENTED_EDGE('',*,*,#4894,.F.);
#1591=ORIENTED_EDGE('',*,*,#4895,.F.);
#1592=ORIENTED_EDGE('',*,*,#4896,.T.);
#1593=ORIENTED_EDGE('',*,*,#4897,.T.);
#1594=ORIENTED_EDGE('',*,*,#4898,.T.);
#1595=ORIENTED_EDGE('',*,*,#4899,.F.);
#1596=ORIENTED_EDGE('',*,*,#4900,.F.);
#1597=ORIENTED_EDGE('',*,*,#4895,.T.);
#1598=ORIENTED_EDGE('',*,*,#4901,.T.);
#1599=ORIENTED_EDGE('',*,*,#4902,.F.);
#1600=ORIENTED_EDGE('',*,*,#4903,.F.);
#1601=ORIENTED_EDGE('',*,*,#4899,.T.);
#1602=ORIENTED_EDGE('',*,*,#4892,.F.);
#1603=ORIENTED_EDGE('',*,*,#4904,.F.);
#1604=ORIENTED_EDGE('',*,*,#4902,.T.);
#1605=ORIENTED_EDGE('',*,*,#4905,.T.);
#1606=ORIENTED_EDGE('',*,*,#4906,.T.);
#1607=ORIENTED_EDGE('',*,*,#4907,.T.);
#1608=ORIENTED_EDGE('',*,*,#4908,.F.);
#1609=ORIENTED_EDGE('',*,*,#4897,.F.);
#1610=ORIENTED_EDGE('',*,*,#4909,.F.);
#1611=ORIENTED_EDGE('',*,*,#4910,.F.);
#1612=ORIENTED_EDGE('',*,*,#4911,.T.);
#1613=ORIENTED_EDGE('',*,*,#4912,.T.);
#1614=ORIENTED_EDGE('',*,*,#4913,.T.);
#1615=ORIENTED_EDGE('',*,*,#4914,.F.);
#1616=ORIENTED_EDGE('',*,*,#4915,.F.);
#1617=ORIENTED_EDGE('',*,*,#4910,.T.);
#1618=ORIENTED_EDGE('',*,*,#4916,.T.);
#1619=ORIENTED_EDGE('',*,*,#4917,.F.);
#1620=ORIENTED_EDGE('',*,*,#4918,.F.);
#1621=ORIENTED_EDGE('',*,*,#4914,.T.);
#1622=ORIENTED_EDGE('',*,*,#4907,.F.);
#1623=ORIENTED_EDGE('',*,*,#4919,.F.);
#1624=ORIENTED_EDGE('',*,*,#4917,.T.);
#1625=ORIENTED_EDGE('',*,*,#4920,.T.);
#1626=ORIENTED_EDGE('',*,*,#4921,.T.);
#1627=ORIENTED_EDGE('',*,*,#4922,.T.);
#1628=ORIENTED_EDGE('',*,*,#4923,.F.);
#1629=ORIENTED_EDGE('',*,*,#4912,.F.);
#1630=ORIENTED_EDGE('',*,*,#4924,.F.);
#1631=ORIENTED_EDGE('',*,*,#4925,.F.);
#1632=ORIENTED_EDGE('',*,*,#4926,.T.);
#1633=ORIENTED_EDGE('',*,*,#4927,.T.);
#1634=ORIENTED_EDGE('',*,*,#4928,.T.);
#1635=ORIENTED_EDGE('',*,*,#4929,.F.);
#1636=ORIENTED_EDGE('',*,*,#4930,.F.);
#1637=ORIENTED_EDGE('',*,*,#4925,.T.);
#1638=ORIENTED_EDGE('',*,*,#4931,.T.);
#1639=ORIENTED_EDGE('',*,*,#4932,.F.);
#1640=ORIENTED_EDGE('',*,*,#4933,.F.);
#1641=ORIENTED_EDGE('',*,*,#4929,.T.);
#1642=ORIENTED_EDGE('',*,*,#4922,.F.);
#1643=ORIENTED_EDGE('',*,*,#4934,.F.);
#1644=ORIENTED_EDGE('',*,*,#4932,.T.);
#1645=ORIENTED_EDGE('',*,*,#4935,.T.);
#1646=ORIENTED_EDGE('',*,*,#4936,.T.);
#1647=ORIENTED_EDGE('',*,*,#4937,.T.);
#1648=ORIENTED_EDGE('',*,*,#4938,.F.);
#1649=ORIENTED_EDGE('',*,*,#4927,.F.);
#1650=ORIENTED_EDGE('',*,*,#4939,.F.);
#1651=ORIENTED_EDGE('',*,*,#4940,.F.);
#1652=ORIENTED_EDGE('',*,*,#4941,.T.);
#1653=ORIENTED_EDGE('',*,*,#4942,.T.);
#1654=ORIENTED_EDGE('',*,*,#4943,.T.);
#1655=ORIENTED_EDGE('',*,*,#4944,.F.);
#1656=ORIENTED_EDGE('',*,*,#4945,.F.);
#1657=ORIENTED_EDGE('',*,*,#4940,.T.);
#1658=ORIENTED_EDGE('',*,*,#4946,.T.);
#1659=ORIENTED_EDGE('',*,*,#4947,.F.);
#1660=ORIENTED_EDGE('',*,*,#4948,.F.);
#1661=ORIENTED_EDGE('',*,*,#4944,.T.);
#1662=ORIENTED_EDGE('',*,*,#4937,.F.);
#1663=ORIENTED_EDGE('',*,*,#4949,.F.);
#1664=ORIENTED_EDGE('',*,*,#4947,.T.);
#1665=ORIENTED_EDGE('',*,*,#4950,.T.);
#1666=ORIENTED_EDGE('',*,*,#4951,.T.);
#1667=ORIENTED_EDGE('',*,*,#4952,.T.);
#1668=ORIENTED_EDGE('',*,*,#4953,.F.);
#1669=ORIENTED_EDGE('',*,*,#4942,.F.);
#1670=ORIENTED_EDGE('',*,*,#4954,.F.);
#1671=ORIENTED_EDGE('',*,*,#4955,.F.);
#1672=ORIENTED_EDGE('',*,*,#4956,.T.);
#1673=ORIENTED_EDGE('',*,*,#4957,.T.);
#1674=ORIENTED_EDGE('',*,*,#4958,.T.);
#1675=ORIENTED_EDGE('',*,*,#4959,.F.);
#1676=ORIENTED_EDGE('',*,*,#4960,.F.);
#1677=ORIENTED_EDGE('',*,*,#4955,.T.);
#1678=ORIENTED_EDGE('',*,*,#4961,.T.);
#1679=ORIENTED_EDGE('',*,*,#4962,.F.);
#1680=ORIENTED_EDGE('',*,*,#4963,.F.);
#1681=ORIENTED_EDGE('',*,*,#4959,.T.);
#1682=ORIENTED_EDGE('',*,*,#4952,.F.);
#1683=ORIENTED_EDGE('',*,*,#4964,.F.);
#1684=ORIENTED_EDGE('',*,*,#4962,.T.);
#1685=ORIENTED_EDGE('',*,*,#4965,.T.);
#1686=ORIENTED_EDGE('',*,*,#4966,.T.);
#1687=ORIENTED_EDGE('',*,*,#4967,.T.);
#1688=ORIENTED_EDGE('',*,*,#4968,.F.);
#1689=ORIENTED_EDGE('',*,*,#4957,.F.);
#1690=ORIENTED_EDGE('',*,*,#4969,.F.);
#1691=ORIENTED_EDGE('',*,*,#4970,.F.);
#1692=ORIENTED_EDGE('',*,*,#4971,.T.);
#1693=ORIENTED_EDGE('',*,*,#4972,.T.);
#1694=ORIENTED_EDGE('',*,*,#4973,.T.);
#1695=ORIENTED_EDGE('',*,*,#4974,.F.);
#1696=ORIENTED_EDGE('',*,*,#4975,.F.);
#1697=ORIENTED_EDGE('',*,*,#4970,.T.);
#1698=ORIENTED_EDGE('',*,*,#4976,.T.);
#1699=ORIENTED_EDGE('',*,*,#4977,.F.);
#1700=ORIENTED_EDGE('',*,*,#4978,.F.);
#1701=ORIENTED_EDGE('',*,*,#4974,.T.);
#1702=ORIENTED_EDGE('',*,*,#4967,.F.);
#1703=ORIENTED_EDGE('',*,*,#4979,.F.);
#1704=ORIENTED_EDGE('',*,*,#4977,.T.);
#1705=ORIENTED_EDGE('',*,*,#4980,.T.);
#1706=ORIENTED_EDGE('',*,*,#4981,.T.);
#1707=ORIENTED_EDGE('',*,*,#4982,.T.);
#1708=ORIENTED_EDGE('',*,*,#4983,.F.);
#1709=ORIENTED_EDGE('',*,*,#4972,.F.);
#1710=ORIENTED_EDGE('',*,*,#4984,.F.);
#1711=ORIENTED_EDGE('',*,*,#4985,.F.);
#1712=ORIENTED_EDGE('',*,*,#4986,.T.);
#1713=ORIENTED_EDGE('',*,*,#4987,.T.);
#1714=ORIENTED_EDGE('',*,*,#4988,.T.);
#1715=ORIENTED_EDGE('',*,*,#4989,.F.);
#1716=ORIENTED_EDGE('',*,*,#4990,.F.);
#1717=ORIENTED_EDGE('',*,*,#4985,.T.);
#1718=ORIENTED_EDGE('',*,*,#4991,.T.);
#1719=ORIENTED_EDGE('',*,*,#4992,.F.);
#1720=ORIENTED_EDGE('',*,*,#4993,.F.);
#1721=ORIENTED_EDGE('',*,*,#4989,.T.);
#1722=ORIENTED_EDGE('',*,*,#4982,.F.);
#1723=ORIENTED_EDGE('',*,*,#4994,.F.);
#1724=ORIENTED_EDGE('',*,*,#4992,.T.);
#1725=ORIENTED_EDGE('',*,*,#4995,.T.);
#1726=ORIENTED_EDGE('',*,*,#4996,.T.);
#1727=ORIENTED_EDGE('',*,*,#4997,.T.);
#1728=ORIENTED_EDGE('',*,*,#4998,.F.);
#1729=ORIENTED_EDGE('',*,*,#4987,.F.);
#1730=ORIENTED_EDGE('',*,*,#4999,.F.);
#1731=ORIENTED_EDGE('',*,*,#5000,.F.);
#1732=ORIENTED_EDGE('',*,*,#5001,.T.);
#1733=ORIENTED_EDGE('',*,*,#5002,.T.);
#1734=ORIENTED_EDGE('',*,*,#5003,.T.);
#1735=ORIENTED_EDGE('',*,*,#5004,.F.);
#1736=ORIENTED_EDGE('',*,*,#5005,.F.);
#1737=ORIENTED_EDGE('',*,*,#5000,.T.);
#1738=ORIENTED_EDGE('',*,*,#5006,.T.);
#1739=ORIENTED_EDGE('',*,*,#5007,.F.);
#1740=ORIENTED_EDGE('',*,*,#5008,.F.);
#1741=ORIENTED_EDGE('',*,*,#5004,.T.);
#1742=ORIENTED_EDGE('',*,*,#4997,.F.);
#1743=ORIENTED_EDGE('',*,*,#5009,.F.);
#1744=ORIENTED_EDGE('',*,*,#5007,.T.);
#1745=ORIENTED_EDGE('',*,*,#5010,.T.);
#1746=ORIENTED_EDGE('',*,*,#5011,.T.);
#1747=ORIENTED_EDGE('',*,*,#5012,.T.);
#1748=ORIENTED_EDGE('',*,*,#5013,.F.);
#1749=ORIENTED_EDGE('',*,*,#5002,.F.);
#1750=ORIENTED_EDGE('',*,*,#5014,.F.);
#1751=ORIENTED_EDGE('',*,*,#5015,.F.);
#1752=ORIENTED_EDGE('',*,*,#5016,.T.);
#1753=ORIENTED_EDGE('',*,*,#5017,.T.);
#1754=ORIENTED_EDGE('',*,*,#5018,.T.);
#1755=ORIENTED_EDGE('',*,*,#5019,.F.);
#1756=ORIENTED_EDGE('',*,*,#5020,.F.);
#1757=ORIENTED_EDGE('',*,*,#5015,.T.);
#1758=ORIENTED_EDGE('',*,*,#5021,.T.);
#1759=ORIENTED_EDGE('',*,*,#5022,.F.);
#1760=ORIENTED_EDGE('',*,*,#5023,.F.);
#1761=ORIENTED_EDGE('',*,*,#5019,.T.);
#1762=ORIENTED_EDGE('',*,*,#5012,.F.);
#1763=ORIENTED_EDGE('',*,*,#5024,.F.);
#1764=ORIENTED_EDGE('',*,*,#5022,.T.);
#1765=ORIENTED_EDGE('',*,*,#5025,.T.);
#1766=ORIENTED_EDGE('',*,*,#5026,.T.);
#1767=ORIENTED_EDGE('',*,*,#5027,.T.);
#1768=ORIENTED_EDGE('',*,*,#5028,.F.);
#1769=ORIENTED_EDGE('',*,*,#5017,.F.);
#1770=ORIENTED_EDGE('',*,*,#5029,.F.);
#1771=ORIENTED_EDGE('',*,*,#5030,.F.);
#1772=ORIENTED_EDGE('',*,*,#5031,.T.);
#1773=ORIENTED_EDGE('',*,*,#5032,.T.);
#1774=ORIENTED_EDGE('',*,*,#5033,.T.);
#1775=ORIENTED_EDGE('',*,*,#5034,.F.);
#1776=ORIENTED_EDGE('',*,*,#5035,.F.);
#1777=ORIENTED_EDGE('',*,*,#5030,.T.);
#1778=ORIENTED_EDGE('',*,*,#5036,.T.);
#1779=ORIENTED_EDGE('',*,*,#5037,.F.);
#1780=ORIENTED_EDGE('',*,*,#5038,.F.);
#1781=ORIENTED_EDGE('',*,*,#5034,.T.);
#1782=ORIENTED_EDGE('',*,*,#5027,.F.);
#1783=ORIENTED_EDGE('',*,*,#5039,.F.);
#1784=ORIENTED_EDGE('',*,*,#5037,.T.);
#1785=ORIENTED_EDGE('',*,*,#5040,.T.);
#1786=ORIENTED_EDGE('',*,*,#5041,.T.);
#1787=ORIENTED_EDGE('',*,*,#5042,.T.);
#1788=ORIENTED_EDGE('',*,*,#5043,.F.);
#1789=ORIENTED_EDGE('',*,*,#5032,.F.);
#1790=ORIENTED_EDGE('',*,*,#5044,.F.);
#1791=ORIENTED_EDGE('',*,*,#5045,.F.);
#1792=ORIENTED_EDGE('',*,*,#5046,.T.);
#1793=ORIENTED_EDGE('',*,*,#5047,.T.);
#1794=ORIENTED_EDGE('',*,*,#5048,.T.);
#1795=ORIENTED_EDGE('',*,*,#5049,.F.);
#1796=ORIENTED_EDGE('',*,*,#5050,.F.);
#1797=ORIENTED_EDGE('',*,*,#5045,.T.);
#1798=ORIENTED_EDGE('',*,*,#5051,.T.);
#1799=ORIENTED_EDGE('',*,*,#5052,.F.);
#1800=ORIENTED_EDGE('',*,*,#5053,.F.);
#1801=ORIENTED_EDGE('',*,*,#5049,.T.);
#1802=ORIENTED_EDGE('',*,*,#5042,.F.);
#1803=ORIENTED_EDGE('',*,*,#5054,.F.);
#1804=ORIENTED_EDGE('',*,*,#5052,.T.);
#1805=ORIENTED_EDGE('',*,*,#5055,.T.);
#1806=ORIENTED_EDGE('',*,*,#5056,.T.);
#1807=ORIENTED_EDGE('',*,*,#5057,.T.);
#1808=ORIENTED_EDGE('',*,*,#5058,.F.);
#1809=ORIENTED_EDGE('',*,*,#5047,.F.);
#1810=ORIENTED_EDGE('',*,*,#5059,.F.);
#1811=ORIENTED_EDGE('',*,*,#5060,.F.);
#1812=ORIENTED_EDGE('',*,*,#5061,.T.);
#1813=ORIENTED_EDGE('',*,*,#5062,.T.);
#1814=ORIENTED_EDGE('',*,*,#5063,.T.);
#1815=ORIENTED_EDGE('',*,*,#5064,.F.);
#1816=ORIENTED_EDGE('',*,*,#5065,.F.);
#1817=ORIENTED_EDGE('',*,*,#5060,.T.);
#1818=ORIENTED_EDGE('',*,*,#5066,.T.);
#1819=ORIENTED_EDGE('',*,*,#5067,.F.);
#1820=ORIENTED_EDGE('',*,*,#5068,.F.);
#1821=ORIENTED_EDGE('',*,*,#5064,.T.);
#1822=ORIENTED_EDGE('',*,*,#5057,.F.);
#1823=ORIENTED_EDGE('',*,*,#5069,.F.);
#1824=ORIENTED_EDGE('',*,*,#5067,.T.);
#1825=ORIENTED_EDGE('',*,*,#5070,.T.);
#1826=ORIENTED_EDGE('',*,*,#5071,.T.);
#1827=ORIENTED_EDGE('',*,*,#5072,.T.);
#1828=ORIENTED_EDGE('',*,*,#5073,.F.);
#1829=ORIENTED_EDGE('',*,*,#5062,.F.);
#1830=ORIENTED_EDGE('',*,*,#5074,.F.);
#1831=ORIENTED_EDGE('',*,*,#5075,.F.);
#1832=ORIENTED_EDGE('',*,*,#5076,.T.);
#1833=ORIENTED_EDGE('',*,*,#5077,.T.);
#1834=ORIENTED_EDGE('',*,*,#5078,.T.);
#1835=ORIENTED_EDGE('',*,*,#5079,.F.);
#1836=ORIENTED_EDGE('',*,*,#5080,.F.);
#1837=ORIENTED_EDGE('',*,*,#5075,.T.);
#1838=ORIENTED_EDGE('',*,*,#5081,.T.);
#1839=ORIENTED_EDGE('',*,*,#5082,.F.);
#1840=ORIENTED_EDGE('',*,*,#5083,.F.);
#1841=ORIENTED_EDGE('',*,*,#5079,.T.);
#1842=ORIENTED_EDGE('',*,*,#5072,.F.);
#1843=ORIENTED_EDGE('',*,*,#5084,.F.);
#1844=ORIENTED_EDGE('',*,*,#5082,.T.);
#1845=ORIENTED_EDGE('',*,*,#5085,.T.);
#1846=ORIENTED_EDGE('',*,*,#5086,.T.);
#1847=ORIENTED_EDGE('',*,*,#5087,.T.);
#1848=ORIENTED_EDGE('',*,*,#5088,.F.);
#1849=ORIENTED_EDGE('',*,*,#5077,.F.);
#1850=ORIENTED_EDGE('',*,*,#5089,.F.);
#1851=ORIENTED_EDGE('',*,*,#5090,.F.);
#1852=ORIENTED_EDGE('',*,*,#5091,.T.);
#1853=ORIENTED_EDGE('',*,*,#5092,.T.);
#1854=ORIENTED_EDGE('',*,*,#5093,.T.);
#1855=ORIENTED_EDGE('',*,*,#5094,.F.);
#1856=ORIENTED_EDGE('',*,*,#5095,.F.);
#1857=ORIENTED_EDGE('',*,*,#5090,.T.);
#1858=ORIENTED_EDGE('',*,*,#5096,.T.);
#1859=ORIENTED_EDGE('',*,*,#5097,.F.);
#1860=ORIENTED_EDGE('',*,*,#5098,.F.);
#1861=ORIENTED_EDGE('',*,*,#5094,.T.);
#1862=ORIENTED_EDGE('',*,*,#5087,.F.);
#1863=ORIENTED_EDGE('',*,*,#5099,.F.);
#1864=ORIENTED_EDGE('',*,*,#5097,.T.);
#1865=ORIENTED_EDGE('',*,*,#5100,.T.);
#1866=ORIENTED_EDGE('',*,*,#5101,.T.);
#1867=ORIENTED_EDGE('',*,*,#5102,.T.);
#1868=ORIENTED_EDGE('',*,*,#5103,.F.);
#1869=ORIENTED_EDGE('',*,*,#5092,.F.);
#1870=ORIENTED_EDGE('',*,*,#5104,.F.);
#1871=ORIENTED_EDGE('',*,*,#5105,.F.);
#1872=ORIENTED_EDGE('',*,*,#5106,.T.);
#1873=ORIENTED_EDGE('',*,*,#5107,.T.);
#1874=ORIENTED_EDGE('',*,*,#5108,.T.);
#1875=ORIENTED_EDGE('',*,*,#5109,.F.);
#1876=ORIENTED_EDGE('',*,*,#5110,.F.);
#1877=ORIENTED_EDGE('',*,*,#5105,.T.);
#1878=ORIENTED_EDGE('',*,*,#5111,.T.);
#1879=ORIENTED_EDGE('',*,*,#5112,.F.);
#1880=ORIENTED_EDGE('',*,*,#5113,.F.);
#1881=ORIENTED_EDGE('',*,*,#5109,.T.);
#1882=ORIENTED_EDGE('',*,*,#5102,.F.);
#1883=ORIENTED_EDGE('',*,*,#5114,.F.);
#1884=ORIENTED_EDGE('',*,*,#5112,.T.);
#1885=ORIENTED_EDGE('',*,*,#5115,.T.);
#1886=ORIENTED_EDGE('',*,*,#5116,.T.);
#1887=ORIENTED_EDGE('',*,*,#5117,.T.);
#1888=ORIENTED_EDGE('',*,*,#5118,.F.);
#1889=ORIENTED_EDGE('',*,*,#5107,.F.);
#1890=ORIENTED_EDGE('',*,*,#5119,.F.);
#1891=ORIENTED_EDGE('',*,*,#5120,.F.);
#1892=ORIENTED_EDGE('',*,*,#5121,.T.);
#1893=ORIENTED_EDGE('',*,*,#5122,.T.);
#1894=ORIENTED_EDGE('',*,*,#5123,.T.);
#1895=ORIENTED_EDGE('',*,*,#5124,.F.);
#1896=ORIENTED_EDGE('',*,*,#5125,.F.);
#1897=ORIENTED_EDGE('',*,*,#5120,.T.);
#1898=ORIENTED_EDGE('',*,*,#5126,.T.);
#1899=ORIENTED_EDGE('',*,*,#5127,.F.);
#1900=ORIENTED_EDGE('',*,*,#5128,.F.);
#1901=ORIENTED_EDGE('',*,*,#5124,.T.);
#1902=ORIENTED_EDGE('',*,*,#5117,.F.);
#1903=ORIENTED_EDGE('',*,*,#5129,.F.);
#1904=ORIENTED_EDGE('',*,*,#5127,.T.);
#1905=ORIENTED_EDGE('',*,*,#5130,.T.);
#1906=ORIENTED_EDGE('',*,*,#5131,.T.);
#1907=ORIENTED_EDGE('',*,*,#5132,.T.);
#1908=ORIENTED_EDGE('',*,*,#5133,.F.);
#1909=ORIENTED_EDGE('',*,*,#5122,.F.);
#1910=ORIENTED_EDGE('',*,*,#5134,.F.);
#1911=ORIENTED_EDGE('',*,*,#5135,.F.);
#1912=ORIENTED_EDGE('',*,*,#5136,.T.);
#1913=ORIENTED_EDGE('',*,*,#5137,.T.);
#1914=ORIENTED_EDGE('',*,*,#5138,.T.);
#1915=ORIENTED_EDGE('',*,*,#5139,.F.);
#1916=ORIENTED_EDGE('',*,*,#5140,.F.);
#1917=ORIENTED_EDGE('',*,*,#5135,.T.);
#1918=ORIENTED_EDGE('',*,*,#5141,.T.);
#1919=ORIENTED_EDGE('',*,*,#5142,.F.);
#1920=ORIENTED_EDGE('',*,*,#5143,.F.);
#1921=ORIENTED_EDGE('',*,*,#5139,.T.);
#1922=ORIENTED_EDGE('',*,*,#5132,.F.);
#1923=ORIENTED_EDGE('',*,*,#5144,.F.);
#1924=ORIENTED_EDGE('',*,*,#5142,.T.);
#1925=ORIENTED_EDGE('',*,*,#5145,.T.);
#1926=ORIENTED_EDGE('',*,*,#5146,.T.);
#1927=ORIENTED_EDGE('',*,*,#5147,.T.);
#1928=ORIENTED_EDGE('',*,*,#5148,.F.);
#1929=ORIENTED_EDGE('',*,*,#5137,.F.);
#1930=ORIENTED_EDGE('',*,*,#5149,.F.);
#1931=ORIENTED_EDGE('',*,*,#5150,.F.);
#1932=ORIENTED_EDGE('',*,*,#5151,.T.);
#1933=ORIENTED_EDGE('',*,*,#5152,.T.);
#1934=ORIENTED_EDGE('',*,*,#5153,.T.);
#1935=ORIENTED_EDGE('',*,*,#5154,.F.);
#1936=ORIENTED_EDGE('',*,*,#5155,.F.);
#1937=ORIENTED_EDGE('',*,*,#5150,.T.);
#1938=ORIENTED_EDGE('',*,*,#5156,.T.);
#1939=ORIENTED_EDGE('',*,*,#5157,.F.);
#1940=ORIENTED_EDGE('',*,*,#5158,.F.);
#1941=ORIENTED_EDGE('',*,*,#5154,.T.);
#1942=ORIENTED_EDGE('',*,*,#5147,.F.);
#1943=ORIENTED_EDGE('',*,*,#5159,.F.);
#1944=ORIENTED_EDGE('',*,*,#5157,.T.);
#1945=ORIENTED_EDGE('',*,*,#5160,.T.);
#1946=ORIENTED_EDGE('',*,*,#5161,.T.);
#1947=ORIENTED_EDGE('',*,*,#5162,.T.);
#1948=ORIENTED_EDGE('',*,*,#5163,.F.);
#1949=ORIENTED_EDGE('',*,*,#5152,.F.);
#1950=ORIENTED_EDGE('',*,*,#5164,.F.);
#1951=ORIENTED_EDGE('',*,*,#5165,.F.);
#1952=ORIENTED_EDGE('',*,*,#5166,.T.);
#1953=ORIENTED_EDGE('',*,*,#5167,.T.);
#1954=ORIENTED_EDGE('',*,*,#5168,.T.);
#1955=ORIENTED_EDGE('',*,*,#5169,.F.);
#1956=ORIENTED_EDGE('',*,*,#5170,.F.);
#1957=ORIENTED_EDGE('',*,*,#5165,.T.);
#1958=ORIENTED_EDGE('',*,*,#5171,.T.);
#1959=ORIENTED_EDGE('',*,*,#5172,.F.);
#1960=ORIENTED_EDGE('',*,*,#5173,.F.);
#1961=ORIENTED_EDGE('',*,*,#5169,.T.);
#1962=ORIENTED_EDGE('',*,*,#5162,.F.);
#1963=ORIENTED_EDGE('',*,*,#5174,.F.);
#1964=ORIENTED_EDGE('',*,*,#5172,.T.);
#1965=ORIENTED_EDGE('',*,*,#5175,.T.);
#1966=ORIENTED_EDGE('',*,*,#5176,.T.);
#1967=ORIENTED_EDGE('',*,*,#5177,.T.);
#1968=ORIENTED_EDGE('',*,*,#5178,.F.);
#1969=ORIENTED_EDGE('',*,*,#5167,.F.);
#1970=ORIENTED_EDGE('',*,*,#5179,.F.);
#1971=ORIENTED_EDGE('',*,*,#5180,.F.);
#1972=ORIENTED_EDGE('',*,*,#5181,.T.);
#1973=ORIENTED_EDGE('',*,*,#5182,.T.);
#1974=ORIENTED_EDGE('',*,*,#5183,.T.);
#1975=ORIENTED_EDGE('',*,*,#5184,.F.);
#1976=ORIENTED_EDGE('',*,*,#5185,.F.);
#1977=ORIENTED_EDGE('',*,*,#5180,.T.);
#1978=ORIENTED_EDGE('',*,*,#5186,.T.);
#1979=ORIENTED_EDGE('',*,*,#5187,.F.);
#1980=ORIENTED_EDGE('',*,*,#5188,.F.);
#1981=ORIENTED_EDGE('',*,*,#5184,.T.);
#1982=ORIENTED_EDGE('',*,*,#5177,.F.);
#1983=ORIENTED_EDGE('',*,*,#5189,.F.);
#1984=ORIENTED_EDGE('',*,*,#5187,.T.);
#1985=ORIENTED_EDGE('',*,*,#5190,.T.);
#1986=ORIENTED_EDGE('',*,*,#5191,.T.);
#1987=ORIENTED_EDGE('',*,*,#5192,.T.);
#1988=ORIENTED_EDGE('',*,*,#5193,.F.);
#1989=ORIENTED_EDGE('',*,*,#5182,.F.);
#1990=ORIENTED_EDGE('',*,*,#5194,.F.);
#1991=ORIENTED_EDGE('',*,*,#5195,.F.);
#1992=ORIENTED_EDGE('',*,*,#5196,.T.);
#1993=ORIENTED_EDGE('',*,*,#5197,.T.);
#1994=ORIENTED_EDGE('',*,*,#5198,.T.);
#1995=ORIENTED_EDGE('',*,*,#5199,.F.);
#1996=ORIENTED_EDGE('',*,*,#5200,.F.);
#1997=ORIENTED_EDGE('',*,*,#5195,.T.);
#1998=ORIENTED_EDGE('',*,*,#5201,.T.);
#1999=ORIENTED_EDGE('',*,*,#5202,.F.);
#2000=ORIENTED_EDGE('',*,*,#5203,.F.);
#2001=ORIENTED_EDGE('',*,*,#5199,.T.);
#2002=ORIENTED_EDGE('',*,*,#5192,.F.);
#2003=ORIENTED_EDGE('',*,*,#5204,.F.);
#2004=ORIENTED_EDGE('',*,*,#5202,.T.);
#2005=ORIENTED_EDGE('',*,*,#5205,.T.);
#2006=ORIENTED_EDGE('',*,*,#5206,.T.);
#2007=ORIENTED_EDGE('',*,*,#5207,.T.);
#2008=ORIENTED_EDGE('',*,*,#5208,.F.);
#2009=ORIENTED_EDGE('',*,*,#5197,.F.);
#2010=ORIENTED_EDGE('',*,*,#5209,.F.);
#2011=ORIENTED_EDGE('',*,*,#5210,.F.);
#2012=ORIENTED_EDGE('',*,*,#5211,.T.);
#2013=ORIENTED_EDGE('',*,*,#5212,.T.);
#2014=ORIENTED_EDGE('',*,*,#5213,.T.);
#2015=ORIENTED_EDGE('',*,*,#5214,.F.);
#2016=ORIENTED_EDGE('',*,*,#5215,.F.);
#2017=ORIENTED_EDGE('',*,*,#5210,.T.);
#2018=ORIENTED_EDGE('',*,*,#5216,.T.);
#2019=ORIENTED_EDGE('',*,*,#5217,.F.);
#2020=ORIENTED_EDGE('',*,*,#5218,.F.);
#2021=ORIENTED_EDGE('',*,*,#5214,.T.);
#2022=ORIENTED_EDGE('',*,*,#5207,.F.);
#2023=ORIENTED_EDGE('',*,*,#5219,.F.);
#2024=ORIENTED_EDGE('',*,*,#5217,.T.);
#2025=ORIENTED_EDGE('',*,*,#5220,.T.);
#2026=ORIENTED_EDGE('',*,*,#5221,.T.);
#2027=ORIENTED_EDGE('',*,*,#5222,.T.);
#2028=ORIENTED_EDGE('',*,*,#5223,.F.);
#2029=ORIENTED_EDGE('',*,*,#5212,.F.);
#2030=ORIENTED_EDGE('',*,*,#5224,.F.);
#2031=ORIENTED_EDGE('',*,*,#5225,.F.);
#2032=ORIENTED_EDGE('',*,*,#5226,.T.);
#2033=ORIENTED_EDGE('',*,*,#5227,.T.);
#2034=ORIENTED_EDGE('',*,*,#5228,.T.);
#2035=ORIENTED_EDGE('',*,*,#5229,.F.);
#2036=ORIENTED_EDGE('',*,*,#5230,.F.);
#2037=ORIENTED_EDGE('',*,*,#5225,.T.);
#2038=ORIENTED_EDGE('',*,*,#5231,.T.);
#2039=ORIENTED_EDGE('',*,*,#5232,.F.);
#2040=ORIENTED_EDGE('',*,*,#5233,.F.);
#2041=ORIENTED_EDGE('',*,*,#5229,.T.);
#2042=ORIENTED_EDGE('',*,*,#5222,.F.);
#2043=ORIENTED_EDGE('',*,*,#5234,.F.);
#2044=ORIENTED_EDGE('',*,*,#5232,.T.);
#2045=ORIENTED_EDGE('',*,*,#5235,.T.);
#2046=ORIENTED_EDGE('',*,*,#5236,.T.);
#2047=ORIENTED_EDGE('',*,*,#5237,.T.);
#2048=ORIENTED_EDGE('',*,*,#5238,.F.);
#2049=ORIENTED_EDGE('',*,*,#5227,.F.);
#2050=ORIENTED_EDGE('',*,*,#5239,.F.);
#2051=ORIENTED_EDGE('',*,*,#5240,.F.);
#2052=ORIENTED_EDGE('',*,*,#5241,.T.);
#2053=ORIENTED_EDGE('',*,*,#5242,.T.);
#2054=ORIENTED_EDGE('',*,*,#5243,.T.);
#2055=ORIENTED_EDGE('',*,*,#5244,.F.);
#2056=ORIENTED_EDGE('',*,*,#5245,.F.);
#2057=ORIENTED_EDGE('',*,*,#5240,.T.);
#2058=ORIENTED_EDGE('',*,*,#5246,.T.);
#2059=ORIENTED_EDGE('',*,*,#5247,.F.);
#2060=ORIENTED_EDGE('',*,*,#5248,.F.);
#2061=ORIENTED_EDGE('',*,*,#5244,.T.);
#2062=ORIENTED_EDGE('',*,*,#5237,.F.);
#2063=ORIENTED_EDGE('',*,*,#5249,.F.);
#2064=ORIENTED_EDGE('',*,*,#5247,.T.);
#2065=ORIENTED_EDGE('',*,*,#5250,.T.);
#2066=ORIENTED_EDGE('',*,*,#5251,.T.);
#2067=ORIENTED_EDGE('',*,*,#5252,.T.);
#2068=ORIENTED_EDGE('',*,*,#5253,.F.);
#2069=ORIENTED_EDGE('',*,*,#5242,.F.);
#2070=ORIENTED_EDGE('',*,*,#5254,.F.);
#2071=ORIENTED_EDGE('',*,*,#5255,.F.);
#2072=ORIENTED_EDGE('',*,*,#5256,.T.);
#2073=ORIENTED_EDGE('',*,*,#5257,.T.);
#2074=ORIENTED_EDGE('',*,*,#5258,.T.);
#2075=ORIENTED_EDGE('',*,*,#5259,.F.);
#2076=ORIENTED_EDGE('',*,*,#5260,.F.);
#2077=ORIENTED_EDGE('',*,*,#5255,.T.);
#2078=ORIENTED_EDGE('',*,*,#5261,.T.);
#2079=ORIENTED_EDGE('',*,*,#5262,.F.);
#2080=ORIENTED_EDGE('',*,*,#5263,.F.);
#2081=ORIENTED_EDGE('',*,*,#5259,.T.);
#2082=ORIENTED_EDGE('',*,*,#5252,.F.);
#2083=ORIENTED_EDGE('',*,*,#5264,.F.);
#2084=ORIENTED_EDGE('',*,*,#5262,.T.);
#2085=ORIENTED_EDGE('',*,*,#5265,.T.);
#2086=ORIENTED_EDGE('',*,*,#5266,.T.);
#2087=ORIENTED_EDGE('',*,*,#5267,.T.);
#2088=ORIENTED_EDGE('',*,*,#5268,.F.);
#2089=ORIENTED_EDGE('',*,*,#5257,.F.);
#2090=ORIENTED_EDGE('',*,*,#5269,.F.);
#2091=ORIENTED_EDGE('',*,*,#5270,.F.);
#2092=ORIENTED_EDGE('',*,*,#5271,.T.);
#2093=ORIENTED_EDGE('',*,*,#5272,.T.);
#2094=ORIENTED_EDGE('',*,*,#5273,.T.);
#2095=ORIENTED_EDGE('',*,*,#5274,.F.);
#2096=ORIENTED_EDGE('',*,*,#5275,.F.);
#2097=ORIENTED_EDGE('',*,*,#5270,.T.);
#2098=ORIENTED_EDGE('',*,*,#5276,.T.);
#2099=ORIENTED_EDGE('',*,*,#5277,.F.);
#2100=ORIENTED_EDGE('',*,*,#5278,.F.);
#2101=ORIENTED_EDGE('',*,*,#5274,.T.);
#2102=ORIENTED_EDGE('',*,*,#5267,.F.);
#2103=ORIENTED_EDGE('',*,*,#5279,.F.);
#2104=ORIENTED_EDGE('',*,*,#5277,.T.);
#2105=ORIENTED_EDGE('',*,*,#5280,.T.);
#2106=ORIENTED_EDGE('',*,*,#5281,.T.);
#2107=ORIENTED_EDGE('',*,*,#5282,.T.);
#2108=ORIENTED_EDGE('',*,*,#5283,.F.);
#2109=ORIENTED_EDGE('',*,*,#5272,.F.);
#2110=ORIENTED_EDGE('',*,*,#5284,.F.);
#2111=ORIENTED_EDGE('',*,*,#5285,.F.);
#2112=ORIENTED_EDGE('',*,*,#5286,.T.);
#2113=ORIENTED_EDGE('',*,*,#5287,.T.);
#2114=ORIENTED_EDGE('',*,*,#5288,.T.);
#2115=ORIENTED_EDGE('',*,*,#5289,.F.);
#2116=ORIENTED_EDGE('',*,*,#5290,.F.);
#2117=ORIENTED_EDGE('',*,*,#5285,.T.);
#2118=ORIENTED_EDGE('',*,*,#5291,.T.);
#2119=ORIENTED_EDGE('',*,*,#5292,.F.);
#2120=ORIENTED_EDGE('',*,*,#5293,.F.);
#2121=ORIENTED_EDGE('',*,*,#5289,.T.);
#2122=ORIENTED_EDGE('',*,*,#5282,.F.);
#2123=ORIENTED_EDGE('',*,*,#5294,.F.);
#2124=ORIENTED_EDGE('',*,*,#5292,.T.);
#2125=ORIENTED_EDGE('',*,*,#5295,.T.);
#2126=ORIENTED_EDGE('',*,*,#5296,.T.);
#2127=ORIENTED_EDGE('',*,*,#5297,.T.);
#2128=ORIENTED_EDGE('',*,*,#5298,.F.);
#2129=ORIENTED_EDGE('',*,*,#5287,.F.);
#2130=ORIENTED_EDGE('',*,*,#5299,.F.);
#2131=ORIENTED_EDGE('',*,*,#5300,.F.);
#2132=ORIENTED_EDGE('',*,*,#5301,.T.);
#2133=ORIENTED_EDGE('',*,*,#5302,.T.);
#2134=ORIENTED_EDGE('',*,*,#5303,.T.);
#2135=ORIENTED_EDGE('',*,*,#5304,.F.);
#2136=ORIENTED_EDGE('',*,*,#5305,.F.);
#2137=ORIENTED_EDGE('',*,*,#5300,.T.);
#2138=ORIENTED_EDGE('',*,*,#5306,.T.);
#2139=ORIENTED_EDGE('',*,*,#5307,.F.);
#2140=ORIENTED_EDGE('',*,*,#5308,.F.);
#2141=ORIENTED_EDGE('',*,*,#5304,.T.);
#2142=ORIENTED_EDGE('',*,*,#5297,.F.);
#2143=ORIENTED_EDGE('',*,*,#5309,.F.);
#2144=ORIENTED_EDGE('',*,*,#5307,.T.);
#2145=ORIENTED_EDGE('',*,*,#5310,.T.);
#2146=ORIENTED_EDGE('',*,*,#5311,.T.);
#2147=ORIENTED_EDGE('',*,*,#5312,.T.);
#2148=ORIENTED_EDGE('',*,*,#5313,.F.);
#2149=ORIENTED_EDGE('',*,*,#5302,.F.);
#2150=ORIENTED_EDGE('',*,*,#5314,.F.);
#2151=ORIENTED_EDGE('',*,*,#5315,.F.);
#2152=ORIENTED_EDGE('',*,*,#5316,.T.);
#2153=ORIENTED_EDGE('',*,*,#5317,.T.);
#2154=ORIENTED_EDGE('',*,*,#5318,.T.);
#2155=ORIENTED_EDGE('',*,*,#5319,.F.);
#2156=ORIENTED_EDGE('',*,*,#5320,.F.);
#2157=ORIENTED_EDGE('',*,*,#5315,.T.);
#2158=ORIENTED_EDGE('',*,*,#5321,.T.);
#2159=ORIENTED_EDGE('',*,*,#5322,.F.);
#2160=ORIENTED_EDGE('',*,*,#5323,.F.);
#2161=ORIENTED_EDGE('',*,*,#5319,.T.);
#2162=ORIENTED_EDGE('',*,*,#5312,.F.);
#2163=ORIENTED_EDGE('',*,*,#5324,.F.);
#2164=ORIENTED_EDGE('',*,*,#5322,.T.);
#2165=ORIENTED_EDGE('',*,*,#5325,.T.);
#2166=ORIENTED_EDGE('',*,*,#5326,.T.);
#2167=ORIENTED_EDGE('',*,*,#5327,.T.);
#2168=ORIENTED_EDGE('',*,*,#5328,.F.);
#2169=ORIENTED_EDGE('',*,*,#5317,.F.);
#2170=ORIENTED_EDGE('',*,*,#5329,.F.);
#2171=ORIENTED_EDGE('',*,*,#5330,.F.);
#2172=ORIENTED_EDGE('',*,*,#5331,.T.);
#2173=ORIENTED_EDGE('',*,*,#5332,.T.);
#2174=ORIENTED_EDGE('',*,*,#5333,.T.);
#2175=ORIENTED_EDGE('',*,*,#5334,.F.);
#2176=ORIENTED_EDGE('',*,*,#5335,.F.);
#2177=ORIENTED_EDGE('',*,*,#5330,.T.);
#2178=ORIENTED_EDGE('',*,*,#5336,.T.);
#2179=ORIENTED_EDGE('',*,*,#5337,.F.);
#2180=ORIENTED_EDGE('',*,*,#5338,.F.);
#2181=ORIENTED_EDGE('',*,*,#5334,.T.);
#2182=ORIENTED_EDGE('',*,*,#5327,.F.);
#2183=ORIENTED_EDGE('',*,*,#5339,.F.);
#2184=ORIENTED_EDGE('',*,*,#5337,.T.);
#2185=ORIENTED_EDGE('',*,*,#5340,.T.);
#2186=ORIENTED_EDGE('',*,*,#5341,.T.);
#2187=ORIENTED_EDGE('',*,*,#5342,.T.);
#2188=ORIENTED_EDGE('',*,*,#5343,.F.);
#2189=ORIENTED_EDGE('',*,*,#5332,.F.);
#2190=ORIENTED_EDGE('',*,*,#5344,.F.);
#2191=ORIENTED_EDGE('',*,*,#5345,.F.);
#2192=ORIENTED_EDGE('',*,*,#5346,.T.);
#2193=ORIENTED_EDGE('',*,*,#5347,.T.);
#2194=ORIENTED_EDGE('',*,*,#5348,.T.);
#2195=ORIENTED_EDGE('',*,*,#5349,.F.);
#2196=ORIENTED_EDGE('',*,*,#5350,.F.);
#2197=ORIENTED_EDGE('',*,*,#5345,.T.);
#2198=ORIENTED_EDGE('',*,*,#5351,.T.);
#2199=ORIENTED_EDGE('',*,*,#5352,.F.);
#2200=ORIENTED_EDGE('',*,*,#5353,.F.);
#2201=ORIENTED_EDGE('',*,*,#5349,.T.);
#2202=ORIENTED_EDGE('',*,*,#5342,.F.);
#2203=ORIENTED_EDGE('',*,*,#5354,.F.);
#2204=ORIENTED_EDGE('',*,*,#5352,.T.);
#2205=ORIENTED_EDGE('',*,*,#5355,.T.);
#2206=ORIENTED_EDGE('',*,*,#5356,.T.);
#2207=ORIENTED_EDGE('',*,*,#5357,.T.);
#2208=ORIENTED_EDGE('',*,*,#5358,.F.);
#2209=ORIENTED_EDGE('',*,*,#5347,.F.);
#2210=ORIENTED_EDGE('',*,*,#5359,.F.);
#2211=ORIENTED_EDGE('',*,*,#5360,.F.);
#2212=ORIENTED_EDGE('',*,*,#5361,.T.);
#2213=ORIENTED_EDGE('',*,*,#5362,.T.);
#2214=ORIENTED_EDGE('',*,*,#5363,.T.);
#2215=ORIENTED_EDGE('',*,*,#5364,.F.);
#2216=ORIENTED_EDGE('',*,*,#5365,.F.);
#2217=ORIENTED_EDGE('',*,*,#5360,.T.);
#2218=ORIENTED_EDGE('',*,*,#5366,.T.);
#2219=ORIENTED_EDGE('',*,*,#5367,.F.);
#2220=ORIENTED_EDGE('',*,*,#5368,.F.);
#2221=ORIENTED_EDGE('',*,*,#5364,.T.);
#2222=ORIENTED_EDGE('',*,*,#5357,.F.);
#2223=ORIENTED_EDGE('',*,*,#5369,.F.);
#2224=ORIENTED_EDGE('',*,*,#5367,.T.);
#2225=ORIENTED_EDGE('',*,*,#5370,.T.);
#2226=ORIENTED_EDGE('',*,*,#5371,.T.);
#2227=ORIENTED_EDGE('',*,*,#5372,.T.);
#2228=ORIENTED_EDGE('',*,*,#5373,.F.);
#2229=ORIENTED_EDGE('',*,*,#5362,.F.);
#2230=ORIENTED_EDGE('',*,*,#5374,.F.);
#2231=ORIENTED_EDGE('',*,*,#5375,.F.);
#2232=ORIENTED_EDGE('',*,*,#5376,.T.);
#2233=ORIENTED_EDGE('',*,*,#5377,.T.);
#2234=ORIENTED_EDGE('',*,*,#5378,.T.);
#2235=ORIENTED_EDGE('',*,*,#5379,.F.);
#2236=ORIENTED_EDGE('',*,*,#5380,.F.);
#2237=ORIENTED_EDGE('',*,*,#5375,.T.);
#2238=ORIENTED_EDGE('',*,*,#5381,.T.);
#2239=ORIENTED_EDGE('',*,*,#5382,.F.);
#2240=ORIENTED_EDGE('',*,*,#5383,.F.);
#2241=ORIENTED_EDGE('',*,*,#5379,.T.);
#2242=ORIENTED_EDGE('',*,*,#5372,.F.);
#2243=ORIENTED_EDGE('',*,*,#5384,.F.);
#2244=ORIENTED_EDGE('',*,*,#5382,.T.);
#2245=ORIENTED_EDGE('',*,*,#5385,.T.);
#2246=ORIENTED_EDGE('',*,*,#5386,.T.);
#2247=ORIENTED_EDGE('',*,*,#5387,.T.);
#2248=ORIENTED_EDGE('',*,*,#5388,.F.);
#2249=ORIENTED_EDGE('',*,*,#5377,.F.);
#2250=ORIENTED_EDGE('',*,*,#5389,.F.);
#2251=ORIENTED_EDGE('',*,*,#5390,.F.);
#2252=ORIENTED_EDGE('',*,*,#5391,.T.);
#2253=ORIENTED_EDGE('',*,*,#5392,.T.);
#2254=ORIENTED_EDGE('',*,*,#5393,.T.);
#2255=ORIENTED_EDGE('',*,*,#5394,.F.);
#2256=ORIENTED_EDGE('',*,*,#5395,.F.);
#2257=ORIENTED_EDGE('',*,*,#5390,.T.);
#2258=ORIENTED_EDGE('',*,*,#5396,.T.);
#2259=ORIENTED_EDGE('',*,*,#5397,.F.);
#2260=ORIENTED_EDGE('',*,*,#5398,.F.);
#2261=ORIENTED_EDGE('',*,*,#5394,.T.);
#2262=ORIENTED_EDGE('',*,*,#5387,.F.);
#2263=ORIENTED_EDGE('',*,*,#5399,.F.);
#2264=ORIENTED_EDGE('',*,*,#5397,.T.);
#2265=ORIENTED_EDGE('',*,*,#5400,.T.);
#2266=ORIENTED_EDGE('',*,*,#5401,.T.);
#2267=ORIENTED_EDGE('',*,*,#5402,.T.);
#2268=ORIENTED_EDGE('',*,*,#5403,.F.);
#2269=ORIENTED_EDGE('',*,*,#5392,.F.);
#2270=ORIENTED_EDGE('',*,*,#5404,.F.);
#2271=ORIENTED_EDGE('',*,*,#5405,.F.);
#2272=ORIENTED_EDGE('',*,*,#5406,.T.);
#2273=ORIENTED_EDGE('',*,*,#5407,.T.);
#2274=ORIENTED_EDGE('',*,*,#5408,.T.);
#2275=ORIENTED_EDGE('',*,*,#5409,.F.);
#2276=ORIENTED_EDGE('',*,*,#5410,.F.);
#2277=ORIENTED_EDGE('',*,*,#5405,.T.);
#2278=ORIENTED_EDGE('',*,*,#5411,.T.);
#2279=ORIENTED_EDGE('',*,*,#5412,.F.);
#2280=ORIENTED_EDGE('',*,*,#5413,.F.);
#2281=ORIENTED_EDGE('',*,*,#5409,.T.);
#2282=ORIENTED_EDGE('',*,*,#5402,.F.);
#2283=ORIENTED_EDGE('',*,*,#5414,.F.);
#2284=ORIENTED_EDGE('',*,*,#5412,.T.);
#2285=ORIENTED_EDGE('',*,*,#5415,.T.);
#2286=ORIENTED_EDGE('',*,*,#5416,.T.);
#2287=ORIENTED_EDGE('',*,*,#5417,.T.);
#2288=ORIENTED_EDGE('',*,*,#5418,.F.);
#2289=ORIENTED_EDGE('',*,*,#5407,.F.);
#2290=ORIENTED_EDGE('',*,*,#5419,.F.);
#2291=ORIENTED_EDGE('',*,*,#5420,.F.);
#2292=ORIENTED_EDGE('',*,*,#5421,.T.);
#2293=ORIENTED_EDGE('',*,*,#5422,.T.);
#2294=ORIENTED_EDGE('',*,*,#5423,.T.);
#2295=ORIENTED_EDGE('',*,*,#5424,.F.);
#2296=ORIENTED_EDGE('',*,*,#5425,.F.);
#2297=ORIENTED_EDGE('',*,*,#5420,.T.);
#2298=ORIENTED_EDGE('',*,*,#5426,.T.);
#2299=ORIENTED_EDGE('',*,*,#5427,.F.);
#2300=ORIENTED_EDGE('',*,*,#5428,.F.);
#2301=ORIENTED_EDGE('',*,*,#5424,.T.);
#2302=ORIENTED_EDGE('',*,*,#5417,.F.);
#2303=ORIENTED_EDGE('',*,*,#5429,.F.);
#2304=ORIENTED_EDGE('',*,*,#5427,.T.);
#2305=ORIENTED_EDGE('',*,*,#5430,.T.);
#2306=ORIENTED_EDGE('',*,*,#5431,.T.);
#2307=ORIENTED_EDGE('',*,*,#5432,.T.);
#2308=ORIENTED_EDGE('',*,*,#5433,.F.);
#2309=ORIENTED_EDGE('',*,*,#5422,.F.);
#2310=ORIENTED_EDGE('',*,*,#5434,.F.);
#2311=ORIENTED_EDGE('',*,*,#5435,.F.);
#2312=ORIENTED_EDGE('',*,*,#5436,.T.);
#2313=ORIENTED_EDGE('',*,*,#5437,.T.);
#2314=ORIENTED_EDGE('',*,*,#5438,.T.);
#2315=ORIENTED_EDGE('',*,*,#5439,.F.);
#2316=ORIENTED_EDGE('',*,*,#5440,.F.);
#2317=ORIENTED_EDGE('',*,*,#5435,.T.);
#2318=ORIENTED_EDGE('',*,*,#5441,.T.);
#2319=ORIENTED_EDGE('',*,*,#5442,.F.);
#2320=ORIENTED_EDGE('',*,*,#5443,.F.);
#2321=ORIENTED_EDGE('',*,*,#5439,.T.);
#2322=ORIENTED_EDGE('',*,*,#5432,.F.);
#2323=ORIENTED_EDGE('',*,*,#5444,.F.);
#2324=ORIENTED_EDGE('',*,*,#5442,.T.);
#2325=ORIENTED_EDGE('',*,*,#5445,.T.);
#2326=ORIENTED_EDGE('',*,*,#5446,.T.);
#2327=ORIENTED_EDGE('',*,*,#5447,.T.);
#2328=ORIENTED_EDGE('',*,*,#5448,.F.);
#2329=ORIENTED_EDGE('',*,*,#5437,.F.);
#2330=ORIENTED_EDGE('',*,*,#5449,.F.);
#2331=ORIENTED_EDGE('',*,*,#5450,.F.);
#2332=ORIENTED_EDGE('',*,*,#5451,.T.);
#2333=ORIENTED_EDGE('',*,*,#5452,.T.);
#2334=ORIENTED_EDGE('',*,*,#5453,.T.);
#2335=ORIENTED_EDGE('',*,*,#5454,.F.);
#2336=ORIENTED_EDGE('',*,*,#5455,.F.);
#2337=ORIENTED_EDGE('',*,*,#5450,.T.);
#2338=ORIENTED_EDGE('',*,*,#5456,.T.);
#2339=ORIENTED_EDGE('',*,*,#5457,.F.);
#2340=ORIENTED_EDGE('',*,*,#5458,.F.);
#2341=ORIENTED_EDGE('',*,*,#5454,.T.);
#2342=ORIENTED_EDGE('',*,*,#5447,.F.);
#2343=ORIENTED_EDGE('',*,*,#5459,.F.);
#2344=ORIENTED_EDGE('',*,*,#5457,.T.);
#2345=ORIENTED_EDGE('',*,*,#5460,.T.);
#2346=ORIENTED_EDGE('',*,*,#5461,.T.);
#2347=ORIENTED_EDGE('',*,*,#5462,.T.);
#2348=ORIENTED_EDGE('',*,*,#5463,.F.);
#2349=ORIENTED_EDGE('',*,*,#5452,.F.);
#2350=ORIENTED_EDGE('',*,*,#5464,.F.);
#2351=ORIENTED_EDGE('',*,*,#5465,.F.);
#2352=ORIENTED_EDGE('',*,*,#5466,.T.);
#2353=ORIENTED_EDGE('',*,*,#5467,.T.);
#2354=ORIENTED_EDGE('',*,*,#5468,.T.);
#2355=ORIENTED_EDGE('',*,*,#5469,.F.);
#2356=ORIENTED_EDGE('',*,*,#5470,.F.);
#2357=ORIENTED_EDGE('',*,*,#5465,.T.);
#2358=ORIENTED_EDGE('',*,*,#5471,.T.);
#2359=ORIENTED_EDGE('',*,*,#5472,.F.);
#2360=ORIENTED_EDGE('',*,*,#5473,.F.);
#2361=ORIENTED_EDGE('',*,*,#5469,.T.);
#2362=ORIENTED_EDGE('',*,*,#5462,.F.);
#2363=ORIENTED_EDGE('',*,*,#5474,.F.);
#2364=ORIENTED_EDGE('',*,*,#5472,.T.);
#2365=ORIENTED_EDGE('',*,*,#5475,.T.);
#2366=ORIENTED_EDGE('',*,*,#5476,.T.);
#2367=ORIENTED_EDGE('',*,*,#5477,.T.);
#2368=ORIENTED_EDGE('',*,*,#5478,.F.);
#2369=ORIENTED_EDGE('',*,*,#5467,.F.);
#2370=ORIENTED_EDGE('',*,*,#5479,.F.);
#2371=ORIENTED_EDGE('',*,*,#5480,.F.);
#2372=ORIENTED_EDGE('',*,*,#5481,.T.);
#2373=ORIENTED_EDGE('',*,*,#5482,.T.);
#2374=ORIENTED_EDGE('',*,*,#5483,.T.);
#2375=ORIENTED_EDGE('',*,*,#5484,.F.);
#2376=ORIENTED_EDGE('',*,*,#5485,.F.);
#2377=ORIENTED_EDGE('',*,*,#5480,.T.);
#2378=ORIENTED_EDGE('',*,*,#5486,.T.);
#2379=ORIENTED_EDGE('',*,*,#5487,.F.);
#2380=ORIENTED_EDGE('',*,*,#5488,.F.);
#2381=ORIENTED_EDGE('',*,*,#5484,.T.);
#2382=ORIENTED_EDGE('',*,*,#5477,.F.);
#2383=ORIENTED_EDGE('',*,*,#5489,.F.);
#2384=ORIENTED_EDGE('',*,*,#5487,.T.);
#2385=ORIENTED_EDGE('',*,*,#5490,.T.);
#2386=ORIENTED_EDGE('',*,*,#5491,.T.);
#2387=ORIENTED_EDGE('',*,*,#5492,.T.);
#2388=ORIENTED_EDGE('',*,*,#5493,.F.);
#2389=ORIENTED_EDGE('',*,*,#5482,.F.);
#2390=ORIENTED_EDGE('',*,*,#5494,.F.);
#2391=ORIENTED_EDGE('',*,*,#5495,.F.);
#2392=ORIENTED_EDGE('',*,*,#5496,.T.);
#2393=ORIENTED_EDGE('',*,*,#5497,.T.);
#2394=ORIENTED_EDGE('',*,*,#5498,.T.);
#2395=ORIENTED_EDGE('',*,*,#5499,.F.);
#2396=ORIENTED_EDGE('',*,*,#5500,.F.);
#2397=ORIENTED_EDGE('',*,*,#5495,.T.);
#2398=ORIENTED_EDGE('',*,*,#5501,.T.);
#2399=ORIENTED_EDGE('',*,*,#5502,.F.);
#2400=ORIENTED_EDGE('',*,*,#5503,.F.);
#2401=ORIENTED_EDGE('',*,*,#5499,.T.);
#2402=ORIENTED_EDGE('',*,*,#5492,.F.);
#2403=ORIENTED_EDGE('',*,*,#5504,.F.);
#2404=ORIENTED_EDGE('',*,*,#5502,.T.);
#2405=ORIENTED_EDGE('',*,*,#5505,.T.);
#2406=ORIENTED_EDGE('',*,*,#5506,.T.);
#2407=ORIENTED_EDGE('',*,*,#5507,.T.);
#2408=ORIENTED_EDGE('',*,*,#5508,.F.);
#2409=ORIENTED_EDGE('',*,*,#5497,.F.);
#2410=ORIENTED_EDGE('',*,*,#5509,.F.);
#2411=ORIENTED_EDGE('',*,*,#5510,.T.);
#2412=ORIENTED_EDGE('',*,*,#5511,.T.);
#2413=ORIENTED_EDGE('',*,*,#5512,.F.);
#2414=ORIENTED_EDGE('',*,*,#5513,.F.);
#2415=ORIENTED_EDGE('',*,*,#5514,.T.);
#2416=ORIENTED_EDGE('',*,*,#5515,.T.);
#2417=ORIENTED_EDGE('',*,*,#5516,.F.);
#2418=ORIENTED_EDGE('',*,*,#5517,.F.);
#2419=ORIENTED_EDGE('',*,*,#5518,.T.);
#2420=ORIENTED_EDGE('',*,*,#5517,.T.);
#2421=ORIENTED_EDGE('',*,*,#5519,.T.);
#2422=ORIENTED_EDGE('',*,*,#5520,.F.);
#2423=ORIENTED_EDGE('',*,*,#5521,.F.);
#2424=ORIENTED_EDGE('',*,*,#5522,.F.);
#2425=ORIENTED_EDGE('',*,*,#5520,.T.);
#2426=ORIENTED_EDGE('',*,*,#5523,.T.);
#2427=ORIENTED_EDGE('',*,*,#5514,.F.);
#2428=ORIENTED_EDGE('',*,*,#5524,.T.);
#2429=ORIENTED_EDGE('',*,*,#5525,.F.);
#2430=ORIENTED_EDGE('',*,*,#5526,.F.);
#2431=ORIENTED_EDGE('',*,*,#5527,.T.);
#2432=ORIENTED_EDGE('',*,*,#5512,.T.);
#2433=ORIENTED_EDGE('',*,*,#5528,.F.);
#2434=ORIENTED_EDGE('',*,*,#5529,.F.);
#2435=ORIENTED_EDGE('',*,*,#5530,.T.);
#2436=ORIENTED_EDGE('',*,*,#5529,.T.);
#2437=ORIENTED_EDGE('',*,*,#5531,.T.);
#2438=ORIENTED_EDGE('',*,*,#5532,.F.);
#2439=ORIENTED_EDGE('',*,*,#5533,.F.);
#2440=ORIENTED_EDGE('',*,*,#5534,.F.);
#2441=ORIENTED_EDGE('',*,*,#5532,.T.);
#2442=ORIENTED_EDGE('',*,*,#5535,.T.);
#2443=ORIENTED_EDGE('',*,*,#5527,.F.);
#2444=ORIENTED_EDGE('',*,*,#5536,.T.);
#2445=ORIENTED_EDGE('',*,*,#5537,.F.);
#2446=ORIENTED_EDGE('',*,*,#5538,.F.);
#2447=ORIENTED_EDGE('',*,*,#5539,.T.);
#2448=ORIENTED_EDGE('',*,*,#5525,.T.);
#2449=ORIENTED_EDGE('',*,*,#5540,.F.);
#2450=ORIENTED_EDGE('',*,*,#5541,.F.);
#2451=ORIENTED_EDGE('',*,*,#5542,.T.);
#2452=ORIENTED_EDGE('',*,*,#5541,.T.);
#2453=ORIENTED_EDGE('',*,*,#5543,.T.);
#2454=ORIENTED_EDGE('',*,*,#5544,.F.);
#2455=ORIENTED_EDGE('',*,*,#5545,.F.);
#2456=ORIENTED_EDGE('',*,*,#5546,.F.);
#2457=ORIENTED_EDGE('',*,*,#5544,.T.);
#2458=ORIENTED_EDGE('',*,*,#5547,.T.);
#2459=ORIENTED_EDGE('',*,*,#5539,.F.);
#2460=ORIENTED_EDGE('',*,*,#5548,.T.);
#2461=ORIENTED_EDGE('',*,*,#5549,.F.);
#2462=ORIENTED_EDGE('',*,*,#5550,.F.);
#2463=ORIENTED_EDGE('',*,*,#5551,.T.);
#2464=ORIENTED_EDGE('',*,*,#5537,.T.);
#2465=ORIENTED_EDGE('',*,*,#5552,.F.);
#2466=ORIENTED_EDGE('',*,*,#5553,.F.);
#2467=ORIENTED_EDGE('',*,*,#5554,.T.);
#2468=ORIENTED_EDGE('',*,*,#5553,.T.);
#2469=ORIENTED_EDGE('',*,*,#5555,.T.);
#2470=ORIENTED_EDGE('',*,*,#5556,.F.);
#2471=ORIENTED_EDGE('',*,*,#5557,.F.);
#2472=ORIENTED_EDGE('',*,*,#5558,.F.);
#2473=ORIENTED_EDGE('',*,*,#5556,.T.);
#2474=ORIENTED_EDGE('',*,*,#5559,.T.);
#2475=ORIENTED_EDGE('',*,*,#5551,.F.);
#2476=ORIENTED_EDGE('',*,*,#5560,.T.);
#2477=ORIENTED_EDGE('',*,*,#5561,.F.);
#2478=ORIENTED_EDGE('',*,*,#5562,.F.);
#2479=ORIENTED_EDGE('',*,*,#5563,.T.);
#2480=ORIENTED_EDGE('',*,*,#5549,.T.);
#2481=ORIENTED_EDGE('',*,*,#5564,.F.);
#2482=ORIENTED_EDGE('',*,*,#5565,.F.);
#2483=ORIENTED_EDGE('',*,*,#5566,.T.);
#2484=ORIENTED_EDGE('',*,*,#5565,.T.);
#2485=ORIENTED_EDGE('',*,*,#5567,.T.);
#2486=ORIENTED_EDGE('',*,*,#5568,.F.);
#2487=ORIENTED_EDGE('',*,*,#5569,.F.);
#2488=ORIENTED_EDGE('',*,*,#5570,.F.);
#2489=ORIENTED_EDGE('',*,*,#5568,.T.);
#2490=ORIENTED_EDGE('',*,*,#5571,.T.);
#2491=ORIENTED_EDGE('',*,*,#5563,.F.);
#2492=ORIENTED_EDGE('',*,*,#5572,.T.);
#2493=ORIENTED_EDGE('',*,*,#5573,.F.);
#2494=ORIENTED_EDGE('',*,*,#5574,.F.);
#2495=ORIENTED_EDGE('',*,*,#5575,.T.);
#2496=ORIENTED_EDGE('',*,*,#5561,.T.);
#2497=ORIENTED_EDGE('',*,*,#5576,.F.);
#2498=ORIENTED_EDGE('',*,*,#5577,.F.);
#2499=ORIENTED_EDGE('',*,*,#5578,.T.);
#2500=ORIENTED_EDGE('',*,*,#5577,.T.);
#2501=ORIENTED_EDGE('',*,*,#5579,.T.);
#2502=ORIENTED_EDGE('',*,*,#5580,.F.);
#2503=ORIENTED_EDGE('',*,*,#5581,.F.);
#2504=ORIENTED_EDGE('',*,*,#5582,.F.);
#2505=ORIENTED_EDGE('',*,*,#5580,.T.);
#2506=ORIENTED_EDGE('',*,*,#5583,.T.);
#2507=ORIENTED_EDGE('',*,*,#5575,.F.);
#2508=ORIENTED_EDGE('',*,*,#5584,.T.);
#2509=ORIENTED_EDGE('',*,*,#5585,.F.);
#2510=ORIENTED_EDGE('',*,*,#5586,.F.);
#2511=ORIENTED_EDGE('',*,*,#5587,.T.);
#2512=ORIENTED_EDGE('',*,*,#5573,.T.);
#2513=ORIENTED_EDGE('',*,*,#5588,.F.);
#2514=ORIENTED_EDGE('',*,*,#5589,.F.);
#2515=ORIENTED_EDGE('',*,*,#5590,.T.);
#2516=ORIENTED_EDGE('',*,*,#5589,.T.);
#2517=ORIENTED_EDGE('',*,*,#5591,.T.);
#2518=ORIENTED_EDGE('',*,*,#5592,.F.);
#2519=ORIENTED_EDGE('',*,*,#5593,.F.);
#2520=ORIENTED_EDGE('',*,*,#5594,.F.);
#2521=ORIENTED_EDGE('',*,*,#5592,.T.);
#2522=ORIENTED_EDGE('',*,*,#5595,.T.);
#2523=ORIENTED_EDGE('',*,*,#5587,.F.);
#2524=ORIENTED_EDGE('',*,*,#5596,.T.);
#2525=ORIENTED_EDGE('',*,*,#5597,.F.);
#2526=ORIENTED_EDGE('',*,*,#5598,.F.);
#2527=ORIENTED_EDGE('',*,*,#5599,.T.);
#2528=ORIENTED_EDGE('',*,*,#5585,.T.);
#2529=ORIENTED_EDGE('',*,*,#5600,.F.);
#2530=ORIENTED_EDGE('',*,*,#5601,.F.);
#2531=ORIENTED_EDGE('',*,*,#5602,.T.);
#2532=ORIENTED_EDGE('',*,*,#5601,.T.);
#2533=ORIENTED_EDGE('',*,*,#5603,.T.);
#2534=ORIENTED_EDGE('',*,*,#5604,.F.);
#2535=ORIENTED_EDGE('',*,*,#5605,.F.);
#2536=ORIENTED_EDGE('',*,*,#5606,.F.);
#2537=ORIENTED_EDGE('',*,*,#5604,.T.);
#2538=ORIENTED_EDGE('',*,*,#5607,.T.);
#2539=ORIENTED_EDGE('',*,*,#5599,.F.);
#2540=ORIENTED_EDGE('',*,*,#5608,.T.);
#2541=ORIENTED_EDGE('',*,*,#5609,.F.);
#2542=ORIENTED_EDGE('',*,*,#5610,.F.);
#2543=ORIENTED_EDGE('',*,*,#5611,.T.);
#2544=ORIENTED_EDGE('',*,*,#5597,.T.);
#2545=ORIENTED_EDGE('',*,*,#5612,.F.);
#2546=ORIENTED_EDGE('',*,*,#5613,.F.);
#2547=ORIENTED_EDGE('',*,*,#5614,.T.);
#2548=ORIENTED_EDGE('',*,*,#5613,.T.);
#2549=ORIENTED_EDGE('',*,*,#5615,.T.);
#2550=ORIENTED_EDGE('',*,*,#5616,.F.);
#2551=ORIENTED_EDGE('',*,*,#5617,.F.);
#2552=ORIENTED_EDGE('',*,*,#5618,.F.);
#2553=ORIENTED_EDGE('',*,*,#5616,.T.);
#2554=ORIENTED_EDGE('',*,*,#5619,.T.);
#2555=ORIENTED_EDGE('',*,*,#5611,.F.);
#2556=ORIENTED_EDGE('',*,*,#5620,.T.);
#2557=ORIENTED_EDGE('',*,*,#5621,.F.);
#2558=ORIENTED_EDGE('',*,*,#5622,.F.);
#2559=ORIENTED_EDGE('',*,*,#5623,.T.);
#2560=ORIENTED_EDGE('',*,*,#5609,.T.);
#2561=ORIENTED_EDGE('',*,*,#5624,.F.);
#2562=ORIENTED_EDGE('',*,*,#5625,.F.);
#2563=ORIENTED_EDGE('',*,*,#5626,.T.);
#2564=ORIENTED_EDGE('',*,*,#5625,.T.);
#2565=ORIENTED_EDGE('',*,*,#5627,.T.);
#2566=ORIENTED_EDGE('',*,*,#5628,.F.);
#2567=ORIENTED_EDGE('',*,*,#5629,.F.);
#2568=ORIENTED_EDGE('',*,*,#5630,.F.);
#2569=ORIENTED_EDGE('',*,*,#5628,.T.);
#2570=ORIENTED_EDGE('',*,*,#5631,.T.);
#2571=ORIENTED_EDGE('',*,*,#5623,.F.);
#2572=ORIENTED_EDGE('',*,*,#5632,.T.);
#2573=ORIENTED_EDGE('',*,*,#5633,.F.);
#2574=ORIENTED_EDGE('',*,*,#5634,.F.);
#2575=ORIENTED_EDGE('',*,*,#5635,.T.);
#2576=ORIENTED_EDGE('',*,*,#5621,.T.);
#2577=ORIENTED_EDGE('',*,*,#5636,.F.);
#2578=ORIENTED_EDGE('',*,*,#5637,.F.);
#2579=ORIENTED_EDGE('',*,*,#5638,.T.);
#2580=ORIENTED_EDGE('',*,*,#5637,.T.);
#2581=ORIENTED_EDGE('',*,*,#5639,.T.);
#2582=ORIENTED_EDGE('',*,*,#5640,.F.);
#2583=ORIENTED_EDGE('',*,*,#5641,.F.);
#2584=ORIENTED_EDGE('',*,*,#5642,.F.);
#2585=ORIENTED_EDGE('',*,*,#5640,.T.);
#2586=ORIENTED_EDGE('',*,*,#5643,.T.);
#2587=ORIENTED_EDGE('',*,*,#5635,.F.);
#2588=ORIENTED_EDGE('',*,*,#5644,.T.);
#2589=ORIENTED_EDGE('',*,*,#5645,.F.);
#2590=ORIENTED_EDGE('',*,*,#5646,.F.);
#2591=ORIENTED_EDGE('',*,*,#5647,.T.);
#2592=ORIENTED_EDGE('',*,*,#5633,.T.);
#2593=ORIENTED_EDGE('',*,*,#5648,.F.);
#2594=ORIENTED_EDGE('',*,*,#5649,.F.);
#2595=ORIENTED_EDGE('',*,*,#5650,.T.);
#2596=ORIENTED_EDGE('',*,*,#5649,.T.);
#2597=ORIENTED_EDGE('',*,*,#5651,.T.);
#2598=ORIENTED_EDGE('',*,*,#5652,.F.);
#2599=ORIENTED_EDGE('',*,*,#5653,.F.);
#2600=ORIENTED_EDGE('',*,*,#5654,.F.);
#2601=ORIENTED_EDGE('',*,*,#5652,.T.);
#2602=ORIENTED_EDGE('',*,*,#5655,.T.);
#2603=ORIENTED_EDGE('',*,*,#5647,.F.);
#2604=ORIENTED_EDGE('',*,*,#5656,.T.);
#2605=ORIENTED_EDGE('',*,*,#5657,.F.);
#2606=ORIENTED_EDGE('',*,*,#5658,.F.);
#2607=ORIENTED_EDGE('',*,*,#5659,.T.);
#2608=ORIENTED_EDGE('',*,*,#5645,.T.);
#2609=ORIENTED_EDGE('',*,*,#5660,.F.);
#2610=ORIENTED_EDGE('',*,*,#5661,.F.);
#2611=ORIENTED_EDGE('',*,*,#5662,.T.);
#2612=ORIENTED_EDGE('',*,*,#5661,.T.);
#2613=ORIENTED_EDGE('',*,*,#5663,.T.);
#2614=ORIENTED_EDGE('',*,*,#5664,.F.);
#2615=ORIENTED_EDGE('',*,*,#5665,.F.);
#2616=ORIENTED_EDGE('',*,*,#5666,.F.);
#2617=ORIENTED_EDGE('',*,*,#5664,.T.);
#2618=ORIENTED_EDGE('',*,*,#5667,.T.);
#2619=ORIENTED_EDGE('',*,*,#5659,.F.);
#2620=ORIENTED_EDGE('',*,*,#5668,.T.);
#2621=ORIENTED_EDGE('',*,*,#5669,.F.);
#2622=ORIENTED_EDGE('',*,*,#5670,.F.);
#2623=ORIENTED_EDGE('',*,*,#5671,.T.);
#2624=ORIENTED_EDGE('',*,*,#5657,.T.);
#2625=ORIENTED_EDGE('',*,*,#5672,.F.);
#2626=ORIENTED_EDGE('',*,*,#5673,.F.);
#2627=ORIENTED_EDGE('',*,*,#5674,.T.);
#2628=ORIENTED_EDGE('',*,*,#5673,.T.);
#2629=ORIENTED_EDGE('',*,*,#5675,.T.);
#2630=ORIENTED_EDGE('',*,*,#5676,.F.);
#2631=ORIENTED_EDGE('',*,*,#5677,.F.);
#2632=ORIENTED_EDGE('',*,*,#5678,.F.);
#2633=ORIENTED_EDGE('',*,*,#5676,.T.);
#2634=ORIENTED_EDGE('',*,*,#5679,.T.);
#2635=ORIENTED_EDGE('',*,*,#5671,.F.);
#2636=ORIENTED_EDGE('',*,*,#5680,.T.);
#2637=ORIENTED_EDGE('',*,*,#5681,.F.);
#2638=ORIENTED_EDGE('',*,*,#5682,.F.);
#2639=ORIENTED_EDGE('',*,*,#5683,.T.);
#2640=ORIENTED_EDGE('',*,*,#5669,.T.);
#2641=ORIENTED_EDGE('',*,*,#5684,.F.);
#2642=ORIENTED_EDGE('',*,*,#5685,.F.);
#2643=ORIENTED_EDGE('',*,*,#5686,.T.);
#2644=ORIENTED_EDGE('',*,*,#5685,.T.);
#2645=ORIENTED_EDGE('',*,*,#5687,.T.);
#2646=ORIENTED_EDGE('',*,*,#5688,.F.);
#2647=ORIENTED_EDGE('',*,*,#5689,.F.);
#2648=ORIENTED_EDGE('',*,*,#5690,.F.);
#2649=ORIENTED_EDGE('',*,*,#5688,.T.);
#2650=ORIENTED_EDGE('',*,*,#5691,.T.);
#2651=ORIENTED_EDGE('',*,*,#5683,.F.);
#2652=ORIENTED_EDGE('',*,*,#5692,.T.);
#2653=ORIENTED_EDGE('',*,*,#5693,.F.);
#2654=ORIENTED_EDGE('',*,*,#5694,.F.);
#2655=ORIENTED_EDGE('',*,*,#5695,.T.);
#2656=ORIENTED_EDGE('',*,*,#5681,.T.);
#2657=ORIENTED_EDGE('',*,*,#5696,.F.);
#2658=ORIENTED_EDGE('',*,*,#5697,.F.);
#2659=ORIENTED_EDGE('',*,*,#5698,.T.);
#2660=ORIENTED_EDGE('',*,*,#5697,.T.);
#2661=ORIENTED_EDGE('',*,*,#5699,.T.);
#2662=ORIENTED_EDGE('',*,*,#5700,.F.);
#2663=ORIENTED_EDGE('',*,*,#5701,.F.);
#2664=ORIENTED_EDGE('',*,*,#5702,.F.);
#2665=ORIENTED_EDGE('',*,*,#5700,.T.);
#2666=ORIENTED_EDGE('',*,*,#5703,.T.);
#2667=ORIENTED_EDGE('',*,*,#5695,.F.);
#2668=ORIENTED_EDGE('',*,*,#5704,.T.);
#2669=ORIENTED_EDGE('',*,*,#5705,.F.);
#2670=ORIENTED_EDGE('',*,*,#5706,.F.);
#2671=ORIENTED_EDGE('',*,*,#5707,.T.);
#2672=ORIENTED_EDGE('',*,*,#5693,.T.);
#2673=ORIENTED_EDGE('',*,*,#5708,.F.);
#2674=ORIENTED_EDGE('',*,*,#5709,.F.);
#2675=ORIENTED_EDGE('',*,*,#5710,.T.);
#2676=ORIENTED_EDGE('',*,*,#5709,.T.);
#2677=ORIENTED_EDGE('',*,*,#5711,.T.);
#2678=ORIENTED_EDGE('',*,*,#5712,.F.);
#2679=ORIENTED_EDGE('',*,*,#5713,.F.);
#2680=ORIENTED_EDGE('',*,*,#5714,.F.);
#2681=ORIENTED_EDGE('',*,*,#5712,.T.);
#2682=ORIENTED_EDGE('',*,*,#5715,.T.);
#2683=ORIENTED_EDGE('',*,*,#5707,.F.);
#2684=ORIENTED_EDGE('',*,*,#5716,.T.);
#2685=ORIENTED_EDGE('',*,*,#5717,.F.);
#2686=ORIENTED_EDGE('',*,*,#5718,.F.);
#2687=ORIENTED_EDGE('',*,*,#5719,.T.);
#2688=ORIENTED_EDGE('',*,*,#5705,.T.);
#2689=ORIENTED_EDGE('',*,*,#5720,.F.);
#2690=ORIENTED_EDGE('',*,*,#5721,.F.);
#2691=ORIENTED_EDGE('',*,*,#5722,.T.);
#2692=ORIENTED_EDGE('',*,*,#5721,.T.);
#2693=ORIENTED_EDGE('',*,*,#5723,.T.);
#2694=ORIENTED_EDGE('',*,*,#5724,.F.);
#2695=ORIENTED_EDGE('',*,*,#5725,.F.);
#2696=ORIENTED_EDGE('',*,*,#5726,.F.);
#2697=ORIENTED_EDGE('',*,*,#5724,.T.);
#2698=ORIENTED_EDGE('',*,*,#5727,.T.);
#2699=ORIENTED_EDGE('',*,*,#5719,.F.);
#2700=ORIENTED_EDGE('',*,*,#5728,.T.);
#2701=ORIENTED_EDGE('',*,*,#5729,.F.);
#2702=ORIENTED_EDGE('',*,*,#5730,.F.);
#2703=ORIENTED_EDGE('',*,*,#5731,.T.);
#2704=ORIENTED_EDGE('',*,*,#5717,.T.);
#2705=ORIENTED_EDGE('',*,*,#5732,.F.);
#2706=ORIENTED_EDGE('',*,*,#5733,.F.);
#2707=ORIENTED_EDGE('',*,*,#5734,.T.);
#2708=ORIENTED_EDGE('',*,*,#5733,.T.);
#2709=ORIENTED_EDGE('',*,*,#5735,.T.);
#2710=ORIENTED_EDGE('',*,*,#5736,.F.);
#2711=ORIENTED_EDGE('',*,*,#5737,.F.);
#2712=ORIENTED_EDGE('',*,*,#5738,.F.);
#2713=ORIENTED_EDGE('',*,*,#5736,.T.);
#2714=ORIENTED_EDGE('',*,*,#5739,.T.);
#2715=ORIENTED_EDGE('',*,*,#5731,.F.);
#2716=ORIENTED_EDGE('',*,*,#5740,.T.);
#2717=ORIENTED_EDGE('',*,*,#5741,.F.);
#2718=ORIENTED_EDGE('',*,*,#5742,.F.);
#2719=ORIENTED_EDGE('',*,*,#5743,.T.);
#2720=ORIENTED_EDGE('',*,*,#5729,.T.);
#2721=ORIENTED_EDGE('',*,*,#5744,.F.);
#2722=ORIENTED_EDGE('',*,*,#5745,.F.);
#2723=ORIENTED_EDGE('',*,*,#5746,.T.);
#2724=ORIENTED_EDGE('',*,*,#5745,.T.);
#2725=ORIENTED_EDGE('',*,*,#5747,.T.);
#2726=ORIENTED_EDGE('',*,*,#5748,.F.);
#2727=ORIENTED_EDGE('',*,*,#5749,.F.);
#2728=ORIENTED_EDGE('',*,*,#5750,.F.);
#2729=ORIENTED_EDGE('',*,*,#5748,.T.);
#2730=ORIENTED_EDGE('',*,*,#5751,.T.);
#2731=ORIENTED_EDGE('',*,*,#5743,.F.);
#2732=ORIENTED_EDGE('',*,*,#5752,.T.);
#2733=ORIENTED_EDGE('',*,*,#5753,.F.);
#2734=ORIENTED_EDGE('',*,*,#5754,.F.);
#2735=ORIENTED_EDGE('',*,*,#5755,.T.);
#2736=ORIENTED_EDGE('',*,*,#5741,.T.);
#2737=ORIENTED_EDGE('',*,*,#5756,.F.);
#2738=ORIENTED_EDGE('',*,*,#5757,.F.);
#2739=ORIENTED_EDGE('',*,*,#5758,.T.);
#2740=ORIENTED_EDGE('',*,*,#5757,.T.);
#2741=ORIENTED_EDGE('',*,*,#5759,.T.);
#2742=ORIENTED_EDGE('',*,*,#5760,.F.);
#2743=ORIENTED_EDGE('',*,*,#5761,.F.);
#2744=ORIENTED_EDGE('',*,*,#5762,.F.);
#2745=ORIENTED_EDGE('',*,*,#5760,.T.);
#2746=ORIENTED_EDGE('',*,*,#5763,.T.);
#2747=ORIENTED_EDGE('',*,*,#5755,.F.);
#2748=ORIENTED_EDGE('',*,*,#5764,.T.);
#2749=ORIENTED_EDGE('',*,*,#5765,.F.);
#2750=ORIENTED_EDGE('',*,*,#5766,.F.);
#2751=ORIENTED_EDGE('',*,*,#5767,.T.);
#2752=ORIENTED_EDGE('',*,*,#5753,.T.);
#2753=ORIENTED_EDGE('',*,*,#5768,.F.);
#2754=ORIENTED_EDGE('',*,*,#5769,.F.);
#2755=ORIENTED_EDGE('',*,*,#5770,.T.);
#2756=ORIENTED_EDGE('',*,*,#5769,.T.);
#2757=ORIENTED_EDGE('',*,*,#5771,.T.);
#2758=ORIENTED_EDGE('',*,*,#5772,.F.);
#2759=ORIENTED_EDGE('',*,*,#5773,.F.);
#2760=ORIENTED_EDGE('',*,*,#5774,.F.);
#2761=ORIENTED_EDGE('',*,*,#5772,.T.);
#2762=ORIENTED_EDGE('',*,*,#5775,.T.);
#2763=ORIENTED_EDGE('',*,*,#5767,.F.);
#2764=ORIENTED_EDGE('',*,*,#5776,.T.);
#2765=ORIENTED_EDGE('',*,*,#5777,.F.);
#2766=ORIENTED_EDGE('',*,*,#5778,.F.);
#2767=ORIENTED_EDGE('',*,*,#5779,.T.);
#2768=ORIENTED_EDGE('',*,*,#5765,.T.);
#2769=ORIENTED_EDGE('',*,*,#5780,.F.);
#2770=ORIENTED_EDGE('',*,*,#5781,.F.);
#2771=ORIENTED_EDGE('',*,*,#5782,.T.);
#2772=ORIENTED_EDGE('',*,*,#5781,.T.);
#2773=ORIENTED_EDGE('',*,*,#5783,.T.);
#2774=ORIENTED_EDGE('',*,*,#5784,.F.);
#2775=ORIENTED_EDGE('',*,*,#5785,.F.);
#2776=ORIENTED_EDGE('',*,*,#5786,.F.);
#2777=ORIENTED_EDGE('',*,*,#5784,.T.);
#2778=ORIENTED_EDGE('',*,*,#5787,.T.);
#2779=ORIENTED_EDGE('',*,*,#5779,.F.);
#2780=ORIENTED_EDGE('',*,*,#5788,.T.);
#2781=ORIENTED_EDGE('',*,*,#5789,.F.);
#2782=ORIENTED_EDGE('',*,*,#5790,.F.);
#2783=ORIENTED_EDGE('',*,*,#5791,.T.);
#2784=ORIENTED_EDGE('',*,*,#5777,.T.);
#2785=ORIENTED_EDGE('',*,*,#5792,.F.);
#2786=ORIENTED_EDGE('',*,*,#5793,.F.);
#2787=ORIENTED_EDGE('',*,*,#5794,.T.);
#2788=ORIENTED_EDGE('',*,*,#5793,.T.);
#2789=ORIENTED_EDGE('',*,*,#5795,.T.);
#2790=ORIENTED_EDGE('',*,*,#5796,.F.);
#2791=ORIENTED_EDGE('',*,*,#5797,.F.);
#2792=ORIENTED_EDGE('',*,*,#5798,.F.);
#2793=ORIENTED_EDGE('',*,*,#5796,.T.);
#2794=ORIENTED_EDGE('',*,*,#5799,.T.);
#2795=ORIENTED_EDGE('',*,*,#5791,.F.);
#2796=ORIENTED_EDGE('',*,*,#5800,.T.);
#2797=ORIENTED_EDGE('',*,*,#5801,.F.);
#2798=ORIENTED_EDGE('',*,*,#5802,.F.);
#2799=ORIENTED_EDGE('',*,*,#5803,.T.);
#2800=ORIENTED_EDGE('',*,*,#5789,.T.);
#2801=ORIENTED_EDGE('',*,*,#5804,.F.);
#2802=ORIENTED_EDGE('',*,*,#5805,.F.);
#2803=ORIENTED_EDGE('',*,*,#5806,.T.);
#2804=ORIENTED_EDGE('',*,*,#5805,.T.);
#2805=ORIENTED_EDGE('',*,*,#5807,.T.);
#2806=ORIENTED_EDGE('',*,*,#5808,.F.);
#2807=ORIENTED_EDGE('',*,*,#5809,.F.);
#2808=ORIENTED_EDGE('',*,*,#5810,.F.);
#2809=ORIENTED_EDGE('',*,*,#5808,.T.);
#2810=ORIENTED_EDGE('',*,*,#5811,.T.);
#2811=ORIENTED_EDGE('',*,*,#5803,.F.);
#2812=ORIENTED_EDGE('',*,*,#5812,.T.);
#2813=ORIENTED_EDGE('',*,*,#5813,.F.);
#2814=ORIENTED_EDGE('',*,*,#5814,.F.);
#2815=ORIENTED_EDGE('',*,*,#5815,.T.);
#2816=ORIENTED_EDGE('',*,*,#5801,.T.);
#2817=ORIENTED_EDGE('',*,*,#5816,.F.);
#2818=ORIENTED_EDGE('',*,*,#5817,.F.);
#2819=ORIENTED_EDGE('',*,*,#5818,.T.);
#2820=ORIENTED_EDGE('',*,*,#5817,.T.);
#2821=ORIENTED_EDGE('',*,*,#5819,.T.);
#2822=ORIENTED_EDGE('',*,*,#5820,.F.);
#2823=ORIENTED_EDGE('',*,*,#5821,.F.);
#2824=ORIENTED_EDGE('',*,*,#5822,.F.);
#2825=ORIENTED_EDGE('',*,*,#5820,.T.);
#2826=ORIENTED_EDGE('',*,*,#5823,.T.);
#2827=ORIENTED_EDGE('',*,*,#5815,.F.);
#2828=ORIENTED_EDGE('',*,*,#5824,.T.);
#2829=ORIENTED_EDGE('',*,*,#5825,.F.);
#2830=ORIENTED_EDGE('',*,*,#5826,.F.);
#2831=ORIENTED_EDGE('',*,*,#5827,.T.);
#2832=ORIENTED_EDGE('',*,*,#5813,.T.);
#2833=ORIENTED_EDGE('',*,*,#5828,.F.);
#2834=ORIENTED_EDGE('',*,*,#5829,.F.);
#2835=ORIENTED_EDGE('',*,*,#5830,.T.);
#2836=ORIENTED_EDGE('',*,*,#5829,.T.);
#2837=ORIENTED_EDGE('',*,*,#5831,.T.);
#2838=ORIENTED_EDGE('',*,*,#5832,.F.);
#2839=ORIENTED_EDGE('',*,*,#5833,.F.);
#2840=ORIENTED_EDGE('',*,*,#5834,.F.);
#2841=ORIENTED_EDGE('',*,*,#5832,.T.);
#2842=ORIENTED_EDGE('',*,*,#5835,.T.);
#2843=ORIENTED_EDGE('',*,*,#5827,.F.);
#2844=ORIENTED_EDGE('',*,*,#5836,.T.);
#2845=ORIENTED_EDGE('',*,*,#5837,.F.);
#2846=ORIENTED_EDGE('',*,*,#5838,.F.);
#2847=ORIENTED_EDGE('',*,*,#5839,.T.);
#2848=ORIENTED_EDGE('',*,*,#5825,.T.);
#2849=ORIENTED_EDGE('',*,*,#5840,.F.);
#2850=ORIENTED_EDGE('',*,*,#5841,.F.);
#2851=ORIENTED_EDGE('',*,*,#5842,.T.);
#2852=ORIENTED_EDGE('',*,*,#5841,.T.);
#2853=ORIENTED_EDGE('',*,*,#5843,.T.);
#2854=ORIENTED_EDGE('',*,*,#5844,.F.);
#2855=ORIENTED_EDGE('',*,*,#5845,.F.);
#2856=ORIENTED_EDGE('',*,*,#5846,.F.);
#2857=ORIENTED_EDGE('',*,*,#5844,.T.);
#2858=ORIENTED_EDGE('',*,*,#5847,.T.);
#2859=ORIENTED_EDGE('',*,*,#5839,.F.);
#2860=ORIENTED_EDGE('',*,*,#5848,.T.);
#2861=ORIENTED_EDGE('',*,*,#5849,.F.);
#2862=ORIENTED_EDGE('',*,*,#5850,.F.);
#2863=ORIENTED_EDGE('',*,*,#5851,.T.);
#2864=ORIENTED_EDGE('',*,*,#5837,.T.);
#2865=ORIENTED_EDGE('',*,*,#5852,.F.);
#2866=ORIENTED_EDGE('',*,*,#5853,.F.);
#2867=ORIENTED_EDGE('',*,*,#5854,.T.);
#2868=ORIENTED_EDGE('',*,*,#5853,.T.);
#2869=ORIENTED_EDGE('',*,*,#5855,.T.);
#2870=ORIENTED_EDGE('',*,*,#5856,.F.);
#2871=ORIENTED_EDGE('',*,*,#5857,.F.);
#2872=ORIENTED_EDGE('',*,*,#5858,.F.);
#2873=ORIENTED_EDGE('',*,*,#5856,.T.);
#2874=ORIENTED_EDGE('',*,*,#5859,.T.);
#2875=ORIENTED_EDGE('',*,*,#5851,.F.);
#2876=ORIENTED_EDGE('',*,*,#5860,.T.);
#2877=ORIENTED_EDGE('',*,*,#5861,.F.);
#2878=ORIENTED_EDGE('',*,*,#5862,.F.);
#2879=ORIENTED_EDGE('',*,*,#5863,.T.);
#2880=ORIENTED_EDGE('',*,*,#5849,.T.);
#2881=ORIENTED_EDGE('',*,*,#5864,.F.);
#2882=ORIENTED_EDGE('',*,*,#5865,.F.);
#2883=ORIENTED_EDGE('',*,*,#5866,.T.);
#2884=ORIENTED_EDGE('',*,*,#5865,.T.);
#2885=ORIENTED_EDGE('',*,*,#5867,.T.);
#2886=ORIENTED_EDGE('',*,*,#5868,.F.);
#2887=ORIENTED_EDGE('',*,*,#5869,.F.);
#2888=ORIENTED_EDGE('',*,*,#5870,.F.);
#2889=ORIENTED_EDGE('',*,*,#5868,.T.);
#2890=ORIENTED_EDGE('',*,*,#5871,.T.);
#2891=ORIENTED_EDGE('',*,*,#5863,.F.);
#2892=ORIENTED_EDGE('',*,*,#5872,.T.);
#2893=ORIENTED_EDGE('',*,*,#5873,.F.);
#2894=ORIENTED_EDGE('',*,*,#5874,.F.);
#2895=ORIENTED_EDGE('',*,*,#5875,.T.);
#2896=ORIENTED_EDGE('',*,*,#5861,.T.);
#2897=ORIENTED_EDGE('',*,*,#5876,.F.);
#2898=ORIENTED_EDGE('',*,*,#5877,.F.);
#2899=ORIENTED_EDGE('',*,*,#5878,.T.);
#2900=ORIENTED_EDGE('',*,*,#5877,.T.);
#2901=ORIENTED_EDGE('',*,*,#5879,.T.);
#2902=ORIENTED_EDGE('',*,*,#5880,.F.);
#2903=ORIENTED_EDGE('',*,*,#5881,.F.);
#2904=ORIENTED_EDGE('',*,*,#5882,.F.);
#2905=ORIENTED_EDGE('',*,*,#5880,.T.);
#2906=ORIENTED_EDGE('',*,*,#5883,.T.);
#2907=ORIENTED_EDGE('',*,*,#5875,.F.);
#2908=ORIENTED_EDGE('',*,*,#5884,.T.);
#2909=ORIENTED_EDGE('',*,*,#5885,.F.);
#2910=ORIENTED_EDGE('',*,*,#5886,.F.);
#2911=ORIENTED_EDGE('',*,*,#5887,.T.);
#2912=ORIENTED_EDGE('',*,*,#5873,.T.);
#2913=ORIENTED_EDGE('',*,*,#5888,.F.);
#2914=ORIENTED_EDGE('',*,*,#5889,.F.);
#2915=ORIENTED_EDGE('',*,*,#5890,.T.);
#2916=ORIENTED_EDGE('',*,*,#5889,.T.);
#2917=ORIENTED_EDGE('',*,*,#5891,.T.);
#2918=ORIENTED_EDGE('',*,*,#5892,.F.);
#2919=ORIENTED_EDGE('',*,*,#5893,.F.);
#2920=ORIENTED_EDGE('',*,*,#5894,.F.);
#2921=ORIENTED_EDGE('',*,*,#5892,.T.);
#2922=ORIENTED_EDGE('',*,*,#5895,.T.);
#2923=ORIENTED_EDGE('',*,*,#5887,.F.);
#2924=ORIENTED_EDGE('',*,*,#5896,.T.);
#2925=ORIENTED_EDGE('',*,*,#5897,.F.);
#2926=ORIENTED_EDGE('',*,*,#5898,.F.);
#2927=ORIENTED_EDGE('',*,*,#5899,.T.);
#2928=ORIENTED_EDGE('',*,*,#5885,.T.);
#2929=ORIENTED_EDGE('',*,*,#5900,.F.);
#2930=ORIENTED_EDGE('',*,*,#5901,.F.);
#2931=ORIENTED_EDGE('',*,*,#5902,.T.);
#2932=ORIENTED_EDGE('',*,*,#5901,.T.);
#2933=ORIENTED_EDGE('',*,*,#5903,.T.);
#2934=ORIENTED_EDGE('',*,*,#5904,.F.);
#2935=ORIENTED_EDGE('',*,*,#5905,.F.);
#2936=ORIENTED_EDGE('',*,*,#5906,.F.);
#2937=ORIENTED_EDGE('',*,*,#5904,.T.);
#2938=ORIENTED_EDGE('',*,*,#5907,.T.);
#2939=ORIENTED_EDGE('',*,*,#5899,.F.);
#2940=ORIENTED_EDGE('',*,*,#5908,.T.);
#2941=ORIENTED_EDGE('',*,*,#5909,.F.);
#2942=ORIENTED_EDGE('',*,*,#5910,.F.);
#2943=ORIENTED_EDGE('',*,*,#5911,.T.);
#2944=ORIENTED_EDGE('',*,*,#5897,.T.);
#2945=ORIENTED_EDGE('',*,*,#5912,.F.);
#2946=ORIENTED_EDGE('',*,*,#5913,.F.);
#2947=ORIENTED_EDGE('',*,*,#5914,.T.);
#2948=ORIENTED_EDGE('',*,*,#5913,.T.);
#2949=ORIENTED_EDGE('',*,*,#5915,.T.);
#2950=ORIENTED_EDGE('',*,*,#5916,.F.);
#2951=ORIENTED_EDGE('',*,*,#5917,.F.);
#2952=ORIENTED_EDGE('',*,*,#5918,.F.);
#2953=ORIENTED_EDGE('',*,*,#5916,.T.);
#2954=ORIENTED_EDGE('',*,*,#5919,.T.);
#2955=ORIENTED_EDGE('',*,*,#5911,.F.);
#2956=ORIENTED_EDGE('',*,*,#5920,.T.);
#2957=ORIENTED_EDGE('',*,*,#5921,.F.);
#2958=ORIENTED_EDGE('',*,*,#5922,.F.);
#2959=ORIENTED_EDGE('',*,*,#5923,.T.);
#2960=ORIENTED_EDGE('',*,*,#5909,.T.);
#2961=ORIENTED_EDGE('',*,*,#5924,.F.);
#2962=ORIENTED_EDGE('',*,*,#5925,.F.);
#2963=ORIENTED_EDGE('',*,*,#5926,.T.);
#2964=ORIENTED_EDGE('',*,*,#5925,.T.);
#2965=ORIENTED_EDGE('',*,*,#5927,.T.);
#2966=ORIENTED_EDGE('',*,*,#5928,.F.);
#2967=ORIENTED_EDGE('',*,*,#5929,.F.);
#2968=ORIENTED_EDGE('',*,*,#5930,.F.);
#2969=ORIENTED_EDGE('',*,*,#5928,.T.);
#2970=ORIENTED_EDGE('',*,*,#5931,.T.);
#2971=ORIENTED_EDGE('',*,*,#5923,.F.);
#2972=ORIENTED_EDGE('',*,*,#5932,.T.);
#2973=ORIENTED_EDGE('',*,*,#5933,.F.);
#2974=ORIENTED_EDGE('',*,*,#5934,.F.);
#2975=ORIENTED_EDGE('',*,*,#5935,.T.);
#2976=ORIENTED_EDGE('',*,*,#5921,.T.);
#2977=ORIENTED_EDGE('',*,*,#5936,.F.);
#2978=ORIENTED_EDGE('',*,*,#5937,.F.);
#2979=ORIENTED_EDGE('',*,*,#5938,.T.);
#2980=ORIENTED_EDGE('',*,*,#5937,.T.);
#2981=ORIENTED_EDGE('',*,*,#5939,.T.);
#2982=ORIENTED_EDGE('',*,*,#5940,.F.);
#2983=ORIENTED_EDGE('',*,*,#5941,.F.);
#2984=ORIENTED_EDGE('',*,*,#5942,.F.);
#2985=ORIENTED_EDGE('',*,*,#5940,.T.);
#2986=ORIENTED_EDGE('',*,*,#5943,.T.);
#2987=ORIENTED_EDGE('',*,*,#5935,.F.);
#2988=ORIENTED_EDGE('',*,*,#5944,.T.);
#2989=ORIENTED_EDGE('',*,*,#5945,.F.);
#2990=ORIENTED_EDGE('',*,*,#5946,.F.);
#2991=ORIENTED_EDGE('',*,*,#5947,.T.);
#2992=ORIENTED_EDGE('',*,*,#5933,.T.);
#2993=ORIENTED_EDGE('',*,*,#5948,.F.);
#2994=ORIENTED_EDGE('',*,*,#5949,.F.);
#2995=ORIENTED_EDGE('',*,*,#5950,.T.);
#2996=ORIENTED_EDGE('',*,*,#5949,.T.);
#2997=ORIENTED_EDGE('',*,*,#5951,.T.);
#2998=ORIENTED_EDGE('',*,*,#5952,.F.);
#2999=ORIENTED_EDGE('',*,*,#5953,.F.);
#3000=ORIENTED_EDGE('',*,*,#5954,.F.);
#3001=ORIENTED_EDGE('',*,*,#5952,.T.);
#3002=ORIENTED_EDGE('',*,*,#5955,.T.);
#3003=ORIENTED_EDGE('',*,*,#5947,.F.);
#3004=ORIENTED_EDGE('',*,*,#5956,.T.);
#3005=ORIENTED_EDGE('',*,*,#5957,.F.);
#3006=ORIENTED_EDGE('',*,*,#5958,.F.);
#3007=ORIENTED_EDGE('',*,*,#5959,.T.);
#3008=ORIENTED_EDGE('',*,*,#5945,.T.);
#3009=ORIENTED_EDGE('',*,*,#5960,.F.);
#3010=ORIENTED_EDGE('',*,*,#5961,.F.);
#3011=ORIENTED_EDGE('',*,*,#5962,.T.);
#3012=ORIENTED_EDGE('',*,*,#5961,.T.);
#3013=ORIENTED_EDGE('',*,*,#5963,.T.);
#3014=ORIENTED_EDGE('',*,*,#5964,.F.);
#3015=ORIENTED_EDGE('',*,*,#5965,.F.);
#3016=ORIENTED_EDGE('',*,*,#5966,.F.);
#3017=ORIENTED_EDGE('',*,*,#5964,.T.);
#3018=ORIENTED_EDGE('',*,*,#5967,.T.);
#3019=ORIENTED_EDGE('',*,*,#5959,.F.);
#3020=ORIENTED_EDGE('',*,*,#5968,.T.);
#3021=ORIENTED_EDGE('',*,*,#5969,.F.);
#3022=ORIENTED_EDGE('',*,*,#5970,.F.);
#3023=ORIENTED_EDGE('',*,*,#5971,.T.);
#3024=ORIENTED_EDGE('',*,*,#5957,.T.);
#3025=ORIENTED_EDGE('',*,*,#5972,.F.);
#3026=ORIENTED_EDGE('',*,*,#5973,.F.);
#3027=ORIENTED_EDGE('',*,*,#5974,.T.);
#3028=ORIENTED_EDGE('',*,*,#5973,.T.);
#3029=ORIENTED_EDGE('',*,*,#5975,.T.);
#3030=ORIENTED_EDGE('',*,*,#5976,.F.);
#3031=ORIENTED_EDGE('',*,*,#5977,.F.);
#3032=ORIENTED_EDGE('',*,*,#5978,.F.);
#3033=ORIENTED_EDGE('',*,*,#5976,.T.);
#3034=ORIENTED_EDGE('',*,*,#5979,.T.);
#3035=ORIENTED_EDGE('',*,*,#5971,.F.);
#3036=ORIENTED_EDGE('',*,*,#5980,.T.);
#3037=ORIENTED_EDGE('',*,*,#5515,.F.);
#3038=ORIENTED_EDGE('',*,*,#5981,.F.);
#3039=ORIENTED_EDGE('',*,*,#5982,.T.);
#3040=ORIENTED_EDGE('',*,*,#4251,.F.);
#3041=ORIENTED_EDGE('',*,*,#5981,.T.);
#3042=ORIENTED_EDGE('',*,*,#5518,.F.);
#3043=ORIENTED_EDGE('',*,*,#5521,.T.);
#3044=ORIENTED_EDGE('',*,*,#5522,.T.);
#3045=ORIENTED_EDGE('',*,*,#5513,.T.);
#3046=ORIENTED_EDGE('',*,*,#5530,.F.);
#3047=ORIENTED_EDGE('',*,*,#5533,.T.);
#3048=ORIENTED_EDGE('',*,*,#5534,.T.);
#3049=ORIENTED_EDGE('',*,*,#5526,.T.);
#3050=ORIENTED_EDGE('',*,*,#5542,.F.);
#3051=ORIENTED_EDGE('',*,*,#5545,.T.);
#3052=ORIENTED_EDGE('',*,*,#5546,.T.);
#3053=ORIENTED_EDGE('',*,*,#5538,.T.);
#3054=ORIENTED_EDGE('',*,*,#5554,.F.);
#3055=ORIENTED_EDGE('',*,*,#5557,.T.);
#3056=ORIENTED_EDGE('',*,*,#5558,.T.);
#3057=ORIENTED_EDGE('',*,*,#5550,.T.);
#3058=ORIENTED_EDGE('',*,*,#5566,.F.);
#3059=ORIENTED_EDGE('',*,*,#5569,.T.);
#3060=ORIENTED_EDGE('',*,*,#5570,.T.);
#3061=ORIENTED_EDGE('',*,*,#5562,.T.);
#3062=ORIENTED_EDGE('',*,*,#5578,.F.);
#3063=ORIENTED_EDGE('',*,*,#5581,.T.);
#3064=ORIENTED_EDGE('',*,*,#5582,.T.);
#3065=ORIENTED_EDGE('',*,*,#5574,.T.);
#3066=ORIENTED_EDGE('',*,*,#5590,.F.);
#3067=ORIENTED_EDGE('',*,*,#5593,.T.);
#3068=ORIENTED_EDGE('',*,*,#5594,.T.);
#3069=ORIENTED_EDGE('',*,*,#5586,.T.);
#3070=ORIENTED_EDGE('',*,*,#5602,.F.);
#3071=ORIENTED_EDGE('',*,*,#5605,.T.);
#3072=ORIENTED_EDGE('',*,*,#5606,.T.);
#3073=ORIENTED_EDGE('',*,*,#5598,.T.);
#3074=ORIENTED_EDGE('',*,*,#5614,.F.);
#3075=ORIENTED_EDGE('',*,*,#5617,.T.);
#3076=ORIENTED_EDGE('',*,*,#5618,.T.);
#3077=ORIENTED_EDGE('',*,*,#5610,.T.);
#3078=ORIENTED_EDGE('',*,*,#5626,.F.);
#3079=ORIENTED_EDGE('',*,*,#5629,.T.);
#3080=ORIENTED_EDGE('',*,*,#5630,.T.);
#3081=ORIENTED_EDGE('',*,*,#5622,.T.);
#3082=ORIENTED_EDGE('',*,*,#5638,.F.);
#3083=ORIENTED_EDGE('',*,*,#5641,.T.);
#3084=ORIENTED_EDGE('',*,*,#5642,.T.);
#3085=ORIENTED_EDGE('',*,*,#5634,.T.);
#3086=ORIENTED_EDGE('',*,*,#5650,.F.);
#3087=ORIENTED_EDGE('',*,*,#5653,.T.);
#3088=ORIENTED_EDGE('',*,*,#5654,.T.);
#3089=ORIENTED_EDGE('',*,*,#5646,.T.);
#3090=ORIENTED_EDGE('',*,*,#5662,.F.);
#3091=ORIENTED_EDGE('',*,*,#5665,.T.);
#3092=ORIENTED_EDGE('',*,*,#5666,.T.);
#3093=ORIENTED_EDGE('',*,*,#5658,.T.);
#3094=ORIENTED_EDGE('',*,*,#5674,.F.);
#3095=ORIENTED_EDGE('',*,*,#5677,.T.);
#3096=ORIENTED_EDGE('',*,*,#5678,.T.);
#3097=ORIENTED_EDGE('',*,*,#5670,.T.);
#3098=ORIENTED_EDGE('',*,*,#5686,.F.);
#3099=ORIENTED_EDGE('',*,*,#5689,.T.);
#3100=ORIENTED_EDGE('',*,*,#5690,.T.);
#3101=ORIENTED_EDGE('',*,*,#5682,.T.);
#3102=ORIENTED_EDGE('',*,*,#5698,.F.);
#3103=ORIENTED_EDGE('',*,*,#5701,.T.);
#3104=ORIENTED_EDGE('',*,*,#5702,.T.);
#3105=ORIENTED_EDGE('',*,*,#5694,.T.);
#3106=ORIENTED_EDGE('',*,*,#5710,.F.);
#3107=ORIENTED_EDGE('',*,*,#5713,.T.);
#3108=ORIENTED_EDGE('',*,*,#5714,.T.);
#3109=ORIENTED_EDGE('',*,*,#5706,.T.);
#3110=ORIENTED_EDGE('',*,*,#5722,.F.);
#3111=ORIENTED_EDGE('',*,*,#5725,.T.);
#3112=ORIENTED_EDGE('',*,*,#5726,.T.);
#3113=ORIENTED_EDGE('',*,*,#5718,.T.);
#3114=ORIENTED_EDGE('',*,*,#5734,.F.);
#3115=ORIENTED_EDGE('',*,*,#5737,.T.);
#3116=ORIENTED_EDGE('',*,*,#5738,.T.);
#3117=ORIENTED_EDGE('',*,*,#5730,.T.);
#3118=ORIENTED_EDGE('',*,*,#5746,.F.);
#3119=ORIENTED_EDGE('',*,*,#5749,.T.);
#3120=ORIENTED_EDGE('',*,*,#5750,.T.);
#3121=ORIENTED_EDGE('',*,*,#5742,.T.);
#3122=ORIENTED_EDGE('',*,*,#5758,.F.);
#3123=ORIENTED_EDGE('',*,*,#5761,.T.);
#3124=ORIENTED_EDGE('',*,*,#5762,.T.);
#3125=ORIENTED_EDGE('',*,*,#5754,.T.);
#3126=ORIENTED_EDGE('',*,*,#5770,.F.);
#3127=ORIENTED_EDGE('',*,*,#5773,.T.);
#3128=ORIENTED_EDGE('',*,*,#5774,.T.);
#3129=ORIENTED_EDGE('',*,*,#5766,.T.);
#3130=ORIENTED_EDGE('',*,*,#5782,.F.);
#3131=ORIENTED_EDGE('',*,*,#5785,.T.);
#3132=ORIENTED_EDGE('',*,*,#5786,.T.);
#3133=ORIENTED_EDGE('',*,*,#5778,.T.);
#3134=ORIENTED_EDGE('',*,*,#5794,.F.);
#3135=ORIENTED_EDGE('',*,*,#5797,.T.);
#3136=ORIENTED_EDGE('',*,*,#5798,.T.);
#3137=ORIENTED_EDGE('',*,*,#5790,.T.);
#3138=ORIENTED_EDGE('',*,*,#5806,.F.);
#3139=ORIENTED_EDGE('',*,*,#5809,.T.);
#3140=ORIENTED_EDGE('',*,*,#5810,.T.);
#3141=ORIENTED_EDGE('',*,*,#5802,.T.);
#3142=ORIENTED_EDGE('',*,*,#5818,.F.);
#3143=ORIENTED_EDGE('',*,*,#5821,.T.);
#3144=ORIENTED_EDGE('',*,*,#5822,.T.);
#3145=ORIENTED_EDGE('',*,*,#5814,.T.);
#3146=ORIENTED_EDGE('',*,*,#5830,.F.);
#3147=ORIENTED_EDGE('',*,*,#5833,.T.);
#3148=ORIENTED_EDGE('',*,*,#5834,.T.);
#3149=ORIENTED_EDGE('',*,*,#5826,.T.);
#3150=ORIENTED_EDGE('',*,*,#5842,.F.);
#3151=ORIENTED_EDGE('',*,*,#5845,.T.);
#3152=ORIENTED_EDGE('',*,*,#5846,.T.);
#3153=ORIENTED_EDGE('',*,*,#5838,.T.);
#3154=ORIENTED_EDGE('',*,*,#5854,.F.);
#3155=ORIENTED_EDGE('',*,*,#5857,.T.);
#3156=ORIENTED_EDGE('',*,*,#5858,.T.);
#3157=ORIENTED_EDGE('',*,*,#5850,.T.);
#3158=ORIENTED_EDGE('',*,*,#5866,.F.);
#3159=ORIENTED_EDGE('',*,*,#5869,.T.);
#3160=ORIENTED_EDGE('',*,*,#5870,.T.);
#3161=ORIENTED_EDGE('',*,*,#5862,.T.);
#3162=ORIENTED_EDGE('',*,*,#5878,.F.);
#3163=ORIENTED_EDGE('',*,*,#5881,.T.);
#3164=ORIENTED_EDGE('',*,*,#5882,.T.);
#3165=ORIENTED_EDGE('',*,*,#5874,.T.);
#3166=ORIENTED_EDGE('',*,*,#5890,.F.);
#3167=ORIENTED_EDGE('',*,*,#5893,.T.);
#3168=ORIENTED_EDGE('',*,*,#5894,.T.);
#3169=ORIENTED_EDGE('',*,*,#5886,.T.);
#3170=ORIENTED_EDGE('',*,*,#5902,.F.);
#3171=ORIENTED_EDGE('',*,*,#5905,.T.);
#3172=ORIENTED_EDGE('',*,*,#5906,.T.);
#3173=ORIENTED_EDGE('',*,*,#5898,.T.);
#3174=ORIENTED_EDGE('',*,*,#5914,.F.);
#3175=ORIENTED_EDGE('',*,*,#5917,.T.);
#3176=ORIENTED_EDGE('',*,*,#5918,.T.);
#3177=ORIENTED_EDGE('',*,*,#5910,.T.);
#3178=ORIENTED_EDGE('',*,*,#5926,.F.);
#3179=ORIENTED_EDGE('',*,*,#5929,.T.);
#3180=ORIENTED_EDGE('',*,*,#5930,.T.);
#3181=ORIENTED_EDGE('',*,*,#5922,.T.);
#3182=ORIENTED_EDGE('',*,*,#5938,.F.);
#3183=ORIENTED_EDGE('',*,*,#5941,.T.);
#3184=ORIENTED_EDGE('',*,*,#5942,.T.);
#3185=ORIENTED_EDGE('',*,*,#5934,.T.);
#3186=ORIENTED_EDGE('',*,*,#5950,.F.);
#3187=ORIENTED_EDGE('',*,*,#5953,.T.);
#3188=ORIENTED_EDGE('',*,*,#5954,.T.);
#3189=ORIENTED_EDGE('',*,*,#5946,.T.);
#3190=ORIENTED_EDGE('',*,*,#5962,.F.);
#3191=ORIENTED_EDGE('',*,*,#5965,.T.);
#3192=ORIENTED_EDGE('',*,*,#5966,.T.);
#3193=ORIENTED_EDGE('',*,*,#5958,.T.);
#3194=ORIENTED_EDGE('',*,*,#5974,.F.);
#3195=ORIENTED_EDGE('',*,*,#5977,.T.);
#3196=ORIENTED_EDGE('',*,*,#5978,.T.);
#3197=ORIENTED_EDGE('',*,*,#5970,.T.);
#3198=ORIENTED_EDGE('',*,*,#5983,.F.);
#3199=ORIENTED_EDGE('',*,*,#5984,.T.);
#3200=ORIENTED_EDGE('',*,*,#5985,.T.);
#3201=ORIENTED_EDGE('',*,*,#5980,.F.);
#3202=ORIENTED_EDGE('',*,*,#5986,.F.);
#3203=ORIENTED_EDGE('',*,*,#5987,.F.);
#3204=ORIENTED_EDGE('',*,*,#5988,.T.);
#3205=ORIENTED_EDGE('',*,*,#5968,.F.);
#3206=ORIENTED_EDGE('',*,*,#5979,.F.);
#3207=ORIENTED_EDGE('',*,*,#5975,.F.);
#3208=ORIENTED_EDGE('',*,*,#5972,.T.);
#3209=ORIENTED_EDGE('',*,*,#5956,.F.);
#3210=ORIENTED_EDGE('',*,*,#5967,.F.);
#3211=ORIENTED_EDGE('',*,*,#5963,.F.);
#3212=ORIENTED_EDGE('',*,*,#5960,.T.);
#3213=ORIENTED_EDGE('',*,*,#5944,.F.);
#3214=ORIENTED_EDGE('',*,*,#5955,.F.);
#3215=ORIENTED_EDGE('',*,*,#5951,.F.);
#3216=ORIENTED_EDGE('',*,*,#5948,.T.);
#3217=ORIENTED_EDGE('',*,*,#5932,.F.);
#3218=ORIENTED_EDGE('',*,*,#5943,.F.);
#3219=ORIENTED_EDGE('',*,*,#5939,.F.);
#3220=ORIENTED_EDGE('',*,*,#5936,.T.);
#3221=ORIENTED_EDGE('',*,*,#5920,.F.);
#3222=ORIENTED_EDGE('',*,*,#5931,.F.);
#3223=ORIENTED_EDGE('',*,*,#5927,.F.);
#3224=ORIENTED_EDGE('',*,*,#5924,.T.);
#3225=ORIENTED_EDGE('',*,*,#5908,.F.);
#3226=ORIENTED_EDGE('',*,*,#5919,.F.);
#3227=ORIENTED_EDGE('',*,*,#5915,.F.);
#3228=ORIENTED_EDGE('',*,*,#5912,.T.);
#3229=ORIENTED_EDGE('',*,*,#5896,.F.);
#3230=ORIENTED_EDGE('',*,*,#5907,.F.);
#3231=ORIENTED_EDGE('',*,*,#5903,.F.);
#3232=ORIENTED_EDGE('',*,*,#5900,.T.);
#3233=ORIENTED_EDGE('',*,*,#5884,.F.);
#3234=ORIENTED_EDGE('',*,*,#5895,.F.);
#3235=ORIENTED_EDGE('',*,*,#5891,.F.);
#3236=ORIENTED_EDGE('',*,*,#5888,.T.);
#3237=ORIENTED_EDGE('',*,*,#5872,.F.);
#3238=ORIENTED_EDGE('',*,*,#5883,.F.);
#3239=ORIENTED_EDGE('',*,*,#5879,.F.);
#3240=ORIENTED_EDGE('',*,*,#5876,.T.);
#3241=ORIENTED_EDGE('',*,*,#5860,.F.);
#3242=ORIENTED_EDGE('',*,*,#5871,.F.);
#3243=ORIENTED_EDGE('',*,*,#5867,.F.);
#3244=ORIENTED_EDGE('',*,*,#5864,.T.);
#3245=ORIENTED_EDGE('',*,*,#5848,.F.);
#3246=ORIENTED_EDGE('',*,*,#5859,.F.);
#3247=ORIENTED_EDGE('',*,*,#5855,.F.);
#3248=ORIENTED_EDGE('',*,*,#5852,.T.);
#3249=ORIENTED_EDGE('',*,*,#5836,.F.);
#3250=ORIENTED_EDGE('',*,*,#5847,.F.);
#3251=ORIENTED_EDGE('',*,*,#5843,.F.);
#3252=ORIENTED_EDGE('',*,*,#5840,.T.);
#3253=ORIENTED_EDGE('',*,*,#5824,.F.);
#3254=ORIENTED_EDGE('',*,*,#5835,.F.);
#3255=ORIENTED_EDGE('',*,*,#5831,.F.);
#3256=ORIENTED_EDGE('',*,*,#5828,.T.);
#3257=ORIENTED_EDGE('',*,*,#5812,.F.);
#3258=ORIENTED_EDGE('',*,*,#5823,.F.);
#3259=ORIENTED_EDGE('',*,*,#5819,.F.);
#3260=ORIENTED_EDGE('',*,*,#5816,.T.);
#3261=ORIENTED_EDGE('',*,*,#5800,.F.);
#3262=ORIENTED_EDGE('',*,*,#5811,.F.);
#3263=ORIENTED_EDGE('',*,*,#5807,.F.);
#3264=ORIENTED_EDGE('',*,*,#5804,.T.);
#3265=ORIENTED_EDGE('',*,*,#5788,.F.);
#3266=ORIENTED_EDGE('',*,*,#5799,.F.);
#3267=ORIENTED_EDGE('',*,*,#5795,.F.);
#3268=ORIENTED_EDGE('',*,*,#5792,.T.);
#3269=ORIENTED_EDGE('',*,*,#5776,.F.);
#3270=ORIENTED_EDGE('',*,*,#5787,.F.);
#3271=ORIENTED_EDGE('',*,*,#5783,.F.);
#3272=ORIENTED_EDGE('',*,*,#5780,.T.);
#3273=ORIENTED_EDGE('',*,*,#5764,.F.);
#3274=ORIENTED_EDGE('',*,*,#5775,.F.);
#3275=ORIENTED_EDGE('',*,*,#5771,.F.);
#3276=ORIENTED_EDGE('',*,*,#5768,.T.);
#3277=ORIENTED_EDGE('',*,*,#5752,.F.);
#3278=ORIENTED_EDGE('',*,*,#5763,.F.);
#3279=ORIENTED_EDGE('',*,*,#5759,.F.);
#3280=ORIENTED_EDGE('',*,*,#5756,.T.);
#3281=ORIENTED_EDGE('',*,*,#5740,.F.);
#3282=ORIENTED_EDGE('',*,*,#5751,.F.);
#3283=ORIENTED_EDGE('',*,*,#5747,.F.);
#3284=ORIENTED_EDGE('',*,*,#5744,.T.);
#3285=ORIENTED_EDGE('',*,*,#5728,.F.);
#3286=ORIENTED_EDGE('',*,*,#5739,.F.);
#3287=ORIENTED_EDGE('',*,*,#5735,.F.);
#3288=ORIENTED_EDGE('',*,*,#5732,.T.);
#3289=ORIENTED_EDGE('',*,*,#5716,.F.);
#3290=ORIENTED_EDGE('',*,*,#5727,.F.);
#3291=ORIENTED_EDGE('',*,*,#5723,.F.);
#3292=ORIENTED_EDGE('',*,*,#5720,.T.);
#3293=ORIENTED_EDGE('',*,*,#5704,.F.);
#3294=ORIENTED_EDGE('',*,*,#5715,.F.);
#3295=ORIENTED_EDGE('',*,*,#5711,.F.);
#3296=ORIENTED_EDGE('',*,*,#5708,.T.);
#3297=ORIENTED_EDGE('',*,*,#5692,.F.);
#3298=ORIENTED_EDGE('',*,*,#5703,.F.);
#3299=ORIENTED_EDGE('',*,*,#5699,.F.);
#3300=ORIENTED_EDGE('',*,*,#5696,.T.);
#3301=ORIENTED_EDGE('',*,*,#5680,.F.);
#3302=ORIENTED_EDGE('',*,*,#5691,.F.);
#3303=ORIENTED_EDGE('',*,*,#5687,.F.);
#3304=ORIENTED_EDGE('',*,*,#5684,.T.);
#3305=ORIENTED_EDGE('',*,*,#5668,.F.);
#3306=ORIENTED_EDGE('',*,*,#5679,.F.);
#3307=ORIENTED_EDGE('',*,*,#5675,.F.);
#3308=ORIENTED_EDGE('',*,*,#5672,.T.);
#3309=ORIENTED_EDGE('',*,*,#5656,.F.);
#3310=ORIENTED_EDGE('',*,*,#5667,.F.);
#3311=ORIENTED_EDGE('',*,*,#5663,.F.);
#3312=ORIENTED_EDGE('',*,*,#5660,.T.);
#3313=ORIENTED_EDGE('',*,*,#5644,.F.);
#3314=ORIENTED_EDGE('',*,*,#5655,.F.);
#3315=ORIENTED_EDGE('',*,*,#5651,.F.);
#3316=ORIENTED_EDGE('',*,*,#5648,.T.);
#3317=ORIENTED_EDGE('',*,*,#5632,.F.);
#3318=ORIENTED_EDGE('',*,*,#5643,.F.);
#3319=ORIENTED_EDGE('',*,*,#5639,.F.);
#3320=ORIENTED_EDGE('',*,*,#5636,.T.);
#3321=ORIENTED_EDGE('',*,*,#5620,.F.);
#3322=ORIENTED_EDGE('',*,*,#5631,.F.);
#3323=ORIENTED_EDGE('',*,*,#5627,.F.);
#3324=ORIENTED_EDGE('',*,*,#5624,.T.);
#3325=ORIENTED_EDGE('',*,*,#5608,.F.);
#3326=ORIENTED_EDGE('',*,*,#5619,.F.);
#3327=ORIENTED_EDGE('',*,*,#5615,.F.);
#3328=ORIENTED_EDGE('',*,*,#5612,.T.);
#3329=ORIENTED_EDGE('',*,*,#5596,.F.);
#3330=ORIENTED_EDGE('',*,*,#5607,.F.);
#3331=ORIENTED_EDGE('',*,*,#5603,.F.);
#3332=ORIENTED_EDGE('',*,*,#5600,.T.);
#3333=ORIENTED_EDGE('',*,*,#5584,.F.);
#3334=ORIENTED_EDGE('',*,*,#5595,.F.);
#3335=ORIENTED_EDGE('',*,*,#5591,.F.);
#3336=ORIENTED_EDGE('',*,*,#5588,.T.);
#3337=ORIENTED_EDGE('',*,*,#5572,.F.);
#3338=ORIENTED_EDGE('',*,*,#5583,.F.);
#3339=ORIENTED_EDGE('',*,*,#5579,.F.);
#3340=ORIENTED_EDGE('',*,*,#5576,.T.);
#3341=ORIENTED_EDGE('',*,*,#5560,.F.);
#3342=ORIENTED_EDGE('',*,*,#5571,.F.);
#3343=ORIENTED_EDGE('',*,*,#5567,.F.);
#3344=ORIENTED_EDGE('',*,*,#5564,.T.);
#3345=ORIENTED_EDGE('',*,*,#5548,.F.);
#3346=ORIENTED_EDGE('',*,*,#5559,.F.);
#3347=ORIENTED_EDGE('',*,*,#5555,.F.);
#3348=ORIENTED_EDGE('',*,*,#5552,.T.);
#3349=ORIENTED_EDGE('',*,*,#5536,.F.);
#3350=ORIENTED_EDGE('',*,*,#5547,.F.);
#3351=ORIENTED_EDGE('',*,*,#5543,.F.);
#3352=ORIENTED_EDGE('',*,*,#5540,.T.);
#3353=ORIENTED_EDGE('',*,*,#5524,.F.);
#3354=ORIENTED_EDGE('',*,*,#5535,.F.);
#3355=ORIENTED_EDGE('',*,*,#5531,.F.);
#3356=ORIENTED_EDGE('',*,*,#5528,.T.);
#3357=ORIENTED_EDGE('',*,*,#5511,.F.);
#3358=ORIENTED_EDGE('',*,*,#5523,.F.);
#3359=ORIENTED_EDGE('',*,*,#5519,.F.);
#3360=ORIENTED_EDGE('',*,*,#5516,.T.);
#3361=ORIENTED_EDGE('',*,*,#5509,.T.);
#3362=ORIENTED_EDGE('',*,*,#5969,.T.);
#3363=ORIENTED_EDGE('',*,*,#5988,.F.);
#3364=ORIENTED_EDGE('',*,*,#5989,.F.);
#3365=ORIENTED_EDGE('',*,*,#5983,.T.);
#3366=ORIENTED_EDGE('',*,*,#5989,.T.);
#3367=ORIENTED_EDGE('',*,*,#5987,.T.);
#3368=ORIENTED_EDGE('',*,*,#5990,.F.);
#3369=ORIENTED_EDGE('',*,*,#5984,.F.);
#3370=ORIENTED_EDGE('',*,*,#5985,.F.);
#3371=ORIENTED_EDGE('',*,*,#5990,.T.);
#3372=ORIENTED_EDGE('',*,*,#5986,.T.);
#3373=ORIENTED_EDGE('',*,*,#5982,.F.);
#3374=ORIENTED_EDGE('',*,*,#4247,.F.);
#3375=ORIENTED_EDGE('',*,*,#5991,.F.);
#3376=ORIENTED_EDGE('',*,*,#5992,.F.);
#3377=ORIENTED_EDGE('',*,*,#5993,.T.);
#3378=ORIENTED_EDGE('',*,*,#4250,.T.);
#3379=ORIENTED_EDGE('',*,*,#4274,.T.);
#3380=ORIENTED_EDGE('',*,*,#4261,.F.);
#3381=ORIENTED_EDGE('',*,*,#4254,.F.);
#3382=ORIENTED_EDGE('',*,*,#4258,.T.);
#3383=ORIENTED_EDGE('',*,*,#4260,.T.);
#3384=ORIENTED_EDGE('',*,*,#4248,.T.);
#3385=ORIENTED_EDGE('',*,*,#5993,.F.);
#3386=ORIENTED_EDGE('',*,*,#5994,.F.);
#3387=ORIENTED_EDGE('',*,*,#5995,.T.);
#3388=ORIENTED_EDGE('',*,*,#5996,.T.);
#3389=ORIENTED_EDGE('',*,*,#5997,.T.);
#3390=ORIENTED_EDGE('',*,*,#5506,.F.);
#3391=ORIENTED_EDGE('',*,*,#5496,.F.);
#3392=ORIENTED_EDGE('',*,*,#5500,.T.);
#3393=ORIENTED_EDGE('',*,*,#5503,.T.);
#3394=ORIENTED_EDGE('',*,*,#5504,.T.);
#3395=ORIENTED_EDGE('',*,*,#5491,.F.);
#3396=ORIENTED_EDGE('',*,*,#5481,.F.);
#3397=ORIENTED_EDGE('',*,*,#5485,.T.);
#3398=ORIENTED_EDGE('',*,*,#5488,.T.);
#3399=ORIENTED_EDGE('',*,*,#5489,.T.);
#3400=ORIENTED_EDGE('',*,*,#5476,.F.);
#3401=ORIENTED_EDGE('',*,*,#5466,.F.);
#3402=ORIENTED_EDGE('',*,*,#5470,.T.);
#3403=ORIENTED_EDGE('',*,*,#5473,.T.);
#3404=ORIENTED_EDGE('',*,*,#5474,.T.);
#3405=ORIENTED_EDGE('',*,*,#5461,.F.);
#3406=ORIENTED_EDGE('',*,*,#5451,.F.);
#3407=ORIENTED_EDGE('',*,*,#5455,.T.);
#3408=ORIENTED_EDGE('',*,*,#5458,.T.);
#3409=ORIENTED_EDGE('',*,*,#5459,.T.);
#3410=ORIENTED_EDGE('',*,*,#5446,.F.);
#3411=ORIENTED_EDGE('',*,*,#5436,.F.);
#3412=ORIENTED_EDGE('',*,*,#5440,.T.);
#3413=ORIENTED_EDGE('',*,*,#5443,.T.);
#3414=ORIENTED_EDGE('',*,*,#5444,.T.);
#3415=ORIENTED_EDGE('',*,*,#5431,.F.);
#3416=ORIENTED_EDGE('',*,*,#5421,.F.);
#3417=ORIENTED_EDGE('',*,*,#5425,.T.);
#3418=ORIENTED_EDGE('',*,*,#5428,.T.);
#3419=ORIENTED_EDGE('',*,*,#5429,.T.);
#3420=ORIENTED_EDGE('',*,*,#5416,.F.);
#3421=ORIENTED_EDGE('',*,*,#5406,.F.);
#3422=ORIENTED_EDGE('',*,*,#5410,.T.);
#3423=ORIENTED_EDGE('',*,*,#5413,.T.);
#3424=ORIENTED_EDGE('',*,*,#5414,.T.);
#3425=ORIENTED_EDGE('',*,*,#5401,.F.);
#3426=ORIENTED_EDGE('',*,*,#5391,.F.);
#3427=ORIENTED_EDGE('',*,*,#5395,.T.);
#3428=ORIENTED_EDGE('',*,*,#5398,.T.);
#3429=ORIENTED_EDGE('',*,*,#5399,.T.);
#3430=ORIENTED_EDGE('',*,*,#5386,.F.);
#3431=ORIENTED_EDGE('',*,*,#5376,.F.);
#3432=ORIENTED_EDGE('',*,*,#5380,.T.);
#3433=ORIENTED_EDGE('',*,*,#5383,.T.);
#3434=ORIENTED_EDGE('',*,*,#5384,.T.);
#3435=ORIENTED_EDGE('',*,*,#5371,.F.);
#3436=ORIENTED_EDGE('',*,*,#5361,.F.);
#3437=ORIENTED_EDGE('',*,*,#5365,.T.);
#3438=ORIENTED_EDGE('',*,*,#5368,.T.);
#3439=ORIENTED_EDGE('',*,*,#5369,.T.);
#3440=ORIENTED_EDGE('',*,*,#5356,.F.);
#3441=ORIENTED_EDGE('',*,*,#5346,.F.);
#3442=ORIENTED_EDGE('',*,*,#5350,.T.);
#3443=ORIENTED_EDGE('',*,*,#5353,.T.);
#3444=ORIENTED_EDGE('',*,*,#5354,.T.);
#3445=ORIENTED_EDGE('',*,*,#5341,.F.);
#3446=ORIENTED_EDGE('',*,*,#5331,.F.);
#3447=ORIENTED_EDGE('',*,*,#5335,.T.);
#3448=ORIENTED_EDGE('',*,*,#5338,.T.);
#3449=ORIENTED_EDGE('',*,*,#5339,.T.);
#3450=ORIENTED_EDGE('',*,*,#5326,.F.);
#3451=ORIENTED_EDGE('',*,*,#5316,.F.);
#3452=ORIENTED_EDGE('',*,*,#5320,.T.);
#3453=ORIENTED_EDGE('',*,*,#5323,.T.);
#3454=ORIENTED_EDGE('',*,*,#5324,.T.);
#3455=ORIENTED_EDGE('',*,*,#5311,.F.);
#3456=ORIENTED_EDGE('',*,*,#5301,.F.);
#3457=ORIENTED_EDGE('',*,*,#5305,.T.);
#3458=ORIENTED_EDGE('',*,*,#5308,.T.);
#3459=ORIENTED_EDGE('',*,*,#5309,.T.);
#3460=ORIENTED_EDGE('',*,*,#5296,.F.);
#3461=ORIENTED_EDGE('',*,*,#5286,.F.);
#3462=ORIENTED_EDGE('',*,*,#5290,.T.);
#3463=ORIENTED_EDGE('',*,*,#5293,.T.);
#3464=ORIENTED_EDGE('',*,*,#5294,.T.);
#3465=ORIENTED_EDGE('',*,*,#5281,.F.);
#3466=ORIENTED_EDGE('',*,*,#5271,.F.);
#3467=ORIENTED_EDGE('',*,*,#5275,.T.);
#3468=ORIENTED_EDGE('',*,*,#5278,.T.);
#3469=ORIENTED_EDGE('',*,*,#5279,.T.);
#3470=ORIENTED_EDGE('',*,*,#5266,.F.);
#3471=ORIENTED_EDGE('',*,*,#5256,.F.);
#3472=ORIENTED_EDGE('',*,*,#5260,.T.);
#3473=ORIENTED_EDGE('',*,*,#5263,.T.);
#3474=ORIENTED_EDGE('',*,*,#5264,.T.);
#3475=ORIENTED_EDGE('',*,*,#5251,.F.);
#3476=ORIENTED_EDGE('',*,*,#5241,.F.);
#3477=ORIENTED_EDGE('',*,*,#5245,.T.);
#3478=ORIENTED_EDGE('',*,*,#5248,.T.);
#3479=ORIENTED_EDGE('',*,*,#5249,.T.);
#3480=ORIENTED_EDGE('',*,*,#5236,.F.);
#3481=ORIENTED_EDGE('',*,*,#5226,.F.);
#3482=ORIENTED_EDGE('',*,*,#5230,.T.);
#3483=ORIENTED_EDGE('',*,*,#5233,.T.);
#3484=ORIENTED_EDGE('',*,*,#5234,.T.);
#3485=ORIENTED_EDGE('',*,*,#5221,.F.);
#3486=ORIENTED_EDGE('',*,*,#5211,.F.);
#3487=ORIENTED_EDGE('',*,*,#5215,.T.);
#3488=ORIENTED_EDGE('',*,*,#5218,.T.);
#3489=ORIENTED_EDGE('',*,*,#5219,.T.);
#3490=ORIENTED_EDGE('',*,*,#5206,.F.);
#3491=ORIENTED_EDGE('',*,*,#5196,.F.);
#3492=ORIENTED_EDGE('',*,*,#5200,.T.);
#3493=ORIENTED_EDGE('',*,*,#5203,.T.);
#3494=ORIENTED_EDGE('',*,*,#5204,.T.);
#3495=ORIENTED_EDGE('',*,*,#5191,.F.);
#3496=ORIENTED_EDGE('',*,*,#5181,.F.);
#3497=ORIENTED_EDGE('',*,*,#5185,.T.);
#3498=ORIENTED_EDGE('',*,*,#5188,.T.);
#3499=ORIENTED_EDGE('',*,*,#5189,.T.);
#3500=ORIENTED_EDGE('',*,*,#5176,.F.);
#3501=ORIENTED_EDGE('',*,*,#5166,.F.);
#3502=ORIENTED_EDGE('',*,*,#5170,.T.);
#3503=ORIENTED_EDGE('',*,*,#5173,.T.);
#3504=ORIENTED_EDGE('',*,*,#5174,.T.);
#3505=ORIENTED_EDGE('',*,*,#5161,.F.);
#3506=ORIENTED_EDGE('',*,*,#5151,.F.);
#3507=ORIENTED_EDGE('',*,*,#5155,.T.);
#3508=ORIENTED_EDGE('',*,*,#5158,.T.);
#3509=ORIENTED_EDGE('',*,*,#5159,.T.);
#3510=ORIENTED_EDGE('',*,*,#5146,.F.);
#3511=ORIENTED_EDGE('',*,*,#5136,.F.);
#3512=ORIENTED_EDGE('',*,*,#5140,.T.);
#3513=ORIENTED_EDGE('',*,*,#5143,.T.);
#3514=ORIENTED_EDGE('',*,*,#5144,.T.);
#3515=ORIENTED_EDGE('',*,*,#5131,.F.);
#3516=ORIENTED_EDGE('',*,*,#5121,.F.);
#3517=ORIENTED_EDGE('',*,*,#5125,.T.);
#3518=ORIENTED_EDGE('',*,*,#5128,.T.);
#3519=ORIENTED_EDGE('',*,*,#5129,.T.);
#3520=ORIENTED_EDGE('',*,*,#5116,.F.);
#3521=ORIENTED_EDGE('',*,*,#5106,.F.);
#3522=ORIENTED_EDGE('',*,*,#5110,.T.);
#3523=ORIENTED_EDGE('',*,*,#5113,.T.);
#3524=ORIENTED_EDGE('',*,*,#5114,.T.);
#3525=ORIENTED_EDGE('',*,*,#5101,.F.);
#3526=ORIENTED_EDGE('',*,*,#5091,.F.);
#3527=ORIENTED_EDGE('',*,*,#5095,.T.);
#3528=ORIENTED_EDGE('',*,*,#5098,.T.);
#3529=ORIENTED_EDGE('',*,*,#5099,.T.);
#3530=ORIENTED_EDGE('',*,*,#5086,.F.);
#3531=ORIENTED_EDGE('',*,*,#5076,.F.);
#3532=ORIENTED_EDGE('',*,*,#5080,.T.);
#3533=ORIENTED_EDGE('',*,*,#5083,.T.);
#3534=ORIENTED_EDGE('',*,*,#5084,.T.);
#3535=ORIENTED_EDGE('',*,*,#5071,.F.);
#3536=ORIENTED_EDGE('',*,*,#5061,.F.);
#3537=ORIENTED_EDGE('',*,*,#5065,.T.);
#3538=ORIENTED_EDGE('',*,*,#5068,.T.);
#3539=ORIENTED_EDGE('',*,*,#5069,.T.);
#3540=ORIENTED_EDGE('',*,*,#5056,.F.);
#3541=ORIENTED_EDGE('',*,*,#5046,.F.);
#3542=ORIENTED_EDGE('',*,*,#5050,.T.);
#3543=ORIENTED_EDGE('',*,*,#5053,.T.);
#3544=ORIENTED_EDGE('',*,*,#5054,.T.);
#3545=ORIENTED_EDGE('',*,*,#5041,.F.);
#3546=ORIENTED_EDGE('',*,*,#5031,.F.);
#3547=ORIENTED_EDGE('',*,*,#5035,.T.);
#3548=ORIENTED_EDGE('',*,*,#5038,.T.);
#3549=ORIENTED_EDGE('',*,*,#5039,.T.);
#3550=ORIENTED_EDGE('',*,*,#5026,.F.);
#3551=ORIENTED_EDGE('',*,*,#5016,.F.);
#3552=ORIENTED_EDGE('',*,*,#5020,.T.);
#3553=ORIENTED_EDGE('',*,*,#5023,.T.);
#3554=ORIENTED_EDGE('',*,*,#5024,.T.);
#3555=ORIENTED_EDGE('',*,*,#5011,.F.);
#3556=ORIENTED_EDGE('',*,*,#5001,.F.);
#3557=ORIENTED_EDGE('',*,*,#5005,.T.);
#3558=ORIENTED_EDGE('',*,*,#5008,.T.);
#3559=ORIENTED_EDGE('',*,*,#5009,.T.);
#3560=ORIENTED_EDGE('',*,*,#4996,.F.);
#3561=ORIENTED_EDGE('',*,*,#4986,.F.);
#3562=ORIENTED_EDGE('',*,*,#4990,.T.);
#3563=ORIENTED_EDGE('',*,*,#4993,.T.);
#3564=ORIENTED_EDGE('',*,*,#4994,.T.);
#3565=ORIENTED_EDGE('',*,*,#4981,.F.);
#3566=ORIENTED_EDGE('',*,*,#4971,.F.);
#3567=ORIENTED_EDGE('',*,*,#4975,.T.);
#3568=ORIENTED_EDGE('',*,*,#4978,.T.);
#3569=ORIENTED_EDGE('',*,*,#4979,.T.);
#3570=ORIENTED_EDGE('',*,*,#4966,.F.);
#3571=ORIENTED_EDGE('',*,*,#4956,.F.);
#3572=ORIENTED_EDGE('',*,*,#4960,.T.);
#3573=ORIENTED_EDGE('',*,*,#4963,.T.);
#3574=ORIENTED_EDGE('',*,*,#4964,.T.);
#3575=ORIENTED_EDGE('',*,*,#4951,.F.);
#3576=ORIENTED_EDGE('',*,*,#4941,.F.);
#3577=ORIENTED_EDGE('',*,*,#4945,.T.);
#3578=ORIENTED_EDGE('',*,*,#4948,.T.);
#3579=ORIENTED_EDGE('',*,*,#4949,.T.);
#3580=ORIENTED_EDGE('',*,*,#4936,.F.);
#3581=ORIENTED_EDGE('',*,*,#4926,.F.);
#3582=ORIENTED_EDGE('',*,*,#4930,.T.);
#3583=ORIENTED_EDGE('',*,*,#4933,.T.);
#3584=ORIENTED_EDGE('',*,*,#4934,.T.);
#3585=ORIENTED_EDGE('',*,*,#4921,.F.);
#3586=ORIENTED_EDGE('',*,*,#4911,.F.);
#3587=ORIENTED_EDGE('',*,*,#4915,.T.);
#3588=ORIENTED_EDGE('',*,*,#4918,.T.);
#3589=ORIENTED_EDGE('',*,*,#4919,.T.);
#3590=ORIENTED_EDGE('',*,*,#4906,.F.);
#3591=ORIENTED_EDGE('',*,*,#4896,.F.);
#3592=ORIENTED_EDGE('',*,*,#4900,.T.);
#3593=ORIENTED_EDGE('',*,*,#4903,.T.);
#3594=ORIENTED_EDGE('',*,*,#4904,.T.);
#3595=ORIENTED_EDGE('',*,*,#4891,.F.);
#3596=ORIENTED_EDGE('',*,*,#4881,.F.);
#3597=ORIENTED_EDGE('',*,*,#4885,.T.);
#3598=ORIENTED_EDGE('',*,*,#4888,.T.);
#3599=ORIENTED_EDGE('',*,*,#4889,.T.);
#3600=ORIENTED_EDGE('',*,*,#4876,.F.);
#3601=ORIENTED_EDGE('',*,*,#4866,.F.);
#3602=ORIENTED_EDGE('',*,*,#4870,.T.);
#3603=ORIENTED_EDGE('',*,*,#4873,.T.);
#3604=ORIENTED_EDGE('',*,*,#4874,.T.);
#3605=ORIENTED_EDGE('',*,*,#4861,.F.);
#3606=ORIENTED_EDGE('',*,*,#4851,.F.);
#3607=ORIENTED_EDGE('',*,*,#4855,.T.);
#3608=ORIENTED_EDGE('',*,*,#4858,.T.);
#3609=ORIENTED_EDGE('',*,*,#4859,.T.);
#3610=ORIENTED_EDGE('',*,*,#4846,.F.);
#3611=ORIENTED_EDGE('',*,*,#4836,.F.);
#3612=ORIENTED_EDGE('',*,*,#4840,.T.);
#3613=ORIENTED_EDGE('',*,*,#4843,.T.);
#3614=ORIENTED_EDGE('',*,*,#4844,.T.);
#3615=ORIENTED_EDGE('',*,*,#4831,.F.);
#3616=ORIENTED_EDGE('',*,*,#4821,.F.);
#3617=ORIENTED_EDGE('',*,*,#4825,.T.);
#3618=ORIENTED_EDGE('',*,*,#4828,.T.);
#3619=ORIENTED_EDGE('',*,*,#4829,.T.);
#3620=ORIENTED_EDGE('',*,*,#4816,.F.);
#3621=ORIENTED_EDGE('',*,*,#4806,.F.);
#3622=ORIENTED_EDGE('',*,*,#4810,.T.);
#3623=ORIENTED_EDGE('',*,*,#4813,.T.);
#3624=ORIENTED_EDGE('',*,*,#4814,.T.);
#3625=ORIENTED_EDGE('',*,*,#4801,.F.);
#3626=ORIENTED_EDGE('',*,*,#4791,.F.);
#3627=ORIENTED_EDGE('',*,*,#4795,.T.);
#3628=ORIENTED_EDGE('',*,*,#4798,.T.);
#3629=ORIENTED_EDGE('',*,*,#4799,.T.);
#3630=ORIENTED_EDGE('',*,*,#4786,.F.);
#3631=ORIENTED_EDGE('',*,*,#4776,.F.);
#3632=ORIENTED_EDGE('',*,*,#4780,.T.);
#3633=ORIENTED_EDGE('',*,*,#4783,.T.);
#3634=ORIENTED_EDGE('',*,*,#4784,.T.);
#3635=ORIENTED_EDGE('',*,*,#4771,.F.);
#3636=ORIENTED_EDGE('',*,*,#4761,.F.);
#3637=ORIENTED_EDGE('',*,*,#4765,.T.);
#3638=ORIENTED_EDGE('',*,*,#4768,.T.);
#3639=ORIENTED_EDGE('',*,*,#4769,.T.);
#3640=ORIENTED_EDGE('',*,*,#4756,.F.);
#3641=ORIENTED_EDGE('',*,*,#4746,.F.);
#3642=ORIENTED_EDGE('',*,*,#4750,.T.);
#3643=ORIENTED_EDGE('',*,*,#4753,.T.);
#3644=ORIENTED_EDGE('',*,*,#4754,.T.);
#3645=ORIENTED_EDGE('',*,*,#4741,.F.);
#3646=ORIENTED_EDGE('',*,*,#4731,.F.);
#3647=ORIENTED_EDGE('',*,*,#4735,.T.);
#3648=ORIENTED_EDGE('',*,*,#4738,.T.);
#3649=ORIENTED_EDGE('',*,*,#4739,.T.);
#3650=ORIENTED_EDGE('',*,*,#4726,.F.);
#3651=ORIENTED_EDGE('',*,*,#4716,.F.);
#3652=ORIENTED_EDGE('',*,*,#4720,.T.);
#3653=ORIENTED_EDGE('',*,*,#4723,.T.);
#3654=ORIENTED_EDGE('',*,*,#4724,.T.);
#3655=ORIENTED_EDGE('',*,*,#4711,.F.);
#3656=ORIENTED_EDGE('',*,*,#4701,.F.);
#3657=ORIENTED_EDGE('',*,*,#4705,.T.);
#3658=ORIENTED_EDGE('',*,*,#4708,.T.);
#3659=ORIENTED_EDGE('',*,*,#4709,.T.);
#3660=ORIENTED_EDGE('',*,*,#4696,.F.);
#3661=ORIENTED_EDGE('',*,*,#4686,.F.);
#3662=ORIENTED_EDGE('',*,*,#4690,.T.);
#3663=ORIENTED_EDGE('',*,*,#4693,.T.);
#3664=ORIENTED_EDGE('',*,*,#4694,.T.);
#3665=ORIENTED_EDGE('',*,*,#4681,.F.);
#3666=ORIENTED_EDGE('',*,*,#4671,.F.);
#3667=ORIENTED_EDGE('',*,*,#4675,.T.);
#3668=ORIENTED_EDGE('',*,*,#4678,.T.);
#3669=ORIENTED_EDGE('',*,*,#4679,.T.);
#3670=ORIENTED_EDGE('',*,*,#4666,.F.);
#3671=ORIENTED_EDGE('',*,*,#4656,.F.);
#3672=ORIENTED_EDGE('',*,*,#4660,.T.);
#3673=ORIENTED_EDGE('',*,*,#4663,.T.);
#3674=ORIENTED_EDGE('',*,*,#4664,.T.);
#3675=ORIENTED_EDGE('',*,*,#4651,.F.);
#3676=ORIENTED_EDGE('',*,*,#4641,.F.);
#3677=ORIENTED_EDGE('',*,*,#4645,.T.);
#3678=ORIENTED_EDGE('',*,*,#4648,.T.);
#3679=ORIENTED_EDGE('',*,*,#4649,.T.);
#3680=ORIENTED_EDGE('',*,*,#4636,.F.);
#3681=ORIENTED_EDGE('',*,*,#4626,.F.);
#3682=ORIENTED_EDGE('',*,*,#4630,.T.);
#3683=ORIENTED_EDGE('',*,*,#4633,.T.);
#3684=ORIENTED_EDGE('',*,*,#4634,.T.);
#3685=ORIENTED_EDGE('',*,*,#4621,.F.);
#3686=ORIENTED_EDGE('',*,*,#4611,.F.);
#3687=ORIENTED_EDGE('',*,*,#4615,.T.);
#3688=ORIENTED_EDGE('',*,*,#4618,.T.);
#3689=ORIENTED_EDGE('',*,*,#4619,.T.);
#3690=ORIENTED_EDGE('',*,*,#4606,.F.);
#3691=ORIENTED_EDGE('',*,*,#4596,.F.);
#3692=ORIENTED_EDGE('',*,*,#4600,.T.);
#3693=ORIENTED_EDGE('',*,*,#4603,.T.);
#3694=ORIENTED_EDGE('',*,*,#4604,.T.);
#3695=ORIENTED_EDGE('',*,*,#4591,.F.);
#3696=ORIENTED_EDGE('',*,*,#4581,.F.);
#3697=ORIENTED_EDGE('',*,*,#4585,.T.);
#3698=ORIENTED_EDGE('',*,*,#4588,.T.);
#3699=ORIENTED_EDGE('',*,*,#4589,.T.);
#3700=ORIENTED_EDGE('',*,*,#4576,.F.);
#3701=ORIENTED_EDGE('',*,*,#4566,.F.);
#3702=ORIENTED_EDGE('',*,*,#4570,.T.);
#3703=ORIENTED_EDGE('',*,*,#4573,.T.);
#3704=ORIENTED_EDGE('',*,*,#4574,.T.);
#3705=ORIENTED_EDGE('',*,*,#4561,.F.);
#3706=ORIENTED_EDGE('',*,*,#4551,.F.);
#3707=ORIENTED_EDGE('',*,*,#4555,.T.);
#3708=ORIENTED_EDGE('',*,*,#4558,.T.);
#3709=ORIENTED_EDGE('',*,*,#4559,.T.);
#3710=ORIENTED_EDGE('',*,*,#4546,.F.);
#3711=ORIENTED_EDGE('',*,*,#4536,.F.);
#3712=ORIENTED_EDGE('',*,*,#4540,.T.);
#3713=ORIENTED_EDGE('',*,*,#4543,.T.);
#3714=ORIENTED_EDGE('',*,*,#4544,.T.);
#3715=ORIENTED_EDGE('',*,*,#4531,.F.);
#3716=ORIENTED_EDGE('',*,*,#4521,.F.);
#3717=ORIENTED_EDGE('',*,*,#4525,.T.);
#3718=ORIENTED_EDGE('',*,*,#4528,.T.);
#3719=ORIENTED_EDGE('',*,*,#4529,.T.);
#3720=ORIENTED_EDGE('',*,*,#4516,.F.);
#3721=ORIENTED_EDGE('',*,*,#4506,.F.);
#3722=ORIENTED_EDGE('',*,*,#4510,.T.);
#3723=ORIENTED_EDGE('',*,*,#4513,.T.);
#3724=ORIENTED_EDGE('',*,*,#4514,.T.);
#3725=ORIENTED_EDGE('',*,*,#4501,.F.);
#3726=ORIENTED_EDGE('',*,*,#4491,.F.);
#3727=ORIENTED_EDGE('',*,*,#4495,.T.);
#3728=ORIENTED_EDGE('',*,*,#4498,.T.);
#3729=ORIENTED_EDGE('',*,*,#4499,.T.);
#3730=ORIENTED_EDGE('',*,*,#4486,.F.);
#3731=ORIENTED_EDGE('',*,*,#4476,.F.);
#3732=ORIENTED_EDGE('',*,*,#4480,.T.);
#3733=ORIENTED_EDGE('',*,*,#4483,.T.);
#3734=ORIENTED_EDGE('',*,*,#4484,.T.);
#3735=ORIENTED_EDGE('',*,*,#4471,.F.);
#3736=ORIENTED_EDGE('',*,*,#4461,.F.);
#3737=ORIENTED_EDGE('',*,*,#4465,.T.);
#3738=ORIENTED_EDGE('',*,*,#4468,.T.);
#3739=ORIENTED_EDGE('',*,*,#4469,.T.);
#3740=ORIENTED_EDGE('',*,*,#4456,.F.);
#3741=ORIENTED_EDGE('',*,*,#4446,.F.);
#3742=ORIENTED_EDGE('',*,*,#4450,.T.);
#3743=ORIENTED_EDGE('',*,*,#4453,.T.);
#3744=ORIENTED_EDGE('',*,*,#4454,.T.);
#3745=ORIENTED_EDGE('',*,*,#4441,.F.);
#3746=ORIENTED_EDGE('',*,*,#4431,.F.);
#3747=ORIENTED_EDGE('',*,*,#4435,.T.);
#3748=ORIENTED_EDGE('',*,*,#4438,.T.);
#3749=ORIENTED_EDGE('',*,*,#4439,.T.);
#3750=ORIENTED_EDGE('',*,*,#4426,.F.);
#3751=ORIENTED_EDGE('',*,*,#4416,.F.);
#3752=ORIENTED_EDGE('',*,*,#4420,.T.);
#3753=ORIENTED_EDGE('',*,*,#4423,.T.);
#3754=ORIENTED_EDGE('',*,*,#4424,.T.);
#3755=ORIENTED_EDGE('',*,*,#4411,.F.);
#3756=ORIENTED_EDGE('',*,*,#4401,.F.);
#3757=ORIENTED_EDGE('',*,*,#4405,.T.);
#3758=ORIENTED_EDGE('',*,*,#4408,.T.);
#3759=ORIENTED_EDGE('',*,*,#4409,.T.);
#3760=ORIENTED_EDGE('',*,*,#4396,.F.);
#3761=ORIENTED_EDGE('',*,*,#4386,.F.);
#3762=ORIENTED_EDGE('',*,*,#4390,.T.);
#3763=ORIENTED_EDGE('',*,*,#4393,.T.);
#3764=ORIENTED_EDGE('',*,*,#4394,.T.);
#3765=ORIENTED_EDGE('',*,*,#4381,.F.);
#3766=ORIENTED_EDGE('',*,*,#4371,.F.);
#3767=ORIENTED_EDGE('',*,*,#4375,.T.);
#3768=ORIENTED_EDGE('',*,*,#4378,.T.);
#3769=ORIENTED_EDGE('',*,*,#4379,.T.);
#3770=ORIENTED_EDGE('',*,*,#4366,.F.);
#3771=ORIENTED_EDGE('',*,*,#4356,.F.);
#3772=ORIENTED_EDGE('',*,*,#4360,.T.);
#3773=ORIENTED_EDGE('',*,*,#4363,.T.);
#3774=ORIENTED_EDGE('',*,*,#4364,.T.);
#3775=ORIENTED_EDGE('',*,*,#4351,.F.);
#3776=ORIENTED_EDGE('',*,*,#4341,.F.);
#3777=ORIENTED_EDGE('',*,*,#4345,.T.);
#3778=ORIENTED_EDGE('',*,*,#4348,.T.);
#3779=ORIENTED_EDGE('',*,*,#4349,.T.);
#3780=ORIENTED_EDGE('',*,*,#4336,.F.);
#3781=ORIENTED_EDGE('',*,*,#4326,.F.);
#3782=ORIENTED_EDGE('',*,*,#4330,.T.);
#3783=ORIENTED_EDGE('',*,*,#4333,.T.);
#3784=ORIENTED_EDGE('',*,*,#4334,.T.);
#3785=ORIENTED_EDGE('',*,*,#4321,.F.);
#3786=ORIENTED_EDGE('',*,*,#4311,.F.);
#3787=ORIENTED_EDGE('',*,*,#4315,.T.);
#3788=ORIENTED_EDGE('',*,*,#4318,.T.);
#3789=ORIENTED_EDGE('',*,*,#4319,.T.);
#3790=ORIENTED_EDGE('',*,*,#4306,.F.);
#3791=ORIENTED_EDGE('',*,*,#4296,.F.);
#3792=ORIENTED_EDGE('',*,*,#4300,.T.);
#3793=ORIENTED_EDGE('',*,*,#4303,.T.);
#3794=ORIENTED_EDGE('',*,*,#4304,.T.);
#3795=ORIENTED_EDGE('',*,*,#4291,.F.);
#3796=ORIENTED_EDGE('',*,*,#4281,.F.);
#3797=ORIENTED_EDGE('',*,*,#4285,.T.);
#3798=ORIENTED_EDGE('',*,*,#4288,.T.);
#3799=ORIENTED_EDGE('',*,*,#4289,.T.);
#3800=ORIENTED_EDGE('',*,*,#4276,.F.);
#3801=ORIENTED_EDGE('',*,*,#4266,.F.);
#3802=ORIENTED_EDGE('',*,*,#4270,.T.);
#3803=ORIENTED_EDGE('',*,*,#4273,.T.);
#3804=ORIENTED_EDGE('',*,*,#5510,.F.);
#3805=ORIENTED_EDGE('',*,*,#5991,.T.);
#3806=ORIENTED_EDGE('',*,*,#4246,.F.);
#3807=ORIENTED_EDGE('',*,*,#4259,.F.);
#3808=ORIENTED_EDGE('',*,*,#4256,.F.);
#3809=ORIENTED_EDGE('',*,*,#4252,.T.);
#3810=ORIENTED_EDGE('',*,*,#4263,.T.);
#3811=ORIENTED_EDGE('',*,*,#4275,.F.);
#3812=ORIENTED_EDGE('',*,*,#4271,.F.);
#3813=ORIENTED_EDGE('',*,*,#4268,.F.);
#3814=ORIENTED_EDGE('',*,*,#4264,.T.);
#3815=ORIENTED_EDGE('',*,*,#4278,.T.);
#3816=ORIENTED_EDGE('',*,*,#4290,.F.);
#3817=ORIENTED_EDGE('',*,*,#4286,.F.);
#3818=ORIENTED_EDGE('',*,*,#4283,.F.);
#3819=ORIENTED_EDGE('',*,*,#4279,.T.);
#3820=ORIENTED_EDGE('',*,*,#4293,.T.);
#3821=ORIENTED_EDGE('',*,*,#4305,.F.);
#3822=ORIENTED_EDGE('',*,*,#4301,.F.);
#3823=ORIENTED_EDGE('',*,*,#4298,.F.);
#3824=ORIENTED_EDGE('',*,*,#4294,.T.);
#3825=ORIENTED_EDGE('',*,*,#4308,.T.);
#3826=ORIENTED_EDGE('',*,*,#4320,.F.);
#3827=ORIENTED_EDGE('',*,*,#4316,.F.);
#3828=ORIENTED_EDGE('',*,*,#4313,.F.);
#3829=ORIENTED_EDGE('',*,*,#4309,.T.);
#3830=ORIENTED_EDGE('',*,*,#4323,.T.);
#3831=ORIENTED_EDGE('',*,*,#4335,.F.);
#3832=ORIENTED_EDGE('',*,*,#4331,.F.);
#3833=ORIENTED_EDGE('',*,*,#4328,.F.);
#3834=ORIENTED_EDGE('',*,*,#4324,.T.);
#3835=ORIENTED_EDGE('',*,*,#4338,.T.);
#3836=ORIENTED_EDGE('',*,*,#4350,.F.);
#3837=ORIENTED_EDGE('',*,*,#4346,.F.);
#3838=ORIENTED_EDGE('',*,*,#4343,.F.);
#3839=ORIENTED_EDGE('',*,*,#4339,.T.);
#3840=ORIENTED_EDGE('',*,*,#4353,.T.);
#3841=ORIENTED_EDGE('',*,*,#4365,.F.);
#3842=ORIENTED_EDGE('',*,*,#4361,.F.);
#3843=ORIENTED_EDGE('',*,*,#4358,.F.);
#3844=ORIENTED_EDGE('',*,*,#4354,.T.);
#3845=ORIENTED_EDGE('',*,*,#4368,.T.);
#3846=ORIENTED_EDGE('',*,*,#4380,.F.);
#3847=ORIENTED_EDGE('',*,*,#4376,.F.);
#3848=ORIENTED_EDGE('',*,*,#4373,.F.);
#3849=ORIENTED_EDGE('',*,*,#4369,.T.);
#3850=ORIENTED_EDGE('',*,*,#4383,.T.);
#3851=ORIENTED_EDGE('',*,*,#4395,.F.);
#3852=ORIENTED_EDGE('',*,*,#4391,.F.);
#3853=ORIENTED_EDGE('',*,*,#4388,.F.);
#3854=ORIENTED_EDGE('',*,*,#4384,.T.);
#3855=ORIENTED_EDGE('',*,*,#4398,.T.);
#3856=ORIENTED_EDGE('',*,*,#4410,.F.);
#3857=ORIENTED_EDGE('',*,*,#4406,.F.);
#3858=ORIENTED_EDGE('',*,*,#4403,.F.);
#3859=ORIENTED_EDGE('',*,*,#4399,.T.);
#3860=ORIENTED_EDGE('',*,*,#4413,.T.);
#3861=ORIENTED_EDGE('',*,*,#4425,.F.);
#3862=ORIENTED_EDGE('',*,*,#4421,.F.);
#3863=ORIENTED_EDGE('',*,*,#4418,.F.);
#3864=ORIENTED_EDGE('',*,*,#4414,.T.);
#3865=ORIENTED_EDGE('',*,*,#4428,.T.);
#3866=ORIENTED_EDGE('',*,*,#4440,.F.);
#3867=ORIENTED_EDGE('',*,*,#4436,.F.);
#3868=ORIENTED_EDGE('',*,*,#4433,.F.);
#3869=ORIENTED_EDGE('',*,*,#4429,.T.);
#3870=ORIENTED_EDGE('',*,*,#4443,.T.);
#3871=ORIENTED_EDGE('',*,*,#4455,.F.);
#3872=ORIENTED_EDGE('',*,*,#4451,.F.);
#3873=ORIENTED_EDGE('',*,*,#4448,.F.);
#3874=ORIENTED_EDGE('',*,*,#4444,.T.);
#3875=ORIENTED_EDGE('',*,*,#4458,.T.);
#3876=ORIENTED_EDGE('',*,*,#4470,.F.);
#3877=ORIENTED_EDGE('',*,*,#4466,.F.);
#3878=ORIENTED_EDGE('',*,*,#4463,.F.);
#3879=ORIENTED_EDGE('',*,*,#4459,.T.);
#3880=ORIENTED_EDGE('',*,*,#4473,.T.);
#3881=ORIENTED_EDGE('',*,*,#4485,.F.);
#3882=ORIENTED_EDGE('',*,*,#4481,.F.);
#3883=ORIENTED_EDGE('',*,*,#4478,.F.);
#3884=ORIENTED_EDGE('',*,*,#4474,.T.);
#3885=ORIENTED_EDGE('',*,*,#4488,.T.);
#3886=ORIENTED_EDGE('',*,*,#4500,.F.);
#3887=ORIENTED_EDGE('',*,*,#4496,.F.);
#3888=ORIENTED_EDGE('',*,*,#4493,.F.);
#3889=ORIENTED_EDGE('',*,*,#4489,.T.);
#3890=ORIENTED_EDGE('',*,*,#4503,.T.);
#3891=ORIENTED_EDGE('',*,*,#4515,.F.);
#3892=ORIENTED_EDGE('',*,*,#4511,.F.);
#3893=ORIENTED_EDGE('',*,*,#4508,.F.);
#3894=ORIENTED_EDGE('',*,*,#4504,.T.);
#3895=ORIENTED_EDGE('',*,*,#4518,.T.);
#3896=ORIENTED_EDGE('',*,*,#4530,.F.);
#3897=ORIENTED_EDGE('',*,*,#4526,.F.);
#3898=ORIENTED_EDGE('',*,*,#4523,.F.);
#3899=ORIENTED_EDGE('',*,*,#4519,.T.);
#3900=ORIENTED_EDGE('',*,*,#4533,.T.);
#3901=ORIENTED_EDGE('',*,*,#4545,.F.);
#3902=ORIENTED_EDGE('',*,*,#4541,.F.);
#3903=ORIENTED_EDGE('',*,*,#4538,.F.);
#3904=ORIENTED_EDGE('',*,*,#4534,.T.);
#3905=ORIENTED_EDGE('',*,*,#4548,.T.);
#3906=ORIENTED_EDGE('',*,*,#4560,.F.);
#3907=ORIENTED_EDGE('',*,*,#4556,.F.);
#3908=ORIENTED_EDGE('',*,*,#4553,.F.);
#3909=ORIENTED_EDGE('',*,*,#4549,.T.);
#3910=ORIENTED_EDGE('',*,*,#4563,.T.);
#3911=ORIENTED_EDGE('',*,*,#4575,.F.);
#3912=ORIENTED_EDGE('',*,*,#4571,.F.);
#3913=ORIENTED_EDGE('',*,*,#4568,.F.);
#3914=ORIENTED_EDGE('',*,*,#4564,.T.);
#3915=ORIENTED_EDGE('',*,*,#4578,.T.);
#3916=ORIENTED_EDGE('',*,*,#4590,.F.);
#3917=ORIENTED_EDGE('',*,*,#4586,.F.);
#3918=ORIENTED_EDGE('',*,*,#4583,.F.);
#3919=ORIENTED_EDGE('',*,*,#4579,.T.);
#3920=ORIENTED_EDGE('',*,*,#4593,.T.);
#3921=ORIENTED_EDGE('',*,*,#4605,.F.);
#3922=ORIENTED_EDGE('',*,*,#4601,.F.);
#3923=ORIENTED_EDGE('',*,*,#4598,.F.);
#3924=ORIENTED_EDGE('',*,*,#4594,.T.);
#3925=ORIENTED_EDGE('',*,*,#4608,.T.);
#3926=ORIENTED_EDGE('',*,*,#4620,.F.);
#3927=ORIENTED_EDGE('',*,*,#4616,.F.);
#3928=ORIENTED_EDGE('',*,*,#4613,.F.);
#3929=ORIENTED_EDGE('',*,*,#4609,.T.);
#3930=ORIENTED_EDGE('',*,*,#4623,.T.);
#3931=ORIENTED_EDGE('',*,*,#4635,.F.);
#3932=ORIENTED_EDGE('',*,*,#4631,.F.);
#3933=ORIENTED_EDGE('',*,*,#4628,.F.);
#3934=ORIENTED_EDGE('',*,*,#4624,.T.);
#3935=ORIENTED_EDGE('',*,*,#4638,.T.);
#3936=ORIENTED_EDGE('',*,*,#4650,.F.);
#3937=ORIENTED_EDGE('',*,*,#4646,.F.);
#3938=ORIENTED_EDGE('',*,*,#4643,.F.);
#3939=ORIENTED_EDGE('',*,*,#4639,.T.);
#3940=ORIENTED_EDGE('',*,*,#4653,.T.);
#3941=ORIENTED_EDGE('',*,*,#4665,.F.);
#3942=ORIENTED_EDGE('',*,*,#4661,.F.);
#3943=ORIENTED_EDGE('',*,*,#4658,.F.);
#3944=ORIENTED_EDGE('',*,*,#4654,.T.);
#3945=ORIENTED_EDGE('',*,*,#4668,.T.);
#3946=ORIENTED_EDGE('',*,*,#4680,.F.);
#3947=ORIENTED_EDGE('',*,*,#4676,.F.);
#3948=ORIENTED_EDGE('',*,*,#4673,.F.);
#3949=ORIENTED_EDGE('',*,*,#4669,.T.);
#3950=ORIENTED_EDGE('',*,*,#4683,.T.);
#3951=ORIENTED_EDGE('',*,*,#4695,.F.);
#3952=ORIENTED_EDGE('',*,*,#4691,.F.);
#3953=ORIENTED_EDGE('',*,*,#4688,.F.);
#3954=ORIENTED_EDGE('',*,*,#4684,.T.);
#3955=ORIENTED_EDGE('',*,*,#4698,.T.);
#3956=ORIENTED_EDGE('',*,*,#4710,.F.);
#3957=ORIENTED_EDGE('',*,*,#4706,.F.);
#3958=ORIENTED_EDGE('',*,*,#4703,.F.);
#3959=ORIENTED_EDGE('',*,*,#4699,.T.);
#3960=ORIENTED_EDGE('',*,*,#4713,.T.);
#3961=ORIENTED_EDGE('',*,*,#4725,.F.);
#3962=ORIENTED_EDGE('',*,*,#4721,.F.);
#3963=ORIENTED_EDGE('',*,*,#4718,.F.);
#3964=ORIENTED_EDGE('',*,*,#4714,.T.);
#3965=ORIENTED_EDGE('',*,*,#4728,.T.);
#3966=ORIENTED_EDGE('',*,*,#4740,.F.);
#3967=ORIENTED_EDGE('',*,*,#4736,.F.);
#3968=ORIENTED_EDGE('',*,*,#4733,.F.);
#3969=ORIENTED_EDGE('',*,*,#4729,.T.);
#3970=ORIENTED_EDGE('',*,*,#4743,.T.);
#3971=ORIENTED_EDGE('',*,*,#4755,.F.);
#3972=ORIENTED_EDGE('',*,*,#4751,.F.);
#3973=ORIENTED_EDGE('',*,*,#4748,.F.);
#3974=ORIENTED_EDGE('',*,*,#4744,.T.);
#3975=ORIENTED_EDGE('',*,*,#4758,.T.);
#3976=ORIENTED_EDGE('',*,*,#4770,.F.);
#3977=ORIENTED_EDGE('',*,*,#4766,.F.);
#3978=ORIENTED_EDGE('',*,*,#4763,.F.);
#3979=ORIENTED_EDGE('',*,*,#4759,.T.);
#3980=ORIENTED_EDGE('',*,*,#4773,.T.);
#3981=ORIENTED_EDGE('',*,*,#4785,.F.);
#3982=ORIENTED_EDGE('',*,*,#4781,.F.);
#3983=ORIENTED_EDGE('',*,*,#4778,.F.);
#3984=ORIENTED_EDGE('',*,*,#4774,.T.);
#3985=ORIENTED_EDGE('',*,*,#4788,.T.);
#3986=ORIENTED_EDGE('',*,*,#4800,.F.);
#3987=ORIENTED_EDGE('',*,*,#4796,.F.);
#3988=ORIENTED_EDGE('',*,*,#4793,.F.);
#3989=ORIENTED_EDGE('',*,*,#4789,.T.);
#3990=ORIENTED_EDGE('',*,*,#4803,.T.);
#3991=ORIENTED_EDGE('',*,*,#4815,.F.);
#3992=ORIENTED_EDGE('',*,*,#4811,.F.);
#3993=ORIENTED_EDGE('',*,*,#4808,.F.);
#3994=ORIENTED_EDGE('',*,*,#4804,.T.);
#3995=ORIENTED_EDGE('',*,*,#4818,.T.);
#3996=ORIENTED_EDGE('',*,*,#4830,.F.);
#3997=ORIENTED_EDGE('',*,*,#4826,.F.);
#3998=ORIENTED_EDGE('',*,*,#4823,.F.);
#3999=ORIENTED_EDGE('',*,*,#4819,.T.);
#4000=ORIENTED_EDGE('',*,*,#4833,.T.);
#4001=ORIENTED_EDGE('',*,*,#4845,.F.);
#4002=ORIENTED_EDGE('',*,*,#4841,.F.);
#4003=ORIENTED_EDGE('',*,*,#4838,.F.);
#4004=ORIENTED_EDGE('',*,*,#4834,.T.);
#4005=ORIENTED_EDGE('',*,*,#4848,.T.);
#4006=ORIENTED_EDGE('',*,*,#4860,.F.);
#4007=ORIENTED_EDGE('',*,*,#4856,.F.);
#4008=ORIENTED_EDGE('',*,*,#4853,.F.);
#4009=ORIENTED_EDGE('',*,*,#4849,.T.);
#4010=ORIENTED_EDGE('',*,*,#4863,.T.);
#4011=ORIENTED_EDGE('',*,*,#4875,.F.);
#4012=ORIENTED_EDGE('',*,*,#4871,.F.);
#4013=ORIENTED_EDGE('',*,*,#4868,.F.);
#4014=ORIENTED_EDGE('',*,*,#4864,.T.);
#4015=ORIENTED_EDGE('',*,*,#4878,.T.);
#4016=ORIENTED_EDGE('',*,*,#4890,.F.);
#4017=ORIENTED_EDGE('',*,*,#4886,.F.);
#4018=ORIENTED_EDGE('',*,*,#4883,.F.);
#4019=ORIENTED_EDGE('',*,*,#4879,.T.);
#4020=ORIENTED_EDGE('',*,*,#4893,.T.);
#4021=ORIENTED_EDGE('',*,*,#4905,.F.);
#4022=ORIENTED_EDGE('',*,*,#4901,.F.);
#4023=ORIENTED_EDGE('',*,*,#4898,.F.);
#4024=ORIENTED_EDGE('',*,*,#4894,.T.);
#4025=ORIENTED_EDGE('',*,*,#4908,.T.);
#4026=ORIENTED_EDGE('',*,*,#4920,.F.);
#4027=ORIENTED_EDGE('',*,*,#4916,.F.);
#4028=ORIENTED_EDGE('',*,*,#4913,.F.);
#4029=ORIENTED_EDGE('',*,*,#4909,.T.);
#4030=ORIENTED_EDGE('',*,*,#4923,.T.);
#4031=ORIENTED_EDGE('',*,*,#4935,.F.);
#4032=ORIENTED_EDGE('',*,*,#4931,.F.);
#4033=ORIENTED_EDGE('',*,*,#4928,.F.);
#4034=ORIENTED_EDGE('',*,*,#4924,.T.);
#4035=ORIENTED_EDGE('',*,*,#4938,.T.);
#4036=ORIENTED_EDGE('',*,*,#4950,.F.);
#4037=ORIENTED_EDGE('',*,*,#4946,.F.);
#4038=ORIENTED_EDGE('',*,*,#4943,.F.);
#4039=ORIENTED_EDGE('',*,*,#4939,.T.);
#4040=ORIENTED_EDGE('',*,*,#4953,.T.);
#4041=ORIENTED_EDGE('',*,*,#4965,.F.);
#4042=ORIENTED_EDGE('',*,*,#4961,.F.);
#4043=ORIENTED_EDGE('',*,*,#4958,.F.);
#4044=ORIENTED_EDGE('',*,*,#4954,.T.);
#4045=ORIENTED_EDGE('',*,*,#4968,.T.);
#4046=ORIENTED_EDGE('',*,*,#4980,.F.);
#4047=ORIENTED_EDGE('',*,*,#4976,.F.);
#4048=ORIENTED_EDGE('',*,*,#4973,.F.);
#4049=ORIENTED_EDGE('',*,*,#4969,.T.);
#4050=ORIENTED_EDGE('',*,*,#4983,.T.);
#4051=ORIENTED_EDGE('',*,*,#4995,.F.);
#4052=ORIENTED_EDGE('',*,*,#4991,.F.);
#4053=ORIENTED_EDGE('',*,*,#4988,.F.);
#4054=ORIENTED_EDGE('',*,*,#4984,.T.);
#4055=ORIENTED_EDGE('',*,*,#4998,.T.);
#4056=ORIENTED_EDGE('',*,*,#5010,.F.);
#4057=ORIENTED_EDGE('',*,*,#5006,.F.);
#4058=ORIENTED_EDGE('',*,*,#5003,.F.);
#4059=ORIENTED_EDGE('',*,*,#4999,.T.);
#4060=ORIENTED_EDGE('',*,*,#5013,.T.);
#4061=ORIENTED_EDGE('',*,*,#5025,.F.);
#4062=ORIENTED_EDGE('',*,*,#5021,.F.);
#4063=ORIENTED_EDGE('',*,*,#5018,.F.);
#4064=ORIENTED_EDGE('',*,*,#5014,.T.);
#4065=ORIENTED_EDGE('',*,*,#5028,.T.);
#4066=ORIENTED_EDGE('',*,*,#5040,.F.);
#4067=ORIENTED_EDGE('',*,*,#5036,.F.);
#4068=ORIENTED_EDGE('',*,*,#5033,.F.);
#4069=ORIENTED_EDGE('',*,*,#5029,.T.);
#4070=ORIENTED_EDGE('',*,*,#5043,.T.);
#4071=ORIENTED_EDGE('',*,*,#5055,.F.);
#4072=ORIENTED_EDGE('',*,*,#5051,.F.);
#4073=ORIENTED_EDGE('',*,*,#5048,.F.);
#4074=ORIENTED_EDGE('',*,*,#5044,.T.);
#4075=ORIENTED_EDGE('',*,*,#5058,.T.);
#4076=ORIENTED_EDGE('',*,*,#5070,.F.);
#4077=ORIENTED_EDGE('',*,*,#5066,.F.);
#4078=ORIENTED_EDGE('',*,*,#5063,.F.);
#4079=ORIENTED_EDGE('',*,*,#5059,.T.);
#4080=ORIENTED_EDGE('',*,*,#5073,.T.);
#4081=ORIENTED_EDGE('',*,*,#5085,.F.);
#4082=ORIENTED_EDGE('',*,*,#5081,.F.);
#4083=ORIENTED_EDGE('',*,*,#5078,.F.);
#4084=ORIENTED_EDGE('',*,*,#5074,.T.);
#4085=ORIENTED_EDGE('',*,*,#5088,.T.);
#4086=ORIENTED_EDGE('',*,*,#5100,.F.);
#4087=ORIENTED_EDGE('',*,*,#5096,.F.);
#4088=ORIENTED_EDGE('',*,*,#5093,.F.);
#4089=ORIENTED_EDGE('',*,*,#5089,.T.);
#4090=ORIENTED_EDGE('',*,*,#5103,.T.);
#4091=ORIENTED_EDGE('',*,*,#5115,.F.);
#4092=ORIENTED_EDGE('',*,*,#5111,.F.);
#4093=ORIENTED_EDGE('',*,*,#5108,.F.);
#4094=ORIENTED_EDGE('',*,*,#5104,.T.);
#4095=ORIENTED_EDGE('',*,*,#5118,.T.);
#4096=ORIENTED_EDGE('',*,*,#5130,.F.);
#4097=ORIENTED_EDGE('',*,*,#5126,.F.);
#4098=ORIENTED_EDGE('',*,*,#5123,.F.);
#4099=ORIENTED_EDGE('',*,*,#5119,.T.);
#4100=ORIENTED_EDGE('',*,*,#5133,.T.);
#4101=ORIENTED_EDGE('',*,*,#5145,.F.);
#4102=ORIENTED_EDGE('',*,*,#5141,.F.);
#4103=ORIENTED_EDGE('',*,*,#5138,.F.);
#4104=ORIENTED_EDGE('',*,*,#5134,.T.);
#4105=ORIENTED_EDGE('',*,*,#5148,.T.);
#4106=ORIENTED_EDGE('',*,*,#5160,.F.);
#4107=ORIENTED_EDGE('',*,*,#5156,.F.);
#4108=ORIENTED_EDGE('',*,*,#5153,.F.);
#4109=ORIENTED_EDGE('',*,*,#5149,.T.);
#4110=ORIENTED_EDGE('',*,*,#5163,.T.);
#4111=ORIENTED_EDGE('',*,*,#5175,.F.);
#4112=ORIENTED_EDGE('',*,*,#5171,.F.);
#4113=ORIENTED_EDGE('',*,*,#5168,.F.);
#4114=ORIENTED_EDGE('',*,*,#5164,.T.);
#4115=ORIENTED_EDGE('',*,*,#5178,.T.);
#4116=ORIENTED_EDGE('',*,*,#5190,.F.);
#4117=ORIENTED_EDGE('',*,*,#5186,.F.);
#4118=ORIENTED_EDGE('',*,*,#5183,.F.);
#4119=ORIENTED_EDGE('',*,*,#5179,.T.);
#4120=ORIENTED_EDGE('',*,*,#5193,.T.);
#4121=ORIENTED_EDGE('',*,*,#5205,.F.);
#4122=ORIENTED_EDGE('',*,*,#5201,.F.);
#4123=ORIENTED_EDGE('',*,*,#5198,.F.);
#4124=ORIENTED_EDGE('',*,*,#5194,.T.);
#4125=ORIENTED_EDGE('',*,*,#5208,.T.);
#4126=ORIENTED_EDGE('',*,*,#5220,.F.);
#4127=ORIENTED_EDGE('',*,*,#5216,.F.);
#4128=ORIENTED_EDGE('',*,*,#5213,.F.);
#4129=ORIENTED_EDGE('',*,*,#5209,.T.);
#4130=ORIENTED_EDGE('',*,*,#5223,.T.);
#4131=ORIENTED_EDGE('',*,*,#5235,.F.);
#4132=ORIENTED_EDGE('',*,*,#5231,.F.);
#4133=ORIENTED_EDGE('',*,*,#5228,.F.);
#4134=ORIENTED_EDGE('',*,*,#5224,.T.);
#4135=ORIENTED_EDGE('',*,*,#5238,.T.);
#4136=ORIENTED_EDGE('',*,*,#5250,.F.);
#4137=ORIENTED_EDGE('',*,*,#5246,.F.);
#4138=ORIENTED_EDGE('',*,*,#5243,.F.);
#4139=ORIENTED_EDGE('',*,*,#5239,.T.);
#4140=ORIENTED_EDGE('',*,*,#5253,.T.);
#4141=ORIENTED_EDGE('',*,*,#5265,.F.);
#4142=ORIENTED_EDGE('',*,*,#5261,.F.);
#4143=ORIENTED_EDGE('',*,*,#5258,.F.);
#4144=ORIENTED_EDGE('',*,*,#5254,.T.);
#4145=ORIENTED_EDGE('',*,*,#5268,.T.);
#4146=ORIENTED_EDGE('',*,*,#5280,.F.);
#4147=ORIENTED_EDGE('',*,*,#5276,.F.);
#4148=ORIENTED_EDGE('',*,*,#5273,.F.);
#4149=ORIENTED_EDGE('',*,*,#5269,.T.);
#4150=ORIENTED_EDGE('',*,*,#5283,.T.);
#4151=ORIENTED_EDGE('',*,*,#5295,.F.);
#4152=ORIENTED_EDGE('',*,*,#5291,.F.);
#4153=ORIENTED_EDGE('',*,*,#5288,.F.);
#4154=ORIENTED_EDGE('',*,*,#5284,.T.);
#4155=ORIENTED_EDGE('',*,*,#5298,.T.);
#4156=ORIENTED_EDGE('',*,*,#5310,.F.);
#4157=ORIENTED_EDGE('',*,*,#5306,.F.);
#4158=ORIENTED_EDGE('',*,*,#5303,.F.);
#4159=ORIENTED_EDGE('',*,*,#5299,.T.);
#4160=ORIENTED_EDGE('',*,*,#5313,.T.);
#4161=ORIENTED_EDGE('',*,*,#5325,.F.);
#4162=ORIENTED_EDGE('',*,*,#5321,.F.);
#4163=ORIENTED_EDGE('',*,*,#5318,.F.);
#4164=ORIENTED_EDGE('',*,*,#5314,.T.);
#4165=ORIENTED_EDGE('',*,*,#5328,.T.);
#4166=ORIENTED_EDGE('',*,*,#5340,.F.);
#4167=ORIENTED_EDGE('',*,*,#5336,.F.);
#4168=ORIENTED_EDGE('',*,*,#5333,.F.);
#4169=ORIENTED_EDGE('',*,*,#5329,.T.);
#4170=ORIENTED_EDGE('',*,*,#5343,.T.);
#4171=ORIENTED_EDGE('',*,*,#5355,.F.);
#4172=ORIENTED_EDGE('',*,*,#5351,.F.);
#4173=ORIENTED_EDGE('',*,*,#5348,.F.);
#4174=ORIENTED_EDGE('',*,*,#5344,.T.);
#4175=ORIENTED_EDGE('',*,*,#5358,.T.);
#4176=ORIENTED_EDGE('',*,*,#5370,.F.);
#4177=ORIENTED_EDGE('',*,*,#5366,.F.);
#4178=ORIENTED_EDGE('',*,*,#5363,.F.);
#4179=ORIENTED_EDGE('',*,*,#5359,.T.);
#4180=ORIENTED_EDGE('',*,*,#5373,.T.);
#4181=ORIENTED_EDGE('',*,*,#5385,.F.);
#4182=ORIENTED_EDGE('',*,*,#5381,.F.);
#4183=ORIENTED_EDGE('',*,*,#5378,.F.);
#4184=ORIENTED_EDGE('',*,*,#5374,.T.);
#4185=ORIENTED_EDGE('',*,*,#5388,.T.);
#4186=ORIENTED_EDGE('',*,*,#5400,.F.);
#4187=ORIENTED_EDGE('',*,*,#5396,.F.);
#4188=ORIENTED_EDGE('',*,*,#5393,.F.);
#4189=ORIENTED_EDGE('',*,*,#5389,.T.);
#4190=ORIENTED_EDGE('',*,*,#5403,.T.);
#4191=ORIENTED_EDGE('',*,*,#5415,.F.);
#4192=ORIENTED_EDGE('',*,*,#5411,.F.);
#4193=ORIENTED_EDGE('',*,*,#5408,.F.);
#4194=ORIENTED_EDGE('',*,*,#5404,.T.);
#4195=ORIENTED_EDGE('',*,*,#5418,.T.);
#4196=ORIENTED_EDGE('',*,*,#5430,.F.);
#4197=ORIENTED_EDGE('',*,*,#5426,.F.);
#4198=ORIENTED_EDGE('',*,*,#5423,.F.);
#4199=ORIENTED_EDGE('',*,*,#5419,.T.);
#4200=ORIENTED_EDGE('',*,*,#5433,.T.);
#4201=ORIENTED_EDGE('',*,*,#5445,.F.);
#4202=ORIENTED_EDGE('',*,*,#5441,.F.);
#4203=ORIENTED_EDGE('',*,*,#5438,.F.);
#4204=ORIENTED_EDGE('',*,*,#5434,.T.);
#4205=ORIENTED_EDGE('',*,*,#5448,.T.);
#4206=ORIENTED_EDGE('',*,*,#5460,.F.);
#4207=ORIENTED_EDGE('',*,*,#5456,.F.);
#4208=ORIENTED_EDGE('',*,*,#5453,.F.);
#4209=ORIENTED_EDGE('',*,*,#5449,.T.);
#4210=ORIENTED_EDGE('',*,*,#5463,.T.);
#4211=ORIENTED_EDGE('',*,*,#5475,.F.);
#4212=ORIENTED_EDGE('',*,*,#5471,.F.);
#4213=ORIENTED_EDGE('',*,*,#5468,.F.);
#4214=ORIENTED_EDGE('',*,*,#5464,.T.);
#4215=ORIENTED_EDGE('',*,*,#5478,.T.);
#4216=ORIENTED_EDGE('',*,*,#5490,.F.);
#4217=ORIENTED_EDGE('',*,*,#5486,.F.);
#4218=ORIENTED_EDGE('',*,*,#5483,.F.);
#4219=ORIENTED_EDGE('',*,*,#5479,.T.);
#4220=ORIENTED_EDGE('',*,*,#5493,.T.);
#4221=ORIENTED_EDGE('',*,*,#5505,.F.);
#4222=ORIENTED_EDGE('',*,*,#5501,.F.);
#4223=ORIENTED_EDGE('',*,*,#5498,.F.);
#4224=ORIENTED_EDGE('',*,*,#5494,.T.);
#4225=ORIENTED_EDGE('',*,*,#5508,.T.);
#4226=ORIENTED_EDGE('',*,*,#5998,.F.);
#4227=ORIENTED_EDGE('',*,*,#5999,.F.);
#4228=ORIENTED_EDGE('',*,*,#6000,.F.);
#4229=ORIENTED_EDGE('',*,*,#6001,.T.);
#4230=ORIENTED_EDGE('',*,*,#6001,.F.);
#4231=ORIENTED_EDGE('',*,*,#6002,.F.);
#4232=ORIENTED_EDGE('',*,*,#5994,.T.);
#4233=ORIENTED_EDGE('',*,*,#5992,.T.);
#4234=ORIENTED_EDGE('',*,*,#6000,.T.);
#4235=ORIENTED_EDGE('',*,*,#6003,.F.);
#4236=ORIENTED_EDGE('',*,*,#5995,.F.);
#4237=ORIENTED_EDGE('',*,*,#6002,.T.);
#4238=ORIENTED_EDGE('',*,*,#5999,.T.);
#4239=ORIENTED_EDGE('',*,*,#6004,.F.);
#4240=ORIENTED_EDGE('',*,*,#5996,.F.);
#4241=ORIENTED_EDGE('',*,*,#6003,.T.);
#4242=ORIENTED_EDGE('',*,*,#5507,.F.);
#4243=ORIENTED_EDGE('',*,*,#5997,.F.);
#4244=ORIENTED_EDGE('',*,*,#6004,.T.);
#4245=ORIENTED_EDGE('',*,*,#5998,.T.);
#4246=EDGE_CURVE('',#6005,#6006,#7179,.T.);
#4247=EDGE_CURVE('',#6006,#6007,#7180,.T.);
#4248=EDGE_CURVE('',#6008,#6007,#7181,.T.);
#4249=EDGE_CURVE('',#6008,#6005,#7182,.T.);
#4250=EDGE_CURVE('',#6009,#6009,#132,.T.);
#4251=EDGE_CURVE('',#6010,#6010,#133,.T.);
#4252=EDGE_CURVE('',#6011,#6012,#134,.T.);
#4253=EDGE_CURVE('',#6013,#6011,#7183,.T.);
#4254=EDGE_CURVE('',#6013,#6014,#135,.T.);
#4255=EDGE_CURVE('',#6014,#6012,#7184,.T.);
#4256=EDGE_CURVE('',#6011,#6015,#7185,.T.);
#4257=EDGE_CURVE('',#6016,#6015,#7186,.T.);
#4258=EDGE_CURVE('',#6013,#6016,#7187,.T.);
#4259=EDGE_CURVE('',#6015,#6005,#136,.T.);
#4260=EDGE_CURVE('',#6016,#6008,#137,.T.);
#4261=EDGE_CURVE('',#6014,#6017,#7188,.T.);
#4262=EDGE_CURVE('',#6017,#6018,#7189,.T.);
#4263=EDGE_CURVE('',#6012,#6018,#7190,.T.);
#4264=EDGE_CURVE('',#6019,#6020,#138,.T.);
#4265=EDGE_CURVE('',#6021,#6019,#7191,.T.);
#4266=EDGE_CURVE('',#6021,#6022,#139,.T.);
#4267=EDGE_CURVE('',#6022,#6020,#7192,.T.);
#4268=EDGE_CURVE('',#6019,#6023,#7193,.T.);
#4269=EDGE_CURVE('',#6024,#6023,#7194,.T.);
#4270=EDGE_CURVE('',#6021,#6024,#7195,.T.);
#4271=EDGE_CURVE('',#6023,#6025,#140,.T.);
#4272=EDGE_CURVE('',#6026,#6025,#7196,.T.);
#4273=EDGE_CURVE('',#6024,#6026,#141,.T.);
#4274=EDGE_CURVE('',#6026,#6017,#7197,.T.);
#4275=EDGE_CURVE('',#6025,#6018,#7198,.T.);
#4276=EDGE_CURVE('',#6022,#6027,#7199,.T.);
#4277=EDGE_CURVE('',#6027,#6028,#7200,.T.);
#4278=EDGE_CURVE('',#6020,#6028,#7201,.T.);
#4279=EDGE_CURVE('',#6029,#6030,#142,.T.);
#4280=EDGE_CURVE('',#6031,#6029,#7202,.T.);
#4281=EDGE_CURVE('',#6031,#6032,#143,.T.);
#4282=EDGE_CURVE('',#6032,#6030,#7203,.T.);
#4283=EDGE_CURVE('',#6029,#6033,#7204,.T.);
#4284=EDGE_CURVE('',#6034,#6033,#7205,.T.);
#4285=EDGE_CURVE('',#6031,#6034,#7206,.T.);
#4286=EDGE_CURVE('',#6033,#6035,#144,.T.);
#4287=EDGE_CURVE('',#6036,#6035,#7207,.T.);
#4288=EDGE_CURVE('',#6034,#6036,#145,.T.);
#4289=EDGE_CURVE('',#6036,#6027,#7208,.T.);
#4290=EDGE_CURVE('',#6035,#6028,#7209,.T.);
#4291=EDGE_CURVE('',#6032,#6037,#7210,.T.);
#4292=EDGE_CURVE('',#6037,#6038,#7211,.T.);
#4293=EDGE_CURVE('',#6030,#6038,#7212,.T.);
#4294=EDGE_CURVE('',#6039,#6040,#146,.T.);
#4295=EDGE_CURVE('',#6041,#6039,#7213,.T.);
#4296=EDGE_CURVE('',#6041,#6042,#147,.T.);
#4297=EDGE_CURVE('',#6042,#6040,#7214,.T.);
#4298=EDGE_CURVE('',#6039,#6043,#7215,.T.);
#4299=EDGE_CURVE('',#6044,#6043,#7216,.T.);
#4300=EDGE_CURVE('',#6041,#6044,#7217,.T.);
#4301=EDGE_CURVE('',#6043,#6045,#148,.T.);
#4302=EDGE_CURVE('',#6046,#6045,#7218,.T.);
#4303=EDGE_CURVE('',#6044,#6046,#149,.T.);
#4304=EDGE_CURVE('',#6046,#6037,#7219,.T.);
#4305=EDGE_CURVE('',#6045,#6038,#7220,.T.);
#4306=EDGE_CURVE('',#6042,#6047,#7221,.T.);
#4307=EDGE_CURVE('',#6047,#6048,#7222,.T.);
#4308=EDGE_CURVE('',#6040,#6048,#7223,.T.);
#4309=EDGE_CURVE('',#6049,#6050,#150,.T.);
#4310=EDGE_CURVE('',#6051,#6049,#7224,.T.);
#4311=EDGE_CURVE('',#6051,#6052,#151,.T.);
#4312=EDGE_CURVE('',#6052,#6050,#7225,.T.);
#4313=EDGE_CURVE('',#6049,#6053,#7226,.T.);
#4314=EDGE_CURVE('',#6054,#6053,#7227,.T.);
#4315=EDGE_CURVE('',#6051,#6054,#7228,.T.);
#4316=EDGE_CURVE('',#6053,#6055,#152,.T.);
#4317=EDGE_CURVE('',#6056,#6055,#7229,.T.);
#4318=EDGE_CURVE('',#6054,#6056,#153,.T.);
#4319=EDGE_CURVE('',#6056,#6047,#7230,.T.);
#4320=EDGE_CURVE('',#6055,#6048,#7231,.T.);
#4321=EDGE_CURVE('',#6052,#6057,#7232,.T.);
#4322=EDGE_CURVE('',#6057,#6058,#7233,.T.);
#4323=EDGE_CURVE('',#6050,#6058,#7234,.T.);
#4324=EDGE_CURVE('',#6059,#6060,#154,.T.);
#4325=EDGE_CURVE('',#6061,#6059,#7235,.T.);
#4326=EDGE_CURVE('',#6061,#6062,#155,.T.);
#4327=EDGE_CURVE('',#6062,#6060,#7236,.T.);
#4328=EDGE_CURVE('',#6059,#6063,#7237,.T.);
#4329=EDGE_CURVE('',#6064,#6063,#7238,.T.);
#4330=EDGE_CURVE('',#6061,#6064,#7239,.T.);
#4331=EDGE_CURVE('',#6063,#6065,#156,.T.);
#4332=EDGE_CURVE('',#6066,#6065,#7240,.T.);
#4333=EDGE_CURVE('',#6064,#6066,#157,.T.);
#4334=EDGE_CURVE('',#6066,#6057,#7241,.T.);
#4335=EDGE_CURVE('',#6065,#6058,#7242,.T.);
#4336=EDGE_CURVE('',#6062,#6067,#7243,.T.);
#4337=EDGE_CURVE('',#6067,#6068,#7244,.T.);
#4338=EDGE_CURVE('',#6060,#6068,#7245,.T.);
#4339=EDGE_CURVE('',#6069,#6070,#158,.T.);
#4340=EDGE_CURVE('',#6071,#6069,#7246,.T.);
#4341=EDGE_CURVE('',#6071,#6072,#159,.T.);
#4342=EDGE_CURVE('',#6072,#6070,#7247,.T.);
#4343=EDGE_CURVE('',#6069,#6073,#7248,.T.);
#4344=EDGE_CURVE('',#6074,#6073,#7249,.T.);
#4345=EDGE_CURVE('',#6071,#6074,#7250,.T.);
#4346=EDGE_CURVE('',#6073,#6075,#160,.T.);
#4347=EDGE_CURVE('',#6076,#6075,#7251,.T.);
#4348=EDGE_CURVE('',#6074,#6076,#161,.T.);
#4349=EDGE_CURVE('',#6076,#6067,#7252,.T.);
#4350=EDGE_CURVE('',#6075,#6068,#7253,.T.);
#4351=EDGE_CURVE('',#6072,#6077,#7254,.T.);
#4352=EDGE_CURVE('',#6077,#6078,#7255,.T.);
#4353=EDGE_CURVE('',#6070,#6078,#7256,.T.);
#4354=EDGE_CURVE('',#6079,#6080,#162,.T.);
#4355=EDGE_CURVE('',#6081,#6079,#7257,.T.);
#4356=EDGE_CURVE('',#6081,#6082,#163,.T.);
#4357=EDGE_CURVE('',#6082,#6080,#7258,.T.);
#4358=EDGE_CURVE('',#6079,#6083,#7259,.T.);
#4359=EDGE_CURVE('',#6084,#6083,#7260,.T.);
#4360=EDGE_CURVE('',#6081,#6084,#7261,.T.);
#4361=EDGE_CURVE('',#6083,#6085,#164,.T.);
#4362=EDGE_CURVE('',#6086,#6085,#7262,.T.);
#4363=EDGE_CURVE('',#6084,#6086,#165,.T.);
#4364=EDGE_CURVE('',#6086,#6077,#7263,.T.);
#4365=EDGE_CURVE('',#6085,#6078,#7264,.T.);
#4366=EDGE_CURVE('',#6082,#6087,#7265,.T.);
#4367=EDGE_CURVE('',#6087,#6088,#7266,.T.);
#4368=EDGE_CURVE('',#6080,#6088,#7267,.T.);
#4369=EDGE_CURVE('',#6089,#6090,#166,.T.);
#4370=EDGE_CURVE('',#6091,#6089,#7268,.T.);
#4371=EDGE_CURVE('',#6091,#6092,#167,.T.);
#4372=EDGE_CURVE('',#6092,#6090,#7269,.T.);
#4373=EDGE_CURVE('',#6089,#6093,#7270,.T.);
#4374=EDGE_CURVE('',#6094,#6093,#7271,.T.);
#4375=EDGE_CURVE('',#6091,#6094,#7272,.T.);
#4376=EDGE_CURVE('',#6093,#6095,#168,.T.);
#4377=EDGE_CURVE('',#6096,#6095,#7273,.T.);
#4378=EDGE_CURVE('',#6094,#6096,#169,.T.);
#4379=EDGE_CURVE('',#6096,#6087,#7274,.T.);
#4380=EDGE_CURVE('',#6095,#6088,#7275,.T.);
#4381=EDGE_CURVE('',#6092,#6097,#7276,.T.);
#4382=EDGE_CURVE('',#6097,#6098,#7277,.T.);
#4383=EDGE_CURVE('',#6090,#6098,#7278,.T.);
#4384=EDGE_CURVE('',#6099,#6100,#170,.T.);
#4385=EDGE_CURVE('',#6101,#6099,#7279,.T.);
#4386=EDGE_CURVE('',#6101,#6102,#171,.T.);
#4387=EDGE_CURVE('',#6102,#6100,#7280,.T.);
#4388=EDGE_CURVE('',#6099,#6103,#7281,.T.);
#4389=EDGE_CURVE('',#6104,#6103,#7282,.T.);
#4390=EDGE_CURVE('',#6101,#6104,#7283,.T.);
#4391=EDGE_CURVE('',#6103,#6105,#172,.T.);
#4392=EDGE_CURVE('',#6106,#6105,#7284,.T.);
#4393=EDGE_CURVE('',#6104,#6106,#173,.T.);
#4394=EDGE_CURVE('',#6106,#6097,#7285,.T.);
#4395=EDGE_CURVE('',#6105,#6098,#7286,.T.);
#4396=EDGE_CURVE('',#6102,#6107,#7287,.T.);
#4397=EDGE_CURVE('',#6107,#6108,#7288,.T.);
#4398=EDGE_CURVE('',#6100,#6108,#7289,.T.);
#4399=EDGE_CURVE('',#6109,#6110,#174,.T.);
#4400=EDGE_CURVE('',#6111,#6109,#7290,.T.);
#4401=EDGE_CURVE('',#6111,#6112,#175,.T.);
#4402=EDGE_CURVE('',#6112,#6110,#7291,.T.);
#4403=EDGE_CURVE('',#6109,#6113,#7292,.T.);
#4404=EDGE_CURVE('',#6114,#6113,#7293,.T.);
#4405=EDGE_CURVE('',#6111,#6114,#7294,.T.);
#4406=EDGE_CURVE('',#6113,#6115,#176,.T.);
#4407=EDGE_CURVE('',#6116,#6115,#7295,.T.);
#4408=EDGE_CURVE('',#6114,#6116,#177,.T.);
#4409=EDGE_CURVE('',#6116,#6107,#7296,.T.);
#4410=EDGE_CURVE('',#6115,#6108,#7297,.T.);
#4411=EDGE_CURVE('',#6112,#6117,#7298,.T.);
#4412=EDGE_CURVE('',#6117,#6118,#7299,.T.);
#4413=EDGE_CURVE('',#6110,#6118,#7300,.T.);
#4414=EDGE_CURVE('',#6119,#6120,#178,.T.);
#4415=EDGE_CURVE('',#6121,#6119,#7301,.T.);
#4416=EDGE_CURVE('',#6121,#6122,#179,.T.);
#4417=EDGE_CURVE('',#6122,#6120,#7302,.T.);
#4418=EDGE_CURVE('',#6119,#6123,#7303,.T.);
#4419=EDGE_CURVE('',#6124,#6123,#7304,.T.);
#4420=EDGE_CURVE('',#6121,#6124,#7305,.T.);
#4421=EDGE_CURVE('',#6123,#6125,#180,.T.);
#4422=EDGE_CURVE('',#6126,#6125,#7306,.T.);
#4423=EDGE_CURVE('',#6124,#6126,#181,.T.);
#4424=EDGE_CURVE('',#6126,#6117,#7307,.T.);
#4425=EDGE_CURVE('',#6125,#6118,#7308,.T.);
#4426=EDGE_CURVE('',#6122,#6127,#7309,.T.);
#4427=EDGE_CURVE('',#6127,#6128,#7310,.T.);
#4428=EDGE_CURVE('',#6120,#6128,#7311,.T.);
#4429=EDGE_CURVE('',#6129,#6130,#182,.T.);
#4430=EDGE_CURVE('',#6131,#6129,#7312,.T.);
#4431=EDGE_CURVE('',#6131,#6132,#183,.T.);
#4432=EDGE_CURVE('',#6132,#6130,#7313,.T.);
#4433=EDGE_CURVE('',#6129,#6133,#7314,.T.);
#4434=EDGE_CURVE('',#6134,#6133,#7315,.T.);
#4435=EDGE_CURVE('',#6131,#6134,#7316,.T.);
#4436=EDGE_CURVE('',#6133,#6135,#184,.T.);
#4437=EDGE_CURVE('',#6136,#6135,#7317,.T.);
#4438=EDGE_CURVE('',#6134,#6136,#185,.T.);
#4439=EDGE_CURVE('',#6136,#6127,#7318,.T.);
#4440=EDGE_CURVE('',#6135,#6128,#7319,.T.);
#4441=EDGE_CURVE('',#6132,#6137,#7320,.T.);
#4442=EDGE_CURVE('',#6137,#6138,#7321,.T.);
#4443=EDGE_CURVE('',#6130,#6138,#7322,.T.);
#4444=EDGE_CURVE('',#6139,#6140,#186,.T.);
#4445=EDGE_CURVE('',#6141,#6139,#7323,.T.);
#4446=EDGE_CURVE('',#6141,#6142,#187,.T.);
#4447=EDGE_CURVE('',#6142,#6140,#7324,.T.);
#4448=EDGE_CURVE('',#6139,#6143,#7325,.T.);
#4449=EDGE_CURVE('',#6144,#6143,#7326,.T.);
#4450=EDGE_CURVE('',#6141,#6144,#7327,.T.);
#4451=EDGE_CURVE('',#6143,#6145,#188,.T.);
#4452=EDGE_CURVE('',#6146,#6145,#7328,.T.);
#4453=EDGE_CURVE('',#6144,#6146,#189,.T.);
#4454=EDGE_CURVE('',#6146,#6137,#7329,.T.);
#4455=EDGE_CURVE('',#6145,#6138,#7330,.T.);
#4456=EDGE_CURVE('',#6142,#6147,#7331,.T.);
#4457=EDGE_CURVE('',#6147,#6148,#7332,.T.);
#4458=EDGE_CURVE('',#6140,#6148,#7333,.T.);
#4459=EDGE_CURVE('',#6149,#6150,#190,.T.);
#4460=EDGE_CURVE('',#6151,#6149,#7334,.T.);
#4461=EDGE_CURVE('',#6151,#6152,#191,.T.);
#4462=EDGE_CURVE('',#6152,#6150,#7335,.T.);
#4463=EDGE_CURVE('',#6149,#6153,#7336,.T.);
#4464=EDGE_CURVE('',#6154,#6153,#7337,.T.);
#4465=EDGE_CURVE('',#6151,#6154,#7338,.T.);
#4466=EDGE_CURVE('',#6153,#6155,#192,.T.);
#4467=EDGE_CURVE('',#6156,#6155,#7339,.T.);
#4468=EDGE_CURVE('',#6154,#6156,#193,.T.);
#4469=EDGE_CURVE('',#6156,#6147,#7340,.T.);
#4470=EDGE_CURVE('',#6155,#6148,#7341,.T.);
#4471=EDGE_CURVE('',#6152,#6157,#7342,.T.);
#4472=EDGE_CURVE('',#6157,#6158,#7343,.T.);
#4473=EDGE_CURVE('',#6150,#6158,#7344,.T.);
#4474=EDGE_CURVE('',#6159,#6160,#194,.T.);
#4475=EDGE_CURVE('',#6161,#6159,#7345,.T.);
#4476=EDGE_CURVE('',#6161,#6162,#195,.T.);
#4477=EDGE_CURVE('',#6162,#6160,#7346,.T.);
#4478=EDGE_CURVE('',#6159,#6163,#7347,.T.);
#4479=EDGE_CURVE('',#6164,#6163,#7348,.T.);
#4480=EDGE_CURVE('',#6161,#6164,#7349,.T.);
#4481=EDGE_CURVE('',#6163,#6165,#196,.T.);
#4482=EDGE_CURVE('',#6166,#6165,#7350,.T.);
#4483=EDGE_CURVE('',#6164,#6166,#197,.T.);
#4484=EDGE_CURVE('',#6166,#6157,#7351,.T.);
#4485=EDGE_CURVE('',#6165,#6158,#7352,.T.);
#4486=EDGE_CURVE('',#6162,#6167,#7353,.T.);
#4487=EDGE_CURVE('',#6167,#6168,#7354,.T.);
#4488=EDGE_CURVE('',#6160,#6168,#7355,.T.);
#4489=EDGE_CURVE('',#6169,#6170,#198,.T.);
#4490=EDGE_CURVE('',#6171,#6169,#7356,.T.);
#4491=EDGE_CURVE('',#6171,#6172,#199,.T.);
#4492=EDGE_CURVE('',#6172,#6170,#7357,.T.);
#4493=EDGE_CURVE('',#6169,#6173,#7358,.T.);
#4494=EDGE_CURVE('',#6174,#6173,#7359,.T.);
#4495=EDGE_CURVE('',#6171,#6174,#7360,.T.);
#4496=EDGE_CURVE('',#6173,#6175,#200,.T.);
#4497=EDGE_CURVE('',#6176,#6175,#7361,.T.);
#4498=EDGE_CURVE('',#6174,#6176,#201,.T.);
#4499=EDGE_CURVE('',#6176,#6167,#7362,.T.);
#4500=EDGE_CURVE('',#6175,#6168,#7363,.T.);
#4501=EDGE_CURVE('',#6172,#6177,#7364,.T.);
#4502=EDGE_CURVE('',#6177,#6178,#7365,.T.);
#4503=EDGE_CURVE('',#6170,#6178,#7366,.T.);
#4504=EDGE_CURVE('',#6179,#6180,#202,.T.);
#4505=EDGE_CURVE('',#6181,#6179,#7367,.T.);
#4506=EDGE_CURVE('',#6181,#6182,#203,.T.);
#4507=EDGE_CURVE('',#6182,#6180,#7368,.T.);
#4508=EDGE_CURVE('',#6179,#6183,#7369,.T.);
#4509=EDGE_CURVE('',#6184,#6183,#7370,.T.);
#4510=EDGE_CURVE('',#6181,#6184,#7371,.T.);
#4511=EDGE_CURVE('',#6183,#6185,#204,.T.);
#4512=EDGE_CURVE('',#6186,#6185,#7372,.T.);
#4513=EDGE_CURVE('',#6184,#6186,#205,.T.);
#4514=EDGE_CURVE('',#6186,#6177,#7373,.T.);
#4515=EDGE_CURVE('',#6185,#6178,#7374,.T.);
#4516=EDGE_CURVE('',#6182,#6187,#7375,.T.);
#4517=EDGE_CURVE('',#6187,#6188,#7376,.T.);
#4518=EDGE_CURVE('',#6180,#6188,#7377,.T.);
#4519=EDGE_CURVE('',#6189,#6190,#206,.T.);
#4520=EDGE_CURVE('',#6191,#6189,#7378,.T.);
#4521=EDGE_CURVE('',#6191,#6192,#207,.T.);
#4522=EDGE_CURVE('',#6192,#6190,#7379,.T.);
#4523=EDGE_CURVE('',#6189,#6193,#7380,.T.);
#4524=EDGE_CURVE('',#6194,#6193,#7381,.T.);
#4525=EDGE_CURVE('',#6191,#6194,#7382,.T.);
#4526=EDGE_CURVE('',#6193,#6195,#208,.T.);
#4527=EDGE_CURVE('',#6196,#6195,#7383,.T.);
#4528=EDGE_CURVE('',#6194,#6196,#209,.T.);
#4529=EDGE_CURVE('',#6196,#6187,#7384,.T.);
#4530=EDGE_CURVE('',#6195,#6188,#7385,.T.);
#4531=EDGE_CURVE('',#6192,#6197,#7386,.T.);
#4532=EDGE_CURVE('',#6197,#6198,#7387,.T.);
#4533=EDGE_CURVE('',#6190,#6198,#7388,.T.);
#4534=EDGE_CURVE('',#6199,#6200,#210,.T.);
#4535=EDGE_CURVE('',#6201,#6199,#7389,.T.);
#4536=EDGE_CURVE('',#6201,#6202,#211,.T.);
#4537=EDGE_CURVE('',#6202,#6200,#7390,.T.);
#4538=EDGE_CURVE('',#6199,#6203,#7391,.T.);
#4539=EDGE_CURVE('',#6204,#6203,#7392,.T.);
#4540=EDGE_CURVE('',#6201,#6204,#7393,.T.);
#4541=EDGE_CURVE('',#6203,#6205,#212,.T.);
#4542=EDGE_CURVE('',#6206,#6205,#7394,.T.);
#4543=EDGE_CURVE('',#6204,#6206,#213,.T.);
#4544=EDGE_CURVE('',#6206,#6197,#7395,.T.);
#4545=EDGE_CURVE('',#6205,#6198,#7396,.T.);
#4546=EDGE_CURVE('',#6202,#6207,#7397,.T.);
#4547=EDGE_CURVE('',#6207,#6208,#7398,.T.);
#4548=EDGE_CURVE('',#6200,#6208,#7399,.T.);
#4549=EDGE_CURVE('',#6209,#6210,#214,.T.);
#4550=EDGE_CURVE('',#6211,#6209,#7400,.T.);
#4551=EDGE_CURVE('',#6211,#6212,#215,.T.);
#4552=EDGE_CURVE('',#6212,#6210,#7401,.T.);
#4553=EDGE_CURVE('',#6209,#6213,#7402,.T.);
#4554=EDGE_CURVE('',#6214,#6213,#7403,.T.);
#4555=EDGE_CURVE('',#6211,#6214,#7404,.T.);
#4556=EDGE_CURVE('',#6213,#6215,#216,.T.);
#4557=EDGE_CURVE('',#6216,#6215,#7405,.T.);
#4558=EDGE_CURVE('',#6214,#6216,#217,.T.);
#4559=EDGE_CURVE('',#6216,#6207,#7406,.T.);
#4560=EDGE_CURVE('',#6215,#6208,#7407,.T.);
#4561=EDGE_CURVE('',#6212,#6217,#7408,.T.);
#4562=EDGE_CURVE('',#6217,#6218,#7409,.T.);
#4563=EDGE_CURVE('',#6210,#6218,#7410,.T.);
#4564=EDGE_CURVE('',#6219,#6220,#218,.T.);
#4565=EDGE_CURVE('',#6221,#6219,#7411,.T.);
#4566=EDGE_CURVE('',#6221,#6222,#219,.T.);
#4567=EDGE_CURVE('',#6222,#6220,#7412,.T.);
#4568=EDGE_CURVE('',#6219,#6223,#7413,.T.);
#4569=EDGE_CURVE('',#6224,#6223,#7414,.T.);
#4570=EDGE_CURVE('',#6221,#6224,#7415,.T.);
#4571=EDGE_CURVE('',#6223,#6225,#220,.T.);
#4572=EDGE_CURVE('',#6226,#6225,#7416,.T.);
#4573=EDGE_CURVE('',#6224,#6226,#221,.T.);
#4574=EDGE_CURVE('',#6226,#6217,#7417,.T.);
#4575=EDGE_CURVE('',#6225,#6218,#7418,.T.);
#4576=EDGE_CURVE('',#6222,#6227,#7419,.T.);
#4577=EDGE_CURVE('',#6227,#6228,#7420,.T.);
#4578=EDGE_CURVE('',#6220,#6228,#7421,.T.);
#4579=EDGE_CURVE('',#6229,#6230,#222,.T.);
#4580=EDGE_CURVE('',#6231,#6229,#7422,.T.);
#4581=EDGE_CURVE('',#6231,#6232,#223,.T.);
#4582=EDGE_CURVE('',#6232,#6230,#7423,.T.);
#4583=EDGE_CURVE('',#6229,#6233,#7424,.T.);
#4584=EDGE_CURVE('',#6234,#6233,#7425,.T.);
#4585=EDGE_CURVE('',#6231,#6234,#7426,.T.);
#4586=EDGE_CURVE('',#6233,#6235,#224,.T.);
#4587=EDGE_CURVE('',#6236,#6235,#7427,.T.);
#4588=EDGE_CURVE('',#6234,#6236,#225,.T.);
#4589=EDGE_CURVE('',#6236,#6227,#7428,.T.);
#4590=EDGE_CURVE('',#6235,#6228,#7429,.T.);
#4591=EDGE_CURVE('',#6232,#6237,#7430,.T.);
#4592=EDGE_CURVE('',#6237,#6238,#7431,.T.);
#4593=EDGE_CURVE('',#6230,#6238,#7432,.T.);
#4594=EDGE_CURVE('',#6239,#6240,#226,.T.);
#4595=EDGE_CURVE('',#6241,#6239,#7433,.T.);
#4596=EDGE_CURVE('',#6241,#6242,#227,.T.);
#4597=EDGE_CURVE('',#6242,#6240,#7434,.T.);
#4598=EDGE_CURVE('',#6239,#6243,#7435,.T.);
#4599=EDGE_CURVE('',#6244,#6243,#7436,.T.);
#4600=EDGE_CURVE('',#6241,#6244,#7437,.T.);
#4601=EDGE_CURVE('',#6243,#6245,#228,.T.);
#4602=EDGE_CURVE('',#6246,#6245,#7438,.T.);
#4603=EDGE_CURVE('',#6244,#6246,#229,.T.);
#4604=EDGE_CURVE('',#6246,#6237,#7439,.T.);
#4605=EDGE_CURVE('',#6245,#6238,#7440,.T.);
#4606=EDGE_CURVE('',#6242,#6247,#7441,.T.);
#4607=EDGE_CURVE('',#6247,#6248,#7442,.T.);
#4608=EDGE_CURVE('',#6240,#6248,#7443,.T.);
#4609=EDGE_CURVE('',#6249,#6250,#230,.T.);
#4610=EDGE_CURVE('',#6251,#6249,#7444,.T.);
#4611=EDGE_CURVE('',#6251,#6252,#231,.T.);
#4612=EDGE_CURVE('',#6252,#6250,#7445,.T.);
#4613=EDGE_CURVE('',#6249,#6253,#7446,.T.);
#4614=EDGE_CURVE('',#6254,#6253,#7447,.T.);
#4615=EDGE_CURVE('',#6251,#6254,#7448,.T.);
#4616=EDGE_CURVE('',#6253,#6255,#232,.T.);
#4617=EDGE_CURVE('',#6256,#6255,#7449,.T.);
#4618=EDGE_CURVE('',#6254,#6256,#233,.T.);
#4619=EDGE_CURVE('',#6256,#6247,#7450,.T.);
#4620=EDGE_CURVE('',#6255,#6248,#7451,.T.);
#4621=EDGE_CURVE('',#6252,#6257,#7452,.T.);
#4622=EDGE_CURVE('',#6257,#6258,#7453,.T.);
#4623=EDGE_CURVE('',#6250,#6258,#7454,.T.);
#4624=EDGE_CURVE('',#6259,#6260,#234,.T.);
#4625=EDGE_CURVE('',#6261,#6259,#7455,.T.);
#4626=EDGE_CURVE('',#6261,#6262,#235,.T.);
#4627=EDGE_CURVE('',#6262,#6260,#7456,.T.);
#4628=EDGE_CURVE('',#6259,#6263,#7457,.T.);
#4629=EDGE_CURVE('',#6264,#6263,#7458,.T.);
#4630=EDGE_CURVE('',#6261,#6264,#7459,.T.);
#4631=EDGE_CURVE('',#6263,#6265,#236,.T.);
#4632=EDGE_CURVE('',#6266,#6265,#7460,.T.);
#4633=EDGE_CURVE('',#6264,#6266,#237,.T.);
#4634=EDGE_CURVE('',#6266,#6257,#7461,.T.);
#4635=EDGE_CURVE('',#6265,#6258,#7462,.T.);
#4636=EDGE_CURVE('',#6262,#6267,#7463,.T.);
#4637=EDGE_CURVE('',#6267,#6268,#7464,.T.);
#4638=EDGE_CURVE('',#6260,#6268,#7465,.T.);
#4639=EDGE_CURVE('',#6269,#6270,#238,.T.);
#4640=EDGE_CURVE('',#6271,#6269,#7466,.T.);
#4641=EDGE_CURVE('',#6271,#6272,#239,.T.);
#4642=EDGE_CURVE('',#6272,#6270,#7467,.T.);
#4643=EDGE_CURVE('',#6269,#6273,#7468,.T.);
#4644=EDGE_CURVE('',#6274,#6273,#7469,.T.);
#4645=EDGE_CURVE('',#6271,#6274,#7470,.T.);
#4646=EDGE_CURVE('',#6273,#6275,#240,.T.);
#4647=EDGE_CURVE('',#6276,#6275,#7471,.T.);
#4648=EDGE_CURVE('',#6274,#6276,#241,.T.);
#4649=EDGE_CURVE('',#6276,#6267,#7472,.T.);
#4650=EDGE_CURVE('',#6275,#6268,#7473,.T.);
#4651=EDGE_CURVE('',#6272,#6277,#7474,.T.);
#4652=EDGE_CURVE('',#6277,#6278,#7475,.T.);
#4653=EDGE_CURVE('',#6270,#6278,#7476,.T.);
#4654=EDGE_CURVE('',#6279,#6280,#242,.T.);
#4655=EDGE_CURVE('',#6281,#6279,#7477,.T.);
#4656=EDGE_CURVE('',#6281,#6282,#243,.T.);
#4657=EDGE_CURVE('',#6282,#6280,#7478,.T.);
#4658=EDGE_CURVE('',#6279,#6283,#7479,.T.);
#4659=EDGE_CURVE('',#6284,#6283,#7480,.T.);
#4660=EDGE_CURVE('',#6281,#6284,#7481,.T.);
#4661=EDGE_CURVE('',#6283,#6285,#244,.T.);
#4662=EDGE_CURVE('',#6286,#6285,#7482,.T.);
#4663=EDGE_CURVE('',#6284,#6286,#245,.T.);
#4664=EDGE_CURVE('',#6286,#6277,#7483,.T.);
#4665=EDGE_CURVE('',#6285,#6278,#7484,.T.);
#4666=EDGE_CURVE('',#6282,#6287,#7485,.T.);
#4667=EDGE_CURVE('',#6287,#6288,#7486,.T.);
#4668=EDGE_CURVE('',#6280,#6288,#7487,.T.);
#4669=EDGE_CURVE('',#6289,#6290,#246,.T.);
#4670=EDGE_CURVE('',#6291,#6289,#7488,.T.);
#4671=EDGE_CURVE('',#6291,#6292,#247,.T.);
#4672=EDGE_CURVE('',#6292,#6290,#7489,.T.);
#4673=EDGE_CURVE('',#6289,#6293,#7490,.T.);
#4674=EDGE_CURVE('',#6294,#6293,#7491,.T.);
#4675=EDGE_CURVE('',#6291,#6294,#7492,.T.);
#4676=EDGE_CURVE('',#6293,#6295,#248,.T.);
#4677=EDGE_CURVE('',#6296,#6295,#7493,.T.);
#4678=EDGE_CURVE('',#6294,#6296,#249,.T.);
#4679=EDGE_CURVE('',#6296,#6287,#7494,.T.);
#4680=EDGE_CURVE('',#6295,#6288,#7495,.T.);
#4681=EDGE_CURVE('',#6292,#6297,#7496,.T.);
#4682=EDGE_CURVE('',#6297,#6298,#7497,.T.);
#4683=EDGE_CURVE('',#6290,#6298,#7498,.T.);
#4684=EDGE_CURVE('',#6299,#6300,#250,.T.);
#4685=EDGE_CURVE('',#6301,#6299,#7499,.T.);
#4686=EDGE_CURVE('',#6301,#6302,#251,.T.);
#4687=EDGE_CURVE('',#6302,#6300,#7500,.T.);
#4688=EDGE_CURVE('',#6299,#6303,#7501,.T.);
#4689=EDGE_CURVE('',#6304,#6303,#7502,.T.);
#4690=EDGE_CURVE('',#6301,#6304,#7503,.T.);
#4691=EDGE_CURVE('',#6303,#6305,#252,.T.);
#4692=EDGE_CURVE('',#6306,#6305,#7504,.T.);
#4693=EDGE_CURVE('',#6304,#6306,#253,.T.);
#4694=EDGE_CURVE('',#6306,#6297,#7505,.T.);
#4695=EDGE_CURVE('',#6305,#6298,#7506,.T.);
#4696=EDGE_CURVE('',#6302,#6307,#7507,.T.);
#4697=EDGE_CURVE('',#6307,#6308,#7508,.T.);
#4698=EDGE_CURVE('',#6300,#6308,#7509,.T.);
#4699=EDGE_CURVE('',#6309,#6310,#254,.T.);
#4700=EDGE_CURVE('',#6311,#6309,#7510,.T.);
#4701=EDGE_CURVE('',#6311,#6312,#255,.T.);
#4702=EDGE_CURVE('',#6312,#6310,#7511,.T.);
#4703=EDGE_CURVE('',#6309,#6313,#7512,.T.);
#4704=EDGE_CURVE('',#6314,#6313,#7513,.T.);
#4705=EDGE_CURVE('',#6311,#6314,#7514,.T.);
#4706=EDGE_CURVE('',#6313,#6315,#256,.T.);
#4707=EDGE_CURVE('',#6316,#6315,#7515,.T.);
#4708=EDGE_CURVE('',#6314,#6316,#257,.T.);
#4709=EDGE_CURVE('',#6316,#6307,#7516,.T.);
#4710=EDGE_CURVE('',#6315,#6308,#7517,.T.);
#4711=EDGE_CURVE('',#6312,#6317,#7518,.T.);
#4712=EDGE_CURVE('',#6317,#6318,#7519,.T.);
#4713=EDGE_CURVE('',#6310,#6318,#7520,.T.);
#4714=EDGE_CURVE('',#6319,#6320,#258,.T.);
#4715=EDGE_CURVE('',#6321,#6319,#7521,.T.);
#4716=EDGE_CURVE('',#6321,#6322,#259,.T.);
#4717=EDGE_CURVE('',#6322,#6320,#7522,.T.);
#4718=EDGE_CURVE('',#6319,#6323,#7523,.T.);
#4719=EDGE_CURVE('',#6324,#6323,#7524,.T.);
#4720=EDGE_CURVE('',#6321,#6324,#7525,.T.);
#4721=EDGE_CURVE('',#6323,#6325,#260,.T.);
#4722=EDGE_CURVE('',#6326,#6325,#7526,.T.);
#4723=EDGE_CURVE('',#6324,#6326,#261,.T.);
#4724=EDGE_CURVE('',#6326,#6317,#7527,.T.);
#4725=EDGE_CURVE('',#6325,#6318,#7528,.T.);
#4726=EDGE_CURVE('',#6322,#6327,#7529,.T.);
#4727=EDGE_CURVE('',#6327,#6328,#7530,.T.);
#4728=EDGE_CURVE('',#6320,#6328,#7531,.T.);
#4729=EDGE_CURVE('',#6329,#6330,#262,.T.);
#4730=EDGE_CURVE('',#6331,#6329,#7532,.T.);
#4731=EDGE_CURVE('',#6331,#6332,#263,.T.);
#4732=EDGE_CURVE('',#6332,#6330,#7533,.T.);
#4733=EDGE_CURVE('',#6329,#6333,#7534,.T.);
#4734=EDGE_CURVE('',#6334,#6333,#7535,.T.);
#4735=EDGE_CURVE('',#6331,#6334,#7536,.T.);
#4736=EDGE_CURVE('',#6333,#6335,#264,.T.);
#4737=EDGE_CURVE('',#6336,#6335,#7537,.T.);
#4738=EDGE_CURVE('',#6334,#6336,#265,.T.);
#4739=EDGE_CURVE('',#6336,#6327,#7538,.T.);
#4740=EDGE_CURVE('',#6335,#6328,#7539,.T.);
#4741=EDGE_CURVE('',#6332,#6337,#7540,.T.);
#4742=EDGE_CURVE('',#6337,#6338,#7541,.T.);
#4743=EDGE_CURVE('',#6330,#6338,#7542,.T.);
#4744=EDGE_CURVE('',#6339,#6340,#266,.T.);
#4745=EDGE_CURVE('',#6341,#6339,#7543,.T.);
#4746=EDGE_CURVE('',#6341,#6342,#267,.T.);
#4747=EDGE_CURVE('',#6342,#6340,#7544,.T.);
#4748=EDGE_CURVE('',#6339,#6343,#7545,.T.);
#4749=EDGE_CURVE('',#6344,#6343,#7546,.T.);
#4750=EDGE_CURVE('',#6341,#6344,#7547,.T.);
#4751=EDGE_CURVE('',#6343,#6345,#268,.T.);
#4752=EDGE_CURVE('',#6346,#6345,#7548,.T.);
#4753=EDGE_CURVE('',#6344,#6346,#269,.T.);
#4754=EDGE_CURVE('',#6346,#6337,#7549,.T.);
#4755=EDGE_CURVE('',#6345,#6338,#7550,.T.);
#4756=EDGE_CURVE('',#6342,#6347,#7551,.T.);
#4757=EDGE_CURVE('',#6347,#6348,#7552,.T.);
#4758=EDGE_CURVE('',#6340,#6348,#7553,.T.);
#4759=EDGE_CURVE('',#6349,#6350,#270,.T.);
#4760=EDGE_CURVE('',#6351,#6349,#7554,.T.);
#4761=EDGE_CURVE('',#6351,#6352,#271,.T.);
#4762=EDGE_CURVE('',#6352,#6350,#7555,.T.);
#4763=EDGE_CURVE('',#6349,#6353,#7556,.T.);
#4764=EDGE_CURVE('',#6354,#6353,#7557,.T.);
#4765=EDGE_CURVE('',#6351,#6354,#7558,.T.);
#4766=EDGE_CURVE('',#6353,#6355,#272,.T.);
#4767=EDGE_CURVE('',#6356,#6355,#7559,.T.);
#4768=EDGE_CURVE('',#6354,#6356,#273,.T.);
#4769=EDGE_CURVE('',#6356,#6347,#7560,.T.);
#4770=EDGE_CURVE('',#6355,#6348,#7561,.T.);
#4771=EDGE_CURVE('',#6352,#6357,#7562,.T.);
#4772=EDGE_CURVE('',#6357,#6358,#7563,.T.);
#4773=EDGE_CURVE('',#6350,#6358,#7564,.T.);
#4774=EDGE_CURVE('',#6359,#6360,#274,.T.);
#4775=EDGE_CURVE('',#6361,#6359,#7565,.T.);
#4776=EDGE_CURVE('',#6361,#6362,#275,.T.);
#4777=EDGE_CURVE('',#6362,#6360,#7566,.T.);
#4778=EDGE_CURVE('',#6359,#6363,#7567,.T.);
#4779=EDGE_CURVE('',#6364,#6363,#7568,.T.);
#4780=EDGE_CURVE('',#6361,#6364,#7569,.T.);
#4781=EDGE_CURVE('',#6363,#6365,#276,.T.);
#4782=EDGE_CURVE('',#6366,#6365,#7570,.T.);
#4783=EDGE_CURVE('',#6364,#6366,#277,.T.);
#4784=EDGE_CURVE('',#6366,#6357,#7571,.T.);
#4785=EDGE_CURVE('',#6365,#6358,#7572,.T.);
#4786=EDGE_CURVE('',#6362,#6367,#7573,.T.);
#4787=EDGE_CURVE('',#6367,#6368,#7574,.T.);
#4788=EDGE_CURVE('',#6360,#6368,#7575,.T.);
#4789=EDGE_CURVE('',#6369,#6370,#278,.T.);
#4790=EDGE_CURVE('',#6371,#6369,#7576,.T.);
#4791=EDGE_CURVE('',#6371,#6372,#279,.T.);
#4792=EDGE_CURVE('',#6372,#6370,#7577,.T.);
#4793=EDGE_CURVE('',#6369,#6373,#7578,.T.);
#4794=EDGE_CURVE('',#6374,#6373,#7579,.T.);
#4795=EDGE_CURVE('',#6371,#6374,#7580,.T.);
#4796=EDGE_CURVE('',#6373,#6375,#280,.T.);
#4797=EDGE_CURVE('',#6376,#6375,#7581,.T.);
#4798=EDGE_CURVE('',#6374,#6376,#281,.T.);
#4799=EDGE_CURVE('',#6376,#6367,#7582,.T.);
#4800=EDGE_CURVE('',#6375,#6368,#7583,.T.);
#4801=EDGE_CURVE('',#6372,#6377,#7584,.T.);
#4802=EDGE_CURVE('',#6377,#6378,#7585,.T.);
#4803=EDGE_CURVE('',#6370,#6378,#7586,.T.);
#4804=EDGE_CURVE('',#6379,#6380,#282,.T.);
#4805=EDGE_CURVE('',#6381,#6379,#7587,.T.);
#4806=EDGE_CURVE('',#6381,#6382,#283,.T.);
#4807=EDGE_CURVE('',#6382,#6380,#7588,.T.);
#4808=EDGE_CURVE('',#6379,#6383,#7589,.T.);
#4809=EDGE_CURVE('',#6384,#6383,#7590,.T.);
#4810=EDGE_CURVE('',#6381,#6384,#7591,.T.);
#4811=EDGE_CURVE('',#6383,#6385,#284,.T.);
#4812=EDGE_CURVE('',#6386,#6385,#7592,.T.);
#4813=EDGE_CURVE('',#6384,#6386,#285,.T.);
#4814=EDGE_CURVE('',#6386,#6377,#7593,.T.);
#4815=EDGE_CURVE('',#6385,#6378,#7594,.T.);
#4816=EDGE_CURVE('',#6382,#6387,#7595,.T.);
#4817=EDGE_CURVE('',#6387,#6388,#7596,.T.);
#4818=EDGE_CURVE('',#6380,#6388,#7597,.T.);
#4819=EDGE_CURVE('',#6389,#6390,#286,.T.);
#4820=EDGE_CURVE('',#6391,#6389,#7598,.T.);
#4821=EDGE_CURVE('',#6391,#6392,#287,.T.);
#4822=EDGE_CURVE('',#6392,#6390,#7599,.T.);
#4823=EDGE_CURVE('',#6389,#6393,#7600,.T.);
#4824=EDGE_CURVE('',#6394,#6393,#7601,.T.);
#4825=EDGE_CURVE('',#6391,#6394,#7602,.T.);
#4826=EDGE_CURVE('',#6393,#6395,#288,.T.);
#4827=EDGE_CURVE('',#6396,#6395,#7603,.T.);
#4828=EDGE_CURVE('',#6394,#6396,#289,.T.);
#4829=EDGE_CURVE('',#6396,#6387,#7604,.T.);
#4830=EDGE_CURVE('',#6395,#6388,#7605,.T.);
#4831=EDGE_CURVE('',#6392,#6397,#7606,.T.);
#4832=EDGE_CURVE('',#6397,#6398,#7607,.T.);
#4833=EDGE_CURVE('',#6390,#6398,#7608,.T.);
#4834=EDGE_CURVE('',#6399,#6400,#290,.T.);
#4835=EDGE_CURVE('',#6401,#6399,#7609,.T.);
#4836=EDGE_CURVE('',#6401,#6402,#291,.T.);
#4837=EDGE_CURVE('',#6402,#6400,#7610,.T.);
#4838=EDGE_CURVE('',#6399,#6403,#7611,.T.);
#4839=EDGE_CURVE('',#6404,#6403,#7612,.T.);
#4840=EDGE_CURVE('',#6401,#6404,#7613,.T.);
#4841=EDGE_CURVE('',#6403,#6405,#292,.T.);
#4842=EDGE_CURVE('',#6406,#6405,#7614,.T.);
#4843=EDGE_CURVE('',#6404,#6406,#293,.T.);
#4844=EDGE_CURVE('',#6406,#6397,#7615,.T.);
#4845=EDGE_CURVE('',#6405,#6398,#7616,.T.);
#4846=EDGE_CURVE('',#6402,#6407,#7617,.T.);
#4847=EDGE_CURVE('',#6407,#6408,#7618,.T.);
#4848=EDGE_CURVE('',#6400,#6408,#7619,.T.);
#4849=EDGE_CURVE('',#6409,#6410,#294,.T.);
#4850=EDGE_CURVE('',#6411,#6409,#7620,.T.);
#4851=EDGE_CURVE('',#6411,#6412,#295,.T.);
#4852=EDGE_CURVE('',#6412,#6410,#7621,.T.);
#4853=EDGE_CURVE('',#6409,#6413,#7622,.T.);
#4854=EDGE_CURVE('',#6414,#6413,#7623,.T.);
#4855=EDGE_CURVE('',#6411,#6414,#7624,.T.);
#4856=EDGE_CURVE('',#6413,#6415,#296,.T.);
#4857=EDGE_CURVE('',#6416,#6415,#7625,.T.);
#4858=EDGE_CURVE('',#6414,#6416,#297,.T.);
#4859=EDGE_CURVE('',#6416,#6407,#7626,.T.);
#4860=EDGE_CURVE('',#6415,#6408,#7627,.T.);
#4861=EDGE_CURVE('',#6412,#6417,#7628,.T.);
#4862=EDGE_CURVE('',#6417,#6418,#7629,.T.);
#4863=EDGE_CURVE('',#6410,#6418,#7630,.T.);
#4864=EDGE_CURVE('',#6419,#6420,#298,.T.);
#4865=EDGE_CURVE('',#6421,#6419,#7631,.T.);
#4866=EDGE_CURVE('',#6421,#6422,#299,.T.);
#4867=EDGE_CURVE('',#6422,#6420,#7632,.T.);
#4868=EDGE_CURVE('',#6419,#6423,#7633,.T.);
#4869=EDGE_CURVE('',#6424,#6423,#7634,.T.);
#4870=EDGE_CURVE('',#6421,#6424,#7635,.T.);
#4871=EDGE_CURVE('',#6423,#6425,#300,.T.);
#4872=EDGE_CURVE('',#6426,#6425,#7636,.T.);
#4873=EDGE_CURVE('',#6424,#6426,#301,.T.);
#4874=EDGE_CURVE('',#6426,#6417,#7637,.T.);
#4875=EDGE_CURVE('',#6425,#6418,#7638,.T.);
#4876=EDGE_CURVE('',#6422,#6427,#7639,.T.);
#4877=EDGE_CURVE('',#6427,#6428,#7640,.T.);
#4878=EDGE_CURVE('',#6420,#6428,#7641,.T.);
#4879=EDGE_CURVE('',#6429,#6430,#302,.T.);
#4880=EDGE_CURVE('',#6431,#6429,#7642,.T.);
#4881=EDGE_CURVE('',#6431,#6432,#303,.T.);
#4882=EDGE_CURVE('',#6432,#6430,#7643,.T.);
#4883=EDGE_CURVE('',#6429,#6433,#7644,.T.);
#4884=EDGE_CURVE('',#6434,#6433,#7645,.T.);
#4885=EDGE_CURVE('',#6431,#6434,#7646,.T.);
#4886=EDGE_CURVE('',#6433,#6435,#304,.T.);
#4887=EDGE_CURVE('',#6436,#6435,#7647,.T.);
#4888=EDGE_CURVE('',#6434,#6436,#305,.T.);
#4889=EDGE_CURVE('',#6436,#6427,#7648,.T.);
#4890=EDGE_CURVE('',#6435,#6428,#7649,.T.);
#4891=EDGE_CURVE('',#6432,#6437,#7650,.T.);
#4892=EDGE_CURVE('',#6437,#6438,#7651,.T.);
#4893=EDGE_CURVE('',#6430,#6438,#7652,.T.);
#4894=EDGE_CURVE('',#6439,#6440,#306,.T.);
#4895=EDGE_CURVE('',#6441,#6439,#7653,.T.);
#4896=EDGE_CURVE('',#6441,#6442,#307,.T.);
#4897=EDGE_CURVE('',#6442,#6440,#7654,.T.);
#4898=EDGE_CURVE('',#6439,#6443,#7655,.T.);
#4899=EDGE_CURVE('',#6444,#6443,#7656,.T.);
#4900=EDGE_CURVE('',#6441,#6444,#7657,.T.);
#4901=EDGE_CURVE('',#6443,#6445,#308,.T.);
#4902=EDGE_CURVE('',#6446,#6445,#7658,.T.);
#4903=EDGE_CURVE('',#6444,#6446,#309,.T.);
#4904=EDGE_CURVE('',#6446,#6437,#7659,.T.);
#4905=EDGE_CURVE('',#6445,#6438,#7660,.T.);
#4906=EDGE_CURVE('',#6442,#6447,#7661,.T.);
#4907=EDGE_CURVE('',#6447,#6448,#7662,.T.);
#4908=EDGE_CURVE('',#6440,#6448,#7663,.T.);
#4909=EDGE_CURVE('',#6449,#6450,#310,.T.);
#4910=EDGE_CURVE('',#6451,#6449,#7664,.T.);
#4911=EDGE_CURVE('',#6451,#6452,#311,.T.);
#4912=EDGE_CURVE('',#6452,#6450,#7665,.T.);
#4913=EDGE_CURVE('',#6449,#6453,#7666,.T.);
#4914=EDGE_CURVE('',#6454,#6453,#7667,.T.);
#4915=EDGE_CURVE('',#6451,#6454,#7668,.T.);
#4916=EDGE_CURVE('',#6453,#6455,#312,.T.);
#4917=EDGE_CURVE('',#6456,#6455,#7669,.T.);
#4918=EDGE_CURVE('',#6454,#6456,#313,.T.);
#4919=EDGE_CURVE('',#6456,#6447,#7670,.T.);
#4920=EDGE_CURVE('',#6455,#6448,#7671,.T.);
#4921=EDGE_CURVE('',#6452,#6457,#7672,.T.);
#4922=EDGE_CURVE('',#6457,#6458,#7673,.T.);
#4923=EDGE_CURVE('',#6450,#6458,#7674,.T.);
#4924=EDGE_CURVE('',#6459,#6460,#314,.T.);
#4925=EDGE_CURVE('',#6461,#6459,#7675,.T.);
#4926=EDGE_CURVE('',#6461,#6462,#315,.T.);
#4927=EDGE_CURVE('',#6462,#6460,#7676,.T.);
#4928=EDGE_CURVE('',#6459,#6463,#7677,.T.);
#4929=EDGE_CURVE('',#6464,#6463,#7678,.T.);
#4930=EDGE_CURVE('',#6461,#6464,#7679,.T.);
#4931=EDGE_CURVE('',#6463,#6465,#316,.T.);
#4932=EDGE_CURVE('',#6466,#6465,#7680,.T.);
#4933=EDGE_CURVE('',#6464,#6466,#317,.T.);
#4934=EDGE_CURVE('',#6466,#6457,#7681,.T.);
#4935=EDGE_CURVE('',#6465,#6458,#7682,.T.);
#4936=EDGE_CURVE('',#6462,#6467,#7683,.T.);
#4937=EDGE_CURVE('',#6467,#6468,#7684,.T.);
#4938=EDGE_CURVE('',#6460,#6468,#7685,.T.);
#4939=EDGE_CURVE('',#6469,#6470,#318,.T.);
#4940=EDGE_CURVE('',#6471,#6469,#7686,.T.);
#4941=EDGE_CURVE('',#6471,#6472,#319,.T.);
#4942=EDGE_CURVE('',#6472,#6470,#7687,.T.);
#4943=EDGE_CURVE('',#6469,#6473,#7688,.T.);
#4944=EDGE_CURVE('',#6474,#6473,#7689,.T.);
#4945=EDGE_CURVE('',#6471,#6474,#7690,.T.);
#4946=EDGE_CURVE('',#6473,#6475,#320,.T.);
#4947=EDGE_CURVE('',#6476,#6475,#7691,.T.);
#4948=EDGE_CURVE('',#6474,#6476,#321,.T.);
#4949=EDGE_CURVE('',#6476,#6467,#7692,.T.);
#4950=EDGE_CURVE('',#6475,#6468,#7693,.T.);
#4951=EDGE_CURVE('',#6472,#6477,#7694,.T.);
#4952=EDGE_CURVE('',#6477,#6478,#7695,.T.);
#4953=EDGE_CURVE('',#6470,#6478,#7696,.T.);
#4954=EDGE_CURVE('',#6479,#6480,#322,.T.);
#4955=EDGE_CURVE('',#6481,#6479,#7697,.T.);
#4956=EDGE_CURVE('',#6481,#6482,#323,.T.);
#4957=EDGE_CURVE('',#6482,#6480,#7698,.T.);
#4958=EDGE_CURVE('',#6479,#6483,#7699,.T.);
#4959=EDGE_CURVE('',#6484,#6483,#7700,.T.);
#4960=EDGE_CURVE('',#6481,#6484,#7701,.T.);
#4961=EDGE_CURVE('',#6483,#6485,#324,.T.);
#4962=EDGE_CURVE('',#6486,#6485,#7702,.T.);
#4963=EDGE_CURVE('',#6484,#6486,#325,.T.);
#4964=EDGE_CURVE('',#6486,#6477,#7703,.T.);
#4965=EDGE_CURVE('',#6485,#6478,#7704,.T.);
#4966=EDGE_CURVE('',#6482,#6487,#7705,.T.);
#4967=EDGE_CURVE('',#6487,#6488,#7706,.T.);
#4968=EDGE_CURVE('',#6480,#6488,#7707,.T.);
#4969=EDGE_CURVE('',#6489,#6490,#326,.T.);
#4970=EDGE_CURVE('',#6491,#6489,#7708,.T.);
#4971=EDGE_CURVE('',#6491,#6492,#327,.T.);
#4972=EDGE_CURVE('',#6492,#6490,#7709,.T.);
#4973=EDGE_CURVE('',#6489,#6493,#7710,.T.);
#4974=EDGE_CURVE('',#6494,#6493,#7711,.T.);
#4975=EDGE_CURVE('',#6491,#6494,#7712,.T.);
#4976=EDGE_CURVE('',#6493,#6495,#328,.T.);
#4977=EDGE_CURVE('',#6496,#6495,#7713,.T.);
#4978=EDGE_CURVE('',#6494,#6496,#329,.T.);
#4979=EDGE_CURVE('',#6496,#6487,#7714,.T.);
#4980=EDGE_CURVE('',#6495,#6488,#7715,.T.);
#4981=EDGE_CURVE('',#6492,#6497,#7716,.T.);
#4982=EDGE_CURVE('',#6497,#6498,#7717,.T.);
#4983=EDGE_CURVE('',#6490,#6498,#7718,.T.);
#4984=EDGE_CURVE('',#6499,#6500,#330,.T.);
#4985=EDGE_CURVE('',#6501,#6499,#7719,.T.);
#4986=EDGE_CURVE('',#6501,#6502,#331,.T.);
#4987=EDGE_CURVE('',#6502,#6500,#7720,.T.);
#4988=EDGE_CURVE('',#6499,#6503,#7721,.T.);
#4989=EDGE_CURVE('',#6504,#6503,#7722,.T.);
#4990=EDGE_CURVE('',#6501,#6504,#7723,.T.);
#4991=EDGE_CURVE('',#6503,#6505,#332,.T.);
#4992=EDGE_CURVE('',#6506,#6505,#7724,.T.);
#4993=EDGE_CURVE('',#6504,#6506,#333,.T.);
#4994=EDGE_CURVE('',#6506,#6497,#7725,.T.);
#4995=EDGE_CURVE('',#6505,#6498,#7726,.T.);
#4996=EDGE_CURVE('',#6502,#6507,#7727,.T.);
#4997=EDGE_CURVE('',#6507,#6508,#7728,.T.);
#4998=EDGE_CURVE('',#6500,#6508,#7729,.T.);
#4999=EDGE_CURVE('',#6509,#6510,#334,.T.);
#5000=EDGE_CURVE('',#6511,#6509,#7730,.T.);
#5001=EDGE_CURVE('',#6511,#6512,#335,.T.);
#5002=EDGE_CURVE('',#6512,#6510,#7731,.T.);
#5003=EDGE_CURVE('',#6509,#6513,#7732,.T.);
#5004=EDGE_CURVE('',#6514,#6513,#7733,.T.);
#5005=EDGE_CURVE('',#6511,#6514,#7734,.T.);
#5006=EDGE_CURVE('',#6513,#6515,#336,.T.);
#5007=EDGE_CURVE('',#6516,#6515,#7735,.T.);
#5008=EDGE_CURVE('',#6514,#6516,#337,.T.);
#5009=EDGE_CURVE('',#6516,#6507,#7736,.T.);
#5010=EDGE_CURVE('',#6515,#6508,#7737,.T.);
#5011=EDGE_CURVE('',#6512,#6517,#7738,.T.);
#5012=EDGE_CURVE('',#6517,#6518,#7739,.T.);
#5013=EDGE_CURVE('',#6510,#6518,#7740,.T.);
#5014=EDGE_CURVE('',#6519,#6520,#338,.T.);
#5015=EDGE_CURVE('',#6521,#6519,#7741,.T.);
#5016=EDGE_CURVE('',#6521,#6522,#339,.T.);
#5017=EDGE_CURVE('',#6522,#6520,#7742,.T.);
#5018=EDGE_CURVE('',#6519,#6523,#7743,.T.);
#5019=EDGE_CURVE('',#6524,#6523,#7744,.T.);
#5020=EDGE_CURVE('',#6521,#6524,#7745,.T.);
#5021=EDGE_CURVE('',#6523,#6525,#340,.T.);
#5022=EDGE_CURVE('',#6526,#6525,#7746,.T.);
#5023=EDGE_CURVE('',#6524,#6526,#341,.T.);
#5024=EDGE_CURVE('',#6526,#6517,#7747,.T.);
#5025=EDGE_CURVE('',#6525,#6518,#7748,.T.);
#5026=EDGE_CURVE('',#6522,#6527,#7749,.T.);
#5027=EDGE_CURVE('',#6527,#6528,#7750,.T.);
#5028=EDGE_CURVE('',#6520,#6528,#7751,.T.);
#5029=EDGE_CURVE('',#6529,#6530,#342,.T.);
#5030=EDGE_CURVE('',#6531,#6529,#7752,.T.);
#5031=EDGE_CURVE('',#6531,#6532,#343,.T.);
#5032=EDGE_CURVE('',#6532,#6530,#7753,.T.);
#5033=EDGE_CURVE('',#6529,#6533,#7754,.T.);
#5034=EDGE_CURVE('',#6534,#6533,#7755,.T.);
#5035=EDGE_CURVE('',#6531,#6534,#7756,.T.);
#5036=EDGE_CURVE('',#6533,#6535,#344,.T.);
#5037=EDGE_CURVE('',#6536,#6535,#7757,.T.);
#5038=EDGE_CURVE('',#6534,#6536,#345,.T.);
#5039=EDGE_CURVE('',#6536,#6527,#7758,.T.);
#5040=EDGE_CURVE('',#6535,#6528,#7759,.T.);
#5041=EDGE_CURVE('',#6532,#6537,#7760,.T.);
#5042=EDGE_CURVE('',#6537,#6538,#7761,.T.);
#5043=EDGE_CURVE('',#6530,#6538,#7762,.T.);
#5044=EDGE_CURVE('',#6539,#6540,#346,.T.);
#5045=EDGE_CURVE('',#6541,#6539,#7763,.T.);
#5046=EDGE_CURVE('',#6541,#6542,#347,.T.);
#5047=EDGE_CURVE('',#6542,#6540,#7764,.T.);
#5048=EDGE_CURVE('',#6539,#6543,#7765,.T.);
#5049=EDGE_CURVE('',#6544,#6543,#7766,.T.);
#5050=EDGE_CURVE('',#6541,#6544,#7767,.T.);
#5051=EDGE_CURVE('',#6543,#6545,#348,.T.);
#5052=EDGE_CURVE('',#6546,#6545,#7768,.T.);
#5053=EDGE_CURVE('',#6544,#6546,#349,.T.);
#5054=EDGE_CURVE('',#6546,#6537,#7769,.T.);
#5055=EDGE_CURVE('',#6545,#6538,#7770,.T.);
#5056=EDGE_CURVE('',#6542,#6547,#7771,.T.);
#5057=EDGE_CURVE('',#6547,#6548,#7772,.T.);
#5058=EDGE_CURVE('',#6540,#6548,#7773,.T.);
#5059=EDGE_CURVE('',#6549,#6550,#350,.T.);
#5060=EDGE_CURVE('',#6551,#6549,#7774,.T.);
#5061=EDGE_CURVE('',#6551,#6552,#351,.T.);
#5062=EDGE_CURVE('',#6552,#6550,#7775,.T.);
#5063=EDGE_CURVE('',#6549,#6553,#7776,.T.);
#5064=EDGE_CURVE('',#6554,#6553,#7777,.T.);
#5065=EDGE_CURVE('',#6551,#6554,#7778,.T.);
#5066=EDGE_CURVE('',#6553,#6555,#352,.T.);
#5067=EDGE_CURVE('',#6556,#6555,#7779,.T.);
#5068=EDGE_CURVE('',#6554,#6556,#353,.T.);
#5069=EDGE_CURVE('',#6556,#6547,#7780,.T.);
#5070=EDGE_CURVE('',#6555,#6548,#7781,.T.);
#5071=EDGE_CURVE('',#6552,#6557,#7782,.T.);
#5072=EDGE_CURVE('',#6557,#6558,#7783,.T.);
#5073=EDGE_CURVE('',#6550,#6558,#7784,.T.);
#5074=EDGE_CURVE('',#6559,#6560,#354,.T.);
#5075=EDGE_CURVE('',#6561,#6559,#7785,.T.);
#5076=EDGE_CURVE('',#6561,#6562,#355,.T.);
#5077=EDGE_CURVE('',#6562,#6560,#7786,.T.);
#5078=EDGE_CURVE('',#6559,#6563,#7787,.T.);
#5079=EDGE_CURVE('',#6564,#6563,#7788,.T.);
#5080=EDGE_CURVE('',#6561,#6564,#7789,.T.);
#5081=EDGE_CURVE('',#6563,#6565,#356,.T.);
#5082=EDGE_CURVE('',#6566,#6565,#7790,.T.);
#5083=EDGE_CURVE('',#6564,#6566,#357,.T.);
#5084=EDGE_CURVE('',#6566,#6557,#7791,.T.);
#5085=EDGE_CURVE('',#6565,#6558,#7792,.T.);
#5086=EDGE_CURVE('',#6562,#6567,#7793,.T.);
#5087=EDGE_CURVE('',#6567,#6568,#7794,.T.);
#5088=EDGE_CURVE('',#6560,#6568,#7795,.T.);
#5089=EDGE_CURVE('',#6569,#6570,#358,.T.);
#5090=EDGE_CURVE('',#6571,#6569,#7796,.T.);
#5091=EDGE_CURVE('',#6571,#6572,#359,.T.);
#5092=EDGE_CURVE('',#6572,#6570,#7797,.T.);
#5093=EDGE_CURVE('',#6569,#6573,#7798,.T.);
#5094=EDGE_CURVE('',#6574,#6573,#7799,.T.);
#5095=EDGE_CURVE('',#6571,#6574,#7800,.T.);
#5096=EDGE_CURVE('',#6573,#6575,#360,.T.);
#5097=EDGE_CURVE('',#6576,#6575,#7801,.T.);
#5098=EDGE_CURVE('',#6574,#6576,#361,.T.);
#5099=EDGE_CURVE('',#6576,#6567,#7802,.T.);
#5100=EDGE_CURVE('',#6575,#6568,#7803,.T.);
#5101=EDGE_CURVE('',#6572,#6577,#7804,.T.);
#5102=EDGE_CURVE('',#6577,#6578,#7805,.T.);
#5103=EDGE_CURVE('',#6570,#6578,#7806,.T.);
#5104=EDGE_CURVE('',#6579,#6580,#362,.T.);
#5105=EDGE_CURVE('',#6581,#6579,#7807,.T.);
#5106=EDGE_CURVE('',#6581,#6582,#363,.T.);
#5107=EDGE_CURVE('',#6582,#6580,#7808,.T.);
#5108=EDGE_CURVE('',#6579,#6583,#7809,.T.);
#5109=EDGE_CURVE('',#6584,#6583,#7810,.T.);
#5110=EDGE_CURVE('',#6581,#6584,#7811,.T.);
#5111=EDGE_CURVE('',#6583,#6585,#364,.T.);
#5112=EDGE_CURVE('',#6586,#6585,#7812,.T.);
#5113=EDGE_CURVE('',#6584,#6586,#365,.T.);
#5114=EDGE_CURVE('',#6586,#6577,#7813,.T.);
#5115=EDGE_CURVE('',#6585,#6578,#7814,.T.);
#5116=EDGE_CURVE('',#6582,#6587,#7815,.T.);
#5117=EDGE_CURVE('',#6587,#6588,#7816,.T.);
#5118=EDGE_CURVE('',#6580,#6588,#7817,.T.);
#5119=EDGE_CURVE('',#6589,#6590,#366,.T.);
#5120=EDGE_CURVE('',#6591,#6589,#7818,.T.);
#5121=EDGE_CURVE('',#6591,#6592,#367,.T.);
#5122=EDGE_CURVE('',#6592,#6590,#7819,.T.);
#5123=EDGE_CURVE('',#6589,#6593,#7820,.T.);
#5124=EDGE_CURVE('',#6594,#6593,#7821,.T.);
#5125=EDGE_CURVE('',#6591,#6594,#7822,.T.);
#5126=EDGE_CURVE('',#6593,#6595,#368,.T.);
#5127=EDGE_CURVE('',#6596,#6595,#7823,.T.);
#5128=EDGE_CURVE('',#6594,#6596,#369,.T.);
#5129=EDGE_CURVE('',#6596,#6587,#7824,.T.);
#5130=EDGE_CURVE('',#6595,#6588,#7825,.T.);
#5131=EDGE_CURVE('',#6592,#6597,#7826,.T.);
#5132=EDGE_CURVE('',#6597,#6598,#7827,.T.);
#5133=EDGE_CURVE('',#6590,#6598,#7828,.T.);
#5134=EDGE_CURVE('',#6599,#6600,#370,.T.);
#5135=EDGE_CURVE('',#6601,#6599,#7829,.T.);
#5136=EDGE_CURVE('',#6601,#6602,#371,.T.);
#5137=EDGE_CURVE('',#6602,#6600,#7830,.T.);
#5138=EDGE_CURVE('',#6599,#6603,#7831,.T.);
#5139=EDGE_CURVE('',#6604,#6603,#7832,.T.);
#5140=EDGE_CURVE('',#6601,#6604,#7833,.T.);
#5141=EDGE_CURVE('',#6603,#6605,#372,.T.);
#5142=EDGE_CURVE('',#6606,#6605,#7834,.T.);
#5143=EDGE_CURVE('',#6604,#6606,#373,.T.);
#5144=EDGE_CURVE('',#6606,#6597,#7835,.T.);
#5145=EDGE_CURVE('',#6605,#6598,#7836,.T.);
#5146=EDGE_CURVE('',#6602,#6607,#7837,.T.);
#5147=EDGE_CURVE('',#6607,#6608,#7838,.T.);
#5148=EDGE_CURVE('',#6600,#6608,#7839,.T.);
#5149=EDGE_CURVE('',#6609,#6610,#374,.T.);
#5150=EDGE_CURVE('',#6611,#6609,#7840,.T.);
#5151=EDGE_CURVE('',#6611,#6612,#375,.T.);
#5152=EDGE_CURVE('',#6612,#6610,#7841,.T.);
#5153=EDGE_CURVE('',#6609,#6613,#7842,.T.);
#5154=EDGE_CURVE('',#6614,#6613,#7843,.T.);
#5155=EDGE_CURVE('',#6611,#6614,#7844,.T.);
#5156=EDGE_CURVE('',#6613,#6615,#376,.T.);
#5157=EDGE_CURVE('',#6616,#6615,#7845,.T.);
#5158=EDGE_CURVE('',#6614,#6616,#377,.T.);
#5159=EDGE_CURVE('',#6616,#6607,#7846,.T.);
#5160=EDGE_CURVE('',#6615,#6608,#7847,.T.);
#5161=EDGE_CURVE('',#6612,#6617,#7848,.T.);
#5162=EDGE_CURVE('',#6617,#6618,#7849,.T.);
#5163=EDGE_CURVE('',#6610,#6618,#7850,.T.);
#5164=EDGE_CURVE('',#6619,#6620,#378,.T.);
#5165=EDGE_CURVE('',#6621,#6619,#7851,.T.);
#5166=EDGE_CURVE('',#6621,#6622,#379,.T.);
#5167=EDGE_CURVE('',#6622,#6620,#7852,.T.);
#5168=EDGE_CURVE('',#6619,#6623,#7853,.T.);
#5169=EDGE_CURVE('',#6624,#6623,#7854,.T.);
#5170=EDGE_CURVE('',#6621,#6624,#7855,.T.);
#5171=EDGE_CURVE('',#6623,#6625,#380,.T.);
#5172=EDGE_CURVE('',#6626,#6625,#7856,.T.);
#5173=EDGE_CURVE('',#6624,#6626,#381,.T.);
#5174=EDGE_CURVE('',#6626,#6617,#7857,.T.);
#5175=EDGE_CURVE('',#6625,#6618,#7858,.T.);
#5176=EDGE_CURVE('',#6622,#6627,#7859,.T.);
#5177=EDGE_CURVE('',#6627,#6628,#7860,.T.);
#5178=EDGE_CURVE('',#6620,#6628,#7861,.T.);
#5179=EDGE_CURVE('',#6629,#6630,#382,.T.);
#5180=EDGE_CURVE('',#6631,#6629,#7862,.T.);
#5181=EDGE_CURVE('',#6631,#6632,#383,.T.);
#5182=EDGE_CURVE('',#6632,#6630,#7863,.T.);
#5183=EDGE_CURVE('',#6629,#6633,#7864,.T.);
#5184=EDGE_CURVE('',#6634,#6633,#7865,.T.);
#5185=EDGE_CURVE('',#6631,#6634,#7866,.T.);
#5186=EDGE_CURVE('',#6633,#6635,#384,.T.);
#5187=EDGE_CURVE('',#6636,#6635,#7867,.T.);
#5188=EDGE_CURVE('',#6634,#6636,#385,.T.);
#5189=EDGE_CURVE('',#6636,#6627,#7868,.T.);
#5190=EDGE_CURVE('',#6635,#6628,#7869,.T.);
#5191=EDGE_CURVE('',#6632,#6637,#7870,.T.);
#5192=EDGE_CURVE('',#6637,#6638,#7871,.T.);
#5193=EDGE_CURVE('',#6630,#6638,#7872,.T.);
#5194=EDGE_CURVE('',#6639,#6640,#386,.T.);
#5195=EDGE_CURVE('',#6641,#6639,#7873,.T.);
#5196=EDGE_CURVE('',#6641,#6642,#387,.T.);
#5197=EDGE_CURVE('',#6642,#6640,#7874,.T.);
#5198=EDGE_CURVE('',#6639,#6643,#7875,.T.);
#5199=EDGE_CURVE('',#6644,#6643,#7876,.T.);
#5200=EDGE_CURVE('',#6641,#6644,#7877,.T.);
#5201=EDGE_CURVE('',#6643,#6645,#388,.T.);
#5202=EDGE_CURVE('',#6646,#6645,#7878,.T.);
#5203=EDGE_CURVE('',#6644,#6646,#389,.T.);
#5204=EDGE_CURVE('',#6646,#6637,#7879,.T.);
#5205=EDGE_CURVE('',#6645,#6638,#7880,.T.);
#5206=EDGE_CURVE('',#6642,#6647,#7881,.T.);
#5207=EDGE_CURVE('',#6647,#6648,#7882,.T.);
#5208=EDGE_CURVE('',#6640,#6648,#7883,.T.);
#5209=EDGE_CURVE('',#6649,#6650,#390,.T.);
#5210=EDGE_CURVE('',#6651,#6649,#7884,.T.);
#5211=EDGE_CURVE('',#6651,#6652,#391,.T.);
#5212=EDGE_CURVE('',#6652,#6650,#7885,.T.);
#5213=EDGE_CURVE('',#6649,#6653,#7886,.T.);
#5214=EDGE_CURVE('',#6654,#6653,#7887,.T.);
#5215=EDGE_CURVE('',#6651,#6654,#7888,.T.);
#5216=EDGE_CURVE('',#6653,#6655,#392,.T.);
#5217=EDGE_CURVE('',#6656,#6655,#7889,.T.);
#5218=EDGE_CURVE('',#6654,#6656,#393,.T.);
#5219=EDGE_CURVE('',#6656,#6647,#7890,.T.);
#5220=EDGE_CURVE('',#6655,#6648,#7891,.T.);
#5221=EDGE_CURVE('',#6652,#6657,#7892,.T.);
#5222=EDGE_CURVE('',#6657,#6658,#7893,.T.);
#5223=EDGE_CURVE('',#6650,#6658,#7894,.T.);
#5224=EDGE_CURVE('',#6659,#6660,#394,.T.);
#5225=EDGE_CURVE('',#6661,#6659,#7895,.T.);
#5226=EDGE_CURVE('',#6661,#6662,#395,.T.);
#5227=EDGE_CURVE('',#6662,#6660,#7896,.T.);
#5228=EDGE_CURVE('',#6659,#6663,#7897,.T.);
#5229=EDGE_CURVE('',#6664,#6663,#7898,.T.);
#5230=EDGE_CURVE('',#6661,#6664,#7899,.T.);
#5231=EDGE_CURVE('',#6663,#6665,#396,.T.);
#5232=EDGE_CURVE('',#6666,#6665,#7900,.T.);
#5233=EDGE_CURVE('',#6664,#6666,#397,.T.);
#5234=EDGE_CURVE('',#6666,#6657,#7901,.T.);
#5235=EDGE_CURVE('',#6665,#6658,#7902,.T.);
#5236=EDGE_CURVE('',#6662,#6667,#7903,.T.);
#5237=EDGE_CURVE('',#6667,#6668,#7904,.T.);
#5238=EDGE_CURVE('',#6660,#6668,#7905,.T.);
#5239=EDGE_CURVE('',#6669,#6670,#398,.T.);
#5240=EDGE_CURVE('',#6671,#6669,#7906,.T.);
#5241=EDGE_CURVE('',#6671,#6672,#399,.T.);
#5242=EDGE_CURVE('',#6672,#6670,#7907,.T.);
#5243=EDGE_CURVE('',#6669,#6673,#7908,.T.);
#5244=EDGE_CURVE('',#6674,#6673,#7909,.T.);
#5245=EDGE_CURVE('',#6671,#6674,#7910,.T.);
#5246=EDGE_CURVE('',#6673,#6675,#400,.T.);
#5247=EDGE_CURVE('',#6676,#6675,#7911,.T.);
#5248=EDGE_CURVE('',#6674,#6676,#401,.T.);
#5249=EDGE_CURVE('',#6676,#6667,#7912,.T.);
#5250=EDGE_CURVE('',#6675,#6668,#7913,.T.);
#5251=EDGE_CURVE('',#6672,#6677,#7914,.T.);
#5252=EDGE_CURVE('',#6677,#6678,#7915,.T.);
#5253=EDGE_CURVE('',#6670,#6678,#7916,.T.);
#5254=EDGE_CURVE('',#6679,#6680,#402,.T.);
#5255=EDGE_CURVE('',#6681,#6679,#7917,.T.);
#5256=EDGE_CURVE('',#6681,#6682,#403,.T.);
#5257=EDGE_CURVE('',#6682,#6680,#7918,.T.);
#5258=EDGE_CURVE('',#6679,#6683,#7919,.T.);
#5259=EDGE_CURVE('',#6684,#6683,#7920,.T.);
#5260=EDGE_CURVE('',#6681,#6684,#7921,.T.);
#5261=EDGE_CURVE('',#6683,#6685,#404,.T.);
#5262=EDGE_CURVE('',#6686,#6685,#7922,.T.);
#5263=EDGE_CURVE('',#6684,#6686,#405,.T.);
#5264=EDGE_CURVE('',#6686,#6677,#7923,.T.);
#5265=EDGE_CURVE('',#6685,#6678,#7924,.T.);
#5266=EDGE_CURVE('',#6682,#6687,#7925,.T.);
#5267=EDGE_CURVE('',#6687,#6688,#7926,.T.);
#5268=EDGE_CURVE('',#6680,#6688,#7927,.T.);
#5269=EDGE_CURVE('',#6689,#6690,#406,.T.);
#5270=EDGE_CURVE('',#6691,#6689,#7928,.T.);
#5271=EDGE_CURVE('',#6691,#6692,#407,.T.);
#5272=EDGE_CURVE('',#6692,#6690,#7929,.T.);
#5273=EDGE_CURVE('',#6689,#6693,#7930,.T.);
#5274=EDGE_CURVE('',#6694,#6693,#7931,.T.);
#5275=EDGE_CURVE('',#6691,#6694,#7932,.T.);
#5276=EDGE_CURVE('',#6693,#6695,#408,.T.);
#5277=EDGE_CURVE('',#6696,#6695,#7933,.T.);
#5278=EDGE_CURVE('',#6694,#6696,#409,.T.);
#5279=EDGE_CURVE('',#6696,#6687,#7934,.T.);
#5280=EDGE_CURVE('',#6695,#6688,#7935,.T.);
#5281=EDGE_CURVE('',#6692,#6697,#7936,.T.);
#5282=EDGE_CURVE('',#6697,#6698,#7937,.T.);
#5283=EDGE_CURVE('',#6690,#6698,#7938,.T.);
#5284=EDGE_CURVE('',#6699,#6700,#410,.T.);
#5285=EDGE_CURVE('',#6701,#6699,#7939,.T.);
#5286=EDGE_CURVE('',#6701,#6702,#411,.T.);
#5287=EDGE_CURVE('',#6702,#6700,#7940,.T.);
#5288=EDGE_CURVE('',#6699,#6703,#7941,.T.);
#5289=EDGE_CURVE('',#6704,#6703,#7942,.T.);
#5290=EDGE_CURVE('',#6701,#6704,#7943,.T.);
#5291=EDGE_CURVE('',#6703,#6705,#412,.T.);
#5292=EDGE_CURVE('',#6706,#6705,#7944,.T.);
#5293=EDGE_CURVE('',#6704,#6706,#413,.T.);
#5294=EDGE_CURVE('',#6706,#6697,#7945,.T.);
#5295=EDGE_CURVE('',#6705,#6698,#7946,.T.);
#5296=EDGE_CURVE('',#6702,#6707,#7947,.T.);
#5297=EDGE_CURVE('',#6707,#6708,#7948,.T.);
#5298=EDGE_CURVE('',#6700,#6708,#7949,.T.);
#5299=EDGE_CURVE('',#6709,#6710,#414,.T.);
#5300=EDGE_CURVE('',#6711,#6709,#7950,.T.);
#5301=EDGE_CURVE('',#6711,#6712,#415,.T.);
#5302=EDGE_CURVE('',#6712,#6710,#7951,.T.);
#5303=EDGE_CURVE('',#6709,#6713,#7952,.T.);
#5304=EDGE_CURVE('',#6714,#6713,#7953,.T.);
#5305=EDGE_CURVE('',#6711,#6714,#7954,.T.);
#5306=EDGE_CURVE('',#6713,#6715,#416,.T.);
#5307=EDGE_CURVE('',#6716,#6715,#7955,.T.);
#5308=EDGE_CURVE('',#6714,#6716,#417,.T.);
#5309=EDGE_CURVE('',#6716,#6707,#7956,.T.);
#5310=EDGE_CURVE('',#6715,#6708,#7957,.T.);
#5311=EDGE_CURVE('',#6712,#6717,#7958,.T.);
#5312=EDGE_CURVE('',#6717,#6718,#7959,.T.);
#5313=EDGE_CURVE('',#6710,#6718,#7960,.T.);
#5314=EDGE_CURVE('',#6719,#6720,#418,.T.);
#5315=EDGE_CURVE('',#6721,#6719,#7961,.T.);
#5316=EDGE_CURVE('',#6721,#6722,#419,.T.);
#5317=EDGE_CURVE('',#6722,#6720,#7962,.T.);
#5318=EDGE_CURVE('',#6719,#6723,#7963,.T.);
#5319=EDGE_CURVE('',#6724,#6723,#7964,.T.);
#5320=EDGE_CURVE('',#6721,#6724,#7965,.T.);
#5321=EDGE_CURVE('',#6723,#6725,#420,.T.);
#5322=EDGE_CURVE('',#6726,#6725,#7966,.T.);
#5323=EDGE_CURVE('',#6724,#6726,#421,.T.);
#5324=EDGE_CURVE('',#6726,#6717,#7967,.T.);
#5325=EDGE_CURVE('',#6725,#6718,#7968,.T.);
#5326=EDGE_CURVE('',#6722,#6727,#7969,.T.);
#5327=EDGE_CURVE('',#6727,#6728,#7970,.T.);
#5328=EDGE_CURVE('',#6720,#6728,#7971,.T.);
#5329=EDGE_CURVE('',#6729,#6730,#422,.T.);
#5330=EDGE_CURVE('',#6731,#6729,#7972,.T.);
#5331=EDGE_CURVE('',#6731,#6732,#423,.T.);
#5332=EDGE_CURVE('',#6732,#6730,#7973,.T.);
#5333=EDGE_CURVE('',#6729,#6733,#7974,.T.);
#5334=EDGE_CURVE('',#6734,#6733,#7975,.T.);
#5335=EDGE_CURVE('',#6731,#6734,#7976,.T.);
#5336=EDGE_CURVE('',#6733,#6735,#424,.T.);
#5337=EDGE_CURVE('',#6736,#6735,#7977,.T.);
#5338=EDGE_CURVE('',#6734,#6736,#425,.T.);
#5339=EDGE_CURVE('',#6736,#6727,#7978,.T.);
#5340=EDGE_CURVE('',#6735,#6728,#7979,.T.);
#5341=EDGE_CURVE('',#6732,#6737,#7980,.T.);
#5342=EDGE_CURVE('',#6737,#6738,#7981,.T.);
#5343=EDGE_CURVE('',#6730,#6738,#7982,.T.);
#5344=EDGE_CURVE('',#6739,#6740,#426,.T.);
#5345=EDGE_CURVE('',#6741,#6739,#7983,.T.);
#5346=EDGE_CURVE('',#6741,#6742,#427,.T.);
#5347=EDGE_CURVE('',#6742,#6740,#7984,.T.);
#5348=EDGE_CURVE('',#6739,#6743,#7985,.T.);
#5349=EDGE_CURVE('',#6744,#6743,#7986,.T.);
#5350=EDGE_CURVE('',#6741,#6744,#7987,.T.);
#5351=EDGE_CURVE('',#6743,#6745,#428,.T.);
#5352=EDGE_CURVE('',#6746,#6745,#7988,.T.);
#5353=EDGE_CURVE('',#6744,#6746,#429,.T.);
#5354=EDGE_CURVE('',#6746,#6737,#7989,.T.);
#5355=EDGE_CURVE('',#6745,#6738,#7990,.T.);
#5356=EDGE_CURVE('',#6742,#6747,#7991,.T.);
#5357=EDGE_CURVE('',#6747,#6748,#7992,.T.);
#5358=EDGE_CURVE('',#6740,#6748,#7993,.T.);
#5359=EDGE_CURVE('',#6749,#6750,#430,.T.);
#5360=EDGE_CURVE('',#6751,#6749,#7994,.T.);
#5361=EDGE_CURVE('',#6751,#6752,#431,.T.);
#5362=EDGE_CURVE('',#6752,#6750,#7995,.T.);
#5363=EDGE_CURVE('',#6749,#6753,#7996,.T.);
#5364=EDGE_CURVE('',#6754,#6753,#7997,.T.);
#5365=EDGE_CURVE('',#6751,#6754,#7998,.T.);
#5366=EDGE_CURVE('',#6753,#6755,#432,.T.);
#5367=EDGE_CURVE('',#6756,#6755,#7999,.T.);
#5368=EDGE_CURVE('',#6754,#6756,#433,.T.);
#5369=EDGE_CURVE('',#6756,#6747,#8000,.T.);
#5370=EDGE_CURVE('',#6755,#6748,#8001,.T.);
#5371=EDGE_CURVE('',#6752,#6757,#8002,.T.);
#5372=EDGE_CURVE('',#6757,#6758,#8003,.T.);
#5373=EDGE_CURVE('',#6750,#6758,#8004,.T.);
#5374=EDGE_CURVE('',#6759,#6760,#434,.T.);
#5375=EDGE_CURVE('',#6761,#6759,#8005,.T.);
#5376=EDGE_CURVE('',#6761,#6762,#435,.T.);
#5377=EDGE_CURVE('',#6762,#6760,#8006,.T.);
#5378=EDGE_CURVE('',#6759,#6763,#8007,.T.);
#5379=EDGE_CURVE('',#6764,#6763,#8008,.T.);
#5380=EDGE_CURVE('',#6761,#6764,#8009,.T.);
#5381=EDGE_CURVE('',#6763,#6765,#436,.T.);
#5382=EDGE_CURVE('',#6766,#6765,#8010,.T.);
#5383=EDGE_CURVE('',#6764,#6766,#437,.T.);
#5384=EDGE_CURVE('',#6766,#6757,#8011,.T.);
#5385=EDGE_CURVE('',#6765,#6758,#8012,.T.);
#5386=EDGE_CURVE('',#6762,#6767,#8013,.T.);
#5387=EDGE_CURVE('',#6767,#6768,#8014,.T.);
#5388=EDGE_CURVE('',#6760,#6768,#8015,.T.);
#5389=EDGE_CURVE('',#6769,#6770,#438,.T.);
#5390=EDGE_CURVE('',#6771,#6769,#8016,.T.);
#5391=EDGE_CURVE('',#6771,#6772,#439,.T.);
#5392=EDGE_CURVE('',#6772,#6770,#8017,.T.);
#5393=EDGE_CURVE('',#6769,#6773,#8018,.T.);
#5394=EDGE_CURVE('',#6774,#6773,#8019,.T.);
#5395=EDGE_CURVE('',#6771,#6774,#8020,.T.);
#5396=EDGE_CURVE('',#6773,#6775,#440,.T.);
#5397=EDGE_CURVE('',#6776,#6775,#8021,.T.);
#5398=EDGE_CURVE('',#6774,#6776,#441,.T.);
#5399=EDGE_CURVE('',#6776,#6767,#8022,.T.);
#5400=EDGE_CURVE('',#6775,#6768,#8023,.T.);
#5401=EDGE_CURVE('',#6772,#6777,#8024,.T.);
#5402=EDGE_CURVE('',#6777,#6778,#8025,.T.);
#5403=EDGE_CURVE('',#6770,#6778,#8026,.T.);
#5404=EDGE_CURVE('',#6779,#6780,#442,.T.);
#5405=EDGE_CURVE('',#6781,#6779,#8027,.T.);
#5406=EDGE_CURVE('',#6781,#6782,#443,.T.);
#5407=EDGE_CURVE('',#6782,#6780,#8028,.T.);
#5408=EDGE_CURVE('',#6779,#6783,#8029,.T.);
#5409=EDGE_CURVE('',#6784,#6783,#8030,.T.);
#5410=EDGE_CURVE('',#6781,#6784,#8031,.T.);
#5411=EDGE_CURVE('',#6783,#6785,#444,.T.);
#5412=EDGE_CURVE('',#6786,#6785,#8032,.T.);
#5413=EDGE_CURVE('',#6784,#6786,#445,.T.);
#5414=EDGE_CURVE('',#6786,#6777,#8033,.T.);
#5415=EDGE_CURVE('',#6785,#6778,#8034,.T.);
#5416=EDGE_CURVE('',#6782,#6787,#8035,.T.);
#5417=EDGE_CURVE('',#6787,#6788,#8036,.T.);
#5418=EDGE_CURVE('',#6780,#6788,#8037,.T.);
#5419=EDGE_CURVE('',#6789,#6790,#446,.T.);
#5420=EDGE_CURVE('',#6791,#6789,#8038,.T.);
#5421=EDGE_CURVE('',#6791,#6792,#447,.T.);
#5422=EDGE_CURVE('',#6792,#6790,#8039,.T.);
#5423=EDGE_CURVE('',#6789,#6793,#8040,.T.);
#5424=EDGE_CURVE('',#6794,#6793,#8041,.T.);
#5425=EDGE_CURVE('',#6791,#6794,#8042,.T.);
#5426=EDGE_CURVE('',#6793,#6795,#448,.T.);
#5427=EDGE_CURVE('',#6796,#6795,#8043,.T.);
#5428=EDGE_CURVE('',#6794,#6796,#449,.T.);
#5429=EDGE_CURVE('',#6796,#6787,#8044,.T.);
#5430=EDGE_CURVE('',#6795,#6788,#8045,.T.);
#5431=EDGE_CURVE('',#6792,#6797,#8046,.T.);
#5432=EDGE_CURVE('',#6797,#6798,#8047,.T.);
#5433=EDGE_CURVE('',#6790,#6798,#8048,.T.);
#5434=EDGE_CURVE('',#6799,#6800,#450,.T.);
#5435=EDGE_CURVE('',#6801,#6799,#8049,.T.);
#5436=EDGE_CURVE('',#6801,#6802,#451,.T.);
#5437=EDGE_CURVE('',#6802,#6800,#8050,.T.);
#5438=EDGE_CURVE('',#6799,#6803,#8051,.T.);
#5439=EDGE_CURVE('',#6804,#6803,#8052,.T.);
#5440=EDGE_CURVE('',#6801,#6804,#8053,.T.);
#5441=EDGE_CURVE('',#6803,#6805,#452,.T.);
#5442=EDGE_CURVE('',#6806,#6805,#8054,.T.);
#5443=EDGE_CURVE('',#6804,#6806,#453,.T.);
#5444=EDGE_CURVE('',#6806,#6797,#8055,.T.);
#5445=EDGE_CURVE('',#6805,#6798,#8056,.T.);
#5446=EDGE_CURVE('',#6802,#6807,#8057,.T.);
#5447=EDGE_CURVE('',#6807,#6808,#8058,.T.);
#5448=EDGE_CURVE('',#6800,#6808,#8059,.T.);
#5449=EDGE_CURVE('',#6809,#6810,#454,.T.);
#5450=EDGE_CURVE('',#6811,#6809,#8060,.T.);
#5451=EDGE_CURVE('',#6811,#6812,#455,.T.);
#5452=EDGE_CURVE('',#6812,#6810,#8061,.T.);
#5453=EDGE_CURVE('',#6809,#6813,#8062,.T.);
#5454=EDGE_CURVE('',#6814,#6813,#8063,.T.);
#5455=EDGE_CURVE('',#6811,#6814,#8064,.T.);
#5456=EDGE_CURVE('',#6813,#6815,#456,.T.);
#5457=EDGE_CURVE('',#6816,#6815,#8065,.T.);
#5458=EDGE_CURVE('',#6814,#6816,#457,.T.);
#5459=EDGE_CURVE('',#6816,#6807,#8066,.T.);
#5460=EDGE_CURVE('',#6815,#6808,#8067,.T.);
#5461=EDGE_CURVE('',#6812,#6817,#8068,.T.);
#5462=EDGE_CURVE('',#6817,#6818,#8069,.T.);
#5463=EDGE_CURVE('',#6810,#6818,#8070,.T.);
#5464=EDGE_CURVE('',#6819,#6820,#458,.T.);
#5465=EDGE_CURVE('',#6821,#6819,#8071,.T.);
#5466=EDGE_CURVE('',#6821,#6822,#459,.T.);
#5467=EDGE_CURVE('',#6822,#6820,#8072,.T.);
#5468=EDGE_CURVE('',#6819,#6823,#8073,.T.);
#5469=EDGE_CURVE('',#6824,#6823,#8074,.T.);
#5470=EDGE_CURVE('',#6821,#6824,#8075,.T.);
#5471=EDGE_CURVE('',#6823,#6825,#460,.T.);
#5472=EDGE_CURVE('',#6826,#6825,#8076,.T.);
#5473=EDGE_CURVE('',#6824,#6826,#461,.T.);
#5474=EDGE_CURVE('',#6826,#6817,#8077,.T.);
#5475=EDGE_CURVE('',#6825,#6818,#8078,.T.);
#5476=EDGE_CURVE('',#6822,#6827,#8079,.T.);
#5477=EDGE_CURVE('',#6827,#6828,#8080,.T.);
#5478=EDGE_CURVE('',#6820,#6828,#8081,.T.);
#5479=EDGE_CURVE('',#6829,#6830,#462,.T.);
#5480=EDGE_CURVE('',#6831,#6829,#8082,.T.);
#5481=EDGE_CURVE('',#6831,#6832,#463,.T.);
#5482=EDGE_CURVE('',#6832,#6830,#8083,.T.);
#5483=EDGE_CURVE('',#6829,#6833,#8084,.T.);
#5484=EDGE_CURVE('',#6834,#6833,#8085,.T.);
#5485=EDGE_CURVE('',#6831,#6834,#8086,.T.);
#5486=EDGE_CURVE('',#6833,#6835,#464,.T.);
#5487=EDGE_CURVE('',#6836,#6835,#8087,.T.);
#5488=EDGE_CURVE('',#6834,#6836,#465,.T.);
#5489=EDGE_CURVE('',#6836,#6827,#8088,.T.);
#5490=EDGE_CURVE('',#6835,#6828,#8089,.T.);
#5491=EDGE_CURVE('',#6832,#6837,#8090,.T.);
#5492=EDGE_CURVE('',#6837,#6838,#8091,.T.);
#5493=EDGE_CURVE('',#6830,#6838,#8092,.T.);
#5494=EDGE_CURVE('',#6839,#6840,#466,.T.);
#5495=EDGE_CURVE('',#6841,#6839,#8093,.T.);
#5496=EDGE_CURVE('',#6841,#6842,#467,.T.);
#5497=EDGE_CURVE('',#6842,#6840,#8094,.T.);
#5498=EDGE_CURVE('',#6839,#6843,#8095,.T.);
#5499=EDGE_CURVE('',#6844,#6843,#8096,.T.);
#5500=EDGE_CURVE('',#6841,#6844,#8097,.T.);
#5501=EDGE_CURVE('',#6843,#6845,#468,.T.);
#5502=EDGE_CURVE('',#6846,#6845,#8098,.T.);
#5503=EDGE_CURVE('',#6844,#6846,#469,.T.);
#5504=EDGE_CURVE('',#6846,#6837,#8099,.T.);
#5505=EDGE_CURVE('',#6845,#6838,#8100,.T.);
#5506=EDGE_CURVE('',#6842,#6847,#8101,.T.);
#5507=EDGE_CURVE('',#6847,#6848,#8102,.T.);
#5508=EDGE_CURVE('',#6840,#6848,#8103,.T.);
#5509=EDGE_CURVE('',#6849,#6849,#470,.T.);
#5510=EDGE_CURVE('',#6850,#6850,#471,.T.);
#5511=EDGE_CURVE('',#6851,#6852,#472,.T.);
#5512=EDGE_CURVE('',#6853,#6852,#12,.T.);
#5513=EDGE_CURVE('',#6854,#6853,#473,.T.);
#5514=EDGE_CURVE('',#6854,#6851,#13,.T.);
#5515=EDGE_CURVE('',#6855,#6856,#14,.T.);
#5516=EDGE_CURVE('',#6857,#6856,#8104,.T.);
#5517=EDGE_CURVE('',#6858,#6857,#8105,.T.);
#5518=EDGE_CURVE('',#6858,#6855,#8106,.T.);
#5519=EDGE_CURVE('',#6857,#6859,#8107,.T.);
#5520=EDGE_CURVE('',#6860,#6859,#8108,.T.);
#5521=EDGE_CURVE('',#6858,#6860,#8109,.T.);
#5522=EDGE_CURVE('',#6860,#6854,#8110,.T.);
#5523=EDGE_CURVE('',#6859,#6851,#8111,.T.);
#5524=EDGE_CURVE('',#6861,#6862,#474,.T.);
#5525=EDGE_CURVE('',#6863,#6862,#15,.T.);
#5526=EDGE_CURVE('',#6864,#6863,#475,.T.);
#5527=EDGE_CURVE('',#6864,#6861,#16,.T.);
#5528=EDGE_CURVE('',#6865,#6852,#8112,.T.);
#5529=EDGE_CURVE('',#6866,#6865,#8113,.T.);
#5530=EDGE_CURVE('',#6866,#6853,#8114,.T.);
#5531=EDGE_CURVE('',#6865,#6867,#8115,.T.);
#5532=EDGE_CURVE('',#6868,#6867,#8116,.T.);
#5533=EDGE_CURVE('',#6866,#6868,#8117,.T.);
#5534=EDGE_CURVE('',#6868,#6864,#8118,.T.);
#5535=EDGE_CURVE('',#6867,#6861,#8119,.T.);
#5536=EDGE_CURVE('',#6869,#6870,#476,.T.);
#5537=EDGE_CURVE('',#6871,#6870,#17,.T.);
#5538=EDGE_CURVE('',#6872,#6871,#477,.T.);
#5539=EDGE_CURVE('',#6872,#6869,#18,.T.);
#5540=EDGE_CURVE('',#6873,#6862,#8120,.T.);
#5541=EDGE_CURVE('',#6874,#6873,#8121,.T.);
#5542=EDGE_CURVE('',#6874,#6863,#8122,.T.);
#5543=EDGE_CURVE('',#6873,#6875,#8123,.T.);
#5544=EDGE_CURVE('',#6876,#6875,#8124,.T.);
#5545=EDGE_CURVE('',#6874,#6876,#8125,.T.);
#5546=EDGE_CURVE('',#6876,#6872,#8126,.T.);
#5547=EDGE_CURVE('',#6875,#6869,#8127,.T.);
#5548=EDGE_CURVE('',#6877,#6878,#478,.T.);
#5549=EDGE_CURVE('',#6879,#6878,#19,.T.);
#5550=EDGE_CURVE('',#6880,#6879,#479,.T.);
#5551=EDGE_CURVE('',#6880,#6877,#20,.T.);
#5552=EDGE_CURVE('',#6881,#6870,#8128,.T.);
#5553=EDGE_CURVE('',#6882,#6881,#8129,.T.);
#5554=EDGE_CURVE('',#6882,#6871,#8130,.T.);
#5555=EDGE_CURVE('',#6881,#6883,#8131,.T.);
#5556=EDGE_CURVE('',#6884,#6883,#8132,.T.);
#5557=EDGE_CURVE('',#6882,#6884,#8133,.T.);
#5558=EDGE_CURVE('',#6884,#6880,#8134,.T.);
#5559=EDGE_CURVE('',#6883,#6877,#8135,.T.);
#5560=EDGE_CURVE('',#6885,#6886,#480,.T.);
#5561=EDGE_CURVE('',#6887,#6886,#21,.T.);
#5562=EDGE_CURVE('',#6888,#6887,#481,.T.);
#5563=EDGE_CURVE('',#6888,#6885,#22,.T.);
#5564=EDGE_CURVE('',#6889,#6878,#8136,.T.);
#5565=EDGE_CURVE('',#6890,#6889,#8137,.T.);
#5566=EDGE_CURVE('',#6890,#6879,#8138,.T.);
#5567=EDGE_CURVE('',#6889,#6891,#8139,.T.);
#5568=EDGE_CURVE('',#6892,#6891,#8140,.T.);
#5569=EDGE_CURVE('',#6890,#6892,#8141,.T.);
#5570=EDGE_CURVE('',#6892,#6888,#8142,.T.);
#5571=EDGE_CURVE('',#6891,#6885,#8143,.T.);
#5572=EDGE_CURVE('',#6893,#6894,#482,.T.);
#5573=EDGE_CURVE('',#6895,#6894,#23,.T.);
#5574=EDGE_CURVE('',#6896,#6895,#483,.T.);
#5575=EDGE_CURVE('',#6896,#6893,#24,.T.);
#5576=EDGE_CURVE('',#6897,#6886,#8144,.T.);
#5577=EDGE_CURVE('',#6898,#6897,#8145,.T.);
#5578=EDGE_CURVE('',#6898,#6887,#8146,.T.);
#5579=EDGE_CURVE('',#6897,#6899,#8147,.T.);
#5580=EDGE_CURVE('',#6900,#6899,#8148,.T.);
#5581=EDGE_CURVE('',#6898,#6900,#8149,.T.);
#5582=EDGE_CURVE('',#6900,#6896,#8150,.T.);
#5583=EDGE_CURVE('',#6899,#6893,#8151,.T.);
#5584=EDGE_CURVE('',#6901,#6902,#484,.T.);
#5585=EDGE_CURVE('',#6903,#6902,#25,.T.);
#5586=EDGE_CURVE('',#6904,#6903,#485,.T.);
#5587=EDGE_CURVE('',#6904,#6901,#26,.T.);
#5588=EDGE_CURVE('',#6905,#6894,#8152,.T.);
#5589=EDGE_CURVE('',#6906,#6905,#8153,.T.);
#5590=EDGE_CURVE('',#6906,#6895,#8154,.T.);
#5591=EDGE_CURVE('',#6905,#6907,#8155,.T.);
#5592=EDGE_CURVE('',#6908,#6907,#8156,.T.);
#5593=EDGE_CURVE('',#6906,#6908,#8157,.T.);
#5594=EDGE_CURVE('',#6908,#6904,#8158,.T.);
#5595=EDGE_CURVE('',#6907,#6901,#8159,.T.);
#5596=EDGE_CURVE('',#6909,#6910,#486,.T.);
#5597=EDGE_CURVE('',#6911,#6910,#27,.T.);
#5598=EDGE_CURVE('',#6912,#6911,#487,.T.);
#5599=EDGE_CURVE('',#6912,#6909,#28,.T.);
#5600=EDGE_CURVE('',#6913,#6902,#8160,.T.);
#5601=EDGE_CURVE('',#6914,#6913,#8161,.T.);
#5602=EDGE_CURVE('',#6914,#6903,#8162,.T.);
#5603=EDGE_CURVE('',#6913,#6915,#8163,.T.);
#5604=EDGE_CURVE('',#6916,#6915,#8164,.T.);
#5605=EDGE_CURVE('',#6914,#6916,#8165,.T.);
#5606=EDGE_CURVE('',#6916,#6912,#8166,.T.);
#5607=EDGE_CURVE('',#6915,#6909,#8167,.T.);
#5608=EDGE_CURVE('',#6917,#6918,#488,.T.);
#5609=EDGE_CURVE('',#6919,#6918,#29,.T.);
#5610=EDGE_CURVE('',#6920,#6919,#489,.T.);
#5611=EDGE_CURVE('',#6920,#6917,#30,.T.);
#5612=EDGE_CURVE('',#6921,#6910,#8168,.T.);
#5613=EDGE_CURVE('',#6922,#6921,#8169,.T.);
#5614=EDGE_CURVE('',#6922,#6911,#8170,.T.);
#5615=EDGE_CURVE('',#6921,#6923,#8171,.T.);
#5616=EDGE_CURVE('',#6924,#6923,#8172,.T.);
#5617=EDGE_CURVE('',#6922,#6924,#8173,.T.);
#5618=EDGE_CURVE('',#6924,#6920,#8174,.T.);
#5619=EDGE_CURVE('',#6923,#6917,#8175,.T.);
#5620=EDGE_CURVE('',#6925,#6926,#490,.T.);
#5621=EDGE_CURVE('',#6927,#6926,#31,.T.);
#5622=EDGE_CURVE('',#6928,#6927,#491,.T.);
#5623=EDGE_CURVE('',#6928,#6925,#32,.T.);
#5624=EDGE_CURVE('',#6929,#6918,#8176,.T.);
#5625=EDGE_CURVE('',#6930,#6929,#8177,.T.);
#5626=EDGE_CURVE('',#6930,#6919,#8178,.T.);
#5627=EDGE_CURVE('',#6929,#6931,#8179,.T.);
#5628=EDGE_CURVE('',#6932,#6931,#8180,.T.);
#5629=EDGE_CURVE('',#6930,#6932,#8181,.T.);
#5630=EDGE_CURVE('',#6932,#6928,#8182,.T.);
#5631=EDGE_CURVE('',#6931,#6925,#8183,.T.);
#5632=EDGE_CURVE('',#6933,#6934,#492,.T.);
#5633=EDGE_CURVE('',#6935,#6934,#33,.T.);
#5634=EDGE_CURVE('',#6936,#6935,#493,.T.);
#5635=EDGE_CURVE('',#6936,#6933,#34,.T.);
#5636=EDGE_CURVE('',#6937,#6926,#8184,.T.);
#5637=EDGE_CURVE('',#6938,#6937,#8185,.T.);
#5638=EDGE_CURVE('',#6938,#6927,#8186,.T.);
#5639=EDGE_CURVE('',#6937,#6939,#8187,.T.);
#5640=EDGE_CURVE('',#6940,#6939,#8188,.T.);
#5641=EDGE_CURVE('',#6938,#6940,#8189,.T.);
#5642=EDGE_CURVE('',#6940,#6936,#8190,.T.);
#5643=EDGE_CURVE('',#6939,#6933,#8191,.T.);
#5644=EDGE_CURVE('',#6941,#6942,#494,.T.);
#5645=EDGE_CURVE('',#6943,#6942,#35,.T.);
#5646=EDGE_CURVE('',#6944,#6943,#495,.T.);
#5647=EDGE_CURVE('',#6944,#6941,#36,.T.);
#5648=EDGE_CURVE('',#6945,#6934,#8192,.T.);
#5649=EDGE_CURVE('',#6946,#6945,#8193,.T.);
#5650=EDGE_CURVE('',#6946,#6935,#8194,.T.);
#5651=EDGE_CURVE('',#6945,#6947,#8195,.T.);
#5652=EDGE_CURVE('',#6948,#6947,#8196,.T.);
#5653=EDGE_CURVE('',#6946,#6948,#8197,.T.);
#5654=EDGE_CURVE('',#6948,#6944,#8198,.T.);
#5655=EDGE_CURVE('',#6947,#6941,#8199,.T.);
#5656=EDGE_CURVE('',#6949,#6950,#496,.T.);
#5657=EDGE_CURVE('',#6951,#6950,#37,.T.);
#5658=EDGE_CURVE('',#6952,#6951,#497,.T.);
#5659=EDGE_CURVE('',#6952,#6949,#38,.T.);
#5660=EDGE_CURVE('',#6953,#6942,#8200,.T.);
#5661=EDGE_CURVE('',#6954,#6953,#8201,.T.);
#5662=EDGE_CURVE('',#6954,#6943,#8202,.T.);
#5663=EDGE_CURVE('',#6953,#6955,#8203,.T.);
#5664=EDGE_CURVE('',#6956,#6955,#8204,.T.);
#5665=EDGE_CURVE('',#6954,#6956,#8205,.T.);
#5666=EDGE_CURVE('',#6956,#6952,#8206,.T.);
#5667=EDGE_CURVE('',#6955,#6949,#8207,.T.);
#5668=EDGE_CURVE('',#6957,#6958,#498,.T.);
#5669=EDGE_CURVE('',#6959,#6958,#39,.T.);
#5670=EDGE_CURVE('',#6960,#6959,#499,.T.);
#5671=EDGE_CURVE('',#6960,#6957,#40,.T.);
#5672=EDGE_CURVE('',#6961,#6950,#8208,.T.);
#5673=EDGE_CURVE('',#6962,#6961,#8209,.T.);
#5674=EDGE_CURVE('',#6962,#6951,#8210,.T.);
#5675=EDGE_CURVE('',#6961,#6963,#8211,.T.);
#5676=EDGE_CURVE('',#6964,#6963,#8212,.T.);
#5677=EDGE_CURVE('',#6962,#6964,#8213,.T.);
#5678=EDGE_CURVE('',#6964,#6960,#8214,.T.);
#5679=EDGE_CURVE('',#6963,#6957,#8215,.T.);
#5680=EDGE_CURVE('',#6965,#6966,#500,.T.);
#5681=EDGE_CURVE('',#6967,#6966,#41,.T.);
#5682=EDGE_CURVE('',#6968,#6967,#501,.T.);
#5683=EDGE_CURVE('',#6968,#6965,#42,.T.);
#5684=EDGE_CURVE('',#6969,#6958,#8216,.T.);
#5685=EDGE_CURVE('',#6970,#6969,#8217,.T.);
#5686=EDGE_CURVE('',#6970,#6959,#8218,.T.);
#5687=EDGE_CURVE('',#6969,#6971,#8219,.T.);
#5688=EDGE_CURVE('',#6972,#6971,#8220,.T.);
#5689=EDGE_CURVE('',#6970,#6972,#8221,.T.);
#5690=EDGE_CURVE('',#6972,#6968,#8222,.T.);
#5691=EDGE_CURVE('',#6971,#6965,#8223,.T.);
#5692=EDGE_CURVE('',#6973,#6974,#502,.T.);
#5693=EDGE_CURVE('',#6975,#6974,#43,.T.);
#5694=EDGE_CURVE('',#6976,#6975,#503,.T.);
#5695=EDGE_CURVE('',#6976,#6973,#44,.T.);
#5696=EDGE_CURVE('',#6977,#6966,#8224,.T.);
#5697=EDGE_CURVE('',#6978,#6977,#8225,.T.);
#5698=EDGE_CURVE('',#6978,#6967,#8226,.T.);
#5699=EDGE_CURVE('',#6977,#6979,#8227,.T.);
#5700=EDGE_CURVE('',#6980,#6979,#8228,.T.);
#5701=EDGE_CURVE('',#6978,#6980,#8229,.T.);
#5702=EDGE_CURVE('',#6980,#6976,#8230,.T.);
#5703=EDGE_CURVE('',#6979,#6973,#8231,.T.);
#5704=EDGE_CURVE('',#6981,#6982,#504,.T.);
#5705=EDGE_CURVE('',#6983,#6982,#45,.T.);
#5706=EDGE_CURVE('',#6984,#6983,#505,.T.);
#5707=EDGE_CURVE('',#6984,#6981,#46,.T.);
#5708=EDGE_CURVE('',#6985,#6974,#8232,.T.);
#5709=EDGE_CURVE('',#6986,#6985,#8233,.T.);
#5710=EDGE_CURVE('',#6986,#6975,#8234,.T.);
#5711=EDGE_CURVE('',#6985,#6987,#8235,.T.);
#5712=EDGE_CURVE('',#6988,#6987,#8236,.T.);
#5713=EDGE_CURVE('',#6986,#6988,#8237,.T.);
#5714=EDGE_CURVE('',#6988,#6984,#8238,.T.);
#5715=EDGE_CURVE('',#6987,#6981,#8239,.T.);
#5716=EDGE_CURVE('',#6989,#6990,#506,.T.);
#5717=EDGE_CURVE('',#6991,#6990,#47,.T.);
#5718=EDGE_CURVE('',#6992,#6991,#507,.T.);
#5719=EDGE_CURVE('',#6992,#6989,#48,.T.);
#5720=EDGE_CURVE('',#6993,#6982,#8240,.T.);
#5721=EDGE_CURVE('',#6994,#6993,#8241,.T.);
#5722=EDGE_CURVE('',#6994,#6983,#8242,.T.);
#5723=EDGE_CURVE('',#6993,#6995,#8243,.T.);
#5724=EDGE_CURVE('',#6996,#6995,#8244,.T.);
#5725=EDGE_CURVE('',#6994,#6996,#8245,.T.);
#5726=EDGE_CURVE('',#6996,#6992,#8246,.T.);
#5727=EDGE_CURVE('',#6995,#6989,#8247,.T.);
#5728=EDGE_CURVE('',#6997,#6998,#508,.T.);
#5729=EDGE_CURVE('',#6999,#6998,#49,.T.);
#5730=EDGE_CURVE('',#7000,#6999,#509,.T.);
#5731=EDGE_CURVE('',#7000,#6997,#50,.T.);
#5732=EDGE_CURVE('',#7001,#6990,#8248,.T.);
#5733=EDGE_CURVE('',#7002,#7001,#8249,.T.);
#5734=EDGE_CURVE('',#7002,#6991,#8250,.T.);
#5735=EDGE_CURVE('',#7001,#7003,#8251,.T.);
#5736=EDGE_CURVE('',#7004,#7003,#8252,.T.);
#5737=EDGE_CURVE('',#7002,#7004,#8253,.T.);
#5738=EDGE_CURVE('',#7004,#7000,#8254,.T.);
#5739=EDGE_CURVE('',#7003,#6997,#8255,.T.);
#5740=EDGE_CURVE('',#7005,#7006,#510,.T.);
#5741=EDGE_CURVE('',#7007,#7006,#51,.T.);
#5742=EDGE_CURVE('',#7008,#7007,#511,.T.);
#5743=EDGE_CURVE('',#7008,#7005,#52,.T.);
#5744=EDGE_CURVE('',#7009,#6998,#8256,.T.);
#5745=EDGE_CURVE('',#7010,#7009,#8257,.T.);
#5746=EDGE_CURVE('',#7010,#6999,#8258,.T.);
#5747=EDGE_CURVE('',#7009,#7011,#8259,.T.);
#5748=EDGE_CURVE('',#7012,#7011,#8260,.T.);
#5749=EDGE_CURVE('',#7010,#7012,#8261,.T.);
#5750=EDGE_CURVE('',#7012,#7008,#8262,.T.);
#5751=EDGE_CURVE('',#7011,#7005,#8263,.T.);
#5752=EDGE_CURVE('',#7013,#7014,#512,.T.);
#5753=EDGE_CURVE('',#7015,#7014,#53,.T.);
#5754=EDGE_CURVE('',#7016,#7015,#513,.T.);
#5755=EDGE_CURVE('',#7016,#7013,#54,.T.);
#5756=EDGE_CURVE('',#7017,#7006,#8264,.T.);
#5757=EDGE_CURVE('',#7018,#7017,#8265,.T.);
#5758=EDGE_CURVE('',#7018,#7007,#8266,.T.);
#5759=EDGE_CURVE('',#7017,#7019,#8267,.T.);
#5760=EDGE_CURVE('',#7020,#7019,#8268,.T.);
#5761=EDGE_CURVE('',#7018,#7020,#8269,.T.);
#5762=EDGE_CURVE('',#7020,#7016,#8270,.T.);
#5763=EDGE_CURVE('',#7019,#7013,#8271,.T.);
#5764=EDGE_CURVE('',#7021,#7022,#514,.T.);
#5765=EDGE_CURVE('',#7023,#7022,#55,.T.);
#5766=EDGE_CURVE('',#7024,#7023,#515,.T.);
#5767=EDGE_CURVE('',#7024,#7021,#56,.T.);
#5768=EDGE_CURVE('',#7025,#7014,#8272,.T.);
#5769=EDGE_CURVE('',#7026,#7025,#8273,.T.);
#5770=EDGE_CURVE('',#7026,#7015,#8274,.T.);
#5771=EDGE_CURVE('',#7025,#7027,#8275,.T.);
#5772=EDGE_CURVE('',#7028,#7027,#8276,.T.);
#5773=EDGE_CURVE('',#7026,#7028,#8277,.T.);
#5774=EDGE_CURVE('',#7028,#7024,#8278,.T.);
#5775=EDGE_CURVE('',#7027,#7021,#8279,.T.);
#5776=EDGE_CURVE('',#7029,#7030,#516,.T.);
#5777=EDGE_CURVE('',#7031,#7030,#57,.T.);
#5778=EDGE_CURVE('',#7032,#7031,#517,.T.);
#5779=EDGE_CURVE('',#7032,#7029,#58,.T.);
#5780=EDGE_CURVE('',#7033,#7022,#8280,.T.);
#5781=EDGE_CURVE('',#7034,#7033,#8281,.T.);
#5782=EDGE_CURVE('',#7034,#7023,#8282,.T.);
#5783=EDGE_CURVE('',#7033,#7035,#8283,.T.);
#5784=EDGE_CURVE('',#7036,#7035,#8284,.T.);
#5785=EDGE_CURVE('',#7034,#7036,#8285,.T.);
#5786=EDGE_CURVE('',#7036,#7032,#8286,.T.);
#5787=EDGE_CURVE('',#7035,#7029,#8287,.T.);
#5788=EDGE_CURVE('',#7037,#7038,#518,.T.);
#5789=EDGE_CURVE('',#7039,#7038,#59,.T.);
#5790=EDGE_CURVE('',#7040,#7039,#519,.T.);
#5791=EDGE_CURVE('',#7040,#7037,#60,.T.);
#5792=EDGE_CURVE('',#7041,#7030,#8288,.T.);
#5793=EDGE_CURVE('',#7042,#7041,#8289,.T.);
#5794=EDGE_CURVE('',#7042,#7031,#8290,.T.);
#5795=EDGE_CURVE('',#7041,#7043,#8291,.T.);
#5796=EDGE_CURVE('',#7044,#7043,#8292,.T.);
#5797=EDGE_CURVE('',#7042,#7044,#8293,.T.);
#5798=EDGE_CURVE('',#7044,#7040,#8294,.T.);
#5799=EDGE_CURVE('',#7043,#7037,#8295,.T.);
#5800=EDGE_CURVE('',#7045,#7046,#520,.T.);
#5801=EDGE_CURVE('',#7047,#7046,#61,.T.);
#5802=EDGE_CURVE('',#7048,#7047,#521,.T.);
#5803=EDGE_CURVE('',#7048,#7045,#62,.T.);
#5804=EDGE_CURVE('',#7049,#7038,#8296,.T.);
#5805=EDGE_CURVE('',#7050,#7049,#8297,.T.);
#5806=EDGE_CURVE('',#7050,#7039,#8298,.T.);
#5807=EDGE_CURVE('',#7049,#7051,#8299,.T.);
#5808=EDGE_CURVE('',#7052,#7051,#8300,.T.);
#5809=EDGE_CURVE('',#7050,#7052,#8301,.T.);
#5810=EDGE_CURVE('',#7052,#7048,#8302,.T.);
#5811=EDGE_CURVE('',#7051,#7045,#8303,.T.);
#5812=EDGE_CURVE('',#7053,#7054,#522,.T.);
#5813=EDGE_CURVE('',#7055,#7054,#63,.T.);
#5814=EDGE_CURVE('',#7056,#7055,#523,.T.);
#5815=EDGE_CURVE('',#7056,#7053,#64,.T.);
#5816=EDGE_CURVE('',#7057,#7046,#8304,.T.);
#5817=EDGE_CURVE('',#7058,#7057,#8305,.T.);
#5818=EDGE_CURVE('',#7058,#7047,#8306,.T.);
#5819=EDGE_CURVE('',#7057,#7059,#8307,.T.);
#5820=EDGE_CURVE('',#7060,#7059,#8308,.T.);
#5821=EDGE_CURVE('',#7058,#7060,#8309,.T.);
#5822=EDGE_CURVE('',#7060,#7056,#8310,.T.);
#5823=EDGE_CURVE('',#7059,#7053,#8311,.T.);
#5824=EDGE_CURVE('',#7061,#7062,#524,.T.);
#5825=EDGE_CURVE('',#7063,#7062,#65,.T.);
#5826=EDGE_CURVE('',#7064,#7063,#525,.T.);
#5827=EDGE_CURVE('',#7064,#7061,#66,.T.);
#5828=EDGE_CURVE('',#7065,#7054,#8312,.T.);
#5829=EDGE_CURVE('',#7066,#7065,#8313,.T.);
#5830=EDGE_CURVE('',#7066,#7055,#8314,.T.);
#5831=EDGE_CURVE('',#7065,#7067,#8315,.T.);
#5832=EDGE_CURVE('',#7068,#7067,#8316,.T.);
#5833=EDGE_CURVE('',#7066,#7068,#8317,.T.);
#5834=EDGE_CURVE('',#7068,#7064,#8318,.T.);
#5835=EDGE_CURVE('',#7067,#7061,#8319,.T.);
#5836=EDGE_CURVE('',#7069,#7070,#526,.T.);
#5837=EDGE_CURVE('',#7071,#7070,#67,.T.);
#5838=EDGE_CURVE('',#7072,#7071,#527,.T.);
#5839=EDGE_CURVE('',#7072,#7069,#68,.T.);
#5840=EDGE_CURVE('',#7073,#7062,#8320,.T.);
#5841=EDGE_CURVE('',#7074,#7073,#8321,.T.);
#5842=EDGE_CURVE('',#7074,#7063,#8322,.T.);
#5843=EDGE_CURVE('',#7073,#7075,#8323,.T.);
#5844=EDGE_CURVE('',#7076,#7075,#8324,.T.);
#5845=EDGE_CURVE('',#7074,#7076,#8325,.T.);
#5846=EDGE_CURVE('',#7076,#7072,#8326,.T.);
#5847=EDGE_CURVE('',#7075,#7069,#8327,.T.);
#5848=EDGE_CURVE('',#7077,#7078,#528,.T.);
#5849=EDGE_CURVE('',#7079,#7078,#69,.T.);
#5850=EDGE_CURVE('',#7080,#7079,#529,.T.);
#5851=EDGE_CURVE('',#7080,#7077,#70,.T.);
#5852=EDGE_CURVE('',#7081,#7070,#8328,.T.);
#5853=EDGE_CURVE('',#7082,#7081,#8329,.T.);
#5854=EDGE_CURVE('',#7082,#7071,#8330,.T.);
#5855=EDGE_CURVE('',#7081,#7083,#8331,.T.);
#5856=EDGE_CURVE('',#7084,#7083,#8332,.T.);
#5857=EDGE_CURVE('',#7082,#7084,#8333,.T.);
#5858=EDGE_CURVE('',#7084,#7080,#8334,.T.);
#5859=EDGE_CURVE('',#7083,#7077,#8335,.T.);
#5860=EDGE_CURVE('',#7085,#7086,#530,.T.);
#5861=EDGE_CURVE('',#7087,#7086,#71,.T.);
#5862=EDGE_CURVE('',#7088,#7087,#531,.T.);
#5863=EDGE_CURVE('',#7088,#7085,#72,.T.);
#5864=EDGE_CURVE('',#7089,#7078,#8336,.T.);
#5865=EDGE_CURVE('',#7090,#7089,#8337,.T.);
#5866=EDGE_CURVE('',#7090,#7079,#8338,.T.);
#5867=EDGE_CURVE('',#7089,#7091,#8339,.T.);
#5868=EDGE_CURVE('',#7092,#7091,#8340,.T.);
#5869=EDGE_CURVE('',#7090,#7092,#8341,.T.);
#5870=EDGE_CURVE('',#7092,#7088,#8342,.T.);
#5871=EDGE_CURVE('',#7091,#7085,#8343,.T.);
#5872=EDGE_CURVE('',#7093,#7094,#532,.T.);
#5873=EDGE_CURVE('',#7095,#7094,#73,.T.);
#5874=EDGE_CURVE('',#7096,#7095,#533,.T.);
#5875=EDGE_CURVE('',#7096,#7093,#74,.T.);
#5876=EDGE_CURVE('',#7097,#7086,#8344,.T.);
#5877=EDGE_CURVE('',#7098,#7097,#8345,.T.);
#5878=EDGE_CURVE('',#7098,#7087,#8346,.T.);
#5879=EDGE_CURVE('',#7097,#7099,#8347,.T.);
#5880=EDGE_CURVE('',#7100,#7099,#8348,.T.);
#5881=EDGE_CURVE('',#7098,#7100,#8349,.T.);
#5882=EDGE_CURVE('',#7100,#7096,#8350,.T.);
#5883=EDGE_CURVE('',#7099,#7093,#8351,.T.);
#5884=EDGE_CURVE('',#7101,#7102,#534,.T.);
#5885=EDGE_CURVE('',#7103,#7102,#75,.T.);
#5886=EDGE_CURVE('',#7104,#7103,#535,.T.);
#5887=EDGE_CURVE('',#7104,#7101,#76,.T.);
#5888=EDGE_CURVE('',#7105,#7094,#8352,.T.);
#5889=EDGE_CURVE('',#7106,#7105,#8353,.T.);
#5890=EDGE_CURVE('',#7106,#7095,#8354,.T.);
#5891=EDGE_CURVE('',#7105,#7107,#8355,.T.);
#5892=EDGE_CURVE('',#7108,#7107,#8356,.T.);
#5893=EDGE_CURVE('',#7106,#7108,#8357,.T.);
#5894=EDGE_CURVE('',#7108,#7104,#8358,.T.);
#5895=EDGE_CURVE('',#7107,#7101,#8359,.T.);
#5896=EDGE_CURVE('',#7109,#7110,#536,.T.);
#5897=EDGE_CURVE('',#7111,#7110,#77,.T.);
#5898=EDGE_CURVE('',#7112,#7111,#537,.T.);
#5899=EDGE_CURVE('',#7112,#7109,#78,.T.);
#5900=EDGE_CURVE('',#7113,#7102,#8360,.T.);
#5901=EDGE_CURVE('',#7114,#7113,#8361,.T.);
#5902=EDGE_CURVE('',#7114,#7103,#8362,.T.);
#5903=EDGE_CURVE('',#7113,#7115,#8363,.T.);
#5904=EDGE_CURVE('',#7116,#7115,#8364,.T.);
#5905=EDGE_CURVE('',#7114,#7116,#8365,.T.);
#5906=EDGE_CURVE('',#7116,#7112,#8366,.T.);
#5907=EDGE_CURVE('',#7115,#7109,#8367,.T.);
#5908=EDGE_CURVE('',#7117,#7118,#538,.T.);
#5909=EDGE_CURVE('',#7119,#7118,#79,.T.);
#5910=EDGE_CURVE('',#7120,#7119,#539,.T.);
#5911=EDGE_CURVE('',#7120,#7117,#80,.T.);
#5912=EDGE_CURVE('',#7121,#7110,#8368,.T.);
#5913=EDGE_CURVE('',#7122,#7121,#8369,.T.);
#5914=EDGE_CURVE('',#7122,#7111,#8370,.T.);
#5915=EDGE_CURVE('',#7121,#7123,#8371,.T.);
#5916=EDGE_CURVE('',#7124,#7123,#8372,.T.);
#5917=EDGE_CURVE('',#7122,#7124,#8373,.T.);
#5918=EDGE_CURVE('',#7124,#7120,#8374,.T.);
#5919=EDGE_CURVE('',#7123,#7117,#8375,.T.);
#5920=EDGE_CURVE('',#7125,#7126,#540,.T.);
#5921=EDGE_CURVE('',#7127,#7126,#81,.T.);
#5922=EDGE_CURVE('',#7128,#7127,#541,.T.);
#5923=EDGE_CURVE('',#7128,#7125,#82,.T.);
#5924=EDGE_CURVE('',#7129,#7118,#8376,.T.);
#5925=EDGE_CURVE('',#7130,#7129,#8377,.T.);
#5926=EDGE_CURVE('',#7130,#7119,#8378,.T.);
#5927=EDGE_CURVE('',#7129,#7131,#8379,.T.);
#5928=EDGE_CURVE('',#7132,#7131,#8380,.T.);
#5929=EDGE_CURVE('',#7130,#7132,#8381,.T.);
#5930=EDGE_CURVE('',#7132,#7128,#8382,.T.);
#5931=EDGE_CURVE('',#7131,#7125,#8383,.T.);
#5932=EDGE_CURVE('',#7133,#7134,#542,.T.);
#5933=EDGE_CURVE('',#7135,#7134,#83,.T.);
#5934=EDGE_CURVE('',#7136,#7135,#543,.T.);
#5935=EDGE_CURVE('',#7136,#7133,#84,.T.);
#5936=EDGE_CURVE('',#7137,#7126,#8384,.T.);
#5937=EDGE_CURVE('',#7138,#7137,#8385,.T.);
#5938=EDGE_CURVE('',#7138,#7127,#8386,.T.);
#5939=EDGE_CURVE('',#7137,#7139,#8387,.T.);
#5940=EDGE_CURVE('',#7140,#7139,#8388,.T.);
#5941=EDGE_CURVE('',#7138,#7140,#8389,.T.);
#5942=EDGE_CURVE('',#7140,#7136,#8390,.T.);
#5943=EDGE_CURVE('',#7139,#7133,#8391,.T.);
#5944=EDGE_CURVE('',#7141,#7142,#544,.T.);
#5945=EDGE_CURVE('',#7143,#7142,#85,.T.);
#5946=EDGE_CURVE('',#7144,#7143,#545,.T.);
#5947=EDGE_CURVE('',#7144,#7141,#86,.T.);
#5948=EDGE_CURVE('',#7145,#7134,#8392,.T.);
#5949=EDGE_CURVE('',#7146,#7145,#8393,.T.);
#5950=EDGE_CURVE('',#7146,#7135,#8394,.T.);
#5951=EDGE_CURVE('',#7145,#7147,#8395,.T.);
#5952=EDGE_CURVE('',#7148,#7147,#8396,.T.);
#5953=EDGE_CURVE('',#7146,#7148,#8397,.T.);
#5954=EDGE_CURVE('',#7148,#7144,#8398,.T.);
#5955=EDGE_CURVE('',#7147,#7141,#8399,.T.);
#5956=EDGE_CURVE('',#7149,#7150,#546,.T.);
#5957=EDGE_CURVE('',#7151,#7150,#87,.T.);
#5958=EDGE_CURVE('',#7152,#7151,#547,.T.);
#5959=EDGE_CURVE('',#7152,#7149,#88,.T.);
#5960=EDGE_CURVE('',#7153,#7142,#8400,.T.);
#5961=EDGE_CURVE('',#7154,#7153,#8401,.T.);
#5962=EDGE_CURVE('',#7154,#7143,#8402,.T.);
#5963=EDGE_CURVE('',#7153,#7155,#8403,.T.);
#5964=EDGE_CURVE('',#7156,#7155,#8404,.T.);
#5965=EDGE_CURVE('',#7154,#7156,#8405,.T.);
#5966=EDGE_CURVE('',#7156,#7152,#8406,.T.);
#5967=EDGE_CURVE('',#7155,#7149,#8407,.T.);
#5968=EDGE_CURVE('',#7157,#7158,#548,.T.);
#5969=EDGE_CURVE('',#7159,#7158,#89,.T.);
#5970=EDGE_CURVE('',#7160,#7159,#549,.T.);
#5971=EDGE_CURVE('',#7160,#7157,#90,.T.);
#5972=EDGE_CURVE('',#7161,#7150,#8408,.T.);
#5973=EDGE_CURVE('',#7162,#7161,#8409,.T.);
#5974=EDGE_CURVE('',#7162,#7151,#8410,.T.);
#5975=EDGE_CURVE('',#7161,#7163,#8411,.T.);
#5976=EDGE_CURVE('',#7164,#7163,#8412,.T.);
#5977=EDGE_CURVE('',#7162,#7164,#8413,.T.);
#5978=EDGE_CURVE('',#7164,#7160,#8414,.T.);
#5979=EDGE_CURVE('',#7163,#7157,#8415,.T.);
#5980=EDGE_CURVE('',#7165,#6856,#550,.T.);
#5981=EDGE_CURVE('',#7166,#6855,#551,.T.);
#5982=EDGE_CURVE('',#7166,#7165,#91,.T.);
#5983=EDGE_CURVE('',#7167,#7159,#8416,.T.);
#5984=EDGE_CURVE('',#7167,#7168,#8417,.T.);
#5985=EDGE_CURVE('',#7168,#7166,#8418,.T.);
#5986=EDGE_CURVE('',#7169,#7165,#8419,.T.);
#5987=EDGE_CURVE('',#7170,#7169,#8420,.T.);
#5988=EDGE_CURVE('',#7170,#7158,#8421,.T.);
#5989=EDGE_CURVE('',#7167,#7170,#8422,.T.);
#5990=EDGE_CURVE('',#7168,#7169,#8423,.T.);
#5991=EDGE_CURVE('',#7171,#6006,#8424,.T.);
#5992=EDGE_CURVE('',#7172,#7171,#8425,.T.);
#5993=EDGE_CURVE('',#7172,#6007,#8426,.T.);
#5994=EDGE_CURVE('',#7173,#7172,#552,.T.);
#5995=EDGE_CURVE('',#7173,#7174,#8427,.T.);
#5996=EDGE_CURVE('',#7174,#7175,#553,.T.);
#5997=EDGE_CURVE('',#7175,#6847,#8428,.T.);
#5998=EDGE_CURVE('',#7176,#6848,#8429,.T.);
#5999=EDGE_CURVE('',#7177,#7176,#554,.T.);
#6000=EDGE_CURVE('',#7178,#7177,#8430,.T.);
#6001=EDGE_CURVE('',#7178,#7171,#555,.T.);
#6002=EDGE_CURVE('',#7173,#7178,#8431,.T.);
#6003=EDGE_CURVE('',#7174,#7177,#8432,.T.);
#6004=EDGE_CURVE('',#7175,#7176,#8433,.T.);
#6005=VERTEX_POINT('',#16171);
#6006=VERTEX_POINT('',#16172);
#6007=VERTEX_POINT('',#16174);
#6008=VERTEX_POINT('',#16176);
#6009=VERTEX_POINT('',#16180);
#6010=VERTEX_POINT('',#16182);
#6011=VERTEX_POINT('',#16185);
#6012=VERTEX_POINT('',#16186);
#6013=VERTEX_POINT('',#16188);
#6014=VERTEX_POINT('',#16190);
#6015=VERTEX_POINT('',#16194);
#6016=VERTEX_POINT('',#16196);
#6017=VERTEX_POINT('',#16203);
#6018=VERTEX_POINT('',#16205);
#6019=VERTEX_POINT('',#16209);
#6020=VERTEX_POINT('',#16210);
#6021=VERTEX_POINT('',#16212);
#6022=VERTEX_POINT('',#16214);
#6023=VERTEX_POINT('',#16218);
#6024=VERTEX_POINT('',#16220);
#6025=VERTEX_POINT('',#16224);
#6026=VERTEX_POINT('',#16226);
#6027=VERTEX_POINT('',#16233);
#6028=VERTEX_POINT('',#16235);
#6029=VERTEX_POINT('',#16239);
#6030=VERTEX_POINT('',#16240);
#6031=VERTEX_POINT('',#16242);
#6032=VERTEX_POINT('',#16244);
#6033=VERTEX_POINT('',#16248);
#6034=VERTEX_POINT('',#16250);
#6035=VERTEX_POINT('',#16254);
#6036=VERTEX_POINT('',#16256);
#6037=VERTEX_POINT('',#16263);
#6038=VERTEX_POINT('',#16265);
#6039=VERTEX_POINT('',#16269);
#6040=VERTEX_POINT('',#16270);
#6041=VERTEX_POINT('',#16272);
#6042=VERTEX_POINT('',#16274);
#6043=VERTEX_POINT('',#16278);
#6044=VERTEX_POINT('',#16280);
#6045=VERTEX_POINT('',#16284);
#6046=VERTEX_POINT('',#16286);
#6047=VERTEX_POINT('',#16293);
#6048=VERTEX_POINT('',#16295);
#6049=VERTEX_POINT('',#16299);
#6050=VERTEX_POINT('',#16300);
#6051=VERTEX_POINT('',#16302);
#6052=VERTEX_POINT('',#16304);
#6053=VERTEX_POINT('',#16308);
#6054=VERTEX_POINT('',#16310);
#6055=VERTEX_POINT('',#16314);
#6056=VERTEX_POINT('',#16316);
#6057=VERTEX_POINT('',#16323);
#6058=VERTEX_POINT('',#16325);
#6059=VERTEX_POINT('',#16329);
#6060=VERTEX_POINT('',#16330);
#6061=VERTEX_POINT('',#16332);
#6062=VERTEX_POINT('',#16334);
#6063=VERTEX_POINT('',#16338);
#6064=VERTEX_POINT('',#16340);
#6065=VERTEX_POINT('',#16344);
#6066=VERTEX_POINT('',#16346);
#6067=VERTEX_POINT('',#16353);
#6068=VERTEX_POINT('',#16355);
#6069=VERTEX_POINT('',#16359);
#6070=VERTEX_POINT('',#16360);
#6071=VERTEX_POINT('',#16362);
#6072=VERTEX_POINT('',#16364);
#6073=VERTEX_POINT('',#16368);
#6074=VERTEX_POINT('',#16370);
#6075=VERTEX_POINT('',#16374);
#6076=VERTEX_POINT('',#16376);
#6077=VERTEX_POINT('',#16383);
#6078=VERTEX_POINT('',#16385);
#6079=VERTEX_POINT('',#16389);
#6080=VERTEX_POINT('',#16390);
#6081=VERTEX_POINT('',#16392);
#6082=VERTEX_POINT('',#16394);
#6083=VERTEX_POINT('',#16398);
#6084=VERTEX_POINT('',#16400);
#6085=VERTEX_POINT('',#16404);
#6086=VERTEX_POINT('',#16406);
#6087=VERTEX_POINT('',#16413);
#6088=VERTEX_POINT('',#16415);
#6089=VERTEX_POINT('',#16419);
#6090=VERTEX_POINT('',#16420);
#6091=VERTEX_POINT('',#16422);
#6092=VERTEX_POINT('',#16424);
#6093=VERTEX_POINT('',#16428);
#6094=VERTEX_POINT('',#16430);
#6095=VERTEX_POINT('',#16434);
#6096=VERTEX_POINT('',#16436);
#6097=VERTEX_POINT('',#16443);
#6098=VERTEX_POINT('',#16445);
#6099=VERTEX_POINT('',#16449);
#6100=VERTEX_POINT('',#16450);
#6101=VERTEX_POINT('',#16452);
#6102=VERTEX_POINT('',#16454);
#6103=VERTEX_POINT('',#16458);
#6104=VERTEX_POINT('',#16460);
#6105=VERTEX_POINT('',#16464);
#6106=VERTEX_POINT('',#16466);
#6107=VERTEX_POINT('',#16473);
#6108=VERTEX_POINT('',#16475);
#6109=VERTEX_POINT('',#16479);
#6110=VERTEX_POINT('',#16480);
#6111=VERTEX_POINT('',#16482);
#6112=VERTEX_POINT('',#16484);
#6113=VERTEX_POINT('',#16488);
#6114=VERTEX_POINT('',#16490);
#6115=VERTEX_POINT('',#16494);
#6116=VERTEX_POINT('',#16496);
#6117=VERTEX_POINT('',#16503);
#6118=VERTEX_POINT('',#16505);
#6119=VERTEX_POINT('',#16509);
#6120=VERTEX_POINT('',#16510);
#6121=VERTEX_POINT('',#16512);
#6122=VERTEX_POINT('',#16514);
#6123=VERTEX_POINT('',#16518);
#6124=VERTEX_POINT('',#16520);
#6125=VERTEX_POINT('',#16524);
#6126=VERTEX_POINT('',#16526);
#6127=VERTEX_POINT('',#16533);
#6128=VERTEX_POINT('',#16535);
#6129=VERTEX_POINT('',#16539);
#6130=VERTEX_POINT('',#16540);
#6131=VERTEX_POINT('',#16542);
#6132=VERTEX_POINT('',#16544);
#6133=VERTEX_POINT('',#16548);
#6134=VERTEX_POINT('',#16550);
#6135=VERTEX_POINT('',#16554);
#6136=VERTEX_POINT('',#16556);
#6137=VERTEX_POINT('',#16563);
#6138=VERTEX_POINT('',#16565);
#6139=VERTEX_POINT('',#16569);
#6140=VERTEX_POINT('',#16570);
#6141=VERTEX_POINT('',#16572);
#6142=VERTEX_POINT('',#16574);
#6143=VERTEX_POINT('',#16578);
#6144=VERTEX_POINT('',#16580);
#6145=VERTEX_POINT('',#16584);
#6146=VERTEX_POINT('',#16586);
#6147=VERTEX_POINT('',#16593);
#6148=VERTEX_POINT('',#16595);
#6149=VERTEX_POINT('',#16599);
#6150=VERTEX_POINT('',#16600);
#6151=VERTEX_POINT('',#16602);
#6152=VERTEX_POINT('',#16604);
#6153=VERTEX_POINT('',#16608);
#6154=VERTEX_POINT('',#16610);
#6155=VERTEX_POINT('',#16614);
#6156=VERTEX_POINT('',#16616);
#6157=VERTEX_POINT('',#16623);
#6158=VERTEX_POINT('',#16625);
#6159=VERTEX_POINT('',#16629);
#6160=VERTEX_POINT('',#16630);
#6161=VERTEX_POINT('',#16632);
#6162=VERTEX_POINT('',#16634);
#6163=VERTEX_POINT('',#16638);
#6164=VERTEX_POINT('',#16640);
#6165=VERTEX_POINT('',#16644);
#6166=VERTEX_POINT('',#16646);
#6167=VERTEX_POINT('',#16653);
#6168=VERTEX_POINT('',#16655);
#6169=VERTEX_POINT('',#16659);
#6170=VERTEX_POINT('',#16660);
#6171=VERTEX_POINT('',#16662);
#6172=VERTEX_POINT('',#16664);
#6173=VERTEX_POINT('',#16668);
#6174=VERTEX_POINT('',#16670);
#6175=VERTEX_POINT('',#16674);
#6176=VERTEX_POINT('',#16676);
#6177=VERTEX_POINT('',#16683);
#6178=VERTEX_POINT('',#16685);
#6179=VERTEX_POINT('',#16689);
#6180=VERTEX_POINT('',#16690);
#6181=VERTEX_POINT('',#16692);
#6182=VERTEX_POINT('',#16694);
#6183=VERTEX_POINT('',#16698);
#6184=VERTEX_POINT('',#16700);
#6185=VERTEX_POINT('',#16704);
#6186=VERTEX_POINT('',#16706);
#6187=VERTEX_POINT('',#16713);
#6188=VERTEX_POINT('',#16715);
#6189=VERTEX_POINT('',#16719);
#6190=VERTEX_POINT('',#16720);
#6191=VERTEX_POINT('',#16722);
#6192=VERTEX_POINT('',#16724);
#6193=VERTEX_POINT('',#16728);
#6194=VERTEX_POINT('',#16730);
#6195=VERTEX_POINT('',#16734);
#6196=VERTEX_POINT('',#16736);
#6197=VERTEX_POINT('',#16743);
#6198=VERTEX_POINT('',#16745);
#6199=VERTEX_POINT('',#16749);
#6200=VERTEX_POINT('',#16750);
#6201=VERTEX_POINT('',#16752);
#6202=VERTEX_POINT('',#16754);
#6203=VERTEX_POINT('',#16758);
#6204=VERTEX_POINT('',#16760);
#6205=VERTEX_POINT('',#16764);
#6206=VERTEX_POINT('',#16766);
#6207=VERTEX_POINT('',#16773);
#6208=VERTEX_POINT('',#16775);
#6209=VERTEX_POINT('',#16779);
#6210=VERTEX_POINT('',#16780);
#6211=VERTEX_POINT('',#16782);
#6212=VERTEX_POINT('',#16784);
#6213=VERTEX_POINT('',#16788);
#6214=VERTEX_POINT('',#16790);
#6215=VERTEX_POINT('',#16794);
#6216=VERTEX_POINT('',#16796);
#6217=VERTEX_POINT('',#16803);
#6218=VERTEX_POINT('',#16805);
#6219=VERTEX_POINT('',#16809);
#6220=VERTEX_POINT('',#16810);
#6221=VERTEX_POINT('',#16812);
#6222=VERTEX_POINT('',#16814);
#6223=VERTEX_POINT('',#16818);
#6224=VERTEX_POINT('',#16820);
#6225=VERTEX_POINT('',#16824);
#6226=VERTEX_POINT('',#16826);
#6227=VERTEX_POINT('',#16833);
#6228=VERTEX_POINT('',#16835);
#6229=VERTEX_POINT('',#16839);
#6230=VERTEX_POINT('',#16840);
#6231=VERTEX_POINT('',#16842);
#6232=VERTEX_POINT('',#16844);
#6233=VERTEX_POINT('',#16848);
#6234=VERTEX_POINT('',#16850);
#6235=VERTEX_POINT('',#16854);
#6236=VERTEX_POINT('',#16856);
#6237=VERTEX_POINT('',#16863);
#6238=VERTEX_POINT('',#16865);
#6239=VERTEX_POINT('',#16869);
#6240=VERTEX_POINT('',#16870);
#6241=VERTEX_POINT('',#16872);
#6242=VERTEX_POINT('',#16874);
#6243=VERTEX_POINT('',#16878);
#6244=VERTEX_POINT('',#16880);
#6245=VERTEX_POINT('',#16884);
#6246=VERTEX_POINT('',#16886);
#6247=VERTEX_POINT('',#16893);
#6248=VERTEX_POINT('',#16895);
#6249=VERTEX_POINT('',#16899);
#6250=VERTEX_POINT('',#16900);
#6251=VERTEX_POINT('',#16902);
#6252=VERTEX_POINT('',#16904);
#6253=VERTEX_POINT('',#16908);
#6254=VERTEX_POINT('',#16910);
#6255=VERTEX_POINT('',#16914);
#6256=VERTEX_POINT('',#16916);
#6257=VERTEX_POINT('',#16923);
#6258=VERTEX_POINT('',#16925);
#6259=VERTEX_POINT('',#16929);
#6260=VERTEX_POINT('',#16930);
#6261=VERTEX_POINT('',#16932);
#6262=VERTEX_POINT('',#16934);
#6263=VERTEX_POINT('',#16938);
#6264=VERTEX_POINT('',#16940);
#6265=VERTEX_POINT('',#16944);
#6266=VERTEX_POINT('',#16946);
#6267=VERTEX_POINT('',#16953);
#6268=VERTEX_POINT('',#16955);
#6269=VERTEX_POINT('',#16959);
#6270=VERTEX_POINT('',#16960);
#6271=VERTEX_POINT('',#16962);
#6272=VERTEX_POINT('',#16964);
#6273=VERTEX_POINT('',#16968);
#6274=VERTEX_POINT('',#16970);
#6275=VERTEX_POINT('',#16974);
#6276=VERTEX_POINT('',#16976);
#6277=VERTEX_POINT('',#16983);
#6278=VERTEX_POINT('',#16985);
#6279=VERTEX_POINT('',#16989);
#6280=VERTEX_POINT('',#16990);
#6281=VERTEX_POINT('',#16992);
#6282=VERTEX_POINT('',#16994);
#6283=VERTEX_POINT('',#16998);
#6284=VERTEX_POINT('',#17000);
#6285=VERTEX_POINT('',#17004);
#6286=VERTEX_POINT('',#17006);
#6287=VERTEX_POINT('',#17013);
#6288=VERTEX_POINT('',#17015);
#6289=VERTEX_POINT('',#17019);
#6290=VERTEX_POINT('',#17020);
#6291=VERTEX_POINT('',#17022);
#6292=VERTEX_POINT('',#17024);
#6293=VERTEX_POINT('',#17028);
#6294=VERTEX_POINT('',#17030);
#6295=VERTEX_POINT('',#17034);
#6296=VERTEX_POINT('',#17036);
#6297=VERTEX_POINT('',#17043);
#6298=VERTEX_POINT('',#17045);
#6299=VERTEX_POINT('',#17049);
#6300=VERTEX_POINT('',#17050);
#6301=VERTEX_POINT('',#17052);
#6302=VERTEX_POINT('',#17054);
#6303=VERTEX_POINT('',#17058);
#6304=VERTEX_POINT('',#17060);
#6305=VERTEX_POINT('',#17064);
#6306=VERTEX_POINT('',#17066);
#6307=VERTEX_POINT('',#17073);
#6308=VERTEX_POINT('',#17075);
#6309=VERTEX_POINT('',#17079);
#6310=VERTEX_POINT('',#17080);
#6311=VERTEX_POINT('',#17082);
#6312=VERTEX_POINT('',#17084);
#6313=VERTEX_POINT('',#17088);
#6314=VERTEX_POINT('',#17090);
#6315=VERTEX_POINT('',#17094);
#6316=VERTEX_POINT('',#17096);
#6317=VERTEX_POINT('',#17103);
#6318=VERTEX_POINT('',#17105);
#6319=VERTEX_POINT('',#17109);
#6320=VERTEX_POINT('',#17110);
#6321=VERTEX_POINT('',#17112);
#6322=VERTEX_POINT('',#17114);
#6323=VERTEX_POINT('',#17118);
#6324=VERTEX_POINT('',#17120);
#6325=VERTEX_POINT('',#17124);
#6326=VERTEX_POINT('',#17126);
#6327=VERTEX_POINT('',#17133);
#6328=VERTEX_POINT('',#17135);
#6329=VERTEX_POINT('',#17139);
#6330=VERTEX_POINT('',#17140);
#6331=VERTEX_POINT('',#17142);
#6332=VERTEX_POINT('',#17144);
#6333=VERTEX_POINT('',#17148);
#6334=VERTEX_POINT('',#17150);
#6335=VERTEX_POINT('',#17154);
#6336=VERTEX_POINT('',#17156);
#6337=VERTEX_POINT('',#17163);
#6338=VERTEX_POINT('',#17165);
#6339=VERTEX_POINT('',#17169);
#6340=VERTEX_POINT('',#17170);
#6341=VERTEX_POINT('',#17172);
#6342=VERTEX_POINT('',#17174);
#6343=VERTEX_POINT('',#17178);
#6344=VERTEX_POINT('',#17180);
#6345=VERTEX_POINT('',#17184);
#6346=VERTEX_POINT('',#17186);
#6347=VERTEX_POINT('',#17193);
#6348=VERTEX_POINT('',#17195);
#6349=VERTEX_POINT('',#17199);
#6350=VERTEX_POINT('',#17200);
#6351=VERTEX_POINT('',#17202);
#6352=VERTEX_POINT('',#17204);
#6353=VERTEX_POINT('',#17208);
#6354=VERTEX_POINT('',#17210);
#6355=VERTEX_POINT('',#17214);
#6356=VERTEX_POINT('',#17216);
#6357=VERTEX_POINT('',#17223);
#6358=VERTEX_POINT('',#17225);
#6359=VERTEX_POINT('',#17229);
#6360=VERTEX_POINT('',#17230);
#6361=VERTEX_POINT('',#17232);
#6362=VERTEX_POINT('',#17234);
#6363=VERTEX_POINT('',#17238);
#6364=VERTEX_POINT('',#17240);
#6365=VERTEX_POINT('',#17244);
#6366=VERTEX_POINT('',#17246);
#6367=VERTEX_POINT('',#17253);
#6368=VERTEX_POINT('',#17255);
#6369=VERTEX_POINT('',#17259);
#6370=VERTEX_POINT('',#17260);
#6371=VERTEX_POINT('',#17262);
#6372=VERTEX_POINT('',#17264);
#6373=VERTEX_POINT('',#17268);
#6374=VERTEX_POINT('',#17270);
#6375=VERTEX_POINT('',#17274);
#6376=VERTEX_POINT('',#17276);
#6377=VERTEX_POINT('',#17283);
#6378=VERTEX_POINT('',#17285);
#6379=VERTEX_POINT('',#17289);
#6380=VERTEX_POINT('',#17290);
#6381=VERTEX_POINT('',#17292);
#6382=VERTEX_POINT('',#17294);
#6383=VERTEX_POINT('',#17298);
#6384=VERTEX_POINT('',#17300);
#6385=VERTEX_POINT('',#17304);
#6386=VERTEX_POINT('',#17306);
#6387=VERTEX_POINT('',#17313);
#6388=VERTEX_POINT('',#17315);
#6389=VERTEX_POINT('',#17319);
#6390=VERTEX_POINT('',#17320);
#6391=VERTEX_POINT('',#17322);
#6392=VERTEX_POINT('',#17324);
#6393=VERTEX_POINT('',#17328);
#6394=VERTEX_POINT('',#17330);
#6395=VERTEX_POINT('',#17334);
#6396=VERTEX_POINT('',#17336);
#6397=VERTEX_POINT('',#17343);
#6398=VERTEX_POINT('',#17345);
#6399=VERTEX_POINT('',#17349);
#6400=VERTEX_POINT('',#17350);
#6401=VERTEX_POINT('',#17352);
#6402=VERTEX_POINT('',#17354);
#6403=VERTEX_POINT('',#17358);
#6404=VERTEX_POINT('',#17360);
#6405=VERTEX_POINT('',#17364);
#6406=VERTEX_POINT('',#17366);
#6407=VERTEX_POINT('',#17373);
#6408=VERTEX_POINT('',#17375);
#6409=VERTEX_POINT('',#17379);
#6410=VERTEX_POINT('',#17380);
#6411=VERTEX_POINT('',#17382);
#6412=VERTEX_POINT('',#17384);
#6413=VERTEX_POINT('',#17388);
#6414=VERTEX_POINT('',#17390);
#6415=VERTEX_POINT('',#17394);
#6416=VERTEX_POINT('',#17396);
#6417=VERTEX_POINT('',#17403);
#6418=VERTEX_POINT('',#17405);
#6419=VERTEX_POINT('',#17409);
#6420=VERTEX_POINT('',#17410);
#6421=VERTEX_POINT('',#17412);
#6422=VERTEX_POINT('',#17414);
#6423=VERTEX_POINT('',#17418);
#6424=VERTEX_POINT('',#17420);
#6425=VERTEX_POINT('',#17424);
#6426=VERTEX_POINT('',#17426);
#6427=VERTEX_POINT('',#17433);
#6428=VERTEX_POINT('',#17435);
#6429=VERTEX_POINT('',#17439);
#6430=VERTEX_POINT('',#17440);
#6431=VERTEX_POINT('',#17442);
#6432=VERTEX_POINT('',#17444);
#6433=VERTEX_POINT('',#17448);
#6434=VERTEX_POINT('',#17450);
#6435=VERTEX_POINT('',#17454);
#6436=VERTEX_POINT('',#17456);
#6437=VERTEX_POINT('',#17463);
#6438=VERTEX_POINT('',#17465);
#6439=VERTEX_POINT('',#17469);
#6440=VERTEX_POINT('',#17470);
#6441=VERTEX_POINT('',#17472);
#6442=VERTEX_POINT('',#17474);
#6443=VERTEX_POINT('',#17478);
#6444=VERTEX_POINT('',#17480);
#6445=VERTEX_POINT('',#17484);
#6446=VERTEX_POINT('',#17486);
#6447=VERTEX_POINT('',#17493);
#6448=VERTEX_POINT('',#17495);
#6449=VERTEX_POINT('',#17499);
#6450=VERTEX_POINT('',#17500);
#6451=VERTEX_POINT('',#17502);
#6452=VERTEX_POINT('',#17504);
#6453=VERTEX_POINT('',#17508);
#6454=VERTEX_POINT('',#17510);
#6455=VERTEX_POINT('',#17514);
#6456=VERTEX_POINT('',#17516);
#6457=VERTEX_POINT('',#17523);
#6458=VERTEX_POINT('',#17525);
#6459=VERTEX_POINT('',#17529);
#6460=VERTEX_POINT('',#17530);
#6461=VERTEX_POINT('',#17532);
#6462=VERTEX_POINT('',#17534);
#6463=VERTEX_POINT('',#17538);
#6464=VERTEX_POINT('',#17540);
#6465=VERTEX_POINT('',#17544);
#6466=VERTEX_POINT('',#17546);
#6467=VERTEX_POINT('',#17553);
#6468=VERTEX_POINT('',#17555);
#6469=VERTEX_POINT('',#17559);
#6470=VERTEX_POINT('',#17560);
#6471=VERTEX_POINT('',#17562);
#6472=VERTEX_POINT('',#17564);
#6473=VERTEX_POINT('',#17568);
#6474=VERTEX_POINT('',#17570);
#6475=VERTEX_POINT('',#17574);
#6476=VERTEX_POINT('',#17576);
#6477=VERTEX_POINT('',#17583);
#6478=VERTEX_POINT('',#17585);
#6479=VERTEX_POINT('',#17589);
#6480=VERTEX_POINT('',#17590);
#6481=VERTEX_POINT('',#17592);
#6482=VERTEX_POINT('',#17594);
#6483=VERTEX_POINT('',#17598);
#6484=VERTEX_POINT('',#17600);
#6485=VERTEX_POINT('',#17604);
#6486=VERTEX_POINT('',#17606);
#6487=VERTEX_POINT('',#17613);
#6488=VERTEX_POINT('',#17615);
#6489=VERTEX_POINT('',#17619);
#6490=VERTEX_POINT('',#17620);
#6491=VERTEX_POINT('',#17622);
#6492=VERTEX_POINT('',#17624);
#6493=VERTEX_POINT('',#17628);
#6494=VERTEX_POINT('',#17630);
#6495=VERTEX_POINT('',#17634);
#6496=VERTEX_POINT('',#17636);
#6497=VERTEX_POINT('',#17643);
#6498=VERTEX_POINT('',#17645);
#6499=VERTEX_POINT('',#17649);
#6500=VERTEX_POINT('',#17650);
#6501=VERTEX_POINT('',#17652);
#6502=VERTEX_POINT('',#17654);
#6503=VERTEX_POINT('',#17658);
#6504=VERTEX_POINT('',#17660);
#6505=VERTEX_POINT('',#17664);
#6506=VERTEX_POINT('',#17666);
#6507=VERTEX_POINT('',#17673);
#6508=VERTEX_POINT('',#17675);
#6509=VERTEX_POINT('',#17679);
#6510=VERTEX_POINT('',#17680);
#6511=VERTEX_POINT('',#17682);
#6512=VERTEX_POINT('',#17684);
#6513=VERTEX_POINT('',#17688);
#6514=VERTEX_POINT('',#17690);
#6515=VERTEX_POINT('',#17694);
#6516=VERTEX_POINT('',#17696);
#6517=VERTEX_POINT('',#17703);
#6518=VERTEX_POINT('',#17705);
#6519=VERTEX_POINT('',#17709);
#6520=VERTEX_POINT('',#17710);
#6521=VERTEX_POINT('',#17712);
#6522=VERTEX_POINT('',#17714);
#6523=VERTEX_POINT('',#17718);
#6524=VERTEX_POINT('',#17720);
#6525=VERTEX_POINT('',#17724);
#6526=VERTEX_POINT('',#17726);
#6527=VERTEX_POINT('',#17733);
#6528=VERTEX_POINT('',#17735);
#6529=VERTEX_POINT('',#17739);
#6530=VERTEX_POINT('',#17740);
#6531=VERTEX_POINT('',#17742);
#6532=VERTEX_POINT('',#17744);
#6533=VERTEX_POINT('',#17748);
#6534=VERTEX_POINT('',#17750);
#6535=VERTEX_POINT('',#17754);
#6536=VERTEX_POINT('',#17756);
#6537=VERTEX_POINT('',#17763);
#6538=VERTEX_POINT('',#17765);
#6539=VERTEX_POINT('',#17769);
#6540=VERTEX_POINT('',#17770);
#6541=VERTEX_POINT('',#17772);
#6542=VERTEX_POINT('',#17774);
#6543=VERTEX_POINT('',#17778);
#6544=VERTEX_POINT('',#17780);
#6545=VERTEX_POINT('',#17784);
#6546=VERTEX_POINT('',#17786);
#6547=VERTEX_POINT('',#17793);
#6548=VERTEX_POINT('',#17795);
#6549=VERTEX_POINT('',#17799);
#6550=VERTEX_POINT('',#17800);
#6551=VERTEX_POINT('',#17802);
#6552=VERTEX_POINT('',#17804);
#6553=VERTEX_POINT('',#17808);
#6554=VERTEX_POINT('',#17810);
#6555=VERTEX_POINT('',#17814);
#6556=VERTEX_POINT('',#17816);
#6557=VERTEX_POINT('',#17823);
#6558=VERTEX_POINT('',#17825);
#6559=VERTEX_POINT('',#17829);
#6560=VERTEX_POINT('',#17830);
#6561=VERTEX_POINT('',#17832);
#6562=VERTEX_POINT('',#17834);
#6563=VERTEX_POINT('',#17838);
#6564=VERTEX_POINT('',#17840);
#6565=VERTEX_POINT('',#17844);
#6566=VERTEX_POINT('',#17846);
#6567=VERTEX_POINT('',#17853);
#6568=VERTEX_POINT('',#17855);
#6569=VERTEX_POINT('',#17859);
#6570=VERTEX_POINT('',#17860);
#6571=VERTEX_POINT('',#17862);
#6572=VERTEX_POINT('',#17864);
#6573=VERTEX_POINT('',#17868);
#6574=VERTEX_POINT('',#17870);
#6575=VERTEX_POINT('',#17874);
#6576=VERTEX_POINT('',#17876);
#6577=VERTEX_POINT('',#17883);
#6578=VERTEX_POINT('',#17885);
#6579=VERTEX_POINT('',#17889);
#6580=VERTEX_POINT('',#17890);
#6581=VERTEX_POINT('',#17892);
#6582=VERTEX_POINT('',#17894);
#6583=VERTEX_POINT('',#17898);
#6584=VERTEX_POINT('',#17900);
#6585=VERTEX_POINT('',#17904);
#6586=VERTEX_POINT('',#17906);
#6587=VERTEX_POINT('',#17913);
#6588=VERTEX_POINT('',#17915);
#6589=VERTEX_POINT('',#17919);
#6590=VERTEX_POINT('',#17920);
#6591=VERTEX_POINT('',#17922);
#6592=VERTEX_POINT('',#17924);
#6593=VERTEX_POINT('',#17928);
#6594=VERTEX_POINT('',#17930);
#6595=VERTEX_POINT('',#17934);
#6596=VERTEX_POINT('',#17936);
#6597=VERTEX_POINT('',#17943);
#6598=VERTEX_POINT('',#17945);
#6599=VERTEX_POINT('',#17949);
#6600=VERTEX_POINT('',#17950);
#6601=VERTEX_POINT('',#17952);
#6602=VERTEX_POINT('',#17954);
#6603=VERTEX_POINT('',#17958);
#6604=VERTEX_POINT('',#17960);
#6605=VERTEX_POINT('',#17964);
#6606=VERTEX_POINT('',#17966);
#6607=VERTEX_POINT('',#17973);
#6608=VERTEX_POINT('',#17975);
#6609=VERTEX_POINT('',#17979);
#6610=VERTEX_POINT('',#17980);
#6611=VERTEX_POINT('',#17982);
#6612=VERTEX_POINT('',#17984);
#6613=VERTEX_POINT('',#17988);
#6614=VERTEX_POINT('',#17990);
#6615=VERTEX_POINT('',#17994);
#6616=VERTEX_POINT('',#17996);
#6617=VERTEX_POINT('',#18003);
#6618=VERTEX_POINT('',#18005);
#6619=VERTEX_POINT('',#18009);
#6620=VERTEX_POINT('',#18010);
#6621=VERTEX_POINT('',#18012);
#6622=VERTEX_POINT('',#18014);
#6623=VERTEX_POINT('',#18018);
#6624=VERTEX_POINT('',#18020);
#6625=VERTEX_POINT('',#18024);
#6626=VERTEX_POINT('',#18026);
#6627=VERTEX_POINT('',#18033);
#6628=VERTEX_POINT('',#18035);
#6629=VERTEX_POINT('',#18039);
#6630=VERTEX_POINT('',#18040);
#6631=VERTEX_POINT('',#18042);
#6632=VERTEX_POINT('',#18044);
#6633=VERTEX_POINT('',#18048);
#6634=VERTEX_POINT('',#18050);
#6635=VERTEX_POINT('',#18054);
#6636=VERTEX_POINT('',#18056);
#6637=VERTEX_POINT('',#18063);
#6638=VERTEX_POINT('',#18065);
#6639=VERTEX_POINT('',#18069);
#6640=VERTEX_POINT('',#18070);
#6641=VERTEX_POINT('',#18072);
#6642=VERTEX_POINT('',#18074);
#6643=VERTEX_POINT('',#18078);
#6644=VERTEX_POINT('',#18080);
#6645=VERTEX_POINT('',#18084);
#6646=VERTEX_POINT('',#18086);
#6647=VERTEX_POINT('',#18093);
#6648=VERTEX_POINT('',#18095);
#6649=VERTEX_POINT('',#18099);
#6650=VERTEX_POINT('',#18100);
#6651=VERTEX_POINT('',#18102);
#6652=VERTEX_POINT('',#18104);
#6653=VERTEX_POINT('',#18108);
#6654=VERTEX_POINT('',#18110);
#6655=VERTEX_POINT('',#18114);
#6656=VERTEX_POINT('',#18116);
#6657=VERTEX_POINT('',#18123);
#6658=VERTEX_POINT('',#18125);
#6659=VERTEX_POINT('',#18129);
#6660=VERTEX_POINT('',#18130);
#6661=VERTEX_POINT('',#18132);
#6662=VERTEX_POINT('',#18134);
#6663=VERTEX_POINT('',#18138);
#6664=VERTEX_POINT('',#18140);
#6665=VERTEX_POINT('',#18144);
#6666=VERTEX_POINT('',#18146);
#6667=VERTEX_POINT('',#18153);
#6668=VERTEX_POINT('',#18155);
#6669=VERTEX_POINT('',#18159);
#6670=VERTEX_POINT('',#18160);
#6671=VERTEX_POINT('',#18162);
#6672=VERTEX_POINT('',#18164);
#6673=VERTEX_POINT('',#18168);
#6674=VERTEX_POINT('',#18170);
#6675=VERTEX_POINT('',#18174);
#6676=VERTEX_POINT('',#18176);
#6677=VERTEX_POINT('',#18183);
#6678=VERTEX_POINT('',#18185);
#6679=VERTEX_POINT('',#18189);
#6680=VERTEX_POINT('',#18190);
#6681=VERTEX_POINT('',#18192);
#6682=VERTEX_POINT('',#18194);
#6683=VERTEX_POINT('',#18198);
#6684=VERTEX_POINT('',#18200);
#6685=VERTEX_POINT('',#18204);
#6686=VERTEX_POINT('',#18206);
#6687=VERTEX_POINT('',#18213);
#6688=VERTEX_POINT('',#18215);
#6689=VERTEX_POINT('',#18219);
#6690=VERTEX_POINT('',#18220);
#6691=VERTEX_POINT('',#18222);
#6692=VERTEX_POINT('',#18224);
#6693=VERTEX_POINT('',#18228);
#6694=VERTEX_POINT('',#18230);
#6695=VERTEX_POINT('',#18234);
#6696=VERTEX_POINT('',#18236);
#6697=VERTEX_POINT('',#18243);
#6698=VERTEX_POINT('',#18245);
#6699=VERTEX_POINT('',#18249);
#6700=VERTEX_POINT('',#18250);
#6701=VERTEX_POINT('',#18252);
#6702=VERTEX_POINT('',#18254);
#6703=VERTEX_POINT('',#18258);
#6704=VERTEX_POINT('',#18260);
#6705=VERTEX_POINT('',#18264);
#6706=VERTEX_POINT('',#18266);
#6707=VERTEX_POINT('',#18273);
#6708=VERTEX_POINT('',#18275);
#6709=VERTEX_POINT('',#18279);
#6710=VERTEX_POINT('',#18280);
#6711=VERTEX_POINT('',#18282);
#6712=VERTEX_POINT('',#18284);
#6713=VERTEX_POINT('',#18288);
#6714=VERTEX_POINT('',#18290);
#6715=VERTEX_POINT('',#18294);
#6716=VERTEX_POINT('',#18296);
#6717=VERTEX_POINT('',#18303);
#6718=VERTEX_POINT('',#18305);
#6719=VERTEX_POINT('',#18309);
#6720=VERTEX_POINT('',#18310);
#6721=VERTEX_POINT('',#18312);
#6722=VERTEX_POINT('',#18314);
#6723=VERTEX_POINT('',#18318);
#6724=VERTEX_POINT('',#18320);
#6725=VERTEX_POINT('',#18324);
#6726=VERTEX_POINT('',#18326);
#6727=VERTEX_POINT('',#18333);
#6728=VERTEX_POINT('',#18335);
#6729=VERTEX_POINT('',#18339);
#6730=VERTEX_POINT('',#18340);
#6731=VERTEX_POINT('',#18342);
#6732=VERTEX_POINT('',#18344);
#6733=VERTEX_POINT('',#18348);
#6734=VERTEX_POINT('',#18350);
#6735=VERTEX_POINT('',#18354);
#6736=VERTEX_POINT('',#18356);
#6737=VERTEX_POINT('',#18363);
#6738=VERTEX_POINT('',#18365);
#6739=VERTEX_POINT('',#18369);
#6740=VERTEX_POINT('',#18370);
#6741=VERTEX_POINT('',#18372);
#6742=VERTEX_POINT('',#18374);
#6743=VERTEX_POINT('',#18378);
#6744=VERTEX_POINT('',#18380);
#6745=VERTEX_POINT('',#18384);
#6746=VERTEX_POINT('',#18386);
#6747=VERTEX_POINT('',#18393);
#6748=VERTEX_POINT('',#18395);
#6749=VERTEX_POINT('',#18399);
#6750=VERTEX_POINT('',#18400);
#6751=VERTEX_POINT('',#18402);
#6752=VERTEX_POINT('',#18404);
#6753=VERTEX_POINT('',#18408);
#6754=VERTEX_POINT('',#18410);
#6755=VERTEX_POINT('',#18414);
#6756=VERTEX_POINT('',#18416);
#6757=VERTEX_POINT('',#18423);
#6758=VERTEX_POINT('',#18425);
#6759=VERTEX_POINT('',#18429);
#6760=VERTEX_POINT('',#18430);
#6761=VERTEX_POINT('',#18432);
#6762=VERTEX_POINT('',#18434);
#6763=VERTEX_POINT('',#18438);
#6764=VERTEX_POINT('',#18440);
#6765=VERTEX_POINT('',#18444);
#6766=VERTEX_POINT('',#18446);
#6767=VERTEX_POINT('',#18453);
#6768=VERTEX_POINT('',#18455);
#6769=VERTEX_POINT('',#18459);
#6770=VERTEX_POINT('',#18460);
#6771=VERTEX_POINT('',#18462);
#6772=VERTEX_POINT('',#18464);
#6773=VERTEX_POINT('',#18468);
#6774=VERTEX_POINT('',#18470);
#6775=VERTEX_POINT('',#18474);
#6776=VERTEX_POINT('',#18476);
#6777=VERTEX_POINT('',#18483);
#6778=VERTEX_POINT('',#18485);
#6779=VERTEX_POINT('',#18489);
#6780=VERTEX_POINT('',#18490);
#6781=VERTEX_POINT('',#18492);
#6782=VERTEX_POINT('',#18494);
#6783=VERTEX_POINT('',#18498);
#6784=VERTEX_POINT('',#18500);
#6785=VERTEX_POINT('',#18504);
#6786=VERTEX_POINT('',#18506);
#6787=VERTEX_POINT('',#18513);
#6788=VERTEX_POINT('',#18515);
#6789=VERTEX_POINT('',#18519);
#6790=VERTEX_POINT('',#18520);
#6791=VERTEX_POINT('',#18522);
#6792=VERTEX_POINT('',#18524);
#6793=VERTEX_POINT('',#18528);
#6794=VERTEX_POINT('',#18530);
#6795=VERTEX_POINT('',#18534);
#6796=VERTEX_POINT('',#18536);
#6797=VERTEX_POINT('',#18543);
#6798=VERTEX_POINT('',#18545);
#6799=VERTEX_POINT('',#18549);
#6800=VERTEX_POINT('',#18550);
#6801=VERTEX_POINT('',#18552);
#6802=VERTEX_POINT('',#18554);
#6803=VERTEX_POINT('',#18558);
#6804=VERTEX_POINT('',#18560);
#6805=VERTEX_POINT('',#18564);
#6806=VERTEX_POINT('',#18566);
#6807=VERTEX_POINT('',#18573);
#6808=VERTEX_POINT('',#18575);
#6809=VERTEX_POINT('',#18579);
#6810=VERTEX_POINT('',#18580);
#6811=VERTEX_POINT('',#18582);
#6812=VERTEX_POINT('',#18584);
#6813=VERTEX_POINT('',#18588);
#6814=VERTEX_POINT('',#18590);
#6815=VERTEX_POINT('',#18594);
#6816=VERTEX_POINT('',#18596);
#6817=VERTEX_POINT('',#18603);
#6818=VERTEX_POINT('',#18605);
#6819=VERTEX_POINT('',#18609);
#6820=VERTEX_POINT('',#18610);
#6821=VERTEX_POINT('',#18612);
#6822=VERTEX_POINT('',#18614);
#6823=VERTEX_POINT('',#18618);
#6824=VERTEX_POINT('',#18620);
#6825=VERTEX_POINT('',#18624);
#6826=VERTEX_POINT('',#18626);
#6827=VERTEX_POINT('',#18633);
#6828=VERTEX_POINT('',#18635);
#6829=VERTEX_POINT('',#18639);
#6830=VERTEX_POINT('',#18640);
#6831=VERTEX_POINT('',#18642);
#6832=VERTEX_POINT('',#18644);
#6833=VERTEX_POINT('',#18648);
#6834=VERTEX_POINT('',#18650);
#6835=VERTEX_POINT('',#18654);
#6836=VERTEX_POINT('',#18656);
#6837=VERTEX_POINT('',#18663);
#6838=VERTEX_POINT('',#18665);
#6839=VERTEX_POINT('',#18669);
#6840=VERTEX_POINT('',#18670);
#6841=VERTEX_POINT('',#18672);
#6842=VERTEX_POINT('',#18674);
#6843=VERTEX_POINT('',#18678);
#6844=VERTEX_POINT('',#18680);
#6845=VERTEX_POINT('',#18684);
#6846=VERTEX_POINT('',#18686);
#6847=VERTEX_POINT('',#18693);
#6848=VERTEX_POINT('',#18695);
#6849=VERTEX_POINT('',#18699);
#6850=VERTEX_POINT('',#18701);
#6851=VERTEX_POINT('',#18704);
#6852=VERTEX_POINT('',#18705);
#6853=VERTEX_POINT('',#18710);
#6854=VERTEX_POINT('',#18712);
#6855=VERTEX_POINT('',#18722);
#6856=VERTEX_POINT('',#18723);
#6857=VERTEX_POINT('',#18725);
#6858=VERTEX_POINT('',#18727);
#6859=VERTEX_POINT('',#18731);
#6860=VERTEX_POINT('',#18733);
#6861=VERTEX_POINT('',#18740);
#6862=VERTEX_POINT('',#18741);
#6863=VERTEX_POINT('',#18746);
#6864=VERTEX_POINT('',#18748);
#6865=VERTEX_POINT('',#18755);
#6866=VERTEX_POINT('',#18757);
#6867=VERTEX_POINT('',#18761);
#6868=VERTEX_POINT('',#18763);
#6869=VERTEX_POINT('',#18770);
#6870=VERTEX_POINT('',#18771);
#6871=VERTEX_POINT('',#18776);
#6872=VERTEX_POINT('',#18778);
#6873=VERTEX_POINT('',#18785);
#6874=VERTEX_POINT('',#18787);
#6875=VERTEX_POINT('',#18791);
#6876=VERTEX_POINT('',#18793);
#6877=VERTEX_POINT('',#18800);
#6878=VERTEX_POINT('',#18801);
#6879=VERTEX_POINT('',#18806);
#6880=VERTEX_POINT('',#18808);
#6881=VERTEX_POINT('',#18815);
#6882=VERTEX_POINT('',#18817);
#6883=VERTEX_POINT('',#18821);
#6884=VERTEX_POINT('',#18823);
#6885=VERTEX_POINT('',#18830);
#6886=VERTEX_POINT('',#18831);
#6887=VERTEX_POINT('',#18836);
#6888=VERTEX_POINT('',#18838);
#6889=VERTEX_POINT('',#18845);
#6890=VERTEX_POINT('',#18847);
#6891=VERTEX_POINT('',#18851);
#6892=VERTEX_POINT('',#18853);
#6893=VERTEX_POINT('',#18860);
#6894=VERTEX_POINT('',#18861);
#6895=VERTEX_POINT('',#18866);
#6896=VERTEX_POINT('',#18868);
#6897=VERTEX_POINT('',#18875);
#6898=VERTEX_POINT('',#18877);
#6899=VERTEX_POINT('',#18881);
#6900=VERTEX_POINT('',#18883);
#6901=VERTEX_POINT('',#18890);
#6902=VERTEX_POINT('',#18891);
#6903=VERTEX_POINT('',#18896);
#6904=VERTEX_POINT('',#18898);
#6905=VERTEX_POINT('',#18905);
#6906=VERTEX_POINT('',#18907);
#6907=VERTEX_POINT('',#18911);
#6908=VERTEX_POINT('',#18913);
#6909=VERTEX_POINT('',#18920);
#6910=VERTEX_POINT('',#18921);
#6911=VERTEX_POINT('',#18926);
#6912=VERTEX_POINT('',#18928);
#6913=VERTEX_POINT('',#18935);
#6914=VERTEX_POINT('',#18937);
#6915=VERTEX_POINT('',#18941);
#6916=VERTEX_POINT('',#18943);
#6917=VERTEX_POINT('',#18950);
#6918=VERTEX_POINT('',#18951);
#6919=VERTEX_POINT('',#18956);
#6920=VERTEX_POINT('',#18958);
#6921=VERTEX_POINT('',#18965);
#6922=VERTEX_POINT('',#18967);
#6923=VERTEX_POINT('',#18971);
#6924=VERTEX_POINT('',#18973);
#6925=VERTEX_POINT('',#18980);
#6926=VERTEX_POINT('',#18981);
#6927=VERTEX_POINT('',#18986);
#6928=VERTEX_POINT('',#18988);
#6929=VERTEX_POINT('',#18995);
#6930=VERTEX_POINT('',#18997);
#6931=VERTEX_POINT('',#19001);
#6932=VERTEX_POINT('',#19003);
#6933=VERTEX_POINT('',#19010);
#6934=VERTEX_POINT('',#19011);
#6935=VERTEX_POINT('',#19016);
#6936=VERTEX_POINT('',#19018);
#6937=VERTEX_POINT('',#19025);
#6938=VERTEX_POINT('',#19027);
#6939=VERTEX_POINT('',#19031);
#6940=VERTEX_POINT('',#19033);
#6941=VERTEX_POINT('',#19040);
#6942=VERTEX_POINT('',#19041);
#6943=VERTEX_POINT('',#19046);
#6944=VERTEX_POINT('',#19048);
#6945=VERTEX_POINT('',#19055);
#6946=VERTEX_POINT('',#19057);
#6947=VERTEX_POINT('',#19061);
#6948=VERTEX_POINT('',#19063);
#6949=VERTEX_POINT('',#19070);
#6950=VERTEX_POINT('',#19071);
#6951=VERTEX_POINT('',#19076);
#6952=VERTEX_POINT('',#19078);
#6953=VERTEX_POINT('',#19085);
#6954=VERTEX_POINT('',#19087);
#6955=VERTEX_POINT('',#19091);
#6956=VERTEX_POINT('',#19093);
#6957=VERTEX_POINT('',#19100);
#6958=VERTEX_POINT('',#19101);
#6959=VERTEX_POINT('',#19106);
#6960=VERTEX_POINT('',#19108);
#6961=VERTEX_POINT('',#19115);
#6962=VERTEX_POINT('',#19117);
#6963=VERTEX_POINT('',#19121);
#6964=VERTEX_POINT('',#19123);
#6965=VERTEX_POINT('',#19130);
#6966=VERTEX_POINT('',#19131);
#6967=VERTEX_POINT('',#19136);
#6968=VERTEX_POINT('',#19138);
#6969=VERTEX_POINT('',#19145);
#6970=VERTEX_POINT('',#19147);
#6971=VERTEX_POINT('',#19151);
#6972=VERTEX_POINT('',#19153);
#6973=VERTEX_POINT('',#19160);
#6974=VERTEX_POINT('',#19161);
#6975=VERTEX_POINT('',#19166);
#6976=VERTEX_POINT('',#19168);
#6977=VERTEX_POINT('',#19175);
#6978=VERTEX_POINT('',#19177);
#6979=VERTEX_POINT('',#19181);
#6980=VERTEX_POINT('',#19183);
#6981=VERTEX_POINT('',#19190);
#6982=VERTEX_POINT('',#19191);
#6983=VERTEX_POINT('',#19196);
#6984=VERTEX_POINT('',#19198);
#6985=VERTEX_POINT('',#19205);
#6986=VERTEX_POINT('',#19207);
#6987=VERTEX_POINT('',#19211);
#6988=VERTEX_POINT('',#19213);
#6989=VERTEX_POINT('',#19220);
#6990=VERTEX_POINT('',#19221);
#6991=VERTEX_POINT('',#19226);
#6992=VERTEX_POINT('',#19228);
#6993=VERTEX_POINT('',#19235);
#6994=VERTEX_POINT('',#19237);
#6995=VERTEX_POINT('',#19241);
#6996=VERTEX_POINT('',#19243);
#6997=VERTEX_POINT('',#19250);
#6998=VERTEX_POINT('',#19251);
#6999=VERTEX_POINT('',#19256);
#7000=VERTEX_POINT('',#19258);
#7001=VERTEX_POINT('',#19265);
#7002=VERTEX_POINT('',#19267);
#7003=VERTEX_POINT('',#19271);
#7004=VERTEX_POINT('',#19273);
#7005=VERTEX_POINT('',#19280);
#7006=VERTEX_POINT('',#19281);
#7007=VERTEX_POINT('',#19286);
#7008=VERTEX_POINT('',#19288);
#7009=VERTEX_POINT('',#19295);
#7010=VERTEX_POINT('',#19297);
#7011=VERTEX_POINT('',#19301);
#7012=VERTEX_POINT('',#19303);
#7013=VERTEX_POINT('',#19310);
#7014=VERTEX_POINT('',#19311);
#7015=VERTEX_POINT('',#19316);
#7016=VERTEX_POINT('',#19318);
#7017=VERTEX_POINT('',#19325);
#7018=VERTEX_POINT('',#19327);
#7019=VERTEX_POINT('',#19331);
#7020=VERTEX_POINT('',#19333);
#7021=VERTEX_POINT('',#19340);
#7022=VERTEX_POINT('',#19341);
#7023=VERTEX_POINT('',#19346);
#7024=VERTEX_POINT('',#19348);
#7025=VERTEX_POINT('',#19355);
#7026=VERTEX_POINT('',#19357);
#7027=VERTEX_POINT('',#19361);
#7028=VERTEX_POINT('',#19363);
#7029=VERTEX_POINT('',#19370);
#7030=VERTEX_POINT('',#19371);
#7031=VERTEX_POINT('',#19376);
#7032=VERTEX_POINT('',#19378);
#7033=VERTEX_POINT('',#19385);
#7034=VERTEX_POINT('',#19387);
#7035=VERTEX_POINT('',#19391);
#7036=VERTEX_POINT('',#19393);
#7037=VERTEX_POINT('',#19400);
#7038=VERTEX_POINT('',#19401);
#7039=VERTEX_POINT('',#19406);
#7040=VERTEX_POINT('',#19408);
#7041=VERTEX_POINT('',#19415);
#7042=VERTEX_POINT('',#19417);
#7043=VERTEX_POINT('',#19421);
#7044=VERTEX_POINT('',#19423);
#7045=VERTEX_POINT('',#19430);
#7046=VERTEX_POINT('',#19431);
#7047=VERTEX_POINT('',#19436);
#7048=VERTEX_POINT('',#19438);
#7049=VERTEX_POINT('',#19445);
#7050=VERTEX_POINT('',#19447);
#7051=VERTEX_POINT('',#19451);
#7052=VERTEX_POINT('',#19453);
#7053=VERTEX_POINT('',#19460);
#7054=VERTEX_POINT('',#19461);
#7055=VERTEX_POINT('',#19466);
#7056=VERTEX_POINT('',#19468);
#7057=VERTEX_POINT('',#19475);
#7058=VERTEX_POINT('',#19477);
#7059=VERTEX_POINT('',#19481);
#7060=VERTEX_POINT('',#19483);
#7061=VERTEX_POINT('',#19490);
#7062=VERTEX_POINT('',#19491);
#7063=VERTEX_POINT('',#19496);
#7064=VERTEX_POINT('',#19498);
#7065=VERTEX_POINT('',#19505);
#7066=VERTEX_POINT('',#19507);
#7067=VERTEX_POINT('',#19511);
#7068=VERTEX_POINT('',#19513);
#7069=VERTEX_POINT('',#19520);
#7070=VERTEX_POINT('',#19521);
#7071=VERTEX_POINT('',#19526);
#7072=VERTEX_POINT('',#19528);
#7073=VERTEX_POINT('',#19535);
#7074=VERTEX_POINT('',#19537);
#7075=VERTEX_POINT('',#19541);
#7076=VERTEX_POINT('',#19543);
#7077=VERTEX_POINT('',#19550);
#7078=VERTEX_POINT('',#19551);
#7079=VERTEX_POINT('',#19556);
#7080=VERTEX_POINT('',#19558);
#7081=VERTEX_POINT('',#19565);
#7082=VERTEX_POINT('',#19567);
#7083=VERTEX_POINT('',#19571);
#7084=VERTEX_POINT('',#19573);
#7085=VERTEX_POINT('',#19580);
#7086=VERTEX_POINT('',#19581);
#7087=VERTEX_POINT('',#19586);
#7088=VERTEX_POINT('',#19588);
#7089=VERTEX_POINT('',#19595);
#7090=VERTEX_POINT('',#19597);
#7091=VERTEX_POINT('',#19601);
#7092=VERTEX_POINT('',#19603);
#7093=VERTEX_POINT('',#19610);
#7094=VERTEX_POINT('',#19611);
#7095=VERTEX_POINT('',#19616);
#7096=VERTEX_POINT('',#19618);
#7097=VERTEX_POINT('',#19625);
#7098=VERTEX_POINT('',#19627);
#7099=VERTEX_POINT('',#19631);
#7100=VERTEX_POINT('',#19633);
#7101=VERTEX_POINT('',#19640);
#7102=VERTEX_POINT('',#19641);
#7103=VERTEX_POINT('',#19646);
#7104=VERTEX_POINT('',#19648);
#7105=VERTEX_POINT('',#19655);
#7106=VERTEX_POINT('',#19657);
#7107=VERTEX_POINT('',#19661);
#7108=VERTEX_POINT('',#19663);
#7109=VERTEX_POINT('',#19670);
#7110=VERTEX_POINT('',#19671);
#7111=VERTEX_POINT('',#19676);
#7112=VERTEX_POINT('',#19678);
#7113=VERTEX_POINT('',#19685);
#7114=VERTEX_POINT('',#19687);
#7115=VERTEX_POINT('',#19691);
#7116=VERTEX_POINT('',#19693);
#7117=VERTEX_POINT('',#19700);
#7118=VERTEX_POINT('',#19701);
#7119=VERTEX_POINT('',#19706);
#7120=VERTEX_POINT('',#19708);
#7121=VERTEX_POINT('',#19715);
#7122=VERTEX_POINT('',#19717);
#7123=VERTEX_POINT('',#19721);
#7124=VERTEX_POINT('',#19723);
#7125=VERTEX_POINT('',#19730);
#7126=VERTEX_POINT('',#19731);
#7127=VERTEX_POINT('',#19736);
#7128=VERTEX_POINT('',#19738);
#7129=VERTEX_POINT('',#19745);
#7130=VERTEX_POINT('',#19747);
#7131=VERTEX_POINT('',#19751);
#7132=VERTEX_POINT('',#19753);
#7133=VERTEX_POINT('',#19760);
#7134=VERTEX_POINT('',#19761);
#7135=VERTEX_POINT('',#19766);
#7136=VERTEX_POINT('',#19768);
#7137=VERTEX_POINT('',#19775);
#7138=VERTEX_POINT('',#19777);
#7139=VERTEX_POINT('',#19781);
#7140=VERTEX_POINT('',#19783);
#7141=VERTEX_POINT('',#19790);
#7142=VERTEX_POINT('',#19791);
#7143=VERTEX_POINT('',#19796);
#7144=VERTEX_POINT('',#19798);
#7145=VERTEX_POINT('',#19805);
#7146=VERTEX_POINT('',#19807);
#7147=VERTEX_POINT('',#19811);
#7148=VERTEX_POINT('',#19813);
#7149=VERTEX_POINT('',#19820);
#7150=VERTEX_POINT('',#19821);
#7151=VERTEX_POINT('',#19826);
#7152=VERTEX_POINT('',#19828);
#7153=VERTEX_POINT('',#19835);
#7154=VERTEX_POINT('',#19837);
#7155=VERTEX_POINT('',#19841);
#7156=VERTEX_POINT('',#19843);
#7157=VERTEX_POINT('',#19850);
#7158=VERTEX_POINT('',#19851);
#7159=VERTEX_POINT('',#19856);
#7160=VERTEX_POINT('',#19858);
#7161=VERTEX_POINT('',#19865);
#7162=VERTEX_POINT('',#19867);
#7163=VERTEX_POINT('',#19871);
#7164=VERTEX_POINT('',#19873);
#7165=VERTEX_POINT('',#19880);
#7166=VERTEX_POINT('',#19882);
#7167=VERTEX_POINT('',#19889);
#7168=VERTEX_POINT('',#19891);
#7169=VERTEX_POINT('',#19895);
#7170=VERTEX_POINT('',#19897);
#7171=VERTEX_POINT('',#19906);
#7172=VERTEX_POINT('',#19908);
#7173=VERTEX_POINT('',#19912);
#7174=VERTEX_POINT('',#19914);
#7175=VERTEX_POINT('',#19916);
#7176=VERTEX_POINT('',#19920);
#7177=VERTEX_POINT('',#19922);
#7178=VERTEX_POINT('',#19924);
#7179=LINE('',#16170,#8434);
#7180=LINE('',#16173,#8435);
#7181=LINE('',#16175,#8436);
#7182=LINE('',#16177,#8437);
#7183=LINE('',#16187,#8438);
#7184=LINE('',#16191,#8439);
#7185=LINE('',#16193,#8440);
#7186=LINE('',#16195,#8441);
#7187=LINE('',#16197,#8442);
#7188=LINE('',#16202,#8443);
#7189=LINE('',#16204,#8444);
#7190=LINE('',#16206,#8445);
#7191=LINE('',#16211,#8446);
#7192=LINE('',#16215,#8447);
#7193=LINE('',#16217,#8448);
#7194=LINE('',#16219,#8449);
#7195=LINE('',#16221,#8450);
#7196=LINE('',#16225,#8451);
#7197=LINE('',#16229,#8452);
#7198=LINE('',#16230,#8453);
#7199=LINE('',#16232,#8454);
#7200=LINE('',#16234,#8455);
#7201=LINE('',#16236,#8456);
#7202=LINE('',#16241,#8457);
#7203=LINE('',#16245,#8458);
#7204=LINE('',#16247,#8459);
#7205=LINE('',#16249,#8460);
#7206=LINE('',#16251,#8461);
#7207=LINE('',#16255,#8462);
#7208=LINE('',#16259,#8463);
#7209=LINE('',#16260,#8464);
#7210=LINE('',#16262,#8465);
#7211=LINE('',#16264,#8466);
#7212=LINE('',#16266,#8467);
#7213=LINE('',#16271,#8468);
#7214=LINE('',#16275,#8469);
#7215=LINE('',#16277,#8470);
#7216=LINE('',#16279,#8471);
#7217=LINE('',#16281,#8472);
#7218=LINE('',#16285,#8473);
#7219=LINE('',#16289,#8474);
#7220=LINE('',#16290,#8475);
#7221=LINE('',#16292,#8476);
#7222=LINE('',#16294,#8477);
#7223=LINE('',#16296,#8478);
#7224=LINE('',#16301,#8479);
#7225=LINE('',#16305,#8480);
#7226=LINE('',#16307,#8481);
#7227=LINE('',#16309,#8482);
#7228=LINE('',#16311,#8483);
#7229=LINE('',#16315,#8484);
#7230=LINE('',#16319,#8485);
#7231=LINE('',#16320,#8486);
#7232=LINE('',#16322,#8487);
#7233=LINE('',#16324,#8488);
#7234=LINE('',#16326,#8489);
#7235=LINE('',#16331,#8490);
#7236=LINE('',#16335,#8491);
#7237=LINE('',#16337,#8492);
#7238=LINE('',#16339,#8493);
#7239=LINE('',#16341,#8494);
#7240=LINE('',#16345,#8495);
#7241=LINE('',#16349,#8496);
#7242=LINE('',#16350,#8497);
#7243=LINE('',#16352,#8498);
#7244=LINE('',#16354,#8499);
#7245=LINE('',#16356,#8500);
#7246=LINE('',#16361,#8501);
#7247=LINE('',#16365,#8502);
#7248=LINE('',#16367,#8503);
#7249=LINE('',#16369,#8504);
#7250=LINE('',#16371,#8505);
#7251=LINE('',#16375,#8506);
#7252=LINE('',#16379,#8507);
#7253=LINE('',#16380,#8508);
#7254=LINE('',#16382,#8509);
#7255=LINE('',#16384,#8510);
#7256=LINE('',#16386,#8511);
#7257=LINE('',#16391,#8512);
#7258=LINE('',#16395,#8513);
#7259=LINE('',#16397,#8514);
#7260=LINE('',#16399,#8515);
#7261=LINE('',#16401,#8516);
#7262=LINE('',#16405,#8517);
#7263=LINE('',#16409,#8518);
#7264=LINE('',#16410,#8519);
#7265=LINE('',#16412,#8520);
#7266=LINE('',#16414,#8521);
#7267=LINE('',#16416,#8522);
#7268=LINE('',#16421,#8523);
#7269=LINE('',#16425,#8524);
#7270=LINE('',#16427,#8525);
#7271=LINE('',#16429,#8526);
#7272=LINE('',#16431,#8527);
#7273=LINE('',#16435,#8528);
#7274=LINE('',#16439,#8529);
#7275=LINE('',#16440,#8530);
#7276=LINE('',#16442,#8531);
#7277=LINE('',#16444,#8532);
#7278=LINE('',#16446,#8533);
#7279=LINE('',#16451,#8534);
#7280=LINE('',#16455,#8535);
#7281=LINE('',#16457,#8536);
#7282=LINE('',#16459,#8537);
#7283=LINE('',#16461,#8538);
#7284=LINE('',#16465,#8539);
#7285=LINE('',#16469,#8540);
#7286=LINE('',#16470,#8541);
#7287=LINE('',#16472,#8542);
#7288=LINE('',#16474,#8543);
#7289=LINE('',#16476,#8544);
#7290=LINE('',#16481,#8545);
#7291=LINE('',#16485,#8546);
#7292=LINE('',#16487,#8547);
#7293=LINE('',#16489,#8548);
#7294=LINE('',#16491,#8549);
#7295=LINE('',#16495,#8550);
#7296=LINE('',#16499,#8551);
#7297=LINE('',#16500,#8552);
#7298=LINE('',#16502,#8553);
#7299=LINE('',#16504,#8554);
#7300=LINE('',#16506,#8555);
#7301=LINE('',#16511,#8556);
#7302=LINE('',#16515,#8557);
#7303=LINE('',#16517,#8558);
#7304=LINE('',#16519,#8559);
#7305=LINE('',#16521,#8560);
#7306=LINE('',#16525,#8561);
#7307=LINE('',#16529,#8562);
#7308=LINE('',#16530,#8563);
#7309=LINE('',#16532,#8564);
#7310=LINE('',#16534,#8565);
#7311=LINE('',#16536,#8566);
#7312=LINE('',#16541,#8567);
#7313=LINE('',#16545,#8568);
#7314=LINE('',#16547,#8569);
#7315=LINE('',#16549,#8570);
#7316=LINE('',#16551,#8571);
#7317=LINE('',#16555,#8572);
#7318=LINE('',#16559,#8573);
#7319=LINE('',#16560,#8574);
#7320=LINE('',#16562,#8575);
#7321=LINE('',#16564,#8576);
#7322=LINE('',#16566,#8577);
#7323=LINE('',#16571,#8578);
#7324=LINE('',#16575,#8579);
#7325=LINE('',#16577,#8580);
#7326=LINE('',#16579,#8581);
#7327=LINE('',#16581,#8582);
#7328=LINE('',#16585,#8583);
#7329=LINE('',#16589,#8584);
#7330=LINE('',#16590,#8585);
#7331=LINE('',#16592,#8586);
#7332=LINE('',#16594,#8587);
#7333=LINE('',#16596,#8588);
#7334=LINE('',#16601,#8589);
#7335=LINE('',#16605,#8590);
#7336=LINE('',#16607,#8591);
#7337=LINE('',#16609,#8592);
#7338=LINE('',#16611,#8593);
#7339=LINE('',#16615,#8594);
#7340=LINE('',#16619,#8595);
#7341=LINE('',#16620,#8596);
#7342=LINE('',#16622,#8597);
#7343=LINE('',#16624,#8598);
#7344=LINE('',#16626,#8599);
#7345=LINE('',#16631,#8600);
#7346=LINE('',#16635,#8601);
#7347=LINE('',#16637,#8602);
#7348=LINE('',#16639,#8603);
#7349=LINE('',#16641,#8604);
#7350=LINE('',#16645,#8605);
#7351=LINE('',#16649,#8606);
#7352=LINE('',#16650,#8607);
#7353=LINE('',#16652,#8608);
#7354=LINE('',#16654,#8609);
#7355=LINE('',#16656,#8610);
#7356=LINE('',#16661,#8611);
#7357=LINE('',#16665,#8612);
#7358=LINE('',#16667,#8613);
#7359=LINE('',#16669,#8614);
#7360=LINE('',#16671,#8615);
#7361=LINE('',#16675,#8616);
#7362=LINE('',#16679,#8617);
#7363=LINE('',#16680,#8618);
#7364=LINE('',#16682,#8619);
#7365=LINE('',#16684,#8620);
#7366=LINE('',#16686,#8621);
#7367=LINE('',#16691,#8622);
#7368=LINE('',#16695,#8623);
#7369=LINE('',#16697,#8624);
#7370=LINE('',#16699,#8625);
#7371=LINE('',#16701,#8626);
#7372=LINE('',#16705,#8627);
#7373=LINE('',#16709,#8628);
#7374=LINE('',#16710,#8629);
#7375=LINE('',#16712,#8630);
#7376=LINE('',#16714,#8631);
#7377=LINE('',#16716,#8632);
#7378=LINE('',#16721,#8633);
#7379=LINE('',#16725,#8634);
#7380=LINE('',#16727,#8635);
#7381=LINE('',#16729,#8636);
#7382=LINE('',#16731,#8637);
#7383=LINE('',#16735,#8638);
#7384=LINE('',#16739,#8639);
#7385=LINE('',#16740,#8640);
#7386=LINE('',#16742,#8641);
#7387=LINE('',#16744,#8642);
#7388=LINE('',#16746,#8643);
#7389=LINE('',#16751,#8644);
#7390=LINE('',#16755,#8645);
#7391=LINE('',#16757,#8646);
#7392=LINE('',#16759,#8647);
#7393=LINE('',#16761,#8648);
#7394=LINE('',#16765,#8649);
#7395=LINE('',#16769,#8650);
#7396=LINE('',#16770,#8651);
#7397=LINE('',#16772,#8652);
#7398=LINE('',#16774,#8653);
#7399=LINE('',#16776,#8654);
#7400=LINE('',#16781,#8655);
#7401=LINE('',#16785,#8656);
#7402=LINE('',#16787,#8657);
#7403=LINE('',#16789,#8658);
#7404=LINE('',#16791,#8659);
#7405=LINE('',#16795,#8660);
#7406=LINE('',#16799,#8661);
#7407=LINE('',#16800,#8662);
#7408=LINE('',#16802,#8663);
#7409=LINE('',#16804,#8664);
#7410=LINE('',#16806,#8665);
#7411=LINE('',#16811,#8666);
#7412=LINE('',#16815,#8667);
#7413=LINE('',#16817,#8668);
#7414=LINE('',#16819,#8669);
#7415=LINE('',#16821,#8670);
#7416=LINE('',#16825,#8671);
#7417=LINE('',#16829,#8672);
#7418=LINE('',#16830,#8673);
#7419=LINE('',#16832,#8674);
#7420=LINE('',#16834,#8675);
#7421=LINE('',#16836,#8676);
#7422=LINE('',#16841,#8677);
#7423=LINE('',#16845,#8678);
#7424=LINE('',#16847,#8679);
#7425=LINE('',#16849,#8680);
#7426=LINE('',#16851,#8681);
#7427=LINE('',#16855,#8682);
#7428=LINE('',#16859,#8683);
#7429=LINE('',#16860,#8684);
#7430=LINE('',#16862,#8685);
#7431=LINE('',#16864,#8686);
#7432=LINE('',#16866,#8687);
#7433=LINE('',#16871,#8688);
#7434=LINE('',#16875,#8689);
#7435=LINE('',#16877,#8690);
#7436=LINE('',#16879,#8691);
#7437=LINE('',#16881,#8692);
#7438=LINE('',#16885,#8693);
#7439=LINE('',#16889,#8694);
#7440=LINE('',#16890,#8695);
#7441=LINE('',#16892,#8696);
#7442=LINE('',#16894,#8697);
#7443=LINE('',#16896,#8698);
#7444=LINE('',#16901,#8699);
#7445=LINE('',#16905,#8700);
#7446=LINE('',#16907,#8701);
#7447=LINE('',#16909,#8702);
#7448=LINE('',#16911,#8703);
#7449=LINE('',#16915,#8704);
#7450=LINE('',#16919,#8705);
#7451=LINE('',#16920,#8706);
#7452=LINE('',#16922,#8707);
#7453=LINE('',#16924,#8708);
#7454=LINE('',#16926,#8709);
#7455=LINE('',#16931,#8710);
#7456=LINE('',#16935,#8711);
#7457=LINE('',#16937,#8712);
#7458=LINE('',#16939,#8713);
#7459=LINE('',#16941,#8714);
#7460=LINE('',#16945,#8715);
#7461=LINE('',#16949,#8716);
#7462=LINE('',#16950,#8717);
#7463=LINE('',#16952,#8718);
#7464=LINE('',#16954,#8719);
#7465=LINE('',#16956,#8720);
#7466=LINE('',#16961,#8721);
#7467=LINE('',#16965,#8722);
#7468=LINE('',#16967,#8723);
#7469=LINE('',#16969,#8724);
#7470=LINE('',#16971,#8725);
#7471=LINE('',#16975,#8726);
#7472=LINE('',#16979,#8727);
#7473=LINE('',#16980,#8728);
#7474=LINE('',#16982,#8729);
#7475=LINE('',#16984,#8730);
#7476=LINE('',#16986,#8731);
#7477=LINE('',#16991,#8732);
#7478=LINE('',#16995,#8733);
#7479=LINE('',#16997,#8734);
#7480=LINE('',#16999,#8735);
#7481=LINE('',#17001,#8736);
#7482=LINE('',#17005,#8737);
#7483=LINE('',#17009,#8738);
#7484=LINE('',#17010,#8739);
#7485=LINE('',#17012,#8740);
#7486=LINE('',#17014,#8741);
#7487=LINE('',#17016,#8742);
#7488=LINE('',#17021,#8743);
#7489=LINE('',#17025,#8744);
#7490=LINE('',#17027,#8745);
#7491=LINE('',#17029,#8746);
#7492=LINE('',#17031,#8747);
#7493=LINE('',#17035,#8748);
#7494=LINE('',#17039,#8749);
#7495=LINE('',#17040,#8750);
#7496=LINE('',#17042,#8751);
#7497=LINE('',#17044,#8752);
#7498=LINE('',#17046,#8753);
#7499=LINE('',#17051,#8754);
#7500=LINE('',#17055,#8755);
#7501=LINE('',#17057,#8756);
#7502=LINE('',#17059,#8757);
#7503=LINE('',#17061,#8758);
#7504=LINE('',#17065,#8759);
#7505=LINE('',#17069,#8760);
#7506=LINE('',#17070,#8761);
#7507=LINE('',#17072,#8762);
#7508=LINE('',#17074,#8763);
#7509=LINE('',#17076,#8764);
#7510=LINE('',#17081,#8765);
#7511=LINE('',#17085,#8766);
#7512=LINE('',#17087,#8767);
#7513=LINE('',#17089,#8768);
#7514=LINE('',#17091,#8769);
#7515=LINE('',#17095,#8770);
#7516=LINE('',#17099,#8771);
#7517=LINE('',#17100,#8772);
#7518=LINE('',#17102,#8773);
#7519=LINE('',#17104,#8774);
#7520=LINE('',#17106,#8775);
#7521=LINE('',#17111,#8776);
#7522=LINE('',#17115,#8777);
#7523=LINE('',#17117,#8778);
#7524=LINE('',#17119,#8779);
#7525=LINE('',#17121,#8780);
#7526=LINE('',#17125,#8781);
#7527=LINE('',#17129,#8782);
#7528=LINE('',#17130,#8783);
#7529=LINE('',#17132,#8784);
#7530=LINE('',#17134,#8785);
#7531=LINE('',#17136,#8786);
#7532=LINE('',#17141,#8787);
#7533=LINE('',#17145,#8788);
#7534=LINE('',#17147,#8789);
#7535=LINE('',#17149,#8790);
#7536=LINE('',#17151,#8791);
#7537=LINE('',#17155,#8792);
#7538=LINE('',#17159,#8793);
#7539=LINE('',#17160,#8794);
#7540=LINE('',#17162,#8795);
#7541=LINE('',#17164,#8796);
#7542=LINE('',#17166,#8797);
#7543=LINE('',#17171,#8798);
#7544=LINE('',#17175,#8799);
#7545=LINE('',#17177,#8800);
#7546=LINE('',#17179,#8801);
#7547=LINE('',#17181,#8802);
#7548=LINE('',#17185,#8803);
#7549=LINE('',#17189,#8804);
#7550=LINE('',#17190,#8805);
#7551=LINE('',#17192,#8806);
#7552=LINE('',#17194,#8807);
#7553=LINE('',#17196,#8808);
#7554=LINE('',#17201,#8809);
#7555=LINE('',#17205,#8810);
#7556=LINE('',#17207,#8811);
#7557=LINE('',#17209,#8812);
#7558=LINE('',#17211,#8813);
#7559=LINE('',#17215,#8814);
#7560=LINE('',#17219,#8815);
#7561=LINE('',#17220,#8816);
#7562=LINE('',#17222,#8817);
#7563=LINE('',#17224,#8818);
#7564=LINE('',#17226,#8819);
#7565=LINE('',#17231,#8820);
#7566=LINE('',#17235,#8821);
#7567=LINE('',#17237,#8822);
#7568=LINE('',#17239,#8823);
#7569=LINE('',#17241,#8824);
#7570=LINE('',#17245,#8825);
#7571=LINE('',#17249,#8826);
#7572=LINE('',#17250,#8827);
#7573=LINE('',#17252,#8828);
#7574=LINE('',#17254,#8829);
#7575=LINE('',#17256,#8830);
#7576=LINE('',#17261,#8831);
#7577=LINE('',#17265,#8832);
#7578=LINE('',#17267,#8833);
#7579=LINE('',#17269,#8834);
#7580=LINE('',#17271,#8835);
#7581=LINE('',#17275,#8836);
#7582=LINE('',#17279,#8837);
#7583=LINE('',#17280,#8838);
#7584=LINE('',#17282,#8839);
#7585=LINE('',#17284,#8840);
#7586=LINE('',#17286,#8841);
#7587=LINE('',#17291,#8842);
#7588=LINE('',#17295,#8843);
#7589=LINE('',#17297,#8844);
#7590=LINE('',#17299,#8845);
#7591=LINE('',#17301,#8846);
#7592=LINE('',#17305,#8847);
#7593=LINE('',#17309,#8848);
#7594=LINE('',#17310,#8849);
#7595=LINE('',#17312,#8850);
#7596=LINE('',#17314,#8851);
#7597=LINE('',#17316,#8852);
#7598=LINE('',#17321,#8853);
#7599=LINE('',#17325,#8854);
#7600=LINE('',#17327,#8855);
#7601=LINE('',#17329,#8856);
#7602=LINE('',#17331,#8857);
#7603=LINE('',#17335,#8858);
#7604=LINE('',#17339,#8859);
#7605=LINE('',#17340,#8860);
#7606=LINE('',#17342,#8861);
#7607=LINE('',#17344,#8862);
#7608=LINE('',#17346,#8863);
#7609=LINE('',#17351,#8864);
#7610=LINE('',#17355,#8865);
#7611=LINE('',#17357,#8866);
#7612=LINE('',#17359,#8867);
#7613=LINE('',#17361,#8868);
#7614=LINE('',#17365,#8869);
#7615=LINE('',#17369,#8870);
#7616=LINE('',#17370,#8871);
#7617=LINE('',#17372,#8872);
#7618=LINE('',#17374,#8873);
#7619=LINE('',#17376,#8874);
#7620=LINE('',#17381,#8875);
#7621=LINE('',#17385,#8876);
#7622=LINE('',#17387,#8877);
#7623=LINE('',#17389,#8878);
#7624=LINE('',#17391,#8879);
#7625=LINE('',#17395,#8880);
#7626=LINE('',#17399,#8881);
#7627=LINE('',#17400,#8882);
#7628=LINE('',#17402,#8883);
#7629=LINE('',#17404,#8884);
#7630=LINE('',#17406,#8885);
#7631=LINE('',#17411,#8886);
#7632=LINE('',#17415,#8887);
#7633=LINE('',#17417,#8888);
#7634=LINE('',#17419,#8889);
#7635=LINE('',#17421,#8890);
#7636=LINE('',#17425,#8891);
#7637=LINE('',#17429,#8892);
#7638=LINE('',#17430,#8893);
#7639=LINE('',#17432,#8894);
#7640=LINE('',#17434,#8895);
#7641=LINE('',#17436,#8896);
#7642=LINE('',#17441,#8897);
#7643=LINE('',#17445,#8898);
#7644=LINE('',#17447,#8899);
#7645=LINE('',#17449,#8900);
#7646=LINE('',#17451,#8901);
#7647=LINE('',#17455,#8902);
#7648=LINE('',#17459,#8903);
#7649=LINE('',#17460,#8904);
#7650=LINE('',#17462,#8905);
#7651=LINE('',#17464,#8906);
#7652=LINE('',#17466,#8907);
#7653=LINE('',#17471,#8908);
#7654=LINE('',#17475,#8909);
#7655=LINE('',#17477,#8910);
#7656=LINE('',#17479,#8911);
#7657=LINE('',#17481,#8912);
#7658=LINE('',#17485,#8913);
#7659=LINE('',#17489,#8914);
#7660=LINE('',#17490,#8915);
#7661=LINE('',#17492,#8916);
#7662=LINE('',#17494,#8917);
#7663=LINE('',#17496,#8918);
#7664=LINE('',#17501,#8919);
#7665=LINE('',#17505,#8920);
#7666=LINE('',#17507,#8921);
#7667=LINE('',#17509,#8922);
#7668=LINE('',#17511,#8923);
#7669=LINE('',#17515,#8924);
#7670=LINE('',#17519,#8925);
#7671=LINE('',#17520,#8926);
#7672=LINE('',#17522,#8927);
#7673=LINE('',#17524,#8928);
#7674=LINE('',#17526,#8929);
#7675=LINE('',#17531,#8930);
#7676=LINE('',#17535,#8931);
#7677=LINE('',#17537,#8932);
#7678=LINE('',#17539,#8933);
#7679=LINE('',#17541,#8934);
#7680=LINE('',#17545,#8935);
#7681=LINE('',#17549,#8936);
#7682=LINE('',#17550,#8937);
#7683=LINE('',#17552,#8938);
#7684=LINE('',#17554,#8939);
#7685=LINE('',#17556,#8940);
#7686=LINE('',#17561,#8941);
#7687=LINE('',#17565,#8942);
#7688=LINE('',#17567,#8943);
#7689=LINE('',#17569,#8944);
#7690=LINE('',#17571,#8945);
#7691=LINE('',#17575,#8946);
#7692=LINE('',#17579,#8947);
#7693=LINE('',#17580,#8948);
#7694=LINE('',#17582,#8949);
#7695=LINE('',#17584,#8950);
#7696=LINE('',#17586,#8951);
#7697=LINE('',#17591,#8952);
#7698=LINE('',#17595,#8953);
#7699=LINE('',#17597,#8954);
#7700=LINE('',#17599,#8955);
#7701=LINE('',#17601,#8956);
#7702=LINE('',#17605,#8957);
#7703=LINE('',#17609,#8958);
#7704=LINE('',#17610,#8959);
#7705=LINE('',#17612,#8960);
#7706=LINE('',#17614,#8961);
#7707=LINE('',#17616,#8962);
#7708=LINE('',#17621,#8963);
#7709=LINE('',#17625,#8964);
#7710=LINE('',#17627,#8965);
#7711=LINE('',#17629,#8966);
#7712=LINE('',#17631,#8967);
#7713=LINE('',#17635,#8968);
#7714=LINE('',#17639,#8969);
#7715=LINE('',#17640,#8970);
#7716=LINE('',#17642,#8971);
#7717=LINE('',#17644,#8972);
#7718=LINE('',#17646,#8973);
#7719=LINE('',#17651,#8974);
#7720=LINE('',#17655,#8975);
#7721=LINE('',#17657,#8976);
#7722=LINE('',#17659,#8977);
#7723=LINE('',#17661,#8978);
#7724=LINE('',#17665,#8979);
#7725=LINE('',#17669,#8980);
#7726=LINE('',#17670,#8981);
#7727=LINE('',#17672,#8982);
#7728=LINE('',#17674,#8983);
#7729=LINE('',#17676,#8984);
#7730=LINE('',#17681,#8985);
#7731=LINE('',#17685,#8986);
#7732=LINE('',#17687,#8987);
#7733=LINE('',#17689,#8988);
#7734=LINE('',#17691,#8989);
#7735=LINE('',#17695,#8990);
#7736=LINE('',#17699,#8991);
#7737=LINE('',#17700,#8992);
#7738=LINE('',#17702,#8993);
#7739=LINE('',#17704,#8994);
#7740=LINE('',#17706,#8995);
#7741=LINE('',#17711,#8996);
#7742=LINE('',#17715,#8997);
#7743=LINE('',#17717,#8998);
#7744=LINE('',#17719,#8999);
#7745=LINE('',#17721,#9000);
#7746=LINE('',#17725,#9001);
#7747=LINE('',#17729,#9002);
#7748=LINE('',#17730,#9003);
#7749=LINE('',#17732,#9004);
#7750=LINE('',#17734,#9005);
#7751=LINE('',#17736,#9006);
#7752=LINE('',#17741,#9007);
#7753=LINE('',#17745,#9008);
#7754=LINE('',#17747,#9009);
#7755=LINE('',#17749,#9010);
#7756=LINE('',#17751,#9011);
#7757=LINE('',#17755,#9012);
#7758=LINE('',#17759,#9013);
#7759=LINE('',#17760,#9014);
#7760=LINE('',#17762,#9015);
#7761=LINE('',#17764,#9016);
#7762=LINE('',#17766,#9017);
#7763=LINE('',#17771,#9018);
#7764=LINE('',#17775,#9019);
#7765=LINE('',#17777,#9020);
#7766=LINE('',#17779,#9021);
#7767=LINE('',#17781,#9022);
#7768=LINE('',#17785,#9023);
#7769=LINE('',#17789,#9024);
#7770=LINE('',#17790,#9025);
#7771=LINE('',#17792,#9026);
#7772=LINE('',#17794,#9027);
#7773=LINE('',#17796,#9028);
#7774=LINE('',#17801,#9029);
#7775=LINE('',#17805,#9030);
#7776=LINE('',#17807,#9031);
#7777=LINE('',#17809,#9032);
#7778=LINE('',#17811,#9033);
#7779=LINE('',#17815,#9034);
#7780=LINE('',#17819,#9035);
#7781=LINE('',#17820,#9036);
#7782=LINE('',#17822,#9037);
#7783=LINE('',#17824,#9038);
#7784=LINE('',#17826,#9039);
#7785=LINE('',#17831,#9040);
#7786=LINE('',#17835,#9041);
#7787=LINE('',#17837,#9042);
#7788=LINE('',#17839,#9043);
#7789=LINE('',#17841,#9044);
#7790=LINE('',#17845,#9045);
#7791=LINE('',#17849,#9046);
#7792=LINE('',#17850,#9047);
#7793=LINE('',#17852,#9048);
#7794=LINE('',#17854,#9049);
#7795=LINE('',#17856,#9050);
#7796=LINE('',#17861,#9051);
#7797=LINE('',#17865,#9052);
#7798=LINE('',#17867,#9053);
#7799=LINE('',#17869,#9054);
#7800=LINE('',#17871,#9055);
#7801=LINE('',#17875,#9056);
#7802=LINE('',#17879,#9057);
#7803=LINE('',#17880,#9058);
#7804=LINE('',#17882,#9059);
#7805=LINE('',#17884,#9060);
#7806=LINE('',#17886,#9061);
#7807=LINE('',#17891,#9062);
#7808=LINE('',#17895,#9063);
#7809=LINE('',#17897,#9064);
#7810=LINE('',#17899,#9065);
#7811=LINE('',#17901,#9066);
#7812=LINE('',#17905,#9067);
#7813=LINE('',#17909,#9068);
#7814=LINE('',#17910,#9069);
#7815=LINE('',#17912,#9070);
#7816=LINE('',#17914,#9071);
#7817=LINE('',#17916,#9072);
#7818=LINE('',#17921,#9073);
#7819=LINE('',#17925,#9074);
#7820=LINE('',#17927,#9075);
#7821=LINE('',#17929,#9076);
#7822=LINE('',#17931,#9077);
#7823=LINE('',#17935,#9078);
#7824=LINE('',#17939,#9079);
#7825=LINE('',#17940,#9080);
#7826=LINE('',#17942,#9081);
#7827=LINE('',#17944,#9082);
#7828=LINE('',#17946,#9083);
#7829=LINE('',#17951,#9084);
#7830=LINE('',#17955,#9085);
#7831=LINE('',#17957,#9086);
#7832=LINE('',#17959,#9087);
#7833=LINE('',#17961,#9088);
#7834=LINE('',#17965,#9089);
#7835=LINE('',#17969,#9090);
#7836=LINE('',#17970,#9091);
#7837=LINE('',#17972,#9092);
#7838=LINE('',#17974,#9093);
#7839=LINE('',#17976,#9094);
#7840=LINE('',#17981,#9095);
#7841=LINE('',#17985,#9096);
#7842=LINE('',#17987,#9097);
#7843=LINE('',#17989,#9098);
#7844=LINE('',#17991,#9099);
#7845=LINE('',#17995,#9100);
#7846=LINE('',#17999,#9101);
#7847=LINE('',#18000,#9102);
#7848=LINE('',#18002,#9103);
#7849=LINE('',#18004,#9104);
#7850=LINE('',#18006,#9105);
#7851=LINE('',#18011,#9106);
#7852=LINE('',#18015,#9107);
#7853=LINE('',#18017,#9108);
#7854=LINE('',#18019,#9109);
#7855=LINE('',#18021,#9110);
#7856=LINE('',#18025,#9111);
#7857=LINE('',#18029,#9112);
#7858=LINE('',#18030,#9113);
#7859=LINE('',#18032,#9114);
#7860=LINE('',#18034,#9115);
#7861=LINE('',#18036,#9116);
#7862=LINE('',#18041,#9117);
#7863=LINE('',#18045,#9118);
#7864=LINE('',#18047,#9119);
#7865=LINE('',#18049,#9120);
#7866=LINE('',#18051,#9121);
#7867=LINE('',#18055,#9122);
#7868=LINE('',#18059,#9123);
#7869=LINE('',#18060,#9124);
#7870=LINE('',#18062,#9125);
#7871=LINE('',#18064,#9126);
#7872=LINE('',#18066,#9127);
#7873=LINE('',#18071,#9128);
#7874=LINE('',#18075,#9129);
#7875=LINE('',#18077,#9130);
#7876=LINE('',#18079,#9131);
#7877=LINE('',#18081,#9132);
#7878=LINE('',#18085,#9133);
#7879=LINE('',#18089,#9134);
#7880=LINE('',#18090,#9135);
#7881=LINE('',#18092,#9136);
#7882=LINE('',#18094,#9137);
#7883=LINE('',#18096,#9138);
#7884=LINE('',#18101,#9139);
#7885=LINE('',#18105,#9140);
#7886=LINE('',#18107,#9141);
#7887=LINE('',#18109,#9142);
#7888=LINE('',#18111,#9143);
#7889=LINE('',#18115,#9144);
#7890=LINE('',#18119,#9145);
#7891=LINE('',#18120,#9146);
#7892=LINE('',#18122,#9147);
#7893=LINE('',#18124,#9148);
#7894=LINE('',#18126,#9149);
#7895=LINE('',#18131,#9150);
#7896=LINE('',#18135,#9151);
#7897=LINE('',#18137,#9152);
#7898=LINE('',#18139,#9153);
#7899=LINE('',#18141,#9154);
#7900=LINE('',#18145,#9155);
#7901=LINE('',#18149,#9156);
#7902=LINE('',#18150,#9157);
#7903=LINE('',#18152,#9158);
#7904=LINE('',#18154,#9159);
#7905=LINE('',#18156,#9160);
#7906=LINE('',#18161,#9161);
#7907=LINE('',#18165,#9162);
#7908=LINE('',#18167,#9163);
#7909=LINE('',#18169,#9164);
#7910=LINE('',#18171,#9165);
#7911=LINE('',#18175,#9166);
#7912=LINE('',#18179,#9167);
#7913=LINE('',#18180,#9168);
#7914=LINE('',#18182,#9169);
#7915=LINE('',#18184,#9170);
#7916=LINE('',#18186,#9171);
#7917=LINE('',#18191,#9172);
#7918=LINE('',#18195,#9173);
#7919=LINE('',#18197,#9174);
#7920=LINE('',#18199,#9175);
#7921=LINE('',#18201,#9176);
#7922=LINE('',#18205,#9177);
#7923=LINE('',#18209,#9178);
#7924=LINE('',#18210,#9179);
#7925=LINE('',#18212,#9180);
#7926=LINE('',#18214,#9181);
#7927=LINE('',#18216,#9182);
#7928=LINE('',#18221,#9183);
#7929=LINE('',#18225,#9184);
#7930=LINE('',#18227,#9185);
#7931=LINE('',#18229,#9186);
#7932=LINE('',#18231,#9187);
#7933=LINE('',#18235,#9188);
#7934=LINE('',#18239,#9189);
#7935=LINE('',#18240,#9190);
#7936=LINE('',#18242,#9191);
#7937=LINE('',#18244,#9192);
#7938=LINE('',#18246,#9193);
#7939=LINE('',#18251,#9194);
#7940=LINE('',#18255,#9195);
#7941=LINE('',#18257,#9196);
#7942=LINE('',#18259,#9197);
#7943=LINE('',#18261,#9198);
#7944=LINE('',#18265,#9199);
#7945=LINE('',#18269,#9200);
#7946=LINE('',#18270,#9201);
#7947=LINE('',#18272,#9202);
#7948=LINE('',#18274,#9203);
#7949=LINE('',#18276,#9204);
#7950=LINE('',#18281,#9205);
#7951=LINE('',#18285,#9206);
#7952=LINE('',#18287,#9207);
#7953=LINE('',#18289,#9208);
#7954=LINE('',#18291,#9209);
#7955=LINE('',#18295,#9210);
#7956=LINE('',#18299,#9211);
#7957=LINE('',#18300,#9212);
#7958=LINE('',#18302,#9213);
#7959=LINE('',#18304,#9214);
#7960=LINE('',#18306,#9215);
#7961=LINE('',#18311,#9216);
#7962=LINE('',#18315,#9217);
#7963=LINE('',#18317,#9218);
#7964=LINE('',#18319,#9219);
#7965=LINE('',#18321,#9220);
#7966=LINE('',#18325,#9221);
#7967=LINE('',#18329,#9222);
#7968=LINE('',#18330,#9223);
#7969=LINE('',#18332,#9224);
#7970=LINE('',#18334,#9225);
#7971=LINE('',#18336,#9226);
#7972=LINE('',#18341,#9227);
#7973=LINE('',#18345,#9228);
#7974=LINE('',#18347,#9229);
#7975=LINE('',#18349,#9230);
#7976=LINE('',#18351,#9231);
#7977=LINE('',#18355,#9232);
#7978=LINE('',#18359,#9233);
#7979=LINE('',#18360,#9234);
#7980=LINE('',#18362,#9235);
#7981=LINE('',#18364,#9236);
#7982=LINE('',#18366,#9237);
#7983=LINE('',#18371,#9238);
#7984=LINE('',#18375,#9239);
#7985=LINE('',#18377,#9240);
#7986=LINE('',#18379,#9241);
#7987=LINE('',#18381,#9242);
#7988=LINE('',#18385,#9243);
#7989=LINE('',#18389,#9244);
#7990=LINE('',#18390,#9245);
#7991=LINE('',#18392,#9246);
#7992=LINE('',#18394,#9247);
#7993=LINE('',#18396,#9248);
#7994=LINE('',#18401,#9249);
#7995=LINE('',#18405,#9250);
#7996=LINE('',#18407,#9251);
#7997=LINE('',#18409,#9252);
#7998=LINE('',#18411,#9253);
#7999=LINE('',#18415,#9254);
#8000=LINE('',#18419,#9255);
#8001=LINE('',#18420,#9256);
#8002=LINE('',#18422,#9257);
#8003=LINE('',#18424,#9258);
#8004=LINE('',#18426,#9259);
#8005=LINE('',#18431,#9260);
#8006=LINE('',#18435,#9261);
#8007=LINE('',#18437,#9262);
#8008=LINE('',#18439,#9263);
#8009=LINE('',#18441,#9264);
#8010=LINE('',#18445,#9265);
#8011=LINE('',#18449,#9266);
#8012=LINE('',#18450,#9267);
#8013=LINE('',#18452,#9268);
#8014=LINE('',#18454,#9269);
#8015=LINE('',#18456,#9270);
#8016=LINE('',#18461,#9271);
#8017=LINE('',#18465,#9272);
#8018=LINE('',#18467,#9273);
#8019=LINE('',#18469,#9274);
#8020=LINE('',#18471,#9275);
#8021=LINE('',#18475,#9276);
#8022=LINE('',#18479,#9277);
#8023=LINE('',#18480,#9278);
#8024=LINE('',#18482,#9279);
#8025=LINE('',#18484,#9280);
#8026=LINE('',#18486,#9281);
#8027=LINE('',#18491,#9282);
#8028=LINE('',#18495,#9283);
#8029=LINE('',#18497,#9284);
#8030=LINE('',#18499,#9285);
#8031=LINE('',#18501,#9286);
#8032=LINE('',#18505,#9287);
#8033=LINE('',#18509,#9288);
#8034=LINE('',#18510,#9289);
#8035=LINE('',#18512,#9290);
#8036=LINE('',#18514,#9291);
#8037=LINE('',#18516,#9292);
#8038=LINE('',#18521,#9293);
#8039=LINE('',#18525,#9294);
#8040=LINE('',#18527,#9295);
#8041=LINE('',#18529,#9296);
#8042=LINE('',#18531,#9297);
#8043=LINE('',#18535,#9298);
#8044=LINE('',#18539,#9299);
#8045=LINE('',#18540,#9300);
#8046=LINE('',#18542,#9301);
#8047=LINE('',#18544,#9302);
#8048=LINE('',#18546,#9303);
#8049=LINE('',#18551,#9304);
#8050=LINE('',#18555,#9305);
#8051=LINE('',#18557,#9306);
#8052=LINE('',#18559,#9307);
#8053=LINE('',#18561,#9308);
#8054=LINE('',#18565,#9309);
#8055=LINE('',#18569,#9310);
#8056=LINE('',#18570,#9311);
#8057=LINE('',#18572,#9312);
#8058=LINE('',#18574,#9313);
#8059=LINE('',#18576,#9314);
#8060=LINE('',#18581,#9315);
#8061=LINE('',#18585,#9316);
#8062=LINE('',#18587,#9317);
#8063=LINE('',#18589,#9318);
#8064=LINE('',#18591,#9319);
#8065=LINE('',#18595,#9320);
#8066=LINE('',#18599,#9321);
#8067=LINE('',#18600,#9322);
#8068=LINE('',#18602,#9323);
#8069=LINE('',#18604,#9324);
#8070=LINE('',#18606,#9325);
#8071=LINE('',#18611,#9326);
#8072=LINE('',#18615,#9327);
#8073=LINE('',#18617,#9328);
#8074=LINE('',#18619,#9329);
#8075=LINE('',#18621,#9330);
#8076=LINE('',#18625,#9331);
#8077=LINE('',#18629,#9332);
#8078=LINE('',#18630,#9333);
#8079=LINE('',#18632,#9334);
#8080=LINE('',#18634,#9335);
#8081=LINE('',#18636,#9336);
#8082=LINE('',#18641,#9337);
#8083=LINE('',#18645,#9338);
#8084=LINE('',#18647,#9339);
#8085=LINE('',#18649,#9340);
#8086=LINE('',#18651,#9341);
#8087=LINE('',#18655,#9342);
#8088=LINE('',#18659,#9343);
#8089=LINE('',#18660,#9344);
#8090=LINE('',#18662,#9345);
#8091=LINE('',#18664,#9346);
#8092=LINE('',#18666,#9347);
#8093=LINE('',#18671,#9348);
#8094=LINE('',#18675,#9349);
#8095=LINE('',#18677,#9350);
#8096=LINE('',#18679,#9351);
#8097=LINE('',#18681,#9352);
#8098=LINE('',#18685,#9353);
#8099=LINE('',#18689,#9354);
#8100=LINE('',#18690,#9355);
#8101=LINE('',#18692,#9356);
#8102=LINE('',#18694,#9357);
#8103=LINE('',#18696,#9358);
#8104=LINE('',#18724,#9359);
#8105=LINE('',#18726,#9360);
#8106=LINE('',#18728,#9361);
#8107=LINE('',#18730,#9362);
#8108=LINE('',#18732,#9363);
#8109=LINE('',#18734,#9364);
#8110=LINE('',#18736,#9365);
#8111=LINE('',#18737,#9366);
#8112=LINE('',#18754,#9367);
#8113=LINE('',#18756,#9368);
#8114=LINE('',#18758,#9369);
#8115=LINE('',#18760,#9370);
#8116=LINE('',#18762,#9371);
#8117=LINE('',#18764,#9372);
#8118=LINE('',#18766,#9373);
#8119=LINE('',#18767,#9374);
#8120=LINE('',#18784,#9375);
#8121=LINE('',#18786,#9376);
#8122=LINE('',#18788,#9377);
#8123=LINE('',#18790,#9378);
#8124=LINE('',#18792,#9379);
#8125=LINE('',#18794,#9380);
#8126=LINE('',#18796,#9381);
#8127=LINE('',#18797,#9382);
#8128=LINE('',#18814,#9383);
#8129=LINE('',#18816,#9384);
#8130=LINE('',#18818,#9385);
#8131=LINE('',#18820,#9386);
#8132=LINE('',#18822,#9387);
#8133=LINE('',#18824,#9388);
#8134=LINE('',#18826,#9389);
#8135=LINE('',#18827,#9390);
#8136=LINE('',#18844,#9391);
#8137=LINE('',#18846,#9392);
#8138=LINE('',#18848,#9393);
#8139=LINE('',#18850,#9394);
#8140=LINE('',#18852,#9395);
#8141=LINE('',#18854,#9396);
#8142=LINE('',#18856,#9397);
#8143=LINE('',#18857,#9398);
#8144=LINE('',#18874,#9399);
#8145=LINE('',#18876,#9400);
#8146=LINE('',#18878,#9401);
#8147=LINE('',#18880,#9402);
#8148=LINE('',#18882,#9403);
#8149=LINE('',#18884,#9404);
#8150=LINE('',#18886,#9405);
#8151=LINE('',#18887,#9406);
#8152=LINE('',#18904,#9407);
#8153=LINE('',#18906,#9408);
#8154=LINE('',#18908,#9409);
#8155=LINE('',#18910,#9410);
#8156=LINE('',#18912,#9411);
#8157=LINE('',#18914,#9412);
#8158=LINE('',#18916,#9413);
#8159=LINE('',#18917,#9414);
#8160=LINE('',#18934,#9415);
#8161=LINE('',#18936,#9416);
#8162=LINE('',#18938,#9417);
#8163=LINE('',#18940,#9418);
#8164=LINE('',#18942,#9419);
#8165=LINE('',#18944,#9420);
#8166=LINE('',#18946,#9421);
#8167=LINE('',#18947,#9422);
#8168=LINE('',#18964,#9423);
#8169=LINE('',#18966,#9424);
#8170=LINE('',#18968,#9425);
#8171=LINE('',#18970,#9426);
#8172=LINE('',#18972,#9427);
#8173=LINE('',#18974,#9428);
#8174=LINE('',#18976,#9429);
#8175=LINE('',#18977,#9430);
#8176=LINE('',#18994,#9431);
#8177=LINE('',#18996,#9432);
#8178=LINE('',#18998,#9433);
#8179=LINE('',#19000,#9434);
#8180=LINE('',#19002,#9435);
#8181=LINE('',#19004,#9436);
#8182=LINE('',#19006,#9437);
#8183=LINE('',#19007,#9438);
#8184=LINE('',#19024,#9439);
#8185=LINE('',#19026,#9440);
#8186=LINE('',#19028,#9441);
#8187=LINE('',#19030,#9442);
#8188=LINE('',#19032,#9443);
#8189=LINE('',#19034,#9444);
#8190=LINE('',#19036,#9445);
#8191=LINE('',#19037,#9446);
#8192=LINE('',#19054,#9447);
#8193=LINE('',#19056,#9448);
#8194=LINE('',#19058,#9449);
#8195=LINE('',#19060,#9450);
#8196=LINE('',#19062,#9451);
#8197=LINE('',#19064,#9452);
#8198=LINE('',#19066,#9453);
#8199=LINE('',#19067,#9454);
#8200=LINE('',#19084,#9455);
#8201=LINE('',#19086,#9456);
#8202=LINE('',#19088,#9457);
#8203=LINE('',#19090,#9458);
#8204=LINE('',#19092,#9459);
#8205=LINE('',#19094,#9460);
#8206=LINE('',#19096,#9461);
#8207=LINE('',#19097,#9462);
#8208=LINE('',#19114,#9463);
#8209=LINE('',#19116,#9464);
#8210=LINE('',#19118,#9465);
#8211=LINE('',#19120,#9466);
#8212=LINE('',#19122,#9467);
#8213=LINE('',#19124,#9468);
#8214=LINE('',#19126,#9469);
#8215=LINE('',#19127,#9470);
#8216=LINE('',#19144,#9471);
#8217=LINE('',#19146,#9472);
#8218=LINE('',#19148,#9473);
#8219=LINE('',#19150,#9474);
#8220=LINE('',#19152,#9475);
#8221=LINE('',#19154,#9476);
#8222=LINE('',#19156,#9477);
#8223=LINE('',#19157,#9478);
#8224=LINE('',#19174,#9479);
#8225=LINE('',#19176,#9480);
#8226=LINE('',#19178,#9481);
#8227=LINE('',#19180,#9482);
#8228=LINE('',#19182,#9483);
#8229=LINE('',#19184,#9484);
#8230=LINE('',#19186,#9485);
#8231=LINE('',#19187,#9486);
#8232=LINE('',#19204,#9487);
#8233=LINE('',#19206,#9488);
#8234=LINE('',#19208,#9489);
#8235=LINE('',#19210,#9490);
#8236=LINE('',#19212,#9491);
#8237=LINE('',#19214,#9492);
#8238=LINE('',#19216,#9493);
#8239=LINE('',#19217,#9494);
#8240=LINE('',#19234,#9495);
#8241=LINE('',#19236,#9496);
#8242=LINE('',#19238,#9497);
#8243=LINE('',#19240,#9498);
#8244=LINE('',#19242,#9499);
#8245=LINE('',#19244,#9500);
#8246=LINE('',#19246,#9501);
#8247=LINE('',#19247,#9502);
#8248=LINE('',#19264,#9503);
#8249=LINE('',#19266,#9504);
#8250=LINE('',#19268,#9505);
#8251=LINE('',#19270,#9506);
#8252=LINE('',#19272,#9507);
#8253=LINE('',#19274,#9508);
#8254=LINE('',#19276,#9509);
#8255=LINE('',#19277,#9510);
#8256=LINE('',#19294,#9511);
#8257=LINE('',#19296,#9512);
#8258=LINE('',#19298,#9513);
#8259=LINE('',#19300,#9514);
#8260=LINE('',#19302,#9515);
#8261=LINE('',#19304,#9516);
#8262=LINE('',#19306,#9517);
#8263=LINE('',#19307,#9518);
#8264=LINE('',#19324,#9519);
#8265=LINE('',#19326,#9520);
#8266=LINE('',#19328,#9521);
#8267=LINE('',#19330,#9522);
#8268=LINE('',#19332,#9523);
#8269=LINE('',#19334,#9524);
#8270=LINE('',#19336,#9525);
#8271=LINE('',#19337,#9526);
#8272=LINE('',#19354,#9527);
#8273=LINE('',#19356,#9528);
#8274=LINE('',#19358,#9529);
#8275=LINE('',#19360,#9530);
#8276=LINE('',#19362,#9531);
#8277=LINE('',#19364,#9532);
#8278=LINE('',#19366,#9533);
#8279=LINE('',#19367,#9534);
#8280=LINE('',#19384,#9535);
#8281=LINE('',#19386,#9536);
#8282=LINE('',#19388,#9537);
#8283=LINE('',#19390,#9538);
#8284=LINE('',#19392,#9539);
#8285=LINE('',#19394,#9540);
#8286=LINE('',#19396,#9541);
#8287=LINE('',#19397,#9542);
#8288=LINE('',#19414,#9543);
#8289=LINE('',#19416,#9544);
#8290=LINE('',#19418,#9545);
#8291=LINE('',#19420,#9546);
#8292=LINE('',#19422,#9547);
#8293=LINE('',#19424,#9548);
#8294=LINE('',#19426,#9549);
#8295=LINE('',#19427,#9550);
#8296=LINE('',#19444,#9551);
#8297=LINE('',#19446,#9552);
#8298=LINE('',#19448,#9553);
#8299=LINE('',#19450,#9554);
#8300=LINE('',#19452,#9555);
#8301=LINE('',#19454,#9556);
#8302=LINE('',#19456,#9557);
#8303=LINE('',#19457,#9558);
#8304=LINE('',#19474,#9559);
#8305=LINE('',#19476,#9560);
#8306=LINE('',#19478,#9561);
#8307=LINE('',#19480,#9562);
#8308=LINE('',#19482,#9563);
#8309=LINE('',#19484,#9564);
#8310=LINE('',#19486,#9565);
#8311=LINE('',#19487,#9566);
#8312=LINE('',#19504,#9567);
#8313=LINE('',#19506,#9568);
#8314=LINE('',#19508,#9569);
#8315=LINE('',#19510,#9570);
#8316=LINE('',#19512,#9571);
#8317=LINE('',#19514,#9572);
#8318=LINE('',#19516,#9573);
#8319=LINE('',#19517,#9574);
#8320=LINE('',#19534,#9575);
#8321=LINE('',#19536,#9576);
#8322=LINE('',#19538,#9577);
#8323=LINE('',#19540,#9578);
#8324=LINE('',#19542,#9579);
#8325=LINE('',#19544,#9580);
#8326=LINE('',#19546,#9581);
#8327=LINE('',#19547,#9582);
#8328=LINE('',#19564,#9583);
#8329=LINE('',#19566,#9584);
#8330=LINE('',#19568,#9585);
#8331=LINE('',#19570,#9586);
#8332=LINE('',#19572,#9587);
#8333=LINE('',#19574,#9588);
#8334=LINE('',#19576,#9589);
#8335=LINE('',#19577,#9590);
#8336=LINE('',#19594,#9591);
#8337=LINE('',#19596,#9592);
#8338=LINE('',#19598,#9593);
#8339=LINE('',#19600,#9594);
#8340=LINE('',#19602,#9595);
#8341=LINE('',#19604,#9596);
#8342=LINE('',#19606,#9597);
#8343=LINE('',#19607,#9598);
#8344=LINE('',#19624,#9599);
#8345=LINE('',#19626,#9600);
#8346=LINE('',#19628,#9601);
#8347=LINE('',#19630,#9602);
#8348=LINE('',#19632,#9603);
#8349=LINE('',#19634,#9604);
#8350=LINE('',#19636,#9605);
#8351=LINE('',#19637,#9606);
#8352=LINE('',#19654,#9607);
#8353=LINE('',#19656,#9608);
#8354=LINE('',#19658,#9609);
#8355=LINE('',#19660,#9610);
#8356=LINE('',#19662,#9611);
#8357=LINE('',#19664,#9612);
#8358=LINE('',#19666,#9613);
#8359=LINE('',#19667,#9614);
#8360=LINE('',#19684,#9615);
#8361=LINE('',#19686,#9616);
#8362=LINE('',#19688,#9617);
#8363=LINE('',#19690,#9618);
#8364=LINE('',#19692,#9619);
#8365=LINE('',#19694,#9620);
#8366=LINE('',#19696,#9621);
#8367=LINE('',#19697,#9622);
#8368=LINE('',#19714,#9623);
#8369=LINE('',#19716,#9624);
#8370=LINE('',#19718,#9625);
#8371=LINE('',#19720,#9626);
#8372=LINE('',#19722,#9627);
#8373=LINE('',#19724,#9628);
#8374=LINE('',#19726,#9629);
#8375=LINE('',#19727,#9630);
#8376=LINE('',#19744,#9631);
#8377=LINE('',#19746,#9632);
#8378=LINE('',#19748,#9633);
#8379=LINE('',#19750,#9634);
#8380=LINE('',#19752,#9635);
#8381=LINE('',#19754,#9636);
#8382=LINE('',#19756,#9637);
#8383=LINE('',#19757,#9638);
#8384=LINE('',#19774,#9639);
#8385=LINE('',#19776,#9640);
#8386=LINE('',#19778,#9641);
#8387=LINE('',#19780,#9642);
#8388=LINE('',#19782,#9643);
#8389=LINE('',#19784,#9644);
#8390=LINE('',#19786,#9645);
#8391=LINE('',#19787,#9646);
#8392=LINE('',#19804,#9647);
#8393=LINE('',#19806,#9648);
#8394=LINE('',#19808,#9649);
#8395=LINE('',#19810,#9650);
#8396=LINE('',#19812,#9651);
#8397=LINE('',#19814,#9652);
#8398=LINE('',#19816,#9653);
#8399=LINE('',#19817,#9654);
#8400=LINE('',#19834,#9655);
#8401=LINE('',#19836,#9656);
#8402=LINE('',#19838,#9657);
#8403=LINE('',#19840,#9658);
#8404=LINE('',#19842,#9659);
#8405=LINE('',#19844,#9660);
#8406=LINE('',#19846,#9661);
#8407=LINE('',#19847,#9662);
#8408=LINE('',#19864,#9663);
#8409=LINE('',#19866,#9664);
#8410=LINE('',#19868,#9665);
#8411=LINE('',#19870,#9666);
#8412=LINE('',#19872,#9667);
#8413=LINE('',#19874,#9668);
#8414=LINE('',#19876,#9669);
#8415=LINE('',#19877,#9670);
#8416=LINE('',#19888,#9671);
#8417=LINE('',#19890,#9672);
#8418=LINE('',#19892,#9673);
#8419=LINE('',#19894,#9674);
#8420=LINE('',#19896,#9675);
#8421=LINE('',#19898,#9676);
#8422=LINE('',#19900,#9677);
#8423=LINE('',#19902,#9678);
#8424=LINE('',#19905,#9679);
#8425=LINE('',#19907,#9680);
#8426=LINE('',#19909,#9681);
#8427=LINE('',#19913,#9682);
#8428=LINE('',#19917,#9683);
#8429=LINE('',#19919,#9684);
#8430=LINE('',#19923,#9685);
#8431=LINE('',#19927,#9686);
#8432=LINE('',#19929,#9687);
#8433=LINE('',#19931,#9688);
#8434=VECTOR('',#12885,1.);
#8435=VECTOR('',#12886,1.);
#8436=VECTOR('',#12887,1.);
#8437=VECTOR('',#12888,1.);
#8438=VECTOR('',#12899,1.);
#8439=VECTOR('',#12902,1.);
#8440=VECTOR('',#12905,1.);
#8441=VECTOR('',#12906,1.);
#8442=VECTOR('',#12907,1.);
#8443=VECTOR('',#12916,1.);
#8444=VECTOR('',#12917,1.);
#8445=VECTOR('',#12918,1.);
#8446=VECTOR('',#12923,1.);
#8447=VECTOR('',#12926,1.);
#8448=VECTOR('',#12929,1.);
#8449=VECTOR('',#12930,1.);
#8450=VECTOR('',#12931,1.);
#8451=VECTOR('',#12936,1.);
#8452=VECTOR('',#12941,1.);
#8453=VECTOR('',#12942,1.);
#8454=VECTOR('',#12945,1.);
#8455=VECTOR('',#12946,1.);
#8456=VECTOR('',#12947,1.);
#8457=VECTOR('',#12952,1.);
#8458=VECTOR('',#12955,1.);
#8459=VECTOR('',#12958,1.);
#8460=VECTOR('',#12959,1.);
#8461=VECTOR('',#12960,1.);
#8462=VECTOR('',#12965,1.);
#8463=VECTOR('',#12970,1.);
#8464=VECTOR('',#12971,1.);
#8465=VECTOR('',#12974,1.);
#8466=VECTOR('',#12975,1.);
#8467=VECTOR('',#12976,1.);
#8468=VECTOR('',#12981,1.);
#8469=VECTOR('',#12984,1.);
#8470=VECTOR('',#12987,1.);
#8471=VECTOR('',#12988,1.);
#8472=VECTOR('',#12989,1.);
#8473=VECTOR('',#12994,1.);
#8474=VECTOR('',#12999,1.);
#8475=VECTOR('',#13000,1.);
#8476=VECTOR('',#13003,1.);
#8477=VECTOR('',#13004,1.);
#8478=VECTOR('',#13005,1.);
#8479=VECTOR('',#13010,1.);
#8480=VECTOR('',#13013,1.);
#8481=VECTOR('',#13016,1.);
#8482=VECTOR('',#13017,1.);
#8483=VECTOR('',#13018,1.);
#8484=VECTOR('',#13023,1.);
#8485=VECTOR('',#13028,1.);
#8486=VECTOR('',#13029,1.);
#8487=VECTOR('',#13032,1.);
#8488=VECTOR('',#13033,1.);
#8489=VECTOR('',#13034,1.);
#8490=VECTOR('',#13039,1.);
#8491=VECTOR('',#13042,1.);
#8492=VECTOR('',#13045,1.);
#8493=VECTOR('',#13046,1.);
#8494=VECTOR('',#13047,1.);
#8495=VECTOR('',#13052,1.);
#8496=VECTOR('',#13057,1.);
#8497=VECTOR('',#13058,1.);
#8498=VECTOR('',#13061,1.);
#8499=VECTOR('',#13062,1.);
#8500=VECTOR('',#13063,1.);
#8501=VECTOR('',#13068,1.);
#8502=VECTOR('',#13071,1.);
#8503=VECTOR('',#13074,1.);
#8504=VECTOR('',#13075,1.);
#8505=VECTOR('',#13076,1.);
#8506=VECTOR('',#13081,1.);
#8507=VECTOR('',#13086,1.);
#8508=VECTOR('',#13087,1.);
#8509=VECTOR('',#13090,1.);
#8510=VECTOR('',#13091,1.);
#8511=VECTOR('',#13092,1.);
#8512=VECTOR('',#13097,1.);
#8513=VECTOR('',#13100,1.);
#8514=VECTOR('',#13103,1.);
#8515=VECTOR('',#13104,1.);
#8516=VECTOR('',#13105,1.);
#8517=VECTOR('',#13110,1.);
#8518=VECTOR('',#13115,1.);
#8519=VECTOR('',#13116,1.);
#8520=VECTOR('',#13119,1.);
#8521=VECTOR('',#13120,1.);
#8522=VECTOR('',#13121,1.);
#8523=VECTOR('',#13126,1.);
#8524=VECTOR('',#13129,1.);
#8525=VECTOR('',#13132,1.);
#8526=VECTOR('',#13133,1.);
#8527=VECTOR('',#13134,1.);
#8528=VECTOR('',#13139,1.);
#8529=VECTOR('',#13144,1.);
#8530=VECTOR('',#13145,1.);
#8531=VECTOR('',#13148,1.);
#8532=VECTOR('',#13149,1.);
#8533=VECTOR('',#13150,1.);
#8534=VECTOR('',#13155,1.);
#8535=VECTOR('',#13158,1.);
#8536=VECTOR('',#13161,1.);
#8537=VECTOR('',#13162,1.);
#8538=VECTOR('',#13163,1.);
#8539=VECTOR('',#13168,1.);
#8540=VECTOR('',#13173,1.);
#8541=VECTOR('',#13174,1.);
#8542=VECTOR('',#13177,1.);
#8543=VECTOR('',#13178,1.);
#8544=VECTOR('',#13179,1.);
#8545=VECTOR('',#13184,1.);
#8546=VECTOR('',#13187,1.);
#8547=VECTOR('',#13190,1.);
#8548=VECTOR('',#13191,1.);
#8549=VECTOR('',#13192,1.);
#8550=VECTOR('',#13197,1.);
#8551=VECTOR('',#13202,1.);
#8552=VECTOR('',#13203,1.);
#8553=VECTOR('',#13206,1.);
#8554=VECTOR('',#13207,1.);
#8555=VECTOR('',#13208,1.);
#8556=VECTOR('',#13213,1.);
#8557=VECTOR('',#13216,1.);
#8558=VECTOR('',#13219,1.);
#8559=VECTOR('',#13220,1.);
#8560=VECTOR('',#13221,1.);
#8561=VECTOR('',#13226,1.);
#8562=VECTOR('',#13231,1.);
#8563=VECTOR('',#13232,1.);
#8564=VECTOR('',#13235,1.);
#8565=VECTOR('',#13236,1.);
#8566=VECTOR('',#13237,1.);
#8567=VECTOR('',#13242,1.);
#8568=VECTOR('',#13245,1.);
#8569=VECTOR('',#13248,1.);
#8570=VECTOR('',#13249,1.);
#8571=VECTOR('',#13250,1.);
#8572=VECTOR('',#13255,1.);
#8573=VECTOR('',#13260,1.);
#8574=VECTOR('',#13261,1.);
#8575=VECTOR('',#13264,1.);
#8576=VECTOR('',#13265,1.);
#8577=VECTOR('',#13266,1.);
#8578=VECTOR('',#13271,1.);
#8579=VECTOR('',#13274,1.);
#8580=VECTOR('',#13277,1.);
#8581=VECTOR('',#13278,1.);
#8582=VECTOR('',#13279,1.);
#8583=VECTOR('',#13284,1.);
#8584=VECTOR('',#13289,1.);
#8585=VECTOR('',#13290,1.);
#8586=VECTOR('',#13293,1.);
#8587=VECTOR('',#13294,1.);
#8588=VECTOR('',#13295,1.);
#8589=VECTOR('',#13300,1.);
#8590=VECTOR('',#13303,1.);
#8591=VECTOR('',#13306,1.);
#8592=VECTOR('',#13307,1.);
#8593=VECTOR('',#13308,1.);
#8594=VECTOR('',#13313,1.);
#8595=VECTOR('',#13318,1.);
#8596=VECTOR('',#13319,1.);
#8597=VECTOR('',#13322,1.);
#8598=VECTOR('',#13323,1.);
#8599=VECTOR('',#13324,1.);
#8600=VECTOR('',#13329,1.);
#8601=VECTOR('',#13332,1.);
#8602=VECTOR('',#13335,1.);
#8603=VECTOR('',#13336,1.);
#8604=VECTOR('',#13337,1.);
#8605=VECTOR('',#13342,1.);
#8606=VECTOR('',#13347,1.);
#8607=VECTOR('',#13348,1.);
#8608=VECTOR('',#13351,1.);
#8609=VECTOR('',#13352,1.);
#8610=VECTOR('',#13353,1.);
#8611=VECTOR('',#13358,1.);
#8612=VECTOR('',#13361,1.);
#8613=VECTOR('',#13364,1.);
#8614=VECTOR('',#13365,1.);
#8615=VECTOR('',#13366,1.);
#8616=VECTOR('',#13371,1.);
#8617=VECTOR('',#13376,1.);
#8618=VECTOR('',#13377,1.);
#8619=VECTOR('',#13380,1.);
#8620=VECTOR('',#13381,1.);
#8621=VECTOR('',#13382,1.);
#8622=VECTOR('',#13387,1.);
#8623=VECTOR('',#13390,1.);
#8624=VECTOR('',#13393,1.);
#8625=VECTOR('',#13394,1.);
#8626=VECTOR('',#13395,1.);
#8627=VECTOR('',#13400,1.);
#8628=VECTOR('',#13405,1.);
#8629=VECTOR('',#13406,1.);
#8630=VECTOR('',#13409,1.);
#8631=VECTOR('',#13410,1.);
#8632=VECTOR('',#13411,1.);
#8633=VECTOR('',#13416,1.);
#8634=VECTOR('',#13419,1.);
#8635=VECTOR('',#13422,1.);
#8636=VECTOR('',#13423,1.);
#8637=VECTOR('',#13424,1.);
#8638=VECTOR('',#13429,1.);
#8639=VECTOR('',#13434,1.);
#8640=VECTOR('',#13435,1.);
#8641=VECTOR('',#13438,1.);
#8642=VECTOR('',#13439,1.);
#8643=VECTOR('',#13440,1.);
#8644=VECTOR('',#13445,1.);
#8645=VECTOR('',#13448,1.);
#8646=VECTOR('',#13451,1.);
#8647=VECTOR('',#13452,1.);
#8648=VECTOR('',#13453,1.);
#8649=VECTOR('',#13458,1.);
#8650=VECTOR('',#13463,1.);
#8651=VECTOR('',#13464,1.);
#8652=VECTOR('',#13467,1.);
#8653=VECTOR('',#13468,1.);
#8654=VECTOR('',#13469,1.);
#8655=VECTOR('',#13474,1.);
#8656=VECTOR('',#13477,1.);
#8657=VECTOR('',#13480,1.);
#8658=VECTOR('',#13481,1.);
#8659=VECTOR('',#13482,1.);
#8660=VECTOR('',#13487,1.);
#8661=VECTOR('',#13492,1.);
#8662=VECTOR('',#13493,1.);
#8663=VECTOR('',#13496,1.);
#8664=VECTOR('',#13497,1.);
#8665=VECTOR('',#13498,1.);
#8666=VECTOR('',#13503,1.);
#8667=VECTOR('',#13506,1.);
#8668=VECTOR('',#13509,1.);
#8669=VECTOR('',#13510,1.);
#8670=VECTOR('',#13511,1.);
#8671=VECTOR('',#13516,1.);
#8672=VECTOR('',#13521,1.);
#8673=VECTOR('',#13522,1.);
#8674=VECTOR('',#13525,1.);
#8675=VECTOR('',#13526,1.);
#8676=VECTOR('',#13527,1.);
#8677=VECTOR('',#13532,1.);
#8678=VECTOR('',#13535,1.);
#8679=VECTOR('',#13538,1.);
#8680=VECTOR('',#13539,1.);
#8681=VECTOR('',#13540,1.);
#8682=VECTOR('',#13545,1.);
#8683=VECTOR('',#13550,1.);
#8684=VECTOR('',#13551,1.);
#8685=VECTOR('',#13554,1.);
#8686=VECTOR('',#13555,1.);
#8687=VECTOR('',#13556,1.);
#8688=VECTOR('',#13561,1.);
#8689=VECTOR('',#13564,1.);
#8690=VECTOR('',#13567,1.);
#8691=VECTOR('',#13568,1.);
#8692=VECTOR('',#13569,1.);
#8693=VECTOR('',#13574,1.);
#8694=VECTOR('',#13579,1.);
#8695=VECTOR('',#13580,1.);
#8696=VECTOR('',#13583,1.);
#8697=VECTOR('',#13584,1.);
#8698=VECTOR('',#13585,1.);
#8699=VECTOR('',#13590,1.);
#8700=VECTOR('',#13593,1.);
#8701=VECTOR('',#13596,1.);
#8702=VECTOR('',#13597,1.);
#8703=VECTOR('',#13598,1.);
#8704=VECTOR('',#13603,1.);
#8705=VECTOR('',#13608,1.);
#8706=VECTOR('',#13609,1.);
#8707=VECTOR('',#13612,1.);
#8708=VECTOR('',#13613,1.);
#8709=VECTOR('',#13614,1.);
#8710=VECTOR('',#13619,1.);
#8711=VECTOR('',#13622,1.);
#8712=VECTOR('',#13625,1.);
#8713=VECTOR('',#13626,1.);
#8714=VECTOR('',#13627,1.);
#8715=VECTOR('',#13632,1.);
#8716=VECTOR('',#13637,1.);
#8717=VECTOR('',#13638,1.);
#8718=VECTOR('',#13641,1.);
#8719=VECTOR('',#13642,1.);
#8720=VECTOR('',#13643,1.);
#8721=VECTOR('',#13648,1.);
#8722=VECTOR('',#13651,1.);
#8723=VECTOR('',#13654,1.);
#8724=VECTOR('',#13655,1.);
#8725=VECTOR('',#13656,1.);
#8726=VECTOR('',#13661,1.);
#8727=VECTOR('',#13666,1.);
#8728=VECTOR('',#13667,1.);
#8729=VECTOR('',#13670,1.);
#8730=VECTOR('',#13671,1.);
#8731=VECTOR('',#13672,1.);
#8732=VECTOR('',#13677,1.);
#8733=VECTOR('',#13680,1.);
#8734=VECTOR('',#13683,1.);
#8735=VECTOR('',#13684,1.);
#8736=VECTOR('',#13685,1.);
#8737=VECTOR('',#13690,1.);
#8738=VECTOR('',#13695,1.);
#8739=VECTOR('',#13696,1.);
#8740=VECTOR('',#13699,1.);
#8741=VECTOR('',#13700,1.);
#8742=VECTOR('',#13701,1.);
#8743=VECTOR('',#13706,1.);
#8744=VECTOR('',#13709,1.);
#8745=VECTOR('',#13712,1.);
#8746=VECTOR('',#13713,1.);
#8747=VECTOR('',#13714,1.);
#8748=VECTOR('',#13719,1.);
#8749=VECTOR('',#13724,1.);
#8750=VECTOR('',#13725,1.);
#8751=VECTOR('',#13728,1.);
#8752=VECTOR('',#13729,1.);
#8753=VECTOR('',#13730,1.);
#8754=VECTOR('',#13735,1.);
#8755=VECTOR('',#13738,1.);
#8756=VECTOR('',#13741,1.);
#8757=VECTOR('',#13742,1.);
#8758=VECTOR('',#13743,1.);
#8759=VECTOR('',#13748,1.);
#8760=VECTOR('',#13753,1.);
#8761=VECTOR('',#13754,1.);
#8762=VECTOR('',#13757,1.);
#8763=VECTOR('',#13758,1.);
#8764=VECTOR('',#13759,1.);
#8765=VECTOR('',#13764,1.);
#8766=VECTOR('',#13767,1.);
#8767=VECTOR('',#13770,1.);
#8768=VECTOR('',#13771,1.);
#8769=VECTOR('',#13772,1.);
#8770=VECTOR('',#13777,1.);
#8771=VECTOR('',#13782,1.);
#8772=VECTOR('',#13783,1.);
#8773=VECTOR('',#13786,1.);
#8774=VECTOR('',#13787,1.);
#8775=VECTOR('',#13788,1.);
#8776=VECTOR('',#13793,1.);
#8777=VECTOR('',#13796,1.);
#8778=VECTOR('',#13799,1.);
#8779=VECTOR('',#13800,1.);
#8780=VECTOR('',#13801,1.);
#8781=VECTOR('',#13806,1.);
#8782=VECTOR('',#13811,1.);
#8783=VECTOR('',#13812,1.);
#8784=VECTOR('',#13815,1.);
#8785=VECTOR('',#13816,1.);
#8786=VECTOR('',#13817,1.);
#8787=VECTOR('',#13822,1.);
#8788=VECTOR('',#13825,1.);
#8789=VECTOR('',#13828,1.);
#8790=VECTOR('',#13829,1.);
#8791=VECTOR('',#13830,1.);
#8792=VECTOR('',#13835,1.);
#8793=VECTOR('',#13840,1.);
#8794=VECTOR('',#13841,1.);
#8795=VECTOR('',#13844,1.);
#8796=VECTOR('',#13845,1.);
#8797=VECTOR('',#13846,1.);
#8798=VECTOR('',#13851,1.);
#8799=VECTOR('',#13854,1.);
#8800=VECTOR('',#13857,1.);
#8801=VECTOR('',#13858,1.);
#8802=VECTOR('',#13859,1.);
#8803=VECTOR('',#13864,1.);
#8804=VECTOR('',#13869,1.);
#8805=VECTOR('',#13870,1.);
#8806=VECTOR('',#13873,1.);
#8807=VECTOR('',#13874,1.);
#8808=VECTOR('',#13875,1.);
#8809=VECTOR('',#13880,1.);
#8810=VECTOR('',#13883,1.);
#8811=VECTOR('',#13886,1.);
#8812=VECTOR('',#13887,1.);
#8813=VECTOR('',#13888,1.);
#8814=VECTOR('',#13893,1.);
#8815=VECTOR('',#13898,1.);
#8816=VECTOR('',#13899,1.);
#8817=VECTOR('',#13902,1.);
#8818=VECTOR('',#13903,1.);
#8819=VECTOR('',#13904,1.);
#8820=VECTOR('',#13909,1.);
#8821=VECTOR('',#13912,1.);
#8822=VECTOR('',#13915,1.);
#8823=VECTOR('',#13916,1.);
#8824=VECTOR('',#13917,1.);
#8825=VECTOR('',#13922,1.);
#8826=VECTOR('',#13927,1.);
#8827=VECTOR('',#13928,1.);
#8828=VECTOR('',#13931,1.);
#8829=VECTOR('',#13932,1.);
#8830=VECTOR('',#13933,1.);
#8831=VECTOR('',#13938,1.);
#8832=VECTOR('',#13941,1.);
#8833=VECTOR('',#13944,1.);
#8834=VECTOR('',#13945,1.);
#8835=VECTOR('',#13946,1.);
#8836=VECTOR('',#13951,1.);
#8837=VECTOR('',#13956,1.);
#8838=VECTOR('',#13957,1.);
#8839=VECTOR('',#13960,1.);
#8840=VECTOR('',#13961,1.);
#8841=VECTOR('',#13962,1.);
#8842=VECTOR('',#13967,1.);
#8843=VECTOR('',#13970,1.);
#8844=VECTOR('',#13973,1.);
#8845=VECTOR('',#13974,1.);
#8846=VECTOR('',#13975,1.);
#8847=VECTOR('',#13980,1.);
#8848=VECTOR('',#13985,1.);
#8849=VECTOR('',#13986,1.);
#8850=VECTOR('',#13989,1.);
#8851=VECTOR('',#13990,1.);
#8852=VECTOR('',#13991,1.);
#8853=VECTOR('',#13996,1.);
#8854=VECTOR('',#13999,1.);
#8855=VECTOR('',#14002,1.);
#8856=VECTOR('',#14003,1.);
#8857=VECTOR('',#14004,1.);
#8858=VECTOR('',#14009,1.);
#8859=VECTOR('',#14014,1.);
#8860=VECTOR('',#14015,1.);
#8861=VECTOR('',#14018,1.);
#8862=VECTOR('',#14019,1.);
#8863=VECTOR('',#14020,1.);
#8864=VECTOR('',#14025,1.);
#8865=VECTOR('',#14028,1.);
#8866=VECTOR('',#14031,1.);
#8867=VECTOR('',#14032,1.);
#8868=VECTOR('',#14033,1.);
#8869=VECTOR('',#14038,1.);
#8870=VECTOR('',#14043,1.);
#8871=VECTOR('',#14044,1.);
#8872=VECTOR('',#14047,1.);
#8873=VECTOR('',#14048,1.);
#8874=VECTOR('',#14049,1.);
#8875=VECTOR('',#14054,1.);
#8876=VECTOR('',#14057,1.);
#8877=VECTOR('',#14060,1.);
#8878=VECTOR('',#14061,1.);
#8879=VECTOR('',#14062,1.);
#8880=VECTOR('',#14067,1.);
#8881=VECTOR('',#14072,1.);
#8882=VECTOR('',#14073,1.);
#8883=VECTOR('',#14076,1.);
#8884=VECTOR('',#14077,1.);
#8885=VECTOR('',#14078,1.);
#8886=VECTOR('',#14083,1.);
#8887=VECTOR('',#14086,1.);
#8888=VECTOR('',#14089,1.);
#8889=VECTOR('',#14090,1.);
#8890=VECTOR('',#14091,1.);
#8891=VECTOR('',#14096,1.);
#8892=VECTOR('',#14101,1.);
#8893=VECTOR('',#14102,1.);
#8894=VECTOR('',#14105,1.);
#8895=VECTOR('',#14106,1.);
#8896=VECTOR('',#14107,1.);
#8897=VECTOR('',#14112,1.);
#8898=VECTOR('',#14115,1.);
#8899=VECTOR('',#14118,1.);
#8900=VECTOR('',#14119,1.);
#8901=VECTOR('',#14120,1.);
#8902=VECTOR('',#14125,1.);
#8903=VECTOR('',#14130,1.);
#8904=VECTOR('',#14131,1.);
#8905=VECTOR('',#14134,1.);
#8906=VECTOR('',#14135,1.);
#8907=VECTOR('',#14136,1.);
#8908=VECTOR('',#14141,1.);
#8909=VECTOR('',#14144,1.);
#8910=VECTOR('',#14147,1.);
#8911=VECTOR('',#14148,1.);
#8912=VECTOR('',#14149,1.);
#8913=VECTOR('',#14154,1.);
#8914=VECTOR('',#14159,1.);
#8915=VECTOR('',#14160,1.);
#8916=VECTOR('',#14163,1.);
#8917=VECTOR('',#14164,1.);
#8918=VECTOR('',#14165,1.);
#8919=VECTOR('',#14170,1.);
#8920=VECTOR('',#14173,1.);
#8921=VECTOR('',#14176,1.);
#8922=VECTOR('',#14177,1.);
#8923=VECTOR('',#14178,1.);
#8924=VECTOR('',#14183,1.);
#8925=VECTOR('',#14188,1.);
#8926=VECTOR('',#14189,1.);
#8927=VECTOR('',#14192,1.);
#8928=VECTOR('',#14193,1.);
#8929=VECTOR('',#14194,1.);
#8930=VECTOR('',#14199,1.);
#8931=VECTOR('',#14202,1.);
#8932=VECTOR('',#14205,1.);
#8933=VECTOR('',#14206,1.);
#8934=VECTOR('',#14207,1.);
#8935=VECTOR('',#14212,1.);
#8936=VECTOR('',#14217,1.);
#8937=VECTOR('',#14218,1.);
#8938=VECTOR('',#14221,1.);
#8939=VECTOR('',#14222,1.);
#8940=VECTOR('',#14223,1.);
#8941=VECTOR('',#14228,1.);
#8942=VECTOR('',#14231,1.);
#8943=VECTOR('',#14234,1.);
#8944=VECTOR('',#14235,1.);
#8945=VECTOR('',#14236,1.);
#8946=VECTOR('',#14241,1.);
#8947=VECTOR('',#14246,1.);
#8948=VECTOR('',#14247,1.);
#8949=VECTOR('',#14250,1.);
#8950=VECTOR('',#14251,1.);
#8951=VECTOR('',#14252,1.);
#8952=VECTOR('',#14257,1.);
#8953=VECTOR('',#14260,1.);
#8954=VECTOR('',#14263,1.);
#8955=VECTOR('',#14264,1.);
#8956=VECTOR('',#14265,1.);
#8957=VECTOR('',#14270,1.);
#8958=VECTOR('',#14275,1.);
#8959=VECTOR('',#14276,1.);
#8960=VECTOR('',#14279,1.);
#8961=VECTOR('',#14280,1.);
#8962=VECTOR('',#14281,1.);
#8963=VECTOR('',#14286,1.);
#8964=VECTOR('',#14289,1.);
#8965=VECTOR('',#14292,1.);
#8966=VECTOR('',#14293,1.);
#8967=VECTOR('',#14294,1.);
#8968=VECTOR('',#14299,1.);
#8969=VECTOR('',#14304,1.);
#8970=VECTOR('',#14305,1.);
#8971=VECTOR('',#14308,1.);
#8972=VECTOR('',#14309,1.);
#8973=VECTOR('',#14310,1.);
#8974=VECTOR('',#14315,1.);
#8975=VECTOR('',#14318,1.);
#8976=VECTOR('',#14321,1.);
#8977=VECTOR('',#14322,1.);
#8978=VECTOR('',#14323,1.);
#8979=VECTOR('',#14328,1.);
#8980=VECTOR('',#14333,1.);
#8981=VECTOR('',#14334,1.);
#8982=VECTOR('',#14337,1.);
#8983=VECTOR('',#14338,1.);
#8984=VECTOR('',#14339,1.);
#8985=VECTOR('',#14344,1.);
#8986=VECTOR('',#14347,1.);
#8987=VECTOR('',#14350,1.);
#8988=VECTOR('',#14351,1.);
#8989=VECTOR('',#14352,1.);
#8990=VECTOR('',#14357,1.);
#8991=VECTOR('',#14362,1.);
#8992=VECTOR('',#14363,1.);
#8993=VECTOR('',#14366,1.);
#8994=VECTOR('',#14367,1.);
#8995=VECTOR('',#14368,1.);
#8996=VECTOR('',#14373,1.);
#8997=VECTOR('',#14376,1.);
#8998=VECTOR('',#14379,1.);
#8999=VECTOR('',#14380,1.);
#9000=VECTOR('',#14381,1.);
#9001=VECTOR('',#14386,1.);
#9002=VECTOR('',#14391,1.);
#9003=VECTOR('',#14392,1.);
#9004=VECTOR('',#14395,1.);
#9005=VECTOR('',#14396,1.);
#9006=VECTOR('',#14397,1.);
#9007=VECTOR('',#14402,1.);
#9008=VECTOR('',#14405,1.);
#9009=VECTOR('',#14408,1.);
#9010=VECTOR('',#14409,1.);
#9011=VECTOR('',#14410,1.);
#9012=VECTOR('',#14415,1.);
#9013=VECTOR('',#14420,1.);
#9014=VECTOR('',#14421,1.);
#9015=VECTOR('',#14424,1.);
#9016=VECTOR('',#14425,1.);
#9017=VECTOR('',#14426,1.);
#9018=VECTOR('',#14431,1.);
#9019=VECTOR('',#14434,1.);
#9020=VECTOR('',#14437,1.);
#9021=VECTOR('',#14438,1.);
#9022=VECTOR('',#14439,1.);
#9023=VECTOR('',#14444,1.);
#9024=VECTOR('',#14449,1.);
#9025=VECTOR('',#14450,1.);
#9026=VECTOR('',#14453,1.);
#9027=VECTOR('',#14454,1.);
#9028=VECTOR('',#14455,1.);
#9029=VECTOR('',#14460,1.);
#9030=VECTOR('',#14463,1.);
#9031=VECTOR('',#14466,1.);
#9032=VECTOR('',#14467,1.);
#9033=VECTOR('',#14468,1.);
#9034=VECTOR('',#14473,1.);
#9035=VECTOR('',#14478,1.);
#9036=VECTOR('',#14479,1.);
#9037=VECTOR('',#14482,1.);
#9038=VECTOR('',#14483,1.);
#9039=VECTOR('',#14484,1.);
#9040=VECTOR('',#14489,1.);
#9041=VECTOR('',#14492,1.);
#9042=VECTOR('',#14495,1.);
#9043=VECTOR('',#14496,1.);
#9044=VECTOR('',#14497,1.);
#9045=VECTOR('',#14502,1.);
#9046=VECTOR('',#14507,1.);
#9047=VECTOR('',#14508,1.);
#9048=VECTOR('',#14511,1.);
#9049=VECTOR('',#14512,1.);
#9050=VECTOR('',#14513,1.);
#9051=VECTOR('',#14518,1.);
#9052=VECTOR('',#14521,1.);
#9053=VECTOR('',#14524,1.);
#9054=VECTOR('',#14525,1.);
#9055=VECTOR('',#14526,1.);
#9056=VECTOR('',#14531,1.);
#9057=VECTOR('',#14536,1.);
#9058=VECTOR('',#14537,1.);
#9059=VECTOR('',#14540,1.);
#9060=VECTOR('',#14541,1.);
#9061=VECTOR('',#14542,1.);
#9062=VECTOR('',#14547,1.);
#9063=VECTOR('',#14550,1.);
#9064=VECTOR('',#14553,1.);
#9065=VECTOR('',#14554,1.);
#9066=VECTOR('',#14555,1.);
#9067=VECTOR('',#14560,1.);
#9068=VECTOR('',#14565,1.);
#9069=VECTOR('',#14566,1.);
#9070=VECTOR('',#14569,1.);
#9071=VECTOR('',#14570,1.);
#9072=VECTOR('',#14571,1.);
#9073=VECTOR('',#14576,1.);
#9074=VECTOR('',#14579,1.);
#9075=VECTOR('',#14582,1.);
#9076=VECTOR('',#14583,1.);
#9077=VECTOR('',#14584,1.);
#9078=VECTOR('',#14589,1.);
#9079=VECTOR('',#14594,1.);
#9080=VECTOR('',#14595,1.);
#9081=VECTOR('',#14598,1.);
#9082=VECTOR('',#14599,1.);
#9083=VECTOR('',#14600,1.);
#9084=VECTOR('',#14605,1.);
#9085=VECTOR('',#14608,1.);
#9086=VECTOR('',#14611,1.);
#9087=VECTOR('',#14612,1.);
#9088=VECTOR('',#14613,1.);
#9089=VECTOR('',#14618,1.);
#9090=VECTOR('',#14623,1.);
#9091=VECTOR('',#14624,1.);
#9092=VECTOR('',#14627,1.);
#9093=VECTOR('',#14628,1.);
#9094=VECTOR('',#14629,1.);
#9095=VECTOR('',#14634,1.);
#9096=VECTOR('',#14637,1.);
#9097=VECTOR('',#14640,1.);
#9098=VECTOR('',#14641,1.);
#9099=VECTOR('',#14642,1.);
#9100=VECTOR('',#14647,1.);
#9101=VECTOR('',#14652,1.);
#9102=VECTOR('',#14653,1.);
#9103=VECTOR('',#14656,1.);
#9104=VECTOR('',#14657,1.);
#9105=VECTOR('',#14658,1.);
#9106=VECTOR('',#14663,1.);
#9107=VECTOR('',#14666,1.);
#9108=VECTOR('',#14669,1.);
#9109=VECTOR('',#14670,1.);
#9110=VECTOR('',#14671,1.);
#9111=VECTOR('',#14676,1.);
#9112=VECTOR('',#14681,1.);
#9113=VECTOR('',#14682,1.);
#9114=VECTOR('',#14685,1.);
#9115=VECTOR('',#14686,1.);
#9116=VECTOR('',#14687,1.);
#9117=VECTOR('',#14692,1.);
#9118=VECTOR('',#14695,1.);
#9119=VECTOR('',#14698,1.);
#9120=VECTOR('',#14699,1.);
#9121=VECTOR('',#14700,1.);
#9122=VECTOR('',#14705,1.);
#9123=VECTOR('',#14710,1.);
#9124=VECTOR('',#14711,1.);
#9125=VECTOR('',#14714,1.);
#9126=VECTOR('',#14715,1.);
#9127=VECTOR('',#14716,1.);
#9128=VECTOR('',#14721,1.);
#9129=VECTOR('',#14724,1.);
#9130=VECTOR('',#14727,1.);
#9131=VECTOR('',#14728,1.);
#9132=VECTOR('',#14729,1.);
#9133=VECTOR('',#14734,1.);
#9134=VECTOR('',#14739,1.);
#9135=VECTOR('',#14740,1.);
#9136=VECTOR('',#14743,1.);
#9137=VECTOR('',#14744,1.);
#9138=VECTOR('',#14745,1.);
#9139=VECTOR('',#14750,1.);
#9140=VECTOR('',#14753,1.);
#9141=VECTOR('',#14756,1.);
#9142=VECTOR('',#14757,1.);
#9143=VECTOR('',#14758,1.);
#9144=VECTOR('',#14763,1.);
#9145=VECTOR('',#14768,1.);
#9146=VECTOR('',#14769,1.);
#9147=VECTOR('',#14772,1.);
#9148=VECTOR('',#14773,1.);
#9149=VECTOR('',#14774,1.);
#9150=VECTOR('',#14779,1.);
#9151=VECTOR('',#14782,1.);
#9152=VECTOR('',#14785,1.);
#9153=VECTOR('',#14786,1.);
#9154=VECTOR('',#14787,1.);
#9155=VECTOR('',#14792,1.);
#9156=VECTOR('',#14797,1.);
#9157=VECTOR('',#14798,1.);
#9158=VECTOR('',#14801,1.);
#9159=VECTOR('',#14802,1.);
#9160=VECTOR('',#14803,1.);
#9161=VECTOR('',#14808,1.);
#9162=VECTOR('',#14811,1.);
#9163=VECTOR('',#14814,1.);
#9164=VECTOR('',#14815,1.);
#9165=VECTOR('',#14816,1.);
#9166=VECTOR('',#14821,1.);
#9167=VECTOR('',#14826,1.);
#9168=VECTOR('',#14827,1.);
#9169=VECTOR('',#14830,1.);
#9170=VECTOR('',#14831,1.);
#9171=VECTOR('',#14832,1.);
#9172=VECTOR('',#14837,1.);
#9173=VECTOR('',#14840,1.);
#9174=VECTOR('',#14843,1.);
#9175=VECTOR('',#14844,1.);
#9176=VECTOR('',#14845,1.);
#9177=VECTOR('',#14850,1.);
#9178=VECTOR('',#14855,1.);
#9179=VECTOR('',#14856,1.);
#9180=VECTOR('',#14859,1.);
#9181=VECTOR('',#14860,1.);
#9182=VECTOR('',#14861,1.);
#9183=VECTOR('',#14866,1.);
#9184=VECTOR('',#14869,1.);
#9185=VECTOR('',#14872,1.);
#9186=VECTOR('',#14873,1.);
#9187=VECTOR('',#14874,1.);
#9188=VECTOR('',#14879,1.);
#9189=VECTOR('',#14884,1.);
#9190=VECTOR('',#14885,1.);
#9191=VECTOR('',#14888,1.);
#9192=VECTOR('',#14889,1.);
#9193=VECTOR('',#14890,1.);
#9194=VECTOR('',#14895,1.);
#9195=VECTOR('',#14898,1.);
#9196=VECTOR('',#14901,1.);
#9197=VECTOR('',#14902,1.);
#9198=VECTOR('',#14903,1.);
#9199=VECTOR('',#14908,1.);
#9200=VECTOR('',#14913,1.);
#9201=VECTOR('',#14914,1.);
#9202=VECTOR('',#14917,1.);
#9203=VECTOR('',#14918,1.);
#9204=VECTOR('',#14919,1.);
#9205=VECTOR('',#14924,1.);
#9206=VECTOR('',#14927,1.);
#9207=VECTOR('',#14930,1.);
#9208=VECTOR('',#14931,1.);
#9209=VECTOR('',#14932,1.);
#9210=VECTOR('',#14937,1.);
#9211=VECTOR('',#14942,1.);
#9212=VECTOR('',#14943,1.);
#9213=VECTOR('',#14946,1.);
#9214=VECTOR('',#14947,1.);
#9215=VECTOR('',#14948,1.);
#9216=VECTOR('',#14953,1.);
#9217=VECTOR('',#14956,1.);
#9218=VECTOR('',#14959,1.);
#9219=VECTOR('',#14960,1.);
#9220=VECTOR('',#14961,1.);
#9221=VECTOR('',#14966,1.);
#9222=VECTOR('',#14971,1.);
#9223=VECTOR('',#14972,1.);
#9224=VECTOR('',#14975,1.);
#9225=VECTOR('',#14976,1.);
#9226=VECTOR('',#14977,1.);
#9227=VECTOR('',#14982,1.);
#9228=VECTOR('',#14985,1.);
#9229=VECTOR('',#14988,1.);
#9230=VECTOR('',#14989,1.);
#9231=VECTOR('',#14990,1.);
#9232=VECTOR('',#14995,1.);
#9233=VECTOR('',#15000,1.);
#9234=VECTOR('',#15001,1.);
#9235=VECTOR('',#15004,1.);
#9236=VECTOR('',#15005,1.);
#9237=VECTOR('',#15006,1.);
#9238=VECTOR('',#15011,1.);
#9239=VECTOR('',#15014,1.);
#9240=VECTOR('',#15017,1.);
#9241=VECTOR('',#15018,1.);
#9242=VECTOR('',#15019,1.);
#9243=VECTOR('',#15024,1.);
#9244=VECTOR('',#15029,1.);
#9245=VECTOR('',#15030,1.);
#9246=VECTOR('',#15033,1.);
#9247=VECTOR('',#15034,1.);
#9248=VECTOR('',#15035,1.);
#9249=VECTOR('',#15040,1.);
#9250=VECTOR('',#15043,1.);
#9251=VECTOR('',#15046,1.);
#9252=VECTOR('',#15047,1.);
#9253=VECTOR('',#15048,1.);
#9254=VECTOR('',#15053,1.);
#9255=VECTOR('',#15058,1.);
#9256=VECTOR('',#15059,1.);
#9257=VECTOR('',#15062,1.);
#9258=VECTOR('',#15063,1.);
#9259=VECTOR('',#15064,1.);
#9260=VECTOR('',#15069,1.);
#9261=VECTOR('',#15072,1.);
#9262=VECTOR('',#15075,1.);
#9263=VECTOR('',#15076,1.);
#9264=VECTOR('',#15077,1.);
#9265=VECTOR('',#15082,1.);
#9266=VECTOR('',#15087,1.);
#9267=VECTOR('',#15088,1.);
#9268=VECTOR('',#15091,1.);
#9269=VECTOR('',#15092,1.);
#9270=VECTOR('',#15093,1.);
#9271=VECTOR('',#15098,1.);
#9272=VECTOR('',#15101,1.);
#9273=VECTOR('',#15104,1.);
#9274=VECTOR('',#15105,1.);
#9275=VECTOR('',#15106,1.);
#9276=VECTOR('',#15111,1.);
#9277=VECTOR('',#15116,1.);
#9278=VECTOR('',#15117,1.);
#9279=VECTOR('',#15120,1.);
#9280=VECTOR('',#15121,1.);
#9281=VECTOR('',#15122,1.);
#9282=VECTOR('',#15127,1.);
#9283=VECTOR('',#15130,1.);
#9284=VECTOR('',#15133,1.);
#9285=VECTOR('',#15134,1.);
#9286=VECTOR('',#15135,1.);
#9287=VECTOR('',#15140,1.);
#9288=VECTOR('',#15145,1.);
#9289=VECTOR('',#15146,1.);
#9290=VECTOR('',#15149,1.);
#9291=VECTOR('',#15150,1.);
#9292=VECTOR('',#15151,1.);
#9293=VECTOR('',#15156,1.);
#9294=VECTOR('',#15159,1.);
#9295=VECTOR('',#15162,1.);
#9296=VECTOR('',#15163,1.);
#9297=VECTOR('',#15164,1.);
#9298=VECTOR('',#15169,1.);
#9299=VECTOR('',#15174,1.);
#9300=VECTOR('',#15175,1.);
#9301=VECTOR('',#15178,1.);
#9302=VECTOR('',#15179,1.);
#9303=VECTOR('',#15180,1.);
#9304=VECTOR('',#15185,1.);
#9305=VECTOR('',#15188,1.);
#9306=VECTOR('',#15191,1.);
#9307=VECTOR('',#15192,1.);
#9308=VECTOR('',#15193,1.);
#9309=VECTOR('',#15198,1.);
#9310=VECTOR('',#15203,1.);
#9311=VECTOR('',#15204,1.);
#9312=VECTOR('',#15207,1.);
#9313=VECTOR('',#15208,1.);
#9314=VECTOR('',#15209,1.);
#9315=VECTOR('',#15214,1.);
#9316=VECTOR('',#15217,1.);
#9317=VECTOR('',#15220,1.);
#9318=VECTOR('',#15221,1.);
#9319=VECTOR('',#15222,1.);
#9320=VECTOR('',#15227,1.);
#9321=VECTOR('',#15232,1.);
#9322=VECTOR('',#15233,1.);
#9323=VECTOR('',#15236,1.);
#9324=VECTOR('',#15237,1.);
#9325=VECTOR('',#15238,1.);
#9326=VECTOR('',#15243,1.);
#9327=VECTOR('',#15246,1.);
#9328=VECTOR('',#15249,1.);
#9329=VECTOR('',#15250,1.);
#9330=VECTOR('',#15251,1.);
#9331=VECTOR('',#15256,1.);
#9332=VECTOR('',#15261,1.);
#9333=VECTOR('',#15262,1.);
#9334=VECTOR('',#15265,1.);
#9335=VECTOR('',#15266,1.);
#9336=VECTOR('',#15267,1.);
#9337=VECTOR('',#15272,1.);
#9338=VECTOR('',#15275,1.);
#9339=VECTOR('',#15278,1.);
#9340=VECTOR('',#15279,1.);
#9341=VECTOR('',#15280,1.);
#9342=VECTOR('',#15285,1.);
#9343=VECTOR('',#15290,1.);
#9344=VECTOR('',#15291,1.);
#9345=VECTOR('',#15294,1.);
#9346=VECTOR('',#15295,1.);
#9347=VECTOR('',#15296,1.);
#9348=VECTOR('',#15301,1.);
#9349=VECTOR('',#15304,1.);
#9350=VECTOR('',#15307,1.);
#9351=VECTOR('',#15308,1.);
#9352=VECTOR('',#15309,1.);
#9353=VECTOR('',#15314,1.);
#9354=VECTOR('',#15319,1.);
#9355=VECTOR('',#15320,1.);
#9356=VECTOR('',#15323,1.);
#9357=VECTOR('',#15324,1.);
#9358=VECTOR('',#15325,1.);
#9359=VECTOR('',#15340,1.);
#9360=VECTOR('',#15341,1.);
#9361=VECTOR('',#15342,1.);
#9362=VECTOR('',#15345,1.);
#9363=VECTOR('',#15346,1.);
#9364=VECTOR('',#15347,1.);
#9365=VECTOR('',#15350,1.);
#9366=VECTOR('',#15351,1.);
#9367=VECTOR('',#15360,1.);
#9368=VECTOR('',#15361,1.);
#9369=VECTOR('',#15362,1.);
#9370=VECTOR('',#15365,1.);
#9371=VECTOR('',#15366,1.);
#9372=VECTOR('',#15367,1.);
#9373=VECTOR('',#15370,1.);
#9374=VECTOR('',#15371,1.);
#9375=VECTOR('',#15380,1.);
#9376=VECTOR('',#15381,1.);
#9377=VECTOR('',#15382,1.);
#9378=VECTOR('',#15385,1.);
#9379=VECTOR('',#15386,1.);
#9380=VECTOR('',#15387,1.);
#9381=VECTOR('',#15390,1.);
#9382=VECTOR('',#15391,1.);
#9383=VECTOR('',#15400,1.);
#9384=VECTOR('',#15401,1.);
#9385=VECTOR('',#15402,1.);
#9386=VECTOR('',#15405,1.);
#9387=VECTOR('',#15406,1.);
#9388=VECTOR('',#15407,1.);
#9389=VECTOR('',#15410,1.);
#9390=VECTOR('',#15411,1.);
#9391=VECTOR('',#15420,1.);
#9392=VECTOR('',#15421,1.);
#9393=VECTOR('',#15422,1.);
#9394=VECTOR('',#15425,1.);
#9395=VECTOR('',#15426,1.);
#9396=VECTOR('',#15427,1.);
#9397=VECTOR('',#15430,1.);
#9398=VECTOR('',#15431,1.);
#9399=VECTOR('',#15440,1.);
#9400=VECTOR('',#15441,1.);
#9401=VECTOR('',#15442,1.);
#9402=VECTOR('',#15445,1.);
#9403=VECTOR('',#15446,1.);
#9404=VECTOR('',#15447,1.);
#9405=VECTOR('',#15450,1.);
#9406=VECTOR('',#15451,1.);
#9407=VECTOR('',#15460,1.);
#9408=VECTOR('',#15461,1.);
#9409=VECTOR('',#15462,1.);
#9410=VECTOR('',#15465,1.);
#9411=VECTOR('',#15466,1.);
#9412=VECTOR('',#15467,1.);
#9413=VECTOR('',#15470,1.);
#9414=VECTOR('',#15471,1.);
#9415=VECTOR('',#15480,1.);
#9416=VECTOR('',#15481,1.);
#9417=VECTOR('',#15482,1.);
#9418=VECTOR('',#15485,1.);
#9419=VECTOR('',#15486,1.);
#9420=VECTOR('',#15487,1.);
#9421=VECTOR('',#15490,1.);
#9422=VECTOR('',#15491,1.);
#9423=VECTOR('',#15500,1.);
#9424=VECTOR('',#15501,1.);
#9425=VECTOR('',#15502,1.);
#9426=VECTOR('',#15505,1.);
#9427=VECTOR('',#15506,1.);
#9428=VECTOR('',#15507,1.);
#9429=VECTOR('',#15510,1.);
#9430=VECTOR('',#15511,1.);
#9431=VECTOR('',#15520,1.);
#9432=VECTOR('',#15521,1.);
#9433=VECTOR('',#15522,1.);
#9434=VECTOR('',#15525,1.);
#9435=VECTOR('',#15526,1.);
#9436=VECTOR('',#15527,1.);
#9437=VECTOR('',#15530,1.);
#9438=VECTOR('',#15531,1.);
#9439=VECTOR('',#15540,1.);
#9440=VECTOR('',#15541,1.);
#9441=VECTOR('',#15542,1.);
#9442=VECTOR('',#15545,1.);
#9443=VECTOR('',#15546,1.);
#9444=VECTOR('',#15547,1.);
#9445=VECTOR('',#15550,1.);
#9446=VECTOR('',#15551,1.);
#9447=VECTOR('',#15560,1.);
#9448=VECTOR('',#15561,1.);
#9449=VECTOR('',#15562,1.);
#9450=VECTOR('',#15565,1.);
#9451=VECTOR('',#15566,1.);
#9452=VECTOR('',#15567,1.);
#9453=VECTOR('',#15570,1.);
#9454=VECTOR('',#15571,1.);
#9455=VECTOR('',#15580,1.);
#9456=VECTOR('',#15581,1.);
#9457=VECTOR('',#15582,1.);
#9458=VECTOR('',#15585,1.);
#9459=VECTOR('',#15586,1.);
#9460=VECTOR('',#15587,1.);
#9461=VECTOR('',#15590,1.);
#9462=VECTOR('',#15591,1.);
#9463=VECTOR('',#15600,1.);
#9464=VECTOR('',#15601,1.);
#9465=VECTOR('',#15602,1.);
#9466=VECTOR('',#15605,1.);
#9467=VECTOR('',#15606,1.);
#9468=VECTOR('',#15607,1.);
#9469=VECTOR('',#15610,1.);
#9470=VECTOR('',#15611,1.);
#9471=VECTOR('',#15620,1.);
#9472=VECTOR('',#15621,1.);
#9473=VECTOR('',#15622,1.);
#9474=VECTOR('',#15625,1.);
#9475=VECTOR('',#15626,1.);
#9476=VECTOR('',#15627,1.);
#9477=VECTOR('',#15630,1.);
#9478=VECTOR('',#15631,1.);
#9479=VECTOR('',#15640,1.);
#9480=VECTOR('',#15641,1.);
#9481=VECTOR('',#15642,1.);
#9482=VECTOR('',#15645,1.);
#9483=VECTOR('',#15646,1.);
#9484=VECTOR('',#15647,1.);
#9485=VECTOR('',#15650,1.);
#9486=VECTOR('',#15651,1.);
#9487=VECTOR('',#15660,1.);
#9488=VECTOR('',#15661,1.);
#9489=VECTOR('',#15662,1.);
#9490=VECTOR('',#15665,1.);
#9491=VECTOR('',#15666,1.);
#9492=VECTOR('',#15667,1.);
#9493=VECTOR('',#15670,1.);
#9494=VECTOR('',#15671,1.);
#9495=VECTOR('',#15680,1.);
#9496=VECTOR('',#15681,1.);
#9497=VECTOR('',#15682,1.);
#9498=VECTOR('',#15685,1.);
#9499=VECTOR('',#15686,1.);
#9500=VECTOR('',#15687,1.);
#9501=VECTOR('',#15690,1.);
#9502=VECTOR('',#15691,1.);
#9503=VECTOR('',#15700,1.);
#9504=VECTOR('',#15701,1.);
#9505=VECTOR('',#15702,1.);
#9506=VECTOR('',#15705,1.);
#9507=VECTOR('',#15706,1.);
#9508=VECTOR('',#15707,1.);
#9509=VECTOR('',#15710,1.);
#9510=VECTOR('',#15711,1.);
#9511=VECTOR('',#15720,1.);
#9512=VECTOR('',#15721,1.);
#9513=VECTOR('',#15722,1.);
#9514=VECTOR('',#15725,1.);
#9515=VECTOR('',#15726,1.);
#9516=VECTOR('',#15727,1.);
#9517=VECTOR('',#15730,1.);
#9518=VECTOR('',#15731,1.);
#9519=VECTOR('',#15740,1.);
#9520=VECTOR('',#15741,1.);
#9521=VECTOR('',#15742,1.);
#9522=VECTOR('',#15745,1.);
#9523=VECTOR('',#15746,1.);
#9524=VECTOR('',#15747,1.);
#9525=VECTOR('',#15750,1.);
#9526=VECTOR('',#15751,1.);
#9527=VECTOR('',#15760,1.);
#9528=VECTOR('',#15761,1.);
#9529=VECTOR('',#15762,1.);
#9530=VECTOR('',#15765,1.);
#9531=VECTOR('',#15766,1.);
#9532=VECTOR('',#15767,1.);
#9533=VECTOR('',#15770,1.);
#9534=VECTOR('',#15771,1.);
#9535=VECTOR('',#15780,1.);
#9536=VECTOR('',#15781,1.);
#9537=VECTOR('',#15782,1.);
#9538=VECTOR('',#15785,1.);
#9539=VECTOR('',#15786,1.);
#9540=VECTOR('',#15787,1.);
#9541=VECTOR('',#15790,1.);
#9542=VECTOR('',#15791,1.);
#9543=VECTOR('',#15800,1.);
#9544=VECTOR('',#15801,1.);
#9545=VECTOR('',#15802,1.);
#9546=VECTOR('',#15805,1.);
#9547=VECTOR('',#15806,1.);
#9548=VECTOR('',#15807,1.);
#9549=VECTOR('',#15810,1.);
#9550=VECTOR('',#15811,1.);
#9551=VECTOR('',#15820,1.);
#9552=VECTOR('',#15821,1.);
#9553=VECTOR('',#15822,1.);
#9554=VECTOR('',#15825,1.);
#9555=VECTOR('',#15826,1.);
#9556=VECTOR('',#15827,1.);
#9557=VECTOR('',#15830,1.);
#9558=VECTOR('',#15831,1.);
#9559=VECTOR('',#15840,1.);
#9560=VECTOR('',#15841,1.);
#9561=VECTOR('',#15842,1.);
#9562=VECTOR('',#15845,1.);
#9563=VECTOR('',#15846,1.);
#9564=VECTOR('',#15847,1.);
#9565=VECTOR('',#15850,1.);
#9566=VECTOR('',#15851,1.);
#9567=VECTOR('',#15860,1.);
#9568=VECTOR('',#15861,1.);
#9569=VECTOR('',#15862,1.);
#9570=VECTOR('',#15865,1.);
#9571=VECTOR('',#15866,1.);
#9572=VECTOR('',#15867,1.);
#9573=VECTOR('',#15870,1.);
#9574=VECTOR('',#15871,1.);
#9575=VECTOR('',#15880,1.);
#9576=VECTOR('',#15881,1.);
#9577=VECTOR('',#15882,1.);
#9578=VECTOR('',#15885,1.);
#9579=VECTOR('',#15886,1.);
#9580=VECTOR('',#15887,1.);
#9581=VECTOR('',#15890,1.);
#9582=VECTOR('',#15891,1.);
#9583=VECTOR('',#15900,1.);
#9584=VECTOR('',#15901,1.);
#9585=VECTOR('',#15902,1.);
#9586=VECTOR('',#15905,1.);
#9587=VECTOR('',#15906,1.);
#9588=VECTOR('',#15907,1.);
#9589=VECTOR('',#15910,1.);
#9590=VECTOR('',#15911,1.);
#9591=VECTOR('',#15920,1.);
#9592=VECTOR('',#15921,1.);
#9593=VECTOR('',#15922,1.);
#9594=VECTOR('',#15925,1.);
#9595=VECTOR('',#15926,1.);
#9596=VECTOR('',#15927,1.);
#9597=VECTOR('',#15930,1.);
#9598=VECTOR('',#15931,1.);
#9599=VECTOR('',#15940,1.);
#9600=VECTOR('',#15941,1.);
#9601=VECTOR('',#15942,1.);
#9602=VECTOR('',#15945,1.);
#9603=VECTOR('',#15946,1.);
#9604=VECTOR('',#15947,1.);
#9605=VECTOR('',#15950,1.);
#9606=VECTOR('',#15951,1.);
#9607=VECTOR('',#15960,1.);
#9608=VECTOR('',#15961,1.);
#9609=VECTOR('',#15962,1.);
#9610=VECTOR('',#15965,1.);
#9611=VECTOR('',#15966,1.);
#9612=VECTOR('',#15967,1.);
#9613=VECTOR('',#15970,1.);
#9614=VECTOR('',#15971,1.);
#9615=VECTOR('',#15980,1.);
#9616=VECTOR('',#15981,1.);
#9617=VECTOR('',#15982,1.);
#9618=VECTOR('',#15985,1.);
#9619=VECTOR('',#15986,1.);
#9620=VECTOR('',#15987,1.);
#9621=VECTOR('',#15990,1.);
#9622=VECTOR('',#15991,1.);
#9623=VECTOR('',#16000,1.);
#9624=VECTOR('',#16001,1.);
#9625=VECTOR('',#16002,1.);
#9626=VECTOR('',#16005,1.);
#9627=VECTOR('',#16006,1.);
#9628=VECTOR('',#16007,1.);
#9629=VECTOR('',#16010,1.);
#9630=VECTOR('',#16011,1.);
#9631=VECTOR('',#16020,1.);
#9632=VECTOR('',#16021,1.);
#9633=VECTOR('',#16022,1.);
#9634=VECTOR('',#16025,1.);
#9635=VECTOR('',#16026,1.);
#9636=VECTOR('',#16027,1.);
#9637=VECTOR('',#16030,1.);
#9638=VECTOR('',#16031,1.);
#9639=VECTOR('',#16040,1.);
#9640=VECTOR('',#16041,1.);
#9641=VECTOR('',#16042,1.);
#9642=VECTOR('',#16045,1.);
#9643=VECTOR('',#16046,1.);
#9644=VECTOR('',#16047,1.);
#9645=VECTOR('',#16050,1.);
#9646=VECTOR('',#16051,1.);
#9647=VECTOR('',#16060,1.);
#9648=VECTOR('',#16061,1.);
#9649=VECTOR('',#16062,1.);
#9650=VECTOR('',#16065,1.);
#9651=VECTOR('',#16066,1.);
#9652=VECTOR('',#16067,1.);
#9653=VECTOR('',#16070,1.);
#9654=VECTOR('',#16071,1.);
#9655=VECTOR('',#16080,1.);
#9656=VECTOR('',#16081,1.);
#9657=VECTOR('',#16082,1.);
#9658=VECTOR('',#16085,1.);
#9659=VECTOR('',#16086,1.);
#9660=VECTOR('',#16087,1.);
#9661=VECTOR('',#16090,1.);
#9662=VECTOR('',#16091,1.);
#9663=VECTOR('',#16100,1.);
#9664=VECTOR('',#16101,1.);
#9665=VECTOR('',#16102,1.);
#9666=VECTOR('',#16105,1.);
#9667=VECTOR('',#16106,1.);
#9668=VECTOR('',#16107,1.);
#9669=VECTOR('',#16110,1.);
#9670=VECTOR('',#16111,1.);
#9671=VECTOR('',#16120,1.);
#9672=VECTOR('',#16121,1.);
#9673=VECTOR('',#16122,1.);
#9674=VECTOR('',#16125,1.);
#9675=VECTOR('',#16126,1.);
#9676=VECTOR('',#16127,1.);
#9677=VECTOR('',#16130,1.);
#9678=VECTOR('',#16133,1.);
#9679=VECTOR('',#16138,1.);
#9680=VECTOR('',#16139,1.);
#9681=VECTOR('',#16140,1.);
#9682=VECTOR('',#16145,1.);
#9683=VECTOR('',#16148,1.);
#9684=VECTOR('',#16151,1.);
#9685=VECTOR('',#16154,1.);
#9686=VECTOR('',#16159,1.);
#9687=VECTOR('',#16162,1.);
#9688=VECTOR('',#16165,1.);
#9689=EDGE_LOOP('',(#728,#729,#730,#731));
#9690=EDGE_LOOP('',(#732));
#9691=EDGE_LOOP('',(#733));
#9692=EDGE_LOOP('',(#734,#735,#736,#737));
#9693=EDGE_LOOP('',(#738,#739,#740,#741));
#9694=EDGE_LOOP('',(#742,#743,#744,#745));
#9695=EDGE_LOOP('',(#746,#747,#748,#749));
#9696=EDGE_LOOP('',(#750,#751,#752,#753));
#9697=EDGE_LOOP('',(#754,#755,#756,#757));
#9698=EDGE_LOOP('',(#758,#759,#760,#761));
#9699=EDGE_LOOP('',(#762,#763,#764,#765));
#9700=EDGE_LOOP('',(#766,#767,#768,#769));
#9701=EDGE_LOOP('',(#770,#771,#772,#773));
#9702=EDGE_LOOP('',(#774,#775,#776,#777));
#9703=EDGE_LOOP('',(#778,#779,#780,#781));
#9704=EDGE_LOOP('',(#782,#783,#784,#785));
#9705=EDGE_LOOP('',(#786,#787,#788,#789));
#9706=EDGE_LOOP('',(#790,#791,#792,#793));
#9707=EDGE_LOOP('',(#794,#795,#796,#797));
#9708=EDGE_LOOP('',(#798,#799,#800,#801));
#9709=EDGE_LOOP('',(#802,#803,#804,#805));
#9710=EDGE_LOOP('',(#806,#807,#808,#809));
#9711=EDGE_LOOP('',(#810,#811,#812,#813));
#9712=EDGE_LOOP('',(#814,#815,#816,#817));
#9713=EDGE_LOOP('',(#818,#819,#820,#821));
#9714=EDGE_LOOP('',(#822,#823,#824,#825));
#9715=EDGE_LOOP('',(#826,#827,#828,#829));
#9716=EDGE_LOOP('',(#830,#831,#832,#833));
#9717=EDGE_LOOP('',(#834,#835,#836,#837));
#9718=EDGE_LOOP('',(#838,#839,#840,#841));
#9719=EDGE_LOOP('',(#842,#843,#844,#845));
#9720=EDGE_LOOP('',(#846,#847,#848,#849));
#9721=EDGE_LOOP('',(#850,#851,#852,#853));
#9722=EDGE_LOOP('',(#854,#855,#856,#857));
#9723=EDGE_LOOP('',(#858,#859,#860,#861));
#9724=EDGE_LOOP('',(#862,#863,#864,#865));
#9725=EDGE_LOOP('',(#866,#867,#868,#869));
#9726=EDGE_LOOP('',(#870,#871,#872,#873));
#9727=EDGE_LOOP('',(#874,#875,#876,#877));
#9728=EDGE_LOOP('',(#878,#879,#880,#881));
#9729=EDGE_LOOP('',(#882,#883,#884,#885));
#9730=EDGE_LOOP('',(#886,#887,#888,#889));
#9731=EDGE_LOOP('',(#890,#891,#892,#893));
#9732=EDGE_LOOP('',(#894,#895,#896,#897));
#9733=EDGE_LOOP('',(#898,#899,#900,#901));
#9734=EDGE_LOOP('',(#902,#903,#904,#905));
#9735=EDGE_LOOP('',(#906,#907,#908,#909));
#9736=EDGE_LOOP('',(#910,#911,#912,#913));
#9737=EDGE_LOOP('',(#914,#915,#916,#917));
#9738=EDGE_LOOP('',(#918,#919,#920,#921));
#9739=EDGE_LOOP('',(#922,#923,#924,#925));
#9740=EDGE_LOOP('',(#926,#927,#928,#929));
#9741=EDGE_LOOP('',(#930,#931,#932,#933));
#9742=EDGE_LOOP('',(#934,#935,#936,#937));
#9743=EDGE_LOOP('',(#938,#939,#940,#941));
#9744=EDGE_LOOP('',(#942,#943,#944,#945));
#9745=EDGE_LOOP('',(#946,#947,#948,#949));
#9746=EDGE_LOOP('',(#950,#951,#952,#953));
#9747=EDGE_LOOP('',(#954,#955,#956,#957));
#9748=EDGE_LOOP('',(#958,#959,#960,#961));
#9749=EDGE_LOOP('',(#962,#963,#964,#965));
#9750=EDGE_LOOP('',(#966,#967,#968,#969));
#9751=EDGE_LOOP('',(#970,#971,#972,#973));
#9752=EDGE_LOOP('',(#974,#975,#976,#977));
#9753=EDGE_LOOP('',(#978,#979,#980,#981));
#9754=EDGE_LOOP('',(#982,#983,#984,#985));
#9755=EDGE_LOOP('',(#986,#987,#988,#989));
#9756=EDGE_LOOP('',(#990,#991,#992,#993));
#9757=EDGE_LOOP('',(#994,#995,#996,#997));
#9758=EDGE_LOOP('',(#998,#999,#1000,#1001));
#9759=EDGE_LOOP('',(#1002,#1003,#1004,#1005));
#9760=EDGE_LOOP('',(#1006,#1007,#1008,#1009));
#9761=EDGE_LOOP('',(#1010,#1011,#1012,#1013));
#9762=EDGE_LOOP('',(#1014,#1015,#1016,#1017));
#9763=EDGE_LOOP('',(#1018,#1019,#1020,#1021));
#9764=EDGE_LOOP('',(#1022,#1023,#1024,#1025));
#9765=EDGE_LOOP('',(#1026,#1027,#1028,#1029));
#9766=EDGE_LOOP('',(#1030,#1031,#1032,#1033));
#9767=EDGE_LOOP('',(#1034,#1035,#1036,#1037));
#9768=EDGE_LOOP('',(#1038,#1039,#1040,#1041));
#9769=EDGE_LOOP('',(#1042,#1043,#1044,#1045));
#9770=EDGE_LOOP('',(#1046,#1047,#1048,#1049));
#9771=EDGE_LOOP('',(#1050,#1051,#1052,#1053));
#9772=EDGE_LOOP('',(#1054,#1055,#1056,#1057));
#9773=EDGE_LOOP('',(#1058,#1059,#1060,#1061));
#9774=EDGE_LOOP('',(#1062,#1063,#1064,#1065));
#9775=EDGE_LOOP('',(#1066,#1067,#1068,#1069));
#9776=EDGE_LOOP('',(#1070,#1071,#1072,#1073));
#9777=EDGE_LOOP('',(#1074,#1075,#1076,#1077));
#9778=EDGE_LOOP('',(#1078,#1079,#1080,#1081));
#9779=EDGE_LOOP('',(#1082,#1083,#1084,#1085));
#9780=EDGE_LOOP('',(#1086,#1087,#1088,#1089));
#9781=EDGE_LOOP('',(#1090,#1091,#1092,#1093));
#9782=EDGE_LOOP('',(#1094,#1095,#1096,#1097));
#9783=EDGE_LOOP('',(#1098,#1099,#1100,#1101));
#9784=EDGE_LOOP('',(#1102,#1103,#1104,#1105));
#9785=EDGE_LOOP('',(#1106,#1107,#1108,#1109));
#9786=EDGE_LOOP('',(#1110,#1111,#1112,#1113));
#9787=EDGE_LOOP('',(#1114,#1115,#1116,#1117));
#9788=EDGE_LOOP('',(#1118,#1119,#1120,#1121));
#9789=EDGE_LOOP('',(#1122,#1123,#1124,#1125));
#9790=EDGE_LOOP('',(#1126,#1127,#1128,#1129));
#9791=EDGE_LOOP('',(#1130,#1131,#1132,#1133));
#9792=EDGE_LOOP('',(#1134,#1135,#1136,#1137));
#9793=EDGE_LOOP('',(#1138,#1139,#1140,#1141));
#9794=EDGE_LOOP('',(#1142,#1143,#1144,#1145));
#9795=EDGE_LOOP('',(#1146,#1147,#1148,#1149));
#9796=EDGE_LOOP('',(#1150,#1151,#1152,#1153));
#9797=EDGE_LOOP('',(#1154,#1155,#1156,#1157));
#9798=EDGE_LOOP('',(#1158,#1159,#1160,#1161));
#9799=EDGE_LOOP('',(#1162,#1163,#1164,#1165));
#9800=EDGE_LOOP('',(#1166,#1167,#1168,#1169));
#9801=EDGE_LOOP('',(#1170,#1171,#1172,#1173));
#9802=EDGE_LOOP('',(#1174,#1175,#1176,#1177));
#9803=EDGE_LOOP('',(#1178,#1179,#1180,#1181));
#9804=EDGE_LOOP('',(#1182,#1183,#1184,#1185));
#9805=EDGE_LOOP('',(#1186,#1187,#1188,#1189));
#9806=EDGE_LOOP('',(#1190,#1191,#1192,#1193));
#9807=EDGE_LOOP('',(#1194,#1195,#1196,#1197));
#9808=EDGE_LOOP('',(#1198,#1199,#1200,#1201));
#9809=EDGE_LOOP('',(#1202,#1203,#1204,#1205));
#9810=EDGE_LOOP('',(#1206,#1207,#1208,#1209));
#9811=EDGE_LOOP('',(#1210,#1211,#1212,#1213));
#9812=EDGE_LOOP('',(#1214,#1215,#1216,#1217));
#9813=EDGE_LOOP('',(#1218,#1219,#1220,#1221));
#9814=EDGE_LOOP('',(#1222,#1223,#1224,#1225));
#9815=EDGE_LOOP('',(#1226,#1227,#1228,#1229));
#9816=EDGE_LOOP('',(#1230,#1231,#1232,#1233));
#9817=EDGE_LOOP('',(#1234,#1235,#1236,#1237));
#9818=EDGE_LOOP('',(#1238,#1239,#1240,#1241));
#9819=EDGE_LOOP('',(#1242,#1243,#1244,#1245));
#9820=EDGE_LOOP('',(#1246,#1247,#1248,#1249));
#9821=EDGE_LOOP('',(#1250,#1251,#1252,#1253));
#9822=EDGE_LOOP('',(#1254,#1255,#1256,#1257));
#9823=EDGE_LOOP('',(#1258,#1259,#1260,#1261));
#9824=EDGE_LOOP('',(#1262,#1263,#1264,#1265));
#9825=EDGE_LOOP('',(#1266,#1267,#1268,#1269));
#9826=EDGE_LOOP('',(#1270,#1271,#1272,#1273));
#9827=EDGE_LOOP('',(#1274,#1275,#1276,#1277));
#9828=EDGE_LOOP('',(#1278,#1279,#1280,#1281));
#9829=EDGE_LOOP('',(#1282,#1283,#1284,#1285));
#9830=EDGE_LOOP('',(#1286,#1287,#1288,#1289));
#9831=EDGE_LOOP('',(#1290,#1291,#1292,#1293));
#9832=EDGE_LOOP('',(#1294,#1295,#1296,#1297));
#9833=EDGE_LOOP('',(#1298,#1299,#1300,#1301));
#9834=EDGE_LOOP('',(#1302,#1303,#1304,#1305));
#9835=EDGE_LOOP('',(#1306,#1307,#1308,#1309));
#9836=EDGE_LOOP('',(#1310,#1311,#1312,#1313));
#9837=EDGE_LOOP('',(#1314,#1315,#1316,#1317));
#9838=EDGE_LOOP('',(#1318,#1319,#1320,#1321));
#9839=EDGE_LOOP('',(#1322,#1323,#1324,#1325));
#9840=EDGE_LOOP('',(#1326,#1327,#1328,#1329));
#9841=EDGE_LOOP('',(#1330,#1331,#1332,#1333));
#9842=EDGE_LOOP('',(#1334,#1335,#1336,#1337));
#9843=EDGE_LOOP('',(#1338,#1339,#1340,#1341));
#9844=EDGE_LOOP('',(#1342,#1343,#1344,#1345));
#9845=EDGE_LOOP('',(#1346,#1347,#1348,#1349));
#9846=EDGE_LOOP('',(#1350,#1351,#1352,#1353));
#9847=EDGE_LOOP('',(#1354,#1355,#1356,#1357));
#9848=EDGE_LOOP('',(#1358,#1359,#1360,#1361));
#9849=EDGE_LOOP('',(#1362,#1363,#1364,#1365));
#9850=EDGE_LOOP('',(#1366,#1367,#1368,#1369));
#9851=EDGE_LOOP('',(#1370,#1371,#1372,#1373));
#9852=EDGE_LOOP('',(#1374,#1375,#1376,#1377));
#9853=EDGE_LOOP('',(#1378,#1379,#1380,#1381));
#9854=EDGE_LOOP('',(#1382,#1383,#1384,#1385));
#9855=EDGE_LOOP('',(#1386,#1387,#1388,#1389));
#9856=EDGE_LOOP('',(#1390,#1391,#1392,#1393));
#9857=EDGE_LOOP('',(#1394,#1395,#1396,#1397));
#9858=EDGE_LOOP('',(#1398,#1399,#1400,#1401));
#9859=EDGE_LOOP('',(#1402,#1403,#1404,#1405));
#9860=EDGE_LOOP('',(#1406,#1407,#1408,#1409));
#9861=EDGE_LOOP('',(#1410,#1411,#1412,#1413));
#9862=EDGE_LOOP('',(#1414,#1415,#1416,#1417));
#9863=EDGE_LOOP('',(#1418,#1419,#1420,#1421));
#9864=EDGE_LOOP('',(#1422,#1423,#1424,#1425));
#9865=EDGE_LOOP('',(#1426,#1427,#1428,#1429));
#9866=EDGE_LOOP('',(#1430,#1431,#1432,#1433));
#9867=EDGE_LOOP('',(#1434,#1435,#1436,#1437));
#9868=EDGE_LOOP('',(#1438,#1439,#1440,#1441));
#9869=EDGE_LOOP('',(#1442,#1443,#1444,#1445));
#9870=EDGE_LOOP('',(#1446,#1447,#1448,#1449));
#9871=EDGE_LOOP('',(#1450,#1451,#1452,#1453));
#9872=EDGE_LOOP('',(#1454,#1455,#1456,#1457));
#9873=EDGE_LOOP('',(#1458,#1459,#1460,#1461));
#9874=EDGE_LOOP('',(#1462,#1463,#1464,#1465));
#9875=EDGE_LOOP('',(#1466,#1467,#1468,#1469));
#9876=EDGE_LOOP('',(#1470,#1471,#1472,#1473));
#9877=EDGE_LOOP('',(#1474,#1475,#1476,#1477));
#9878=EDGE_LOOP('',(#1478,#1479,#1480,#1481));
#9879=EDGE_LOOP('',(#1482,#1483,#1484,#1485));
#9880=EDGE_LOOP('',(#1486,#1487,#1488,#1489));
#9881=EDGE_LOOP('',(#1490,#1491,#1492,#1493));
#9882=EDGE_LOOP('',(#1494,#1495,#1496,#1497));
#9883=EDGE_LOOP('',(#1498,#1499,#1500,#1501));
#9884=EDGE_LOOP('',(#1502,#1503,#1504,#1505));
#9885=EDGE_LOOP('',(#1506,#1507,#1508,#1509));
#9886=EDGE_LOOP('',(#1510,#1511,#1512,#1513));
#9887=EDGE_LOOP('',(#1514,#1515,#1516,#1517));
#9888=EDGE_LOOP('',(#1518,#1519,#1520,#1521));
#9889=EDGE_LOOP('',(#1522,#1523,#1524,#1525));
#9890=EDGE_LOOP('',(#1526,#1527,#1528,#1529));
#9891=EDGE_LOOP('',(#1530,#1531,#1532,#1533));
#9892=EDGE_LOOP('',(#1534,#1535,#1536,#1537));
#9893=EDGE_LOOP('',(#1538,#1539,#1540,#1541));
#9894=EDGE_LOOP('',(#1542,#1543,#1544,#1545));
#9895=EDGE_LOOP('',(#1546,#1547,#1548,#1549));
#9896=EDGE_LOOP('',(#1550,#1551,#1552,#1553));
#9897=EDGE_LOOP('',(#1554,#1555,#1556,#1557));
#9898=EDGE_LOOP('',(#1558,#1559,#1560,#1561));
#9899=EDGE_LOOP('',(#1562,#1563,#1564,#1565));
#9900=EDGE_LOOP('',(#1566,#1567,#1568,#1569));
#9901=EDGE_LOOP('',(#1570,#1571,#1572,#1573));
#9902=EDGE_LOOP('',(#1574,#1575,#1576,#1577));
#9903=EDGE_LOOP('',(#1578,#1579,#1580,#1581));
#9904=EDGE_LOOP('',(#1582,#1583,#1584,#1585));
#9905=EDGE_LOOP('',(#1586,#1587,#1588,#1589));
#9906=EDGE_LOOP('',(#1590,#1591,#1592,#1593));
#9907=EDGE_LOOP('',(#1594,#1595,#1596,#1597));
#9908=EDGE_LOOP('',(#1598,#1599,#1600,#1601));
#9909=EDGE_LOOP('',(#1602,#1603,#1604,#1605));
#9910=EDGE_LOOP('',(#1606,#1607,#1608,#1609));
#9911=EDGE_LOOP('',(#1610,#1611,#1612,#1613));
#9912=EDGE_LOOP('',(#1614,#1615,#1616,#1617));
#9913=EDGE_LOOP('',(#1618,#1619,#1620,#1621));
#9914=EDGE_LOOP('',(#1622,#1623,#1624,#1625));
#9915=EDGE_LOOP('',(#1626,#1627,#1628,#1629));
#9916=EDGE_LOOP('',(#1630,#1631,#1632,#1633));
#9917=EDGE_LOOP('',(#1634,#1635,#1636,#1637));
#9918=EDGE_LOOP('',(#1638,#1639,#1640,#1641));
#9919=EDGE_LOOP('',(#1642,#1643,#1644,#1645));
#9920=EDGE_LOOP('',(#1646,#1647,#1648,#1649));
#9921=EDGE_LOOP('',(#1650,#1651,#1652,#1653));
#9922=EDGE_LOOP('',(#1654,#1655,#1656,#1657));
#9923=EDGE_LOOP('',(#1658,#1659,#1660,#1661));
#9924=EDGE_LOOP('',(#1662,#1663,#1664,#1665));
#9925=EDGE_LOOP('',(#1666,#1667,#1668,#1669));
#9926=EDGE_LOOP('',(#1670,#1671,#1672,#1673));
#9927=EDGE_LOOP('',(#1674,#1675,#1676,#1677));
#9928=EDGE_LOOP('',(#1678,#1679,#1680,#1681));
#9929=EDGE_LOOP('',(#1682,#1683,#1684,#1685));
#9930=EDGE_LOOP('',(#1686,#1687,#1688,#1689));
#9931=EDGE_LOOP('',(#1690,#1691,#1692,#1693));
#9932=EDGE_LOOP('',(#1694,#1695,#1696,#1697));
#9933=EDGE_LOOP('',(#1698,#1699,#1700,#1701));
#9934=EDGE_LOOP('',(#1702,#1703,#1704,#1705));
#9935=EDGE_LOOP('',(#1706,#1707,#1708,#1709));
#9936=EDGE_LOOP('',(#1710,#1711,#1712,#1713));
#9937=EDGE_LOOP('',(#1714,#1715,#1716,#1717));
#9938=EDGE_LOOP('',(#1718,#1719,#1720,#1721));
#9939=EDGE_LOOP('',(#1722,#1723,#1724,#1725));
#9940=EDGE_LOOP('',(#1726,#1727,#1728,#1729));
#9941=EDGE_LOOP('',(#1730,#1731,#1732,#1733));
#9942=EDGE_LOOP('',(#1734,#1735,#1736,#1737));
#9943=EDGE_LOOP('',(#1738,#1739,#1740,#1741));
#9944=EDGE_LOOP('',(#1742,#1743,#1744,#1745));
#9945=EDGE_LOOP('',(#1746,#1747,#1748,#1749));
#9946=EDGE_LOOP('',(#1750,#1751,#1752,#1753));
#9947=EDGE_LOOP('',(#1754,#1755,#1756,#1757));
#9948=EDGE_LOOP('',(#1758,#1759,#1760,#1761));
#9949=EDGE_LOOP('',(#1762,#1763,#1764,#1765));
#9950=EDGE_LOOP('',(#1766,#1767,#1768,#1769));
#9951=EDGE_LOOP('',(#1770,#1771,#1772,#1773));
#9952=EDGE_LOOP('',(#1774,#1775,#1776,#1777));
#9953=EDGE_LOOP('',(#1778,#1779,#1780,#1781));
#9954=EDGE_LOOP('',(#1782,#1783,#1784,#1785));
#9955=EDGE_LOOP('',(#1786,#1787,#1788,#1789));
#9956=EDGE_LOOP('',(#1790,#1791,#1792,#1793));
#9957=EDGE_LOOP('',(#1794,#1795,#1796,#1797));
#9958=EDGE_LOOP('',(#1798,#1799,#1800,#1801));
#9959=EDGE_LOOP('',(#1802,#1803,#1804,#1805));
#9960=EDGE_LOOP('',(#1806,#1807,#1808,#1809));
#9961=EDGE_LOOP('',(#1810,#1811,#1812,#1813));
#9962=EDGE_LOOP('',(#1814,#1815,#1816,#1817));
#9963=EDGE_LOOP('',(#1818,#1819,#1820,#1821));
#9964=EDGE_LOOP('',(#1822,#1823,#1824,#1825));
#9965=EDGE_LOOP('',(#1826,#1827,#1828,#1829));
#9966=EDGE_LOOP('',(#1830,#1831,#1832,#1833));
#9967=EDGE_LOOP('',(#1834,#1835,#1836,#1837));
#9968=EDGE_LOOP('',(#1838,#1839,#1840,#1841));
#9969=EDGE_LOOP('',(#1842,#1843,#1844,#1845));
#9970=EDGE_LOOP('',(#1846,#1847,#1848,#1849));
#9971=EDGE_LOOP('',(#1850,#1851,#1852,#1853));
#9972=EDGE_LOOP('',(#1854,#1855,#1856,#1857));
#9973=EDGE_LOOP('',(#1858,#1859,#1860,#1861));
#9974=EDGE_LOOP('',(#1862,#1863,#1864,#1865));
#9975=EDGE_LOOP('',(#1866,#1867,#1868,#1869));
#9976=EDGE_LOOP('',(#1870,#1871,#1872,#1873));
#9977=EDGE_LOOP('',(#1874,#1875,#1876,#1877));
#9978=EDGE_LOOP('',(#1878,#1879,#1880,#1881));
#9979=EDGE_LOOP('',(#1882,#1883,#1884,#1885));
#9980=EDGE_LOOP('',(#1886,#1887,#1888,#1889));
#9981=EDGE_LOOP('',(#1890,#1891,#1892,#1893));
#9982=EDGE_LOOP('',(#1894,#1895,#1896,#1897));
#9983=EDGE_LOOP('',(#1898,#1899,#1900,#1901));
#9984=EDGE_LOOP('',(#1902,#1903,#1904,#1905));
#9985=EDGE_LOOP('',(#1906,#1907,#1908,#1909));
#9986=EDGE_LOOP('',(#1910,#1911,#1912,#1913));
#9987=EDGE_LOOP('',(#1914,#1915,#1916,#1917));
#9988=EDGE_LOOP('',(#1918,#1919,#1920,#1921));
#9989=EDGE_LOOP('',(#1922,#1923,#1924,#1925));
#9990=EDGE_LOOP('',(#1926,#1927,#1928,#1929));
#9991=EDGE_LOOP('',(#1930,#1931,#1932,#1933));
#9992=EDGE_LOOP('',(#1934,#1935,#1936,#1937));
#9993=EDGE_LOOP('',(#1938,#1939,#1940,#1941));
#9994=EDGE_LOOP('',(#1942,#1943,#1944,#1945));
#9995=EDGE_LOOP('',(#1946,#1947,#1948,#1949));
#9996=EDGE_LOOP('',(#1950,#1951,#1952,#1953));
#9997=EDGE_LOOP('',(#1954,#1955,#1956,#1957));
#9998=EDGE_LOOP('',(#1958,#1959,#1960,#1961));
#9999=EDGE_LOOP('',(#1962,#1963,#1964,#1965));
#10000=EDGE_LOOP('',(#1966,#1967,#1968,#1969));
#10001=EDGE_LOOP('',(#1970,#1971,#1972,#1973));
#10002=EDGE_LOOP('',(#1974,#1975,#1976,#1977));
#10003=EDGE_LOOP('',(#1978,#1979,#1980,#1981));
#10004=EDGE_LOOP('',(#1982,#1983,#1984,#1985));
#10005=EDGE_LOOP('',(#1986,#1987,#1988,#1989));
#10006=EDGE_LOOP('',(#1990,#1991,#1992,#1993));
#10007=EDGE_LOOP('',(#1994,#1995,#1996,#1997));
#10008=EDGE_LOOP('',(#1998,#1999,#2000,#2001));
#10009=EDGE_LOOP('',(#2002,#2003,#2004,#2005));
#10010=EDGE_LOOP('',(#2006,#2007,#2008,#2009));
#10011=EDGE_LOOP('',(#2010,#2011,#2012,#2013));
#10012=EDGE_LOOP('',(#2014,#2015,#2016,#2017));
#10013=EDGE_LOOP('',(#2018,#2019,#2020,#2021));
#10014=EDGE_LOOP('',(#2022,#2023,#2024,#2025));
#10015=EDGE_LOOP('',(#2026,#2027,#2028,#2029));
#10016=EDGE_LOOP('',(#2030,#2031,#2032,#2033));
#10017=EDGE_LOOP('',(#2034,#2035,#2036,#2037));
#10018=EDGE_LOOP('',(#2038,#2039,#2040,#2041));
#10019=EDGE_LOOP('',(#2042,#2043,#2044,#2045));
#10020=EDGE_LOOP('',(#2046,#2047,#2048,#2049));
#10021=EDGE_LOOP('',(#2050,#2051,#2052,#2053));
#10022=EDGE_LOOP('',(#2054,#2055,#2056,#2057));
#10023=EDGE_LOOP('',(#2058,#2059,#2060,#2061));
#10024=EDGE_LOOP('',(#2062,#2063,#2064,#2065));
#10025=EDGE_LOOP('',(#2066,#2067,#2068,#2069));
#10026=EDGE_LOOP('',(#2070,#2071,#2072,#2073));
#10027=EDGE_LOOP('',(#2074,#2075,#2076,#2077));
#10028=EDGE_LOOP('',(#2078,#2079,#2080,#2081));
#10029=EDGE_LOOP('',(#2082,#2083,#2084,#2085));
#10030=EDGE_LOOP('',(#2086,#2087,#2088,#2089));
#10031=EDGE_LOOP('',(#2090,#2091,#2092,#2093));
#10032=EDGE_LOOP('',(#2094,#2095,#2096,#2097));
#10033=EDGE_LOOP('',(#2098,#2099,#2100,#2101));
#10034=EDGE_LOOP('',(#2102,#2103,#2104,#2105));
#10035=EDGE_LOOP('',(#2106,#2107,#2108,#2109));
#10036=EDGE_LOOP('',(#2110,#2111,#2112,#2113));
#10037=EDGE_LOOP('',(#2114,#2115,#2116,#2117));
#10038=EDGE_LOOP('',(#2118,#2119,#2120,#2121));
#10039=EDGE_LOOP('',(#2122,#2123,#2124,#2125));
#10040=EDGE_LOOP('',(#2126,#2127,#2128,#2129));
#10041=EDGE_LOOP('',(#2130,#2131,#2132,#2133));
#10042=EDGE_LOOP('',(#2134,#2135,#2136,#2137));
#10043=EDGE_LOOP('',(#2138,#2139,#2140,#2141));
#10044=EDGE_LOOP('',(#2142,#2143,#2144,#2145));
#10045=EDGE_LOOP('',(#2146,#2147,#2148,#2149));
#10046=EDGE_LOOP('',(#2150,#2151,#2152,#2153));
#10047=EDGE_LOOP('',(#2154,#2155,#2156,#2157));
#10048=EDGE_LOOP('',(#2158,#2159,#2160,#2161));
#10049=EDGE_LOOP('',(#2162,#2163,#2164,#2165));
#10050=EDGE_LOOP('',(#2166,#2167,#2168,#2169));
#10051=EDGE_LOOP('',(#2170,#2171,#2172,#2173));
#10052=EDGE_LOOP('',(#2174,#2175,#2176,#2177));
#10053=EDGE_LOOP('',(#2178,#2179,#2180,#2181));
#10054=EDGE_LOOP('',(#2182,#2183,#2184,#2185));
#10055=EDGE_LOOP('',(#2186,#2187,#2188,#2189));
#10056=EDGE_LOOP('',(#2190,#2191,#2192,#2193));
#10057=EDGE_LOOP('',(#2194,#2195,#2196,#2197));
#10058=EDGE_LOOP('',(#2198,#2199,#2200,#2201));
#10059=EDGE_LOOP('',(#2202,#2203,#2204,#2205));
#10060=EDGE_LOOP('',(#2206,#2207,#2208,#2209));
#10061=EDGE_LOOP('',(#2210,#2211,#2212,#2213));
#10062=EDGE_LOOP('',(#2214,#2215,#2216,#2217));
#10063=EDGE_LOOP('',(#2218,#2219,#2220,#2221));
#10064=EDGE_LOOP('',(#2222,#2223,#2224,#2225));
#10065=EDGE_LOOP('',(#2226,#2227,#2228,#2229));
#10066=EDGE_LOOP('',(#2230,#2231,#2232,#2233));
#10067=EDGE_LOOP('',(#2234,#2235,#2236,#2237));
#10068=EDGE_LOOP('',(#2238,#2239,#2240,#2241));
#10069=EDGE_LOOP('',(#2242,#2243,#2244,#2245));
#10070=EDGE_LOOP('',(#2246,#2247,#2248,#2249));
#10071=EDGE_LOOP('',(#2250,#2251,#2252,#2253));
#10072=EDGE_LOOP('',(#2254,#2255,#2256,#2257));
#10073=EDGE_LOOP('',(#2258,#2259,#2260,#2261));
#10074=EDGE_LOOP('',(#2262,#2263,#2264,#2265));
#10075=EDGE_LOOP('',(#2266,#2267,#2268,#2269));
#10076=EDGE_LOOP('',(#2270,#2271,#2272,#2273));
#10077=EDGE_LOOP('',(#2274,#2275,#2276,#2277));
#10078=EDGE_LOOP('',(#2278,#2279,#2280,#2281));
#10079=EDGE_LOOP('',(#2282,#2283,#2284,#2285));
#10080=EDGE_LOOP('',(#2286,#2287,#2288,#2289));
#10081=EDGE_LOOP('',(#2290,#2291,#2292,#2293));
#10082=EDGE_LOOP('',(#2294,#2295,#2296,#2297));
#10083=EDGE_LOOP('',(#2298,#2299,#2300,#2301));
#10084=EDGE_LOOP('',(#2302,#2303,#2304,#2305));
#10085=EDGE_LOOP('',(#2306,#2307,#2308,#2309));
#10086=EDGE_LOOP('',(#2310,#2311,#2312,#2313));
#10087=EDGE_LOOP('',(#2314,#2315,#2316,#2317));
#10088=EDGE_LOOP('',(#2318,#2319,#2320,#2321));
#10089=EDGE_LOOP('',(#2322,#2323,#2324,#2325));
#10090=EDGE_LOOP('',(#2326,#2327,#2328,#2329));
#10091=EDGE_LOOP('',(#2330,#2331,#2332,#2333));
#10092=EDGE_LOOP('',(#2334,#2335,#2336,#2337));
#10093=EDGE_LOOP('',(#2338,#2339,#2340,#2341));
#10094=EDGE_LOOP('',(#2342,#2343,#2344,#2345));
#10095=EDGE_LOOP('',(#2346,#2347,#2348,#2349));
#10096=EDGE_LOOP('',(#2350,#2351,#2352,#2353));
#10097=EDGE_LOOP('',(#2354,#2355,#2356,#2357));
#10098=EDGE_LOOP('',(#2358,#2359,#2360,#2361));
#10099=EDGE_LOOP('',(#2362,#2363,#2364,#2365));
#10100=EDGE_LOOP('',(#2366,#2367,#2368,#2369));
#10101=EDGE_LOOP('',(#2370,#2371,#2372,#2373));
#10102=EDGE_LOOP('',(#2374,#2375,#2376,#2377));
#10103=EDGE_LOOP('',(#2378,#2379,#2380,#2381));
#10104=EDGE_LOOP('',(#2382,#2383,#2384,#2385));
#10105=EDGE_LOOP('',(#2386,#2387,#2388,#2389));
#10106=EDGE_LOOP('',(#2390,#2391,#2392,#2393));
#10107=EDGE_LOOP('',(#2394,#2395,#2396,#2397));
#10108=EDGE_LOOP('',(#2398,#2399,#2400,#2401));
#10109=EDGE_LOOP('',(#2402,#2403,#2404,#2405));
#10110=EDGE_LOOP('',(#2406,#2407,#2408,#2409));
#10111=EDGE_LOOP('',(#2410));
#10112=EDGE_LOOP('',(#2411));
#10113=EDGE_LOOP('',(#2412,#2413,#2414,#2415));
#10114=EDGE_LOOP('',(#2416,#2417,#2418,#2419));
#10115=EDGE_LOOP('',(#2420,#2421,#2422,#2423));
#10116=EDGE_LOOP('',(#2424,#2425,#2426,#2427));
#10117=EDGE_LOOP('',(#2428,#2429,#2430,#2431));
#10118=EDGE_LOOP('',(#2432,#2433,#2434,#2435));
#10119=EDGE_LOOP('',(#2436,#2437,#2438,#2439));
#10120=EDGE_LOOP('',(#2440,#2441,#2442,#2443));
#10121=EDGE_LOOP('',(#2444,#2445,#2446,#2447));
#10122=EDGE_LOOP('',(#2448,#2449,#2450,#2451));
#10123=EDGE_LOOP('',(#2452,#2453,#2454,#2455));
#10124=EDGE_LOOP('',(#2456,#2457,#2458,#2459));
#10125=EDGE_LOOP('',(#2460,#2461,#2462,#2463));
#10126=EDGE_LOOP('',(#2464,#2465,#2466,#2467));
#10127=EDGE_LOOP('',(#2468,#2469,#2470,#2471));
#10128=EDGE_LOOP('',(#2472,#2473,#2474,#2475));
#10129=EDGE_LOOP('',(#2476,#2477,#2478,#2479));
#10130=EDGE_LOOP('',(#2480,#2481,#2482,#2483));
#10131=EDGE_LOOP('',(#2484,#2485,#2486,#2487));
#10132=EDGE_LOOP('',(#2488,#2489,#2490,#2491));
#10133=EDGE_LOOP('',(#2492,#2493,#2494,#2495));
#10134=EDGE_LOOP('',(#2496,#2497,#2498,#2499));
#10135=EDGE_LOOP('',(#2500,#2501,#2502,#2503));
#10136=EDGE_LOOP('',(#2504,#2505,#2506,#2507));
#10137=EDGE_LOOP('',(#2508,#2509,#2510,#2511));
#10138=EDGE_LOOP('',(#2512,#2513,#2514,#2515));
#10139=EDGE_LOOP('',(#2516,#2517,#2518,#2519));
#10140=EDGE_LOOP('',(#2520,#2521,#2522,#2523));
#10141=EDGE_LOOP('',(#2524,#2525,#2526,#2527));
#10142=EDGE_LOOP('',(#2528,#2529,#2530,#2531));
#10143=EDGE_LOOP('',(#2532,#2533,#2534,#2535));
#10144=EDGE_LOOP('',(#2536,#2537,#2538,#2539));
#10145=EDGE_LOOP('',(#2540,#2541,#2542,#2543));
#10146=EDGE_LOOP('',(#2544,#2545,#2546,#2547));
#10147=EDGE_LOOP('',(#2548,#2549,#2550,#2551));
#10148=EDGE_LOOP('',(#2552,#2553,#2554,#2555));
#10149=EDGE_LOOP('',(#2556,#2557,#2558,#2559));
#10150=EDGE_LOOP('',(#2560,#2561,#2562,#2563));
#10151=EDGE_LOOP('',(#2564,#2565,#2566,#2567));
#10152=EDGE_LOOP('',(#2568,#2569,#2570,#2571));
#10153=EDGE_LOOP('',(#2572,#2573,#2574,#2575));
#10154=EDGE_LOOP('',(#2576,#2577,#2578,#2579));
#10155=EDGE_LOOP('',(#2580,#2581,#2582,#2583));
#10156=EDGE_LOOP('',(#2584,#2585,#2586,#2587));
#10157=EDGE_LOOP('',(#2588,#2589,#2590,#2591));
#10158=EDGE_LOOP('',(#2592,#2593,#2594,#2595));
#10159=EDGE_LOOP('',(#2596,#2597,#2598,#2599));
#10160=EDGE_LOOP('',(#2600,#2601,#2602,#2603));
#10161=EDGE_LOOP('',(#2604,#2605,#2606,#2607));
#10162=EDGE_LOOP('',(#2608,#2609,#2610,#2611));
#10163=EDGE_LOOP('',(#2612,#2613,#2614,#2615));
#10164=EDGE_LOOP('',(#2616,#2617,#2618,#2619));
#10165=EDGE_LOOP('',(#2620,#2621,#2622,#2623));
#10166=EDGE_LOOP('',(#2624,#2625,#2626,#2627));
#10167=EDGE_LOOP('',(#2628,#2629,#2630,#2631));
#10168=EDGE_LOOP('',(#2632,#2633,#2634,#2635));
#10169=EDGE_LOOP('',(#2636,#2637,#2638,#2639));
#10170=EDGE_LOOP('',(#2640,#2641,#2642,#2643));
#10171=EDGE_LOOP('',(#2644,#2645,#2646,#2647));
#10172=EDGE_LOOP('',(#2648,#2649,#2650,#2651));
#10173=EDGE_LOOP('',(#2652,#2653,#2654,#2655));
#10174=EDGE_LOOP('',(#2656,#2657,#2658,#2659));
#10175=EDGE_LOOP('',(#2660,#2661,#2662,#2663));
#10176=EDGE_LOOP('',(#2664,#2665,#2666,#2667));
#10177=EDGE_LOOP('',(#2668,#2669,#2670,#2671));
#10178=EDGE_LOOP('',(#2672,#2673,#2674,#2675));
#10179=EDGE_LOOP('',(#2676,#2677,#2678,#2679));
#10180=EDGE_LOOP('',(#2680,#2681,#2682,#2683));
#10181=EDGE_LOOP('',(#2684,#2685,#2686,#2687));
#10182=EDGE_LOOP('',(#2688,#2689,#2690,#2691));
#10183=EDGE_LOOP('',(#2692,#2693,#2694,#2695));
#10184=EDGE_LOOP('',(#2696,#2697,#2698,#2699));
#10185=EDGE_LOOP('',(#2700,#2701,#2702,#2703));
#10186=EDGE_LOOP('',(#2704,#2705,#2706,#2707));
#10187=EDGE_LOOP('',(#2708,#2709,#2710,#2711));
#10188=EDGE_LOOP('',(#2712,#2713,#2714,#2715));
#10189=EDGE_LOOP('',(#2716,#2717,#2718,#2719));
#10190=EDGE_LOOP('',(#2720,#2721,#2722,#2723));
#10191=EDGE_LOOP('',(#2724,#2725,#2726,#2727));
#10192=EDGE_LOOP('',(#2728,#2729,#2730,#2731));
#10193=EDGE_LOOP('',(#2732,#2733,#2734,#2735));
#10194=EDGE_LOOP('',(#2736,#2737,#2738,#2739));
#10195=EDGE_LOOP('',(#2740,#2741,#2742,#2743));
#10196=EDGE_LOOP('',(#2744,#2745,#2746,#2747));
#10197=EDGE_LOOP('',(#2748,#2749,#2750,#2751));
#10198=EDGE_LOOP('',(#2752,#2753,#2754,#2755));
#10199=EDGE_LOOP('',(#2756,#2757,#2758,#2759));
#10200=EDGE_LOOP('',(#2760,#2761,#2762,#2763));
#10201=EDGE_LOOP('',(#2764,#2765,#2766,#2767));
#10202=EDGE_LOOP('',(#2768,#2769,#2770,#2771));
#10203=EDGE_LOOP('',(#2772,#2773,#2774,#2775));
#10204=EDGE_LOOP('',(#2776,#2777,#2778,#2779));
#10205=EDGE_LOOP('',(#2780,#2781,#2782,#2783));
#10206=EDGE_LOOP('',(#2784,#2785,#2786,#2787));
#10207=EDGE_LOOP('',(#2788,#2789,#2790,#2791));
#10208=EDGE_LOOP('',(#2792,#2793,#2794,#2795));
#10209=EDGE_LOOP('',(#2796,#2797,#2798,#2799));
#10210=EDGE_LOOP('',(#2800,#2801,#2802,#2803));
#10211=EDGE_LOOP('',(#2804,#2805,#2806,#2807));
#10212=EDGE_LOOP('',(#2808,#2809,#2810,#2811));
#10213=EDGE_LOOP('',(#2812,#2813,#2814,#2815));
#10214=EDGE_LOOP('',(#2816,#2817,#2818,#2819));
#10215=EDGE_LOOP('',(#2820,#2821,#2822,#2823));
#10216=EDGE_LOOP('',(#2824,#2825,#2826,#2827));
#10217=EDGE_LOOP('',(#2828,#2829,#2830,#2831));
#10218=EDGE_LOOP('',(#2832,#2833,#2834,#2835));
#10219=EDGE_LOOP('',(#2836,#2837,#2838,#2839));
#10220=EDGE_LOOP('',(#2840,#2841,#2842,#2843));
#10221=EDGE_LOOP('',(#2844,#2845,#2846,#2847));
#10222=EDGE_LOOP('',(#2848,#2849,#2850,#2851));
#10223=EDGE_LOOP('',(#2852,#2853,#2854,#2855));
#10224=EDGE_LOOP('',(#2856,#2857,#2858,#2859));
#10225=EDGE_LOOP('',(#2860,#2861,#2862,#2863));
#10226=EDGE_LOOP('',(#2864,#2865,#2866,#2867));
#10227=EDGE_LOOP('',(#2868,#2869,#2870,#2871));
#10228=EDGE_LOOP('',(#2872,#2873,#2874,#2875));
#10229=EDGE_LOOP('',(#2876,#2877,#2878,#2879));
#10230=EDGE_LOOP('',(#2880,#2881,#2882,#2883));
#10231=EDGE_LOOP('',(#2884,#2885,#2886,#2887));
#10232=EDGE_LOOP('',(#2888,#2889,#2890,#2891));
#10233=EDGE_LOOP('',(#2892,#2893,#2894,#2895));
#10234=EDGE_LOOP('',(#2896,#2897,#2898,#2899));
#10235=EDGE_LOOP('',(#2900,#2901,#2902,#2903));
#10236=EDGE_LOOP('',(#2904,#2905,#2906,#2907));
#10237=EDGE_LOOP('',(#2908,#2909,#2910,#2911));
#10238=EDGE_LOOP('',(#2912,#2913,#2914,#2915));
#10239=EDGE_LOOP('',(#2916,#2917,#2918,#2919));
#10240=EDGE_LOOP('',(#2920,#2921,#2922,#2923));
#10241=EDGE_LOOP('',(#2924,#2925,#2926,#2927));
#10242=EDGE_LOOP('',(#2928,#2929,#2930,#2931));
#10243=EDGE_LOOP('',(#2932,#2933,#2934,#2935));
#10244=EDGE_LOOP('',(#2936,#2937,#2938,#2939));
#10245=EDGE_LOOP('',(#2940,#2941,#2942,#2943));
#10246=EDGE_LOOP('',(#2944,#2945,#2946,#2947));
#10247=EDGE_LOOP('',(#2948,#2949,#2950,#2951));
#10248=EDGE_LOOP('',(#2952,#2953,#2954,#2955));
#10249=EDGE_LOOP('',(#2956,#2957,#2958,#2959));
#10250=EDGE_LOOP('',(#2960,#2961,#2962,#2963));
#10251=EDGE_LOOP('',(#2964,#2965,#2966,#2967));
#10252=EDGE_LOOP('',(#2968,#2969,#2970,#2971));
#10253=EDGE_LOOP('',(#2972,#2973,#2974,#2975));
#10254=EDGE_LOOP('',(#2976,#2977,#2978,#2979));
#10255=EDGE_LOOP('',(#2980,#2981,#2982,#2983));
#10256=EDGE_LOOP('',(#2984,#2985,#2986,#2987));
#10257=EDGE_LOOP('',(#2988,#2989,#2990,#2991));
#10258=EDGE_LOOP('',(#2992,#2993,#2994,#2995));
#10259=EDGE_LOOP('',(#2996,#2997,#2998,#2999));
#10260=EDGE_LOOP('',(#3000,#3001,#3002,#3003));
#10261=EDGE_LOOP('',(#3004,#3005,#3006,#3007));
#10262=EDGE_LOOP('',(#3008,#3009,#3010,#3011));
#10263=EDGE_LOOP('',(#3012,#3013,#3014,#3015));
#10264=EDGE_LOOP('',(#3016,#3017,#3018,#3019));
#10265=EDGE_LOOP('',(#3020,#3021,#3022,#3023));
#10266=EDGE_LOOP('',(#3024,#3025,#3026,#3027));
#10267=EDGE_LOOP('',(#3028,#3029,#3030,#3031));
#10268=EDGE_LOOP('',(#3032,#3033,#3034,#3035));
#10269=EDGE_LOOP('',(#3036,#3037,#3038,#3039));
#10270=EDGE_LOOP('',(#3040));
#10271=EDGE_LOOP('',(#3041,#3042,#3043,#3044,#3045,#3046,#3047,#3048,#3049,
#3050,#3051,#3052,#3053,#3054,#3055,#3056,#3057,#3058,#3059,#3060,#3061,
#3062,#3063,#3064,#3065,#3066,#3067,#3068,#3069,#3070,#3071,#3072,#3073,
#3074,#3075,#3076,#3077,#3078,#3079,#3080,#3081,#3082,#3083,#3084,#3085,
#3086,#3087,#3088,#3089,#3090,#3091,#3092,#3093,#3094,#3095,#3096,#3097,
#3098,#3099,#3100,#3101,#3102,#3103,#3104,#3105,#3106,#3107,#3108,#3109,
#3110,#3111,#3112,#3113,#3114,#3115,#3116,#3117,#3118,#3119,#3120,#3121,
#3122,#3123,#3124,#3125,#3126,#3127,#3128,#3129,#3130,#3131,#3132,#3133,
#3134,#3135,#3136,#3137,#3138,#3139,#3140,#3141,#3142,#3143,#3144,#3145,
#3146,#3147,#3148,#3149,#3150,#3151,#3152,#3153,#3154,#3155,#3156,#3157,
#3158,#3159,#3160,#3161,#3162,#3163,#3164,#3165,#3166,#3167,#3168,#3169,
#3170,#3171,#3172,#3173,#3174,#3175,#3176,#3177,#3178,#3179,#3180,#3181,
#3182,#3183,#3184,#3185,#3186,#3187,#3188,#3189,#3190,#3191,#3192,#3193,
#3194,#3195,#3196,#3197,#3198,#3199,#3200));
#10272=EDGE_LOOP('',(#3201,#3202,#3203,#3204,#3205,#3206,#3207,#3208,#3209,
#3210,#3211,#3212,#3213,#3214,#3215,#3216,#3217,#3218,#3219,#3220,#3221,
#3222,#3223,#3224,#3225,#3226,#3227,#3228,#3229,#3230,#3231,#3232,#3233,
#3234,#3235,#3236,#3237,#3238,#3239,#3240,#3241,#3242,#3243,#3244,#3245,
#3246,#3247,#3248,#3249,#3250,#3251,#3252,#3253,#3254,#3255,#3256,#3257,
#3258,#3259,#3260,#3261,#3262,#3263,#3264,#3265,#3266,#3267,#3268,#3269,
#3270,#3271,#3272,#3273,#3274,#3275,#3276,#3277,#3278,#3279,#3280,#3281,
#3282,#3283,#3284,#3285,#3286,#3287,#3288,#3289,#3290,#3291,#3292,#3293,
#3294,#3295,#3296,#3297,#3298,#3299,#3300,#3301,#3302,#3303,#3304,#3305,
#3306,#3307,#3308,#3309,#3310,#3311,#3312,#3313,#3314,#3315,#3316,#3317,
#3318,#3319,#3320,#3321,#3322,#3323,#3324,#3325,#3326,#3327,#3328,#3329,
#3330,#3331,#3332,#3333,#3334,#3335,#3336,#3337,#3338,#3339,#3340,#3341,
#3342,#3343,#3344,#3345,#3346,#3347,#3348,#3349,#3350,#3351,#3352,#3353,
#3354,#3355,#3356,#3357,#3358,#3359,#3360));
#10273=EDGE_LOOP('',(#3361));
#10274=EDGE_LOOP('',(#3362,#3363,#3364,#3365));
#10275=EDGE_LOOP('',(#3366,#3367,#3368,#3369));
#10276=EDGE_LOOP('',(#3370,#3371,#3372,#3373));
#10277=EDGE_LOOP('',(#3374,#3375,#3376,#3377));
#10278=EDGE_LOOP('',(#3378));
#10279=EDGE_LOOP('',(#3379,#3380,#3381,#3382,#3383,#3384,#3385,#3386,#3387,
#3388,#3389,#3390,#3391,#3392,#3393,#3394,#3395,#3396,#3397,#3398,#3399,
#3400,#3401,#3402,#3403,#3404,#3405,#3406,#3407,#3408,#3409,#3410,#3411,
#3412,#3413,#3414,#3415,#3416,#3417,#3418,#3419,#3420,#3421,#3422,#3423,
#3424,#3425,#3426,#3427,#3428,#3429,#3430,#3431,#3432,#3433,#3434,#3435,
#3436,#3437,#3438,#3439,#3440,#3441,#3442,#3443,#3444,#3445,#3446,#3447,
#3448,#3449,#3450,#3451,#3452,#3453,#3454,#3455,#3456,#3457,#3458,#3459,
#3460,#3461,#3462,#3463,#3464,#3465,#3466,#3467,#3468,#3469,#3470,#3471,
#3472,#3473,#3474,#3475,#3476,#3477,#3478,#3479,#3480,#3481,#3482,#3483,
#3484,#3485,#3486,#3487,#3488,#3489,#3490,#3491,#3492,#3493,#3494,#3495,
#3496,#3497,#3498,#3499,#3500,#3501,#3502,#3503,#3504,#3505,#3506,#3507,
#3508,#3509,#3510,#3511,#3512,#3513,#3514,#3515,#3516,#3517,#3518,#3519,
#3520,#3521,#3522,#3523,#3524,#3525,#3526,#3527,#3528,#3529,#3530,#3531,
#3532,#3533,#3534,#3535,#3536,#3537,#3538,#3539,#3540,#3541,#3542,#3543,
#3544,#3545,#3546,#3547,#3548,#3549,#3550,#3551,#3552,#3553,#3554,#3555,
#3556,#3557,#3558,#3559,#3560,#3561,#3562,#3563,#3564,#3565,#3566,#3567,
#3568,#3569,#3570,#3571,#3572,#3573,#3574,#3575,#3576,#3577,#3578,#3579,
#3580,#3581,#3582,#3583,#3584,#3585,#3586,#3587,#3588,#3589,#3590,#3591,
#3592,#3593,#3594,#3595,#3596,#3597,#3598,#3599,#3600,#3601,#3602,#3603,
#3604,#3605,#3606,#3607,#3608,#3609,#3610,#3611,#3612,#3613,#3614,#3615,
#3616,#3617,#3618,#3619,#3620,#3621,#3622,#3623,#3624,#3625,#3626,#3627,
#3628,#3629,#3630,#3631,#3632,#3633,#3634,#3635,#3636,#3637,#3638,#3639,
#3640,#3641,#3642,#3643,#3644,#3645,#3646,#3647,#3648,#3649,#3650,#3651,
#3652,#3653,#3654,#3655,#3656,#3657,#3658,#3659,#3660,#3661,#3662,#3663,
#3664,#3665,#3666,#3667,#3668,#3669,#3670,#3671,#3672,#3673,#3674,#3675,
#3676,#3677,#3678,#3679,#3680,#3681,#3682,#3683,#3684,#3685,#3686,#3687,
#3688,#3689,#3690,#3691,#3692,#3693,#3694,#3695,#3696,#3697,#3698,#3699,
#3700,#3701,#3702,#3703,#3704,#3705,#3706,#3707,#3708,#3709,#3710,#3711,
#3712,#3713,#3714,#3715,#3716,#3717,#3718,#3719,#3720,#3721,#3722,#3723,
#3724,#3725,#3726,#3727,#3728,#3729,#3730,#3731,#3732,#3733,#3734,#3735,
#3736,#3737,#3738,#3739,#3740,#3741,#3742,#3743,#3744,#3745,#3746,#3747,
#3748,#3749,#3750,#3751,#3752,#3753,#3754,#3755,#3756,#3757,#3758,#3759,
#3760,#3761,#3762,#3763,#3764,#3765,#3766,#3767,#3768,#3769,#3770,#3771,
#3772,#3773,#3774,#3775,#3776,#3777,#3778,#3779,#3780,#3781,#3782,#3783,
#3784,#3785,#3786,#3787,#3788,#3789,#3790,#3791,#3792,#3793,#3794,#3795,
#3796,#3797,#3798,#3799,#3800,#3801,#3802,#3803));
#10280=EDGE_LOOP('',(#3804));
#10281=EDGE_LOOP('',(#3805,#3806,#3807,#3808,#3809,#3810,#3811,#3812,#3813,
#3814,#3815,#3816,#3817,#3818,#3819,#3820,#3821,#3822,#3823,#3824,#3825,
#3826,#3827,#3828,#3829,#3830,#3831,#3832,#3833,#3834,#3835,#3836,#3837,
#3838,#3839,#3840,#3841,#3842,#3843,#3844,#3845,#3846,#3847,#3848,#3849,
#3850,#3851,#3852,#3853,#3854,#3855,#3856,#3857,#3858,#3859,#3860,#3861,
#3862,#3863,#3864,#3865,#3866,#3867,#3868,#3869,#3870,#3871,#3872,#3873,
#3874,#3875,#3876,#3877,#3878,#3879,#3880,#3881,#3882,#3883,#3884,#3885,
#3886,#3887,#3888,#3889,#3890,#3891,#3892,#3893,#3894,#3895,#3896,#3897,
#3898,#3899,#3900,#3901,#3902,#3903,#3904,#3905,#3906,#3907,#3908,#3909,
#3910,#3911,#3912,#3913,#3914,#3915,#3916,#3917,#3918,#3919,#3920,#3921,
#3922,#3923,#3924,#3925,#3926,#3927,#3928,#3929,#3930,#3931,#3932,#3933,
#3934,#3935,#3936,#3937,#3938,#3939,#3940,#3941,#3942,#3943,#3944,#3945,
#3946,#3947,#3948,#3949,#3950,#3951,#3952,#3953,#3954,#3955,#3956,#3957,
#3958,#3959,#3960,#3961,#3962,#3963,#3964,#3965,#3966,#3967,#3968,#3969,
#3970,#3971,#3972,#3973,#3974,#3975,#3976,#3977,#3978,#3979,#3980,#3981,
#3982,#3983,#3984,#3985,#3986,#3987,#3988,#3989,#3990,#3991,#3992,#3993,
#3994,#3995,#3996,#3997,#3998,#3999,#4000,#4001,#4002,#4003,#4004,#4005,
#4006,#4007,#4008,#4009,#4010,#4011,#4012,#4013,#4014,#4015,#4016,#4017,
#4018,#4019,#4020,#4021,#4022,#4023,#4024,#4025,#4026,#4027,#4028,#4029,
#4030,#4031,#4032,#4033,#4034,#4035,#4036,#4037,#4038,#4039,#4040,#4041,
#4042,#4043,#4044,#4045,#4046,#4047,#4048,#4049,#4050,#4051,#4052,#4053,
#4054,#4055,#4056,#4057,#4058,#4059,#4060,#4061,#4062,#4063,#4064,#4065,
#4066,#4067,#4068,#4069,#4070,#4071,#4072,#4073,#4074,#4075,#4076,#4077,
#4078,#4079,#4080,#4081,#4082,#4083,#4084,#4085,#4086,#4087,#4088,#4089,
#4090,#4091,#4092,#4093,#4094,#4095,#4096,#4097,#4098,#4099,#4100,#4101,
#4102,#4103,#4104,#4105,#4106,#4107,#4108,#4109,#4110,#4111,#4112,#4113,
#4114,#4115,#4116,#4117,#4118,#4119,#4120,#4121,#4122,#4123,#4124,#4125,
#4126,#4127,#4128,#4129,#4130,#4131,#4132,#4133,#4134,#4135,#4136,#4137,
#4138,#4139,#4140,#4141,#4142,#4143,#4144,#4145,#4146,#4147,#4148,#4149,
#4150,#4151,#4152,#4153,#4154,#4155,#4156,#4157,#4158,#4159,#4160,#4161,
#4162,#4163,#4164,#4165,#4166,#4167,#4168,#4169,#4170,#4171,#4172,#4173,
#4174,#4175,#4176,#4177,#4178,#4179,#4180,#4181,#4182,#4183,#4184,#4185,
#4186,#4187,#4188,#4189,#4190,#4191,#4192,#4193,#4194,#4195,#4196,#4197,
#4198,#4199,#4200,#4201,#4202,#4203,#4204,#4205,#4206,#4207,#4208,#4209,
#4210,#4211,#4212,#4213,#4214,#4215,#4216,#4217,#4218,#4219,#4220,#4221,
#4222,#4223,#4224,#4225,#4226,#4227,#4228,#4229));
#10282=EDGE_LOOP('',(#4230,#4231,#4232,#4233));
#10283=EDGE_LOOP('',(#4234,#4235,#4236,#4237));
#10284=EDGE_LOOP('',(#4238,#4239,#4240,#4241));
#10285=EDGE_LOOP('',(#4242,#4243,#4244,#4245));
#10286=FACE_BOUND('',#9689,.T.);
#10287=FACE_BOUND('',#9690,.T.);
#10288=FACE_BOUND('',#9691,.T.);
#10289=FACE_BOUND('',#9692,.T.);
#10290=FACE_BOUND('',#9693,.T.);
#10291=FACE_BOUND('',#9694,.T.);
#10292=FACE_BOUND('',#9695,.T.);
#10293=FACE_BOUND('',#9696,.T.);
#10294=FACE_BOUND('',#9697,.T.);
#10295=FACE_BOUND('',#9698,.T.);
#10296=FACE_BOUND('',#9699,.T.);
#10297=FACE_BOUND('',#9700,.T.);
#10298=FACE_BOUND('',#9701,.T.);
#10299=FACE_BOUND('',#9702,.T.);
#10300=FACE_BOUND('',#9703,.T.);
#10301=FACE_BOUND('',#9704,.T.);
#10302=FACE_BOUND('',#9705,.T.);
#10303=FACE_BOUND('',#9706,.T.);
#10304=FACE_BOUND('',#9707,.T.);
#10305=FACE_BOUND('',#9708,.T.);
#10306=FACE_BOUND('',#9709,.T.);
#10307=FACE_BOUND('',#9710,.T.);
#10308=FACE_BOUND('',#9711,.T.);
#10309=FACE_BOUND('',#9712,.T.);
#10310=FACE_BOUND('',#9713,.T.);
#10311=FACE_BOUND('',#9714,.T.);
#10312=FACE_BOUND('',#9715,.T.);
#10313=FACE_BOUND('',#9716,.T.);
#10314=FACE_BOUND('',#9717,.T.);
#10315=FACE_BOUND('',#9718,.T.);
#10316=FACE_BOUND('',#9719,.T.);
#10317=FACE_BOUND('',#9720,.T.);
#10318=FACE_BOUND('',#9721,.T.);
#10319=FACE_BOUND('',#9722,.T.);
#10320=FACE_BOUND('',#9723,.T.);
#10321=FACE_BOUND('',#9724,.T.);
#10322=FACE_BOUND('',#9725,.T.);
#10323=FACE_BOUND('',#9726,.T.);
#10324=FACE_BOUND('',#9727,.T.);
#10325=FACE_BOUND('',#9728,.T.);
#10326=FACE_BOUND('',#9729,.T.);
#10327=FACE_BOUND('',#9730,.T.);
#10328=FACE_BOUND('',#9731,.T.);
#10329=FACE_BOUND('',#9732,.T.);
#10330=FACE_BOUND('',#9733,.T.);
#10331=FACE_BOUND('',#9734,.T.);
#10332=FACE_BOUND('',#9735,.T.);
#10333=FACE_BOUND('',#9736,.T.);
#10334=FACE_BOUND('',#9737,.T.);
#10335=FACE_BOUND('',#9738,.T.);
#10336=FACE_BOUND('',#9739,.T.);
#10337=FACE_BOUND('',#9740,.T.);
#10338=FACE_BOUND('',#9741,.T.);
#10339=FACE_BOUND('',#9742,.T.);
#10340=FACE_BOUND('',#9743,.T.);
#10341=FACE_BOUND('',#9744,.T.);
#10342=FACE_BOUND('',#9745,.T.);
#10343=FACE_BOUND('',#9746,.T.);
#10344=FACE_BOUND('',#9747,.T.);
#10345=FACE_BOUND('',#9748,.T.);
#10346=FACE_BOUND('',#9749,.T.);
#10347=FACE_BOUND('',#9750,.T.);
#10348=FACE_BOUND('',#9751,.T.);
#10349=FACE_BOUND('',#9752,.T.);
#10350=FACE_BOUND('',#9753,.T.);
#10351=FACE_BOUND('',#9754,.T.);
#10352=FACE_BOUND('',#9755,.T.);
#10353=FACE_BOUND('',#9756,.T.);
#10354=FACE_BOUND('',#9757,.T.);
#10355=FACE_BOUND('',#9758,.T.);
#10356=FACE_BOUND('',#9759,.T.);
#10357=FACE_BOUND('',#9760,.T.);
#10358=FACE_BOUND('',#9761,.T.);
#10359=FACE_BOUND('',#9762,.T.);
#10360=FACE_BOUND('',#9763,.T.);
#10361=FACE_BOUND('',#9764,.T.);
#10362=FACE_BOUND('',#9765,.T.);
#10363=FACE_BOUND('',#9766,.T.);
#10364=FACE_BOUND('',#9767,.T.);
#10365=FACE_BOUND('',#9768,.T.);
#10366=FACE_BOUND('',#9769,.T.);
#10367=FACE_BOUND('',#9770,.T.);
#10368=FACE_BOUND('',#9771,.T.);
#10369=FACE_BOUND('',#9772,.T.);
#10370=FACE_BOUND('',#9773,.T.);
#10371=FACE_BOUND('',#9774,.T.);
#10372=FACE_BOUND('',#9775,.T.);
#10373=FACE_BOUND('',#9776,.T.);
#10374=FACE_BOUND('',#9777,.T.);
#10375=FACE_BOUND('',#9778,.T.);
#10376=FACE_BOUND('',#9779,.T.);
#10377=FACE_BOUND('',#9780,.T.);
#10378=FACE_BOUND('',#9781,.T.);
#10379=FACE_BOUND('',#9782,.T.);
#10380=FACE_BOUND('',#9783,.T.);
#10381=FACE_BOUND('',#9784,.T.);
#10382=FACE_BOUND('',#9785,.T.);
#10383=FACE_BOUND('',#9786,.T.);
#10384=FACE_BOUND('',#9787,.T.);
#10385=FACE_BOUND('',#9788,.T.);
#10386=FACE_BOUND('',#9789,.T.);
#10387=FACE_BOUND('',#9790,.T.);
#10388=FACE_BOUND('',#9791,.T.);
#10389=FACE_BOUND('',#9792,.T.);
#10390=FACE_BOUND('',#9793,.T.);
#10391=FACE_BOUND('',#9794,.T.);
#10392=FACE_BOUND('',#9795,.T.);
#10393=FACE_BOUND('',#9796,.T.);
#10394=FACE_BOUND('',#9797,.T.);
#10395=FACE_BOUND('',#9798,.T.);
#10396=FACE_BOUND('',#9799,.T.);
#10397=FACE_BOUND('',#9800,.T.);
#10398=FACE_BOUND('',#9801,.T.);
#10399=FACE_BOUND('',#9802,.T.);
#10400=FACE_BOUND('',#9803,.T.);
#10401=FACE_BOUND('',#9804,.T.);
#10402=FACE_BOUND('',#9805,.T.);
#10403=FACE_BOUND('',#9806,.T.);
#10404=FACE_BOUND('',#9807,.T.);
#10405=FACE_BOUND('',#9808,.T.);
#10406=FACE_BOUND('',#9809,.T.);
#10407=FACE_BOUND('',#9810,.T.);
#10408=FACE_BOUND('',#9811,.T.);
#10409=FACE_BOUND('',#9812,.T.);
#10410=FACE_BOUND('',#9813,.T.);
#10411=FACE_BOUND('',#9814,.T.);
#10412=FACE_BOUND('',#9815,.T.);
#10413=FACE_BOUND('',#9816,.T.);
#10414=FACE_BOUND('',#9817,.T.);
#10415=FACE_BOUND('',#9818,.T.);
#10416=FACE_BOUND('',#9819,.T.);
#10417=FACE_BOUND('',#9820,.T.);
#10418=FACE_BOUND('',#9821,.T.);
#10419=FACE_BOUND('',#9822,.T.);
#10420=FACE_BOUND('',#9823,.T.);
#10421=FACE_BOUND('',#9824,.T.);
#10422=FACE_BOUND('',#9825,.T.);
#10423=FACE_BOUND('',#9826,.T.);
#10424=FACE_BOUND('',#9827,.T.);
#10425=FACE_BOUND('',#9828,.T.);
#10426=FACE_BOUND('',#9829,.T.);
#10427=FACE_BOUND('',#9830,.T.);
#10428=FACE_BOUND('',#9831,.T.);
#10429=FACE_BOUND('',#9832,.T.);
#10430=FACE_BOUND('',#9833,.T.);
#10431=FACE_BOUND('',#9834,.T.);
#10432=FACE_BOUND('',#9835,.T.);
#10433=FACE_BOUND('',#9836,.T.);
#10434=FACE_BOUND('',#9837,.T.);
#10435=FACE_BOUND('',#9838,.T.);
#10436=FACE_BOUND('',#9839,.T.);
#10437=FACE_BOUND('',#9840,.T.);
#10438=FACE_BOUND('',#9841,.T.);
#10439=FACE_BOUND('',#9842,.T.);
#10440=FACE_BOUND('',#9843,.T.);
#10441=FACE_BOUND('',#9844,.T.);
#10442=FACE_BOUND('',#9845,.T.);
#10443=FACE_BOUND('',#9846,.T.);
#10444=FACE_BOUND('',#9847,.T.);
#10445=FACE_BOUND('',#9848,.T.);
#10446=FACE_BOUND('',#9849,.T.);
#10447=FACE_BOUND('',#9850,.T.);
#10448=FACE_BOUND('',#9851,.T.);
#10449=FACE_BOUND('',#9852,.T.);
#10450=FACE_BOUND('',#9853,.T.);
#10451=FACE_BOUND('',#9854,.T.);
#10452=FACE_BOUND('',#9855,.T.);
#10453=FACE_BOUND('',#9856,.T.);
#10454=FACE_BOUND('',#9857,.T.);
#10455=FACE_BOUND('',#9858,.T.);
#10456=FACE_BOUND('',#9859,.T.);
#10457=FACE_BOUND('',#9860,.T.);
#10458=FACE_BOUND('',#9861,.T.);
#10459=FACE_BOUND('',#9862,.T.);
#10460=FACE_BOUND('',#9863,.T.);
#10461=FACE_BOUND('',#9864,.T.);
#10462=FACE_BOUND('',#9865,.T.);
#10463=FACE_BOUND('',#9866,.T.);
#10464=FACE_BOUND('',#9867,.T.);
#10465=FACE_BOUND('',#9868,.T.);
#10466=FACE_BOUND('',#9869,.T.);
#10467=FACE_BOUND('',#9870,.T.);
#10468=FACE_BOUND('',#9871,.T.);
#10469=FACE_BOUND('',#9872,.T.);
#10470=FACE_BOUND('',#9873,.T.);
#10471=FACE_BOUND('',#9874,.T.);
#10472=FACE_BOUND('',#9875,.T.);
#10473=FACE_BOUND('',#9876,.T.);
#10474=FACE_BOUND('',#9877,.T.);
#10475=FACE_BOUND('',#9878,.T.);
#10476=FACE_BOUND('',#9879,.T.);
#10477=FACE_BOUND('',#9880,.T.);
#10478=FACE_BOUND('',#9881,.T.);
#10479=FACE_BOUND('',#9882,.T.);
#10480=FACE_BOUND('',#9883,.T.);
#10481=FACE_BOUND('',#9884,.T.);
#10482=FACE_BOUND('',#9885,.T.);
#10483=FACE_BOUND('',#9886,.T.);
#10484=FACE_BOUND('',#9887,.T.);
#10485=FACE_BOUND('',#9888,.T.);
#10486=FACE_BOUND('',#9889,.T.);
#10487=FACE_BOUND('',#9890,.T.);
#10488=FACE_BOUND('',#9891,.T.);
#10489=FACE_BOUND('',#9892,.T.);
#10490=FACE_BOUND('',#9893,.T.);
#10491=FACE_BOUND('',#9894,.T.);
#10492=FACE_BOUND('',#9895,.T.);
#10493=FACE_BOUND('',#9896,.T.);
#10494=FACE_BOUND('',#9897,.T.);
#10495=FACE_BOUND('',#9898,.T.);
#10496=FACE_BOUND('',#9899,.T.);
#10497=FACE_BOUND('',#9900,.T.);
#10498=FACE_BOUND('',#9901,.T.);
#10499=FACE_BOUND('',#9902,.T.);
#10500=FACE_BOUND('',#9903,.T.);
#10501=FACE_BOUND('',#9904,.T.);
#10502=FACE_BOUND('',#9905,.T.);
#10503=FACE_BOUND('',#9906,.T.);
#10504=FACE_BOUND('',#9907,.T.);
#10505=FACE_BOUND('',#9908,.T.);
#10506=FACE_BOUND('',#9909,.T.);
#10507=FACE_BOUND('',#9910,.T.);
#10508=FACE_BOUND('',#9911,.T.);
#10509=FACE_BOUND('',#9912,.T.);
#10510=FACE_BOUND('',#9913,.T.);
#10511=FACE_BOUND('',#9914,.T.);
#10512=FACE_BOUND('',#9915,.T.);
#10513=FACE_BOUND('',#9916,.T.);
#10514=FACE_BOUND('',#9917,.T.);
#10515=FACE_BOUND('',#9918,.T.);
#10516=FACE_BOUND('',#9919,.T.);
#10517=FACE_BOUND('',#9920,.T.);
#10518=FACE_BOUND('',#9921,.T.);
#10519=FACE_BOUND('',#9922,.T.);
#10520=FACE_BOUND('',#9923,.T.);
#10521=FACE_BOUND('',#9924,.T.);
#10522=FACE_BOUND('',#9925,.T.);
#10523=FACE_BOUND('',#9926,.T.);
#10524=FACE_BOUND('',#9927,.T.);
#10525=FACE_BOUND('',#9928,.T.);
#10526=FACE_BOUND('',#9929,.T.);
#10527=FACE_BOUND('',#9930,.T.);
#10528=FACE_BOUND('',#9931,.T.);
#10529=FACE_BOUND('',#9932,.T.);
#10530=FACE_BOUND('',#9933,.T.);
#10531=FACE_BOUND('',#9934,.T.);
#10532=FACE_BOUND('',#9935,.T.);
#10533=FACE_BOUND('',#9936,.T.);
#10534=FACE_BOUND('',#9937,.T.);
#10535=FACE_BOUND('',#9938,.T.);
#10536=FACE_BOUND('',#9939,.T.);
#10537=FACE_BOUND('',#9940,.T.);
#10538=FACE_BOUND('',#9941,.T.);
#10539=FACE_BOUND('',#9942,.T.);
#10540=FACE_BOUND('',#9943,.T.);
#10541=FACE_BOUND('',#9944,.T.);
#10542=FACE_BOUND('',#9945,.T.);
#10543=FACE_BOUND('',#9946,.T.);
#10544=FACE_BOUND('',#9947,.T.);
#10545=FACE_BOUND('',#9948,.T.);
#10546=FACE_BOUND('',#9949,.T.);
#10547=FACE_BOUND('',#9950,.T.);
#10548=FACE_BOUND('',#9951,.T.);
#10549=FACE_BOUND('',#9952,.T.);
#10550=FACE_BOUND('',#9953,.T.);
#10551=FACE_BOUND('',#9954,.T.);
#10552=FACE_BOUND('',#9955,.T.);
#10553=FACE_BOUND('',#9956,.T.);
#10554=FACE_BOUND('',#9957,.T.);
#10555=FACE_BOUND('',#9958,.T.);
#10556=FACE_BOUND('',#9959,.T.);
#10557=FACE_BOUND('',#9960,.T.);
#10558=FACE_BOUND('',#9961,.T.);
#10559=FACE_BOUND('',#9962,.T.);
#10560=FACE_BOUND('',#9963,.T.);
#10561=FACE_BOUND('',#9964,.T.);
#10562=FACE_BOUND('',#9965,.T.);
#10563=FACE_BOUND('',#9966,.T.);
#10564=FACE_BOUND('',#9967,.T.);
#10565=FACE_BOUND('',#9968,.T.);
#10566=FACE_BOUND('',#9969,.T.);
#10567=FACE_BOUND('',#9970,.T.);
#10568=FACE_BOUND('',#9971,.T.);
#10569=FACE_BOUND('',#9972,.T.);
#10570=FACE_BOUND('',#9973,.T.);
#10571=FACE_BOUND('',#9974,.T.);
#10572=FACE_BOUND('',#9975,.T.);
#10573=FACE_BOUND('',#9976,.T.);
#10574=FACE_BOUND('',#9977,.T.);
#10575=FACE_BOUND('',#9978,.T.);
#10576=FACE_BOUND('',#9979,.T.);
#10577=FACE_BOUND('',#9980,.T.);
#10578=FACE_BOUND('',#9981,.T.);
#10579=FACE_BOUND('',#9982,.T.);
#10580=FACE_BOUND('',#9983,.T.);
#10581=FACE_BOUND('',#9984,.T.);
#10582=FACE_BOUND('',#9985,.T.);
#10583=FACE_BOUND('',#9986,.T.);
#10584=FACE_BOUND('',#9987,.T.);
#10585=FACE_BOUND('',#9988,.T.);
#10586=FACE_BOUND('',#9989,.T.);
#10587=FACE_BOUND('',#9990,.T.);
#10588=FACE_BOUND('',#9991,.T.);
#10589=FACE_BOUND('',#9992,.T.);
#10590=FACE_BOUND('',#9993,.T.);
#10591=FACE_BOUND('',#9994,.T.);
#10592=FACE_BOUND('',#9995,.T.);
#10593=FACE_BOUND('',#9996,.T.);
#10594=FACE_BOUND('',#9997,.T.);
#10595=FACE_BOUND('',#9998,.T.);
#10596=FACE_BOUND('',#9999,.T.);
#10597=FACE_BOUND('',#10000,.T.);
#10598=FACE_BOUND('',#10001,.T.);
#10599=FACE_BOUND('',#10002,.T.);
#10600=FACE_BOUND('',#10003,.T.);
#10601=FACE_BOUND('',#10004,.T.);
#10602=FACE_BOUND('',#10005,.T.);
#10603=FACE_BOUND('',#10006,.T.);
#10604=FACE_BOUND('',#10007,.T.);
#10605=FACE_BOUND('',#10008,.T.);
#10606=FACE_BOUND('',#10009,.T.);
#10607=FACE_BOUND('',#10010,.T.);
#10608=FACE_BOUND('',#10011,.T.);
#10609=FACE_BOUND('',#10012,.T.);
#10610=FACE_BOUND('',#10013,.T.);
#10611=FACE_BOUND('',#10014,.T.);
#10612=FACE_BOUND('',#10015,.T.);
#10613=FACE_BOUND('',#10016,.T.);
#10614=FACE_BOUND('',#10017,.T.);
#10615=FACE_BOUND('',#10018,.T.);
#10616=FACE_BOUND('',#10019,.T.);
#10617=FACE_BOUND('',#10020,.T.);
#10618=FACE_BOUND('',#10021,.T.);
#10619=FACE_BOUND('',#10022,.T.);
#10620=FACE_BOUND('',#10023,.T.);
#10621=FACE_BOUND('',#10024,.T.);
#10622=FACE_BOUND('',#10025,.T.);
#10623=FACE_BOUND('',#10026,.T.);
#10624=FACE_BOUND('',#10027,.T.);
#10625=FACE_BOUND('',#10028,.T.);
#10626=FACE_BOUND('',#10029,.T.);
#10627=FACE_BOUND('',#10030,.T.);
#10628=FACE_BOUND('',#10031,.T.);
#10629=FACE_BOUND('',#10032,.T.);
#10630=FACE_BOUND('',#10033,.T.);
#10631=FACE_BOUND('',#10034,.T.);
#10632=FACE_BOUND('',#10035,.T.);
#10633=FACE_BOUND('',#10036,.T.);
#10634=FACE_BOUND('',#10037,.T.);
#10635=FACE_BOUND('',#10038,.T.);
#10636=FACE_BOUND('',#10039,.T.);
#10637=FACE_BOUND('',#10040,.T.);
#10638=FACE_BOUND('',#10041,.T.);
#10639=FACE_BOUND('',#10042,.T.);
#10640=FACE_BOUND('',#10043,.T.);
#10641=FACE_BOUND('',#10044,.T.);
#10642=FACE_BOUND('',#10045,.T.);
#10643=FACE_BOUND('',#10046,.T.);
#10644=FACE_BOUND('',#10047,.T.);
#10645=FACE_BOUND('',#10048,.T.);
#10646=FACE_BOUND('',#10049,.T.);
#10647=FACE_BOUND('',#10050,.T.);
#10648=FACE_BOUND('',#10051,.T.);
#10649=FACE_BOUND('',#10052,.T.);
#10650=FACE_BOUND('',#10053,.T.);
#10651=FACE_BOUND('',#10054,.T.);
#10652=FACE_BOUND('',#10055,.T.);
#10653=FACE_BOUND('',#10056,.T.);
#10654=FACE_BOUND('',#10057,.T.);
#10655=FACE_BOUND('',#10058,.T.);
#10656=FACE_BOUND('',#10059,.T.);
#10657=FACE_BOUND('',#10060,.T.);
#10658=FACE_BOUND('',#10061,.T.);
#10659=FACE_BOUND('',#10062,.T.);
#10660=FACE_BOUND('',#10063,.T.);
#10661=FACE_BOUND('',#10064,.T.);
#10662=FACE_BOUND('',#10065,.T.);
#10663=FACE_BOUND('',#10066,.T.);
#10664=FACE_BOUND('',#10067,.T.);
#10665=FACE_BOUND('',#10068,.T.);
#10666=FACE_BOUND('',#10069,.T.);
#10667=FACE_BOUND('',#10070,.T.);
#10668=FACE_BOUND('',#10071,.T.);
#10669=FACE_BOUND('',#10072,.T.);
#10670=FACE_BOUND('',#10073,.T.);
#10671=FACE_BOUND('',#10074,.T.);
#10672=FACE_BOUND('',#10075,.T.);
#10673=FACE_BOUND('',#10076,.T.);
#10674=FACE_BOUND('',#10077,.T.);
#10675=FACE_BOUND('',#10078,.T.);
#10676=FACE_BOUND('',#10079,.T.);
#10677=FACE_BOUND('',#10080,.T.);
#10678=FACE_BOUND('',#10081,.T.);
#10679=FACE_BOUND('',#10082,.T.);
#10680=FACE_BOUND('',#10083,.T.);
#10681=FACE_BOUND('',#10084,.T.);
#10682=FACE_BOUND('',#10085,.T.);
#10683=FACE_BOUND('',#10086,.T.);
#10684=FACE_BOUND('',#10087,.T.);
#10685=FACE_BOUND('',#10088,.T.);
#10686=FACE_BOUND('',#10089,.T.);
#10687=FACE_BOUND('',#10090,.T.);
#10688=FACE_BOUND('',#10091,.T.);
#10689=FACE_BOUND('',#10092,.T.);
#10690=FACE_BOUND('',#10093,.T.);
#10691=FACE_BOUND('',#10094,.T.);
#10692=FACE_BOUND('',#10095,.T.);
#10693=FACE_BOUND('',#10096,.T.);
#10694=FACE_BOUND('',#10097,.T.);
#10695=FACE_BOUND('',#10098,.T.);
#10696=FACE_BOUND('',#10099,.T.);
#10697=FACE_BOUND('',#10100,.T.);
#10698=FACE_BOUND('',#10101,.T.);
#10699=FACE_BOUND('',#10102,.T.);
#10700=FACE_BOUND('',#10103,.T.);
#10701=FACE_BOUND('',#10104,.T.);
#10702=FACE_BOUND('',#10105,.T.);
#10703=FACE_BOUND('',#10106,.T.);
#10704=FACE_BOUND('',#10107,.T.);
#10705=FACE_BOUND('',#10108,.T.);
#10706=FACE_BOUND('',#10109,.T.);
#10707=FACE_BOUND('',#10110,.T.);
#10708=FACE_BOUND('',#10111,.T.);
#10709=FACE_BOUND('',#10112,.T.);
#10710=FACE_BOUND('',#10113,.T.);
#10711=FACE_BOUND('',#10114,.T.);
#10712=FACE_BOUND('',#10115,.T.);
#10713=FACE_BOUND('',#10116,.T.);
#10714=FACE_BOUND('',#10117,.T.);
#10715=FACE_BOUND('',#10118,.T.);
#10716=FACE_BOUND('',#10119,.T.);
#10717=FACE_BOUND('',#10120,.T.);
#10718=FACE_BOUND('',#10121,.T.);
#10719=FACE_BOUND('',#10122,.T.);
#10720=FACE_BOUND('',#10123,.T.);
#10721=FACE_BOUND('',#10124,.T.);
#10722=FACE_BOUND('',#10125,.T.);
#10723=FACE_BOUND('',#10126,.T.);
#10724=FACE_BOUND('',#10127,.T.);
#10725=FACE_BOUND('',#10128,.T.);
#10726=FACE_BOUND('',#10129,.T.);
#10727=FACE_BOUND('',#10130,.T.);
#10728=FACE_BOUND('',#10131,.T.);
#10729=FACE_BOUND('',#10132,.T.);
#10730=FACE_BOUND('',#10133,.T.);
#10731=FACE_BOUND('',#10134,.T.);
#10732=FACE_BOUND('',#10135,.T.);
#10733=FACE_BOUND('',#10136,.T.);
#10734=FACE_BOUND('',#10137,.T.);
#10735=FACE_BOUND('',#10138,.T.);
#10736=FACE_BOUND('',#10139,.T.);
#10737=FACE_BOUND('',#10140,.T.);
#10738=FACE_BOUND('',#10141,.T.);
#10739=FACE_BOUND('',#10142,.T.);
#10740=FACE_BOUND('',#10143,.T.);
#10741=FACE_BOUND('',#10144,.T.);
#10742=FACE_BOUND('',#10145,.T.);
#10743=FACE_BOUND('',#10146,.T.);
#10744=FACE_BOUND('',#10147,.T.);
#10745=FACE_BOUND('',#10148,.T.);
#10746=FACE_BOUND('',#10149,.T.);
#10747=FACE_BOUND('',#10150,.T.);
#10748=FACE_BOUND('',#10151,.T.);
#10749=FACE_BOUND('',#10152,.T.);
#10750=FACE_BOUND('',#10153,.T.);
#10751=FACE_BOUND('',#10154,.T.);
#10752=FACE_BOUND('',#10155,.T.);
#10753=FACE_BOUND('',#10156,.T.);
#10754=FACE_BOUND('',#10157,.T.);
#10755=FACE_BOUND('',#10158,.T.);
#10756=FACE_BOUND('',#10159,.T.);
#10757=FACE_BOUND('',#10160,.T.);
#10758=FACE_BOUND('',#10161,.T.);
#10759=FACE_BOUND('',#10162,.T.);
#10760=FACE_BOUND('',#10163,.T.);
#10761=FACE_BOUND('',#10164,.T.);
#10762=FACE_BOUND('',#10165,.T.);
#10763=FACE_BOUND('',#10166,.T.);
#10764=FACE_BOUND('',#10167,.T.);
#10765=FACE_BOUND('',#10168,.T.);
#10766=FACE_BOUND('',#10169,.T.);
#10767=FACE_BOUND('',#10170,.T.);
#10768=FACE_BOUND('',#10171,.T.);
#10769=FACE_BOUND('',#10172,.T.);
#10770=FACE_BOUND('',#10173,.T.);
#10771=FACE_BOUND('',#10174,.T.);
#10772=FACE_BOUND('',#10175,.T.);
#10773=FACE_BOUND('',#10176,.T.);
#10774=FACE_BOUND('',#10177,.T.);
#10775=FACE_BOUND('',#10178,.T.);
#10776=FACE_BOUND('',#10179,.T.);
#10777=FACE_BOUND('',#10180,.T.);
#10778=FACE_BOUND('',#10181,.T.);
#10779=FACE_BOUND('',#10182,.T.);
#10780=FACE_BOUND('',#10183,.T.);
#10781=FACE_BOUND('',#10184,.T.);
#10782=FACE_BOUND('',#10185,.T.);
#10783=FACE_BOUND('',#10186,.T.);
#10784=FACE_BOUND('',#10187,.T.);
#10785=FACE_BOUND('',#10188,.T.);
#10786=FACE_BOUND('',#10189,.T.);
#10787=FACE_BOUND('',#10190,.T.);
#10788=FACE_BOUND('',#10191,.T.);
#10789=FACE_BOUND('',#10192,.T.);
#10790=FACE_BOUND('',#10193,.T.);
#10791=FACE_BOUND('',#10194,.T.);
#10792=FACE_BOUND('',#10195,.T.);
#10793=FACE_BOUND('',#10196,.T.);
#10794=FACE_BOUND('',#10197,.T.);
#10795=FACE_BOUND('',#10198,.T.);
#10796=FACE_BOUND('',#10199,.T.);
#10797=FACE_BOUND('',#10200,.T.);
#10798=FACE_BOUND('',#10201,.T.);
#10799=FACE_BOUND('',#10202,.T.);
#10800=FACE_BOUND('',#10203,.T.);
#10801=FACE_BOUND('',#10204,.T.);
#10802=FACE_BOUND('',#10205,.T.);
#10803=FACE_BOUND('',#10206,.T.);
#10804=FACE_BOUND('',#10207,.T.);
#10805=FACE_BOUND('',#10208,.T.);
#10806=FACE_BOUND('',#10209,.T.);
#10807=FACE_BOUND('',#10210,.T.);
#10808=FACE_BOUND('',#10211,.T.);
#10809=FACE_BOUND('',#10212,.T.);
#10810=FACE_BOUND('',#10213,.T.);
#10811=FACE_BOUND('',#10214,.T.);
#10812=FACE_BOUND('',#10215,.T.);
#10813=FACE_BOUND('',#10216,.T.);
#10814=FACE_BOUND('',#10217,.T.);
#10815=FACE_BOUND('',#10218,.T.);
#10816=FACE_BOUND('',#10219,.T.);
#10817=FACE_BOUND('',#10220,.T.);
#10818=FACE_BOUND('',#10221,.T.);
#10819=FACE_BOUND('',#10222,.T.);
#10820=FACE_BOUND('',#10223,.T.);
#10821=FACE_BOUND('',#10224,.T.);
#10822=FACE_BOUND('',#10225,.T.);
#10823=FACE_BOUND('',#10226,.T.);
#10824=FACE_BOUND('',#10227,.T.);
#10825=FACE_BOUND('',#10228,.T.);
#10826=FACE_BOUND('',#10229,.T.);
#10827=FACE_BOUND('',#10230,.T.);
#10828=FACE_BOUND('',#10231,.T.);
#10829=FACE_BOUND('',#10232,.T.);
#10830=FACE_BOUND('',#10233,.T.);
#10831=FACE_BOUND('',#10234,.T.);
#10832=FACE_BOUND('',#10235,.T.);
#10833=FACE_BOUND('',#10236,.T.);
#10834=FACE_BOUND('',#10237,.T.);
#10835=FACE_BOUND('',#10238,.T.);
#10836=FACE_BOUND('',#10239,.T.);
#10837=FACE_BOUND('',#10240,.T.);
#10838=FACE_BOUND('',#10241,.T.);
#10839=FACE_BOUND('',#10242,.T.);
#10840=FACE_BOUND('',#10243,.T.);
#10841=FACE_BOUND('',#10244,.T.);
#10842=FACE_BOUND('',#10245,.T.);
#10843=FACE_BOUND('',#10246,.T.);
#10844=FACE_BOUND('',#10247,.T.);
#10845=FACE_BOUND('',#10248,.T.);
#10846=FACE_BOUND('',#10249,.T.);
#10847=FACE_BOUND('',#10250,.T.);
#10848=FACE_BOUND('',#10251,.T.);
#10849=FACE_BOUND('',#10252,.T.);
#10850=FACE_BOUND('',#10253,.T.);
#10851=FACE_BOUND('',#10254,.T.);
#10852=FACE_BOUND('',#10255,.T.);
#10853=FACE_BOUND('',#10256,.T.);
#10854=FACE_BOUND('',#10257,.T.);
#10855=FACE_BOUND('',#10258,.T.);
#10856=FACE_BOUND('',#10259,.T.);
#10857=FACE_BOUND('',#10260,.T.);
#10858=FACE_BOUND('',#10261,.T.);
#10859=FACE_BOUND('',#10262,.T.);
#10860=FACE_BOUND('',#10263,.T.);
#10861=FACE_BOUND('',#10264,.T.);
#10862=FACE_BOUND('',#10265,.T.);
#10863=FACE_BOUND('',#10266,.T.);
#10864=FACE_BOUND('',#10267,.T.);
#10865=FACE_BOUND('',#10268,.T.);
#10866=FACE_BOUND('',#10269,.T.);
#10867=FACE_BOUND('',#10270,.T.);
#10868=FACE_BOUND('',#10271,.T.);
#10869=FACE_BOUND('',#10272,.T.);
#10870=FACE_BOUND('',#10273,.T.);
#10871=FACE_BOUND('',#10274,.T.);
#10872=FACE_BOUND('',#10275,.T.);
#10873=FACE_BOUND('',#10276,.T.);
#10874=FACE_BOUND('',#10277,.T.);
#10875=FACE_BOUND('',#10278,.T.);
#10876=FACE_BOUND('',#10279,.T.);
#10877=FACE_BOUND('',#10280,.T.);
#10878=FACE_BOUND('',#10281,.T.);
#10879=FACE_BOUND('',#10282,.T.);
#10880=FACE_BOUND('',#10283,.T.);
#10881=FACE_BOUND('',#10284,.T.);
#10882=FACE_BOUND('',#10285,.T.);
#10883=PLANE('',#11866);
#10884=PLANE('',#11873);
#10885=PLANE('',#11877);
#10886=PLANE('',#11881);
#10887=PLANE('',#11885);
#10888=PLANE('',#11886);
#10889=PLANE('',#11890);
#10890=PLANE('',#11894);
#10891=PLANE('',#11895);
#10892=PLANE('',#11899);
#10893=PLANE('',#11903);
#10894=PLANE('',#11904);
#10895=PLANE('',#11908);
#10896=PLANE('',#11912);
#10897=PLANE('',#11913);
#10898=PLANE('',#11917);
#10899=PLANE('',#11921);
#10900=PLANE('',#11922);
#10901=PLANE('',#11926);
#10902=PLANE('',#11930);
#10903=PLANE('',#11931);
#10904=PLANE('',#11935);
#10905=PLANE('',#11939);
#10906=PLANE('',#11940);
#10907=PLANE('',#11944);
#10908=PLANE('',#11948);
#10909=PLANE('',#11949);
#10910=PLANE('',#11953);
#10911=PLANE('',#11957);
#10912=PLANE('',#11958);
#10913=PLANE('',#11962);
#10914=PLANE('',#11966);
#10915=PLANE('',#11967);
#10916=PLANE('',#11971);
#10917=PLANE('',#11975);
#10918=PLANE('',#11976);
#10919=PLANE('',#11980);
#10920=PLANE('',#11984);
#10921=PLANE('',#11985);
#10922=PLANE('',#11989);
#10923=PLANE('',#11993);
#10924=PLANE('',#11994);
#10925=PLANE('',#11998);
#10926=PLANE('',#12002);
#10927=PLANE('',#12003);
#10928=PLANE('',#12007);
#10929=PLANE('',#12011);
#10930=PLANE('',#12012);
#10931=PLANE('',#12016);
#10932=PLANE('',#12020);
#10933=PLANE('',#12021);
#10934=PLANE('',#12025);
#10935=PLANE('',#12029);
#10936=PLANE('',#12030);
#10937=PLANE('',#12034);
#10938=PLANE('',#12038);
#10939=PLANE('',#12039);
#10940=PLANE('',#12043);
#10941=PLANE('',#12047);
#10942=PLANE('',#12048);
#10943=PLANE('',#12052);
#10944=PLANE('',#12056);
#10945=PLANE('',#12057);
#10946=PLANE('',#12061);
#10947=PLANE('',#12065);
#10948=PLANE('',#12066);
#10949=PLANE('',#12070);
#10950=PLANE('',#12074);
#10951=PLANE('',#12075);
#10952=PLANE('',#12079);
#10953=PLANE('',#12083);
#10954=PLANE('',#12084);
#10955=PLANE('',#12088);
#10956=PLANE('',#12092);
#10957=PLANE('',#12093);
#10958=PLANE('',#12097);
#10959=PLANE('',#12101);
#10960=PLANE('',#12102);
#10961=PLANE('',#12106);
#10962=PLANE('',#12110);
#10963=PLANE('',#12111);
#10964=PLANE('',#12115);
#10965=PLANE('',#12119);
#10966=PLANE('',#12120);
#10967=PLANE('',#12124);
#10968=PLANE('',#12128);
#10969=PLANE('',#12129);
#10970=PLANE('',#12133);
#10971=PLANE('',#12137);
#10972=PLANE('',#12138);
#10973=PLANE('',#12142);
#10974=PLANE('',#12146);
#10975=PLANE('',#12147);
#10976=PLANE('',#12151);
#10977=PLANE('',#12155);
#10978=PLANE('',#12156);
#10979=PLANE('',#12160);
#10980=PLANE('',#12164);
#10981=PLANE('',#12165);
#10982=PLANE('',#12169);
#10983=PLANE('',#12173);
#10984=PLANE('',#12174);
#10985=PLANE('',#12178);
#10986=PLANE('',#12182);
#10987=PLANE('',#12183);
#10988=PLANE('',#12187);
#10989=PLANE('',#12191);
#10990=PLANE('',#12192);
#10991=PLANE('',#12196);
#10992=PLANE('',#12200);
#10993=PLANE('',#12201);
#10994=PLANE('',#12205);
#10995=PLANE('',#12209);
#10996=PLANE('',#12210);
#10997=PLANE('',#12214);
#10998=PLANE('',#12218);
#10999=PLANE('',#12219);
#11000=PLANE('',#12223);
#11001=PLANE('',#12227);
#11002=PLANE('',#12228);
#11003=PLANE('',#12232);
#11004=PLANE('',#12236);
#11005=PLANE('',#12237);
#11006=PLANE('',#12241);
#11007=PLANE('',#12245);
#11008=PLANE('',#12246);
#11009=PLANE('',#12250);
#11010=PLANE('',#12254);
#11011=PLANE('',#12255);
#11012=PLANE('',#12259);
#11013=PLANE('',#12263);
#11014=PLANE('',#12264);
#11015=PLANE('',#12268);
#11016=PLANE('',#12272);
#11017=PLANE('',#12273);
#11018=PLANE('',#12277);
#11019=PLANE('',#12281);
#11020=PLANE('',#12282);
#11021=PLANE('',#12286);
#11022=PLANE('',#12290);
#11023=PLANE('',#12291);
#11024=PLANE('',#12295);
#11025=PLANE('',#12299);
#11026=PLANE('',#12300);
#11027=PLANE('',#12304);
#11028=PLANE('',#12308);
#11029=PLANE('',#12309);
#11030=PLANE('',#12313);
#11031=PLANE('',#12317);
#11032=PLANE('',#12318);
#11033=PLANE('',#12322);
#11034=PLANE('',#12326);
#11035=PLANE('',#12327);
#11036=PLANE('',#12331);
#11037=PLANE('',#12335);
#11038=PLANE('',#12336);
#11039=PLANE('',#12340);
#11040=PLANE('',#12344);
#11041=PLANE('',#12345);
#11042=PLANE('',#12349);
#11043=PLANE('',#12353);
#11044=PLANE('',#12354);
#11045=PLANE('',#12358);
#11046=PLANE('',#12362);
#11047=PLANE('',#12363);
#11048=PLANE('',#12367);
#11049=PLANE('',#12371);
#11050=PLANE('',#12372);
#11051=PLANE('',#12376);
#11052=PLANE('',#12380);
#11053=PLANE('',#12381);
#11054=PLANE('',#12385);
#11055=PLANE('',#12389);
#11056=PLANE('',#12390);
#11057=PLANE('',#12394);
#11058=PLANE('',#12398);
#11059=PLANE('',#12399);
#11060=PLANE('',#12403);
#11061=PLANE('',#12407);
#11062=PLANE('',#12408);
#11063=PLANE('',#12412);
#11064=PLANE('',#12416);
#11065=PLANE('',#12417);
#11066=PLANE('',#12421);
#11067=PLANE('',#12425);
#11068=PLANE('',#12426);
#11069=PLANE('',#12430);
#11070=PLANE('',#12434);
#11071=PLANE('',#12435);
#11072=PLANE('',#12439);
#11073=PLANE('',#12443);
#11074=PLANE('',#12444);
#11075=PLANE('',#12448);
#11076=PLANE('',#12452);
#11077=PLANE('',#12453);
#11078=PLANE('',#12457);
#11079=PLANE('',#12461);
#11080=PLANE('',#12462);
#11081=PLANE('',#12466);
#11082=PLANE('',#12470);
#11083=PLANE('',#12471);
#11084=PLANE('',#12475);
#11085=PLANE('',#12479);
#11086=PLANE('',#12480);
#11087=PLANE('',#12484);
#11088=PLANE('',#12488);
#11089=PLANE('',#12489);
#11090=PLANE('',#12493);
#11091=PLANE('',#12497);
#11092=PLANE('',#12498);
#11093=PLANE('',#12502);
#11094=PLANE('',#12506);
#11095=PLANE('',#12507);
#11096=PLANE('',#12511);
#11097=PLANE('',#12515);
#11098=PLANE('',#12516);
#11099=PLANE('',#12520);
#11100=PLANE('',#12524);
#11101=PLANE('',#12525);
#11102=PLANE('',#12529);
#11103=PLANE('',#12533);
#11104=PLANE('',#12534);
#11105=PLANE('',#12538);
#11106=PLANE('',#12542);
#11107=PLANE('',#12543);
#11108=PLANE('',#12547);
#11109=PLANE('',#12551);
#11110=PLANE('',#12552);
#11111=PLANE('',#12556);
#11112=PLANE('',#12560);
#11113=PLANE('',#12561);
#11114=PLANE('',#12565);
#11115=PLANE('',#12569);
#11116=PLANE('',#12570);
#11117=PLANE('',#12574);
#11118=PLANE('',#12578);
#11119=PLANE('',#12579);
#11120=PLANE('',#12583);
#11121=PLANE('',#12587);
#11122=PLANE('',#12588);
#11123=PLANE('',#12592);
#11124=PLANE('',#12596);
#11125=PLANE('',#12597);
#11126=PLANE('',#12601);
#11127=PLANE('',#12605);
#11128=PLANE('',#12606);
#11129=PLANE('',#12610);
#11130=PLANE('',#12614);
#11131=PLANE('',#12615);
#11132=PLANE('',#12619);
#11133=PLANE('',#12623);
#11134=PLANE('',#12624);
#11135=PLANE('',#12631);
#11136=PLANE('',#12632);
#11137=PLANE('',#12633);
#11138=PLANE('',#12637);
#11139=PLANE('',#12638);
#11140=PLANE('',#12639);
#11141=PLANE('',#12643);
#11142=PLANE('',#12644);
#11143=PLANE('',#12645);
#11144=PLANE('',#12649);
#11145=PLANE('',#12650);
#11146=PLANE('',#12651);
#11147=PLANE('',#12655);
#11148=PLANE('',#12656);
#11149=PLANE('',#12657);
#11150=PLANE('',#12661);
#11151=PLANE('',#12662);
#11152=PLANE('',#12663);
#11153=PLANE('',#12667);
#11154=PLANE('',#12668);
#11155=PLANE('',#12669);
#11156=PLANE('',#12673);
#11157=PLANE('',#12674);
#11158=PLANE('',#12675);
#11159=PLANE('',#12679);
#11160=PLANE('',#12680);
#11161=PLANE('',#12681);
#11162=PLANE('',#12685);
#11163=PLANE('',#12686);
#11164=PLANE('',#12687);
#11165=PLANE('',#12691);
#11166=PLANE('',#12692);
#11167=PLANE('',#12693);
#11168=PLANE('',#12697);
#11169=PLANE('',#12698);
#11170=PLANE('',#12699);
#11171=PLANE('',#12703);
#11172=PLANE('',#12704);
#11173=PLANE('',#12705);
#11174=PLANE('',#12709);
#11175=PLANE('',#12710);
#11176=PLANE('',#12711);
#11177=PLANE('',#12715);
#11178=PLANE('',#12716);
#11179=PLANE('',#12717);
#11180=PLANE('',#12721);
#11181=PLANE('',#12722);
#11182=PLANE('',#12723);
#11183=PLANE('',#12727);
#11184=PLANE('',#12728);
#11185=PLANE('',#12729);
#11186=PLANE('',#12733);
#11187=PLANE('',#12734);
#11188=PLANE('',#12735);
#11189=PLANE('',#12739);
#11190=PLANE('',#12740);
#11191=PLANE('',#12741);
#11192=PLANE('',#12745);
#11193=PLANE('',#12746);
#11194=PLANE('',#12747);
#11195=PLANE('',#12751);
#11196=PLANE('',#12752);
#11197=PLANE('',#12753);
#11198=PLANE('',#12757);
#11199=PLANE('',#12758);
#11200=PLANE('',#12759);
#11201=PLANE('',#12763);
#11202=PLANE('',#12764);
#11203=PLANE('',#12765);
#11204=PLANE('',#12769);
#11205=PLANE('',#12770);
#11206=PLANE('',#12771);
#11207=PLANE('',#12775);
#11208=PLANE('',#12776);
#11209=PLANE('',#12777);
#11210=PLANE('',#12781);
#11211=PLANE('',#12782);
#11212=PLANE('',#12783);
#11213=PLANE('',#12787);
#11214=PLANE('',#12788);
#11215=PLANE('',#12789);
#11216=PLANE('',#12793);
#11217=PLANE('',#12794);
#11218=PLANE('',#12795);
#11219=PLANE('',#12799);
#11220=PLANE('',#12800);
#11221=PLANE('',#12801);
#11222=PLANE('',#12805);
#11223=PLANE('',#12806);
#11224=PLANE('',#12807);
#11225=PLANE('',#12811);
#11226=PLANE('',#12812);
#11227=PLANE('',#12813);
#11228=PLANE('',#12817);
#11229=PLANE('',#12818);
#11230=PLANE('',#12819);
#11231=PLANE('',#12823);
#11232=PLANE('',#12824);
#11233=PLANE('',#12825);
#11234=PLANE('',#12829);
#11235=PLANE('',#12830);
#11236=PLANE('',#12831);
#11237=PLANE('',#12835);
#11238=PLANE('',#12836);
#11239=PLANE('',#12837);
#11240=PLANE('',#12841);
#11241=PLANE('',#12842);
#11242=PLANE('',#12843);
#11243=PLANE('',#12847);
#11244=PLANE('',#12848);
#11245=PLANE('',#12849);
#11246=PLANE('',#12853);
#11247=PLANE('',#12854);
#11248=PLANE('',#12855);
#11249=PLANE('',#12859);
#11250=PLANE('',#12860);
#11251=PLANE('',#12861);
#11252=PLANE('',#12865);
#11253=PLANE('',#12866);
#11254=PLANE('',#12867);
#11255=PLANE('',#12868);
#11256=PLANE('',#12869);
#11257=PLANE('',#12870);
#11258=PLANE('',#12871);
#11259=PLANE('',#12874);
#11260=PLANE('',#12878);
#11261=PLANE('',#12880);
#11262=ADVANCED_FACE('',(#10286),#10883,.F.);
#11263=ADVANCED_FACE('',(#10287,#10288),#556,.T.);
#11264=ADVANCED_FACE('',(#10289),#557,.F.);
#11265=ADVANCED_FACE('',(#10290),#10884,.F.);
#11266=ADVANCED_FACE('',(#10291),#558,.T.);
#11267=ADVANCED_FACE('',(#10292),#10885,.T.);
#11268=ADVANCED_FACE('',(#10293),#559,.F.);
#11269=ADVANCED_FACE('',(#10294),#10886,.F.);
#11270=ADVANCED_FACE('',(#10295),#560,.T.);
#11271=ADVANCED_FACE('',(#10296),#10887,.F.);
#11272=ADVANCED_FACE('',(#10297),#10888,.T.);
#11273=ADVANCED_FACE('',(#10298),#561,.F.);
#11274=ADVANCED_FACE('',(#10299),#10889,.F.);
#11275=ADVANCED_FACE('',(#10300),#562,.T.);
#11276=ADVANCED_FACE('',(#10301),#10890,.F.);
#11277=ADVANCED_FACE('',(#10302),#10891,.T.);
#11278=ADVANCED_FACE('',(#10303),#563,.F.);
#11279=ADVANCED_FACE('',(#10304),#10892,.F.);
#11280=ADVANCED_FACE('',(#10305),#564,.T.);
#11281=ADVANCED_FACE('',(#10306),#10893,.F.);
#11282=ADVANCED_FACE('',(#10307),#10894,.T.);
#11283=ADVANCED_FACE('',(#10308),#565,.F.);
#11284=ADVANCED_FACE('',(#10309),#10895,.F.);
#11285=ADVANCED_FACE('',(#10310),#566,.T.);
#11286=ADVANCED_FACE('',(#10311),#10896,.F.);
#11287=ADVANCED_FACE('',(#10312),#10897,.T.);
#11288=ADVANCED_FACE('',(#10313),#567,.F.);
#11289=ADVANCED_FACE('',(#10314),#10898,.F.);
#11290=ADVANCED_FACE('',(#10315),#568,.T.);
#11291=ADVANCED_FACE('',(#10316),#10899,.F.);
#11292=ADVANCED_FACE('',(#10317),#10900,.T.);
#11293=ADVANCED_FACE('',(#10318),#569,.F.);
#11294=ADVANCED_FACE('',(#10319),#10901,.F.);
#11295=ADVANCED_FACE('',(#10320),#570,.T.);
#11296=ADVANCED_FACE('',(#10321),#10902,.F.);
#11297=ADVANCED_FACE('',(#10322),#10903,.T.);
#11298=ADVANCED_FACE('',(#10323),#571,.F.);
#11299=ADVANCED_FACE('',(#10324),#10904,.F.);
#11300=ADVANCED_FACE('',(#10325),#572,.T.);
#11301=ADVANCED_FACE('',(#10326),#10905,.F.);
#11302=ADVANCED_FACE('',(#10327),#10906,.T.);
#11303=ADVANCED_FACE('',(#10328),#573,.F.);
#11304=ADVANCED_FACE('',(#10329),#10907,.F.);
#11305=ADVANCED_FACE('',(#10330),#574,.T.);
#11306=ADVANCED_FACE('',(#10331),#10908,.F.);
#11307=ADVANCED_FACE('',(#10332),#10909,.T.);
#11308=ADVANCED_FACE('',(#10333),#575,.F.);
#11309=ADVANCED_FACE('',(#10334),#10910,.F.);
#11310=ADVANCED_FACE('',(#10335),#576,.T.);
#11311=ADVANCED_FACE('',(#10336),#10911,.F.);
#11312=ADVANCED_FACE('',(#10337),#10912,.T.);
#11313=ADVANCED_FACE('',(#10338),#577,.F.);
#11314=ADVANCED_FACE('',(#10339),#10913,.F.);
#11315=ADVANCED_FACE('',(#10340),#578,.T.);
#11316=ADVANCED_FACE('',(#10341),#10914,.F.);
#11317=ADVANCED_FACE('',(#10342),#10915,.T.);
#11318=ADVANCED_FACE('',(#10343),#579,.F.);
#11319=ADVANCED_FACE('',(#10344),#10916,.F.);
#11320=ADVANCED_FACE('',(#10345),#580,.T.);
#11321=ADVANCED_FACE('',(#10346),#10917,.F.);
#11322=ADVANCED_FACE('',(#10347),#10918,.T.);
#11323=ADVANCED_FACE('',(#10348),#581,.F.);
#11324=ADVANCED_FACE('',(#10349),#10919,.F.);
#11325=ADVANCED_FACE('',(#10350),#582,.T.);
#11326=ADVANCED_FACE('',(#10351),#10920,.F.);
#11327=ADVANCED_FACE('',(#10352),#10921,.T.);
#11328=ADVANCED_FACE('',(#10353),#583,.F.);
#11329=ADVANCED_FACE('',(#10354),#10922,.F.);
#11330=ADVANCED_FACE('',(#10355),#584,.T.);
#11331=ADVANCED_FACE('',(#10356),#10923,.F.);
#11332=ADVANCED_FACE('',(#10357),#10924,.T.);
#11333=ADVANCED_FACE('',(#10358),#585,.F.);
#11334=ADVANCED_FACE('',(#10359),#10925,.F.);
#11335=ADVANCED_FACE('',(#10360),#586,.T.);
#11336=ADVANCED_FACE('',(#10361),#10926,.F.);
#11337=ADVANCED_FACE('',(#10362),#10927,.T.);
#11338=ADVANCED_FACE('',(#10363),#587,.F.);
#11339=ADVANCED_FACE('',(#10364),#10928,.F.);
#11340=ADVANCED_FACE('',(#10365),#588,.T.);
#11341=ADVANCED_FACE('',(#10366),#10929,.F.);
#11342=ADVANCED_FACE('',(#10367),#10930,.T.);
#11343=ADVANCED_FACE('',(#10368),#589,.F.);
#11344=ADVANCED_FACE('',(#10369),#10931,.F.);
#11345=ADVANCED_FACE('',(#10370),#590,.T.);
#11346=ADVANCED_FACE('',(#10371),#10932,.F.);
#11347=ADVANCED_FACE('',(#10372),#10933,.T.);
#11348=ADVANCED_FACE('',(#10373),#591,.F.);
#11349=ADVANCED_FACE('',(#10374),#10934,.F.);
#11350=ADVANCED_FACE('',(#10375),#592,.T.);
#11351=ADVANCED_FACE('',(#10376),#10935,.F.);
#11352=ADVANCED_FACE('',(#10377),#10936,.T.);
#11353=ADVANCED_FACE('',(#10378),#593,.F.);
#11354=ADVANCED_FACE('',(#10379),#10937,.F.);
#11355=ADVANCED_FACE('',(#10380),#594,.T.);
#11356=ADVANCED_FACE('',(#10381),#10938,.F.);
#11357=ADVANCED_FACE('',(#10382),#10939,.T.);
#11358=ADVANCED_FACE('',(#10383),#595,.F.);
#11359=ADVANCED_FACE('',(#10384),#10940,.F.);
#11360=ADVANCED_FACE('',(#10385),#596,.T.);
#11361=ADVANCED_FACE('',(#10386),#10941,.F.);
#11362=ADVANCED_FACE('',(#10387),#10942,.T.);
#11363=ADVANCED_FACE('',(#10388),#597,.F.);
#11364=ADVANCED_FACE('',(#10389),#10943,.F.);
#11365=ADVANCED_FACE('',(#10390),#598,.T.);
#11366=ADVANCED_FACE('',(#10391),#10944,.F.);
#11367=ADVANCED_FACE('',(#10392),#10945,.T.);
#11368=ADVANCED_FACE('',(#10393),#599,.F.);
#11369=ADVANCED_FACE('',(#10394),#10946,.F.);
#11370=ADVANCED_FACE('',(#10395),#600,.T.);
#11371=ADVANCED_FACE('',(#10396),#10947,.F.);
#11372=ADVANCED_FACE('',(#10397),#10948,.T.);
#11373=ADVANCED_FACE('',(#10398),#601,.F.);
#11374=ADVANCED_FACE('',(#10399),#10949,.F.);
#11375=ADVANCED_FACE('',(#10400),#602,.T.);
#11376=ADVANCED_FACE('',(#10401),#10950,.F.);
#11377=ADVANCED_FACE('',(#10402),#10951,.T.);
#11378=ADVANCED_FACE('',(#10403),#603,.F.);
#11379=ADVANCED_FACE('',(#10404),#10952,.F.);
#11380=ADVANCED_FACE('',(#10405),#604,.T.);
#11381=ADVANCED_FACE('',(#10406),#10953,.F.);
#11382=ADVANCED_FACE('',(#10407),#10954,.T.);
#11383=ADVANCED_FACE('',(#10408),#605,.F.);
#11384=ADVANCED_FACE('',(#10409),#10955,.F.);
#11385=ADVANCED_FACE('',(#10410),#606,.T.);
#11386=ADVANCED_FACE('',(#10411),#10956,.F.);
#11387=ADVANCED_FACE('',(#10412),#10957,.T.);
#11388=ADVANCED_FACE('',(#10413),#607,.F.);
#11389=ADVANCED_FACE('',(#10414),#10958,.F.);
#11390=ADVANCED_FACE('',(#10415),#608,.T.);
#11391=ADVANCED_FACE('',(#10416),#10959,.F.);
#11392=ADVANCED_FACE('',(#10417),#10960,.T.);
#11393=ADVANCED_FACE('',(#10418),#609,.F.);
#11394=ADVANCED_FACE('',(#10419),#10961,.F.);
#11395=ADVANCED_FACE('',(#10420),#610,.T.);
#11396=ADVANCED_FACE('',(#10421),#10962,.F.);
#11397=ADVANCED_FACE('',(#10422),#10963,.T.);
#11398=ADVANCED_FACE('',(#10423),#611,.F.);
#11399=ADVANCED_FACE('',(#10424),#10964,.F.);
#11400=ADVANCED_FACE('',(#10425),#612,.T.);
#11401=ADVANCED_FACE('',(#10426),#10965,.F.);
#11402=ADVANCED_FACE('',(#10427),#10966,.T.);
#11403=ADVANCED_FACE('',(#10428),#613,.F.);
#11404=ADVANCED_FACE('',(#10429),#10967,.F.);
#11405=ADVANCED_FACE('',(#10430),#614,.T.);
#11406=ADVANCED_FACE('',(#10431),#10968,.F.);
#11407=ADVANCED_FACE('',(#10432),#10969,.T.);
#11408=ADVANCED_FACE('',(#10433),#615,.F.);
#11409=ADVANCED_FACE('',(#10434),#10970,.F.);
#11410=ADVANCED_FACE('',(#10435),#616,.T.);
#11411=ADVANCED_FACE('',(#10436),#10971,.F.);
#11412=ADVANCED_FACE('',(#10437),#10972,.T.);
#11413=ADVANCED_FACE('',(#10438),#617,.F.);
#11414=ADVANCED_FACE('',(#10439),#10973,.F.);
#11415=ADVANCED_FACE('',(#10440),#618,.T.);
#11416=ADVANCED_FACE('',(#10441),#10974,.F.);
#11417=ADVANCED_FACE('',(#10442),#10975,.T.);
#11418=ADVANCED_FACE('',(#10443),#619,.F.);
#11419=ADVANCED_FACE('',(#10444),#10976,.F.);
#11420=ADVANCED_FACE('',(#10445),#620,.T.);
#11421=ADVANCED_FACE('',(#10446),#10977,.F.);
#11422=ADVANCED_FACE('',(#10447),#10978,.T.);
#11423=ADVANCED_FACE('',(#10448),#621,.F.);
#11424=ADVANCED_FACE('',(#10449),#10979,.F.);
#11425=ADVANCED_FACE('',(#10450),#622,.T.);
#11426=ADVANCED_FACE('',(#10451),#10980,.F.);
#11427=ADVANCED_FACE('',(#10452),#10981,.T.);
#11428=ADVANCED_FACE('',(#10453),#623,.F.);
#11429=ADVANCED_FACE('',(#10454),#10982,.F.);
#11430=ADVANCED_FACE('',(#10455),#624,.T.);
#11431=ADVANCED_FACE('',(#10456),#10983,.F.);
#11432=ADVANCED_FACE('',(#10457),#10984,.T.);
#11433=ADVANCED_FACE('',(#10458),#625,.F.);
#11434=ADVANCED_FACE('',(#10459),#10985,.F.);
#11435=ADVANCED_FACE('',(#10460),#626,.T.);
#11436=ADVANCED_FACE('',(#10461),#10986,.F.);
#11437=ADVANCED_FACE('',(#10462),#10987,.T.);
#11438=ADVANCED_FACE('',(#10463),#627,.F.);
#11439=ADVANCED_FACE('',(#10464),#10988,.F.);
#11440=ADVANCED_FACE('',(#10465),#628,.T.);
#11441=ADVANCED_FACE('',(#10466),#10989,.F.);
#11442=ADVANCED_FACE('',(#10467),#10990,.T.);
#11443=ADVANCED_FACE('',(#10468),#629,.F.);
#11444=ADVANCED_FACE('',(#10469),#10991,.F.);
#11445=ADVANCED_FACE('',(#10470),#630,.T.);
#11446=ADVANCED_FACE('',(#10471),#10992,.F.);
#11447=ADVANCED_FACE('',(#10472),#10993,.T.);
#11448=ADVANCED_FACE('',(#10473),#631,.F.);
#11449=ADVANCED_FACE('',(#10474),#10994,.F.);
#11450=ADVANCED_FACE('',(#10475),#632,.T.);
#11451=ADVANCED_FACE('',(#10476),#10995,.F.);
#11452=ADVANCED_FACE('',(#10477),#10996,.T.);
#11453=ADVANCED_FACE('',(#10478),#633,.F.);
#11454=ADVANCED_FACE('',(#10479),#10997,.F.);
#11455=ADVANCED_FACE('',(#10480),#634,.T.);
#11456=ADVANCED_FACE('',(#10481),#10998,.F.);
#11457=ADVANCED_FACE('',(#10482),#10999,.T.);
#11458=ADVANCED_FACE('',(#10483),#635,.F.);
#11459=ADVANCED_FACE('',(#10484),#11000,.F.);
#11460=ADVANCED_FACE('',(#10485),#636,.T.);
#11461=ADVANCED_FACE('',(#10486),#11001,.F.);
#11462=ADVANCED_FACE('',(#10487),#11002,.T.);
#11463=ADVANCED_FACE('',(#10488),#637,.F.);
#11464=ADVANCED_FACE('',(#10489),#11003,.F.);
#11465=ADVANCED_FACE('',(#10490),#638,.T.);
#11466=ADVANCED_FACE('',(#10491),#11004,.F.);
#11467=ADVANCED_FACE('',(#10492),#11005,.T.);
#11468=ADVANCED_FACE('',(#10493),#639,.F.);
#11469=ADVANCED_FACE('',(#10494),#11006,.F.);
#11470=ADVANCED_FACE('',(#10495),#640,.T.);
#11471=ADVANCED_FACE('',(#10496),#11007,.F.);
#11472=ADVANCED_FACE('',(#10497),#11008,.T.);
#11473=ADVANCED_FACE('',(#10498),#641,.F.);
#11474=ADVANCED_FACE('',(#10499),#11009,.F.);
#11475=ADVANCED_FACE('',(#10500),#642,.T.);
#11476=ADVANCED_FACE('',(#10501),#11010,.F.);
#11477=ADVANCED_FACE('',(#10502),#11011,.T.);
#11478=ADVANCED_FACE('',(#10503),#643,.F.);
#11479=ADVANCED_FACE('',(#10504),#11012,.F.);
#11480=ADVANCED_FACE('',(#10505),#644,.T.);
#11481=ADVANCED_FACE('',(#10506),#11013,.F.);
#11482=ADVANCED_FACE('',(#10507),#11014,.T.);
#11483=ADVANCED_FACE('',(#10508),#645,.F.);
#11484=ADVANCED_FACE('',(#10509),#11015,.F.);
#11485=ADVANCED_FACE('',(#10510),#646,.T.);
#11486=ADVANCED_FACE('',(#10511),#11016,.F.);
#11487=ADVANCED_FACE('',(#10512),#11017,.T.);
#11488=ADVANCED_FACE('',(#10513),#647,.F.);
#11489=ADVANCED_FACE('',(#10514),#11018,.F.);
#11490=ADVANCED_FACE('',(#10515),#648,.T.);
#11491=ADVANCED_FACE('',(#10516),#11019,.F.);
#11492=ADVANCED_FACE('',(#10517),#11020,.T.);
#11493=ADVANCED_FACE('',(#10518),#649,.F.);
#11494=ADVANCED_FACE('',(#10519),#11021,.F.);
#11495=ADVANCED_FACE('',(#10520),#650,.T.);
#11496=ADVANCED_FACE('',(#10521),#11022,.F.);
#11497=ADVANCED_FACE('',(#10522),#11023,.T.);
#11498=ADVANCED_FACE('',(#10523),#651,.F.);
#11499=ADVANCED_FACE('',(#10524),#11024,.F.);
#11500=ADVANCED_FACE('',(#10525),#652,.T.);
#11501=ADVANCED_FACE('',(#10526),#11025,.F.);
#11502=ADVANCED_FACE('',(#10527),#11026,.T.);
#11503=ADVANCED_FACE('',(#10528),#653,.F.);
#11504=ADVANCED_FACE('',(#10529),#11027,.F.);
#11505=ADVANCED_FACE('',(#10530),#654,.T.);
#11506=ADVANCED_FACE('',(#10531),#11028,.F.);
#11507=ADVANCED_FACE('',(#10532),#11029,.T.);
#11508=ADVANCED_FACE('',(#10533),#655,.F.);
#11509=ADVANCED_FACE('',(#10534),#11030,.F.);
#11510=ADVANCED_FACE('',(#10535),#656,.T.);
#11511=ADVANCED_FACE('',(#10536),#11031,.F.);
#11512=ADVANCED_FACE('',(#10537),#11032,.T.);
#11513=ADVANCED_FACE('',(#10538),#657,.F.);
#11514=ADVANCED_FACE('',(#10539),#11033,.F.);
#11515=ADVANCED_FACE('',(#10540),#658,.T.);
#11516=ADVANCED_FACE('',(#10541),#11034,.F.);
#11517=ADVANCED_FACE('',(#10542),#11035,.T.);
#11518=ADVANCED_FACE('',(#10543),#659,.F.);
#11519=ADVANCED_FACE('',(#10544),#11036,.F.);
#11520=ADVANCED_FACE('',(#10545),#660,.T.);
#11521=ADVANCED_FACE('',(#10546),#11037,.F.);
#11522=ADVANCED_FACE('',(#10547),#11038,.T.);
#11523=ADVANCED_FACE('',(#10548),#661,.F.);
#11524=ADVANCED_FACE('',(#10549),#11039,.F.);
#11525=ADVANCED_FACE('',(#10550),#662,.T.);
#11526=ADVANCED_FACE('',(#10551),#11040,.F.);
#11527=ADVANCED_FACE('',(#10552),#11041,.T.);
#11528=ADVANCED_FACE('',(#10553),#663,.F.);
#11529=ADVANCED_FACE('',(#10554),#11042,.F.);
#11530=ADVANCED_FACE('',(#10555),#664,.T.);
#11531=ADVANCED_FACE('',(#10556),#11043,.F.);
#11532=ADVANCED_FACE('',(#10557),#11044,.T.);
#11533=ADVANCED_FACE('',(#10558),#665,.F.);
#11534=ADVANCED_FACE('',(#10559),#11045,.F.);
#11535=ADVANCED_FACE('',(#10560),#666,.T.);
#11536=ADVANCED_FACE('',(#10561),#11046,.F.);
#11537=ADVANCED_FACE('',(#10562),#11047,.T.);
#11538=ADVANCED_FACE('',(#10563),#667,.F.);
#11539=ADVANCED_FACE('',(#10564),#11048,.F.);
#11540=ADVANCED_FACE('',(#10565),#668,.T.);
#11541=ADVANCED_FACE('',(#10566),#11049,.F.);
#11542=ADVANCED_FACE('',(#10567),#11050,.T.);
#11543=ADVANCED_FACE('',(#10568),#669,.F.);
#11544=ADVANCED_FACE('',(#10569),#11051,.F.);
#11545=ADVANCED_FACE('',(#10570),#670,.T.);
#11546=ADVANCED_FACE('',(#10571),#11052,.F.);
#11547=ADVANCED_FACE('',(#10572),#11053,.T.);
#11548=ADVANCED_FACE('',(#10573),#671,.F.);
#11549=ADVANCED_FACE('',(#10574),#11054,.F.);
#11550=ADVANCED_FACE('',(#10575),#672,.T.);
#11551=ADVANCED_FACE('',(#10576),#11055,.F.);
#11552=ADVANCED_FACE('',(#10577),#11056,.T.);
#11553=ADVANCED_FACE('',(#10578),#673,.F.);
#11554=ADVANCED_FACE('',(#10579),#11057,.F.);
#11555=ADVANCED_FACE('',(#10580),#674,.T.);
#11556=ADVANCED_FACE('',(#10581),#11058,.F.);
#11557=ADVANCED_FACE('',(#10582),#11059,.T.);
#11558=ADVANCED_FACE('',(#10583),#675,.F.);
#11559=ADVANCED_FACE('',(#10584),#11060,.F.);
#11560=ADVANCED_FACE('',(#10585),#676,.T.);
#11561=ADVANCED_FACE('',(#10586),#11061,.F.);
#11562=ADVANCED_FACE('',(#10587),#11062,.T.);
#11563=ADVANCED_FACE('',(#10588),#677,.F.);
#11564=ADVANCED_FACE('',(#10589),#11063,.F.);
#11565=ADVANCED_FACE('',(#10590),#678,.T.);
#11566=ADVANCED_FACE('',(#10591),#11064,.F.);
#11567=ADVANCED_FACE('',(#10592),#11065,.T.);
#11568=ADVANCED_FACE('',(#10593),#679,.F.);
#11569=ADVANCED_FACE('',(#10594),#11066,.F.);
#11570=ADVANCED_FACE('',(#10595),#680,.T.);
#11571=ADVANCED_FACE('',(#10596),#11067,.F.);
#11572=ADVANCED_FACE('',(#10597),#11068,.T.);
#11573=ADVANCED_FACE('',(#10598),#681,.F.);
#11574=ADVANCED_FACE('',(#10599),#11069,.F.);
#11575=ADVANCED_FACE('',(#10600),#682,.T.);
#11576=ADVANCED_FACE('',(#10601),#11070,.F.);
#11577=ADVANCED_FACE('',(#10602),#11071,.T.);
#11578=ADVANCED_FACE('',(#10603),#683,.F.);
#11579=ADVANCED_FACE('',(#10604),#11072,.F.);
#11580=ADVANCED_FACE('',(#10605),#684,.T.);
#11581=ADVANCED_FACE('',(#10606),#11073,.F.);
#11582=ADVANCED_FACE('',(#10607),#11074,.T.);
#11583=ADVANCED_FACE('',(#10608),#685,.F.);
#11584=ADVANCED_FACE('',(#10609),#11075,.F.);
#11585=ADVANCED_FACE('',(#10610),#686,.T.);
#11586=ADVANCED_FACE('',(#10611),#11076,.F.);
#11587=ADVANCED_FACE('',(#10612),#11077,.T.);
#11588=ADVANCED_FACE('',(#10613),#687,.F.);
#11589=ADVANCED_FACE('',(#10614),#11078,.F.);
#11590=ADVANCED_FACE('',(#10615),#688,.T.);
#11591=ADVANCED_FACE('',(#10616),#11079,.F.);
#11592=ADVANCED_FACE('',(#10617),#11080,.T.);
#11593=ADVANCED_FACE('',(#10618),#689,.F.);
#11594=ADVANCED_FACE('',(#10619),#11081,.F.);
#11595=ADVANCED_FACE('',(#10620),#690,.T.);
#11596=ADVANCED_FACE('',(#10621),#11082,.F.);
#11597=ADVANCED_FACE('',(#10622),#11083,.T.);
#11598=ADVANCED_FACE('',(#10623),#691,.F.);
#11599=ADVANCED_FACE('',(#10624),#11084,.F.);
#11600=ADVANCED_FACE('',(#10625),#692,.T.);
#11601=ADVANCED_FACE('',(#10626),#11085,.F.);
#11602=ADVANCED_FACE('',(#10627),#11086,.T.);
#11603=ADVANCED_FACE('',(#10628),#693,.F.);
#11604=ADVANCED_FACE('',(#10629),#11087,.F.);
#11605=ADVANCED_FACE('',(#10630),#694,.T.);
#11606=ADVANCED_FACE('',(#10631),#11088,.F.);
#11607=ADVANCED_FACE('',(#10632),#11089,.T.);
#11608=ADVANCED_FACE('',(#10633),#695,.F.);
#11609=ADVANCED_FACE('',(#10634),#11090,.F.);
#11610=ADVANCED_FACE('',(#10635),#696,.T.);
#11611=ADVANCED_FACE('',(#10636),#11091,.F.);
#11612=ADVANCED_FACE('',(#10637),#11092,.T.);
#11613=ADVANCED_FACE('',(#10638),#697,.F.);
#11614=ADVANCED_FACE('',(#10639),#11093,.F.);
#11615=ADVANCED_FACE('',(#10640),#698,.T.);
#11616=ADVANCED_FACE('',(#10641),#11094,.F.);
#11617=ADVANCED_FACE('',(#10642),#11095,.T.);
#11618=ADVANCED_FACE('',(#10643),#699,.F.);
#11619=ADVANCED_FACE('',(#10644),#11096,.F.);
#11620=ADVANCED_FACE('',(#10645),#700,.T.);
#11621=ADVANCED_FACE('',(#10646),#11097,.F.);
#11622=ADVANCED_FACE('',(#10647),#11098,.T.);
#11623=ADVANCED_FACE('',(#10648),#701,.F.);
#11624=ADVANCED_FACE('',(#10649),#11099,.F.);
#11625=ADVANCED_FACE('',(#10650),#702,.T.);
#11626=ADVANCED_FACE('',(#10651),#11100,.F.);
#11627=ADVANCED_FACE('',(#10652),#11101,.T.);
#11628=ADVANCED_FACE('',(#10653),#703,.F.);
#11629=ADVANCED_FACE('',(#10654),#11102,.F.);
#11630=ADVANCED_FACE('',(#10655),#704,.T.);
#11631=ADVANCED_FACE('',(#10656),#11103,.F.);
#11632=ADVANCED_FACE('',(#10657),#11104,.T.);
#11633=ADVANCED_FACE('',(#10658),#705,.F.);
#11634=ADVANCED_FACE('',(#10659),#11105,.F.);
#11635=ADVANCED_FACE('',(#10660),#706,.T.);
#11636=ADVANCED_FACE('',(#10661),#11106,.F.);
#11637=ADVANCED_FACE('',(#10662),#11107,.T.);
#11638=ADVANCED_FACE('',(#10663),#707,.F.);
#11639=ADVANCED_FACE('',(#10664),#11108,.F.);
#11640=ADVANCED_FACE('',(#10665),#708,.T.);
#11641=ADVANCED_FACE('',(#10666),#11109,.F.);
#11642=ADVANCED_FACE('',(#10667),#11110,.T.);
#11643=ADVANCED_FACE('',(#10668),#709,.F.);
#11644=ADVANCED_FACE('',(#10669),#11111,.F.);
#11645=ADVANCED_FACE('',(#10670),#710,.T.);
#11646=ADVANCED_FACE('',(#10671),#11112,.F.);
#11647=ADVANCED_FACE('',(#10672),#11113,.T.);
#11648=ADVANCED_FACE('',(#10673),#711,.F.);
#11649=ADVANCED_FACE('',(#10674),#11114,.F.);
#11650=ADVANCED_FACE('',(#10675),#712,.T.);
#11651=ADVANCED_FACE('',(#10676),#11115,.F.);
#11652=ADVANCED_FACE('',(#10677),#11116,.T.);
#11653=ADVANCED_FACE('',(#10678),#713,.F.);
#11654=ADVANCED_FACE('',(#10679),#11117,.F.);
#11655=ADVANCED_FACE('',(#10680),#714,.T.);
#11656=ADVANCED_FACE('',(#10681),#11118,.F.);
#11657=ADVANCED_FACE('',(#10682),#11119,.T.);
#11658=ADVANCED_FACE('',(#10683),#715,.F.);
#11659=ADVANCED_FACE('',(#10684),#11120,.F.);
#11660=ADVANCED_FACE('',(#10685),#716,.T.);
#11661=ADVANCED_FACE('',(#10686),#11121,.F.);
#11662=ADVANCED_FACE('',(#10687),#11122,.T.);
#11663=ADVANCED_FACE('',(#10688),#717,.F.);
#11664=ADVANCED_FACE('',(#10689),#11123,.F.);
#11665=ADVANCED_FACE('',(#10690),#718,.T.);
#11666=ADVANCED_FACE('',(#10691),#11124,.F.);
#11667=ADVANCED_FACE('',(#10692),#11125,.T.);
#11668=ADVANCED_FACE('',(#10693),#719,.F.);
#11669=ADVANCED_FACE('',(#10694),#11126,.F.);
#11670=ADVANCED_FACE('',(#10695),#720,.T.);
#11671=ADVANCED_FACE('',(#10696),#11127,.F.);
#11672=ADVANCED_FACE('',(#10697),#11128,.T.);
#11673=ADVANCED_FACE('',(#10698),#721,.F.);
#11674=ADVANCED_FACE('',(#10699),#11129,.F.);
#11675=ADVANCED_FACE('',(#10700),#722,.T.);
#11676=ADVANCED_FACE('',(#10701),#11130,.F.);
#11677=ADVANCED_FACE('',(#10702),#11131,.T.);
#11678=ADVANCED_FACE('',(#10703),#723,.F.);
#11679=ADVANCED_FACE('',(#10704),#11132,.F.);
#11680=ADVANCED_FACE('',(#10705),#724,.T.);
#11681=ADVANCED_FACE('',(#10706),#11133,.F.);
#11682=ADVANCED_FACE('',(#10707),#11134,.T.);
#11683=ADVANCED_FACE('',(#10708,#10709),#725,.T.);
#11684=ADVANCED_FACE('',(#10710),#92,.F.);
#11685=ADVANCED_FACE('',(#10711),#11135,.T.);
#11686=ADVANCED_FACE('',(#10712),#11136,.F.);
#11687=ADVANCED_FACE('',(#10713),#11137,.F.);
#11688=ADVANCED_FACE('',(#10714),#93,.F.);
#11689=ADVANCED_FACE('',(#10715),#11138,.T.);
#11690=ADVANCED_FACE('',(#10716),#11139,.F.);
#11691=ADVANCED_FACE('',(#10717),#11140,.F.);
#11692=ADVANCED_FACE('',(#10718),#94,.F.);
#11693=ADVANCED_FACE('',(#10719),#11141,.T.);
#11694=ADVANCED_FACE('',(#10720),#11142,.F.);
#11695=ADVANCED_FACE('',(#10721),#11143,.F.);
#11696=ADVANCED_FACE('',(#10722),#95,.F.);
#11697=ADVANCED_FACE('',(#10723),#11144,.T.);
#11698=ADVANCED_FACE('',(#10724),#11145,.F.);
#11699=ADVANCED_FACE('',(#10725),#11146,.F.);
#11700=ADVANCED_FACE('',(#10726),#96,.F.);
#11701=ADVANCED_FACE('',(#10727),#11147,.T.);
#11702=ADVANCED_FACE('',(#10728),#11148,.F.);
#11703=ADVANCED_FACE('',(#10729),#11149,.F.);
#11704=ADVANCED_FACE('',(#10730),#97,.F.);
#11705=ADVANCED_FACE('',(#10731),#11150,.T.);
#11706=ADVANCED_FACE('',(#10732),#11151,.F.);
#11707=ADVANCED_FACE('',(#10733),#11152,.F.);
#11708=ADVANCED_FACE('',(#10734),#98,.F.);
#11709=ADVANCED_FACE('',(#10735),#11153,.T.);
#11710=ADVANCED_FACE('',(#10736),#11154,.F.);
#11711=ADVANCED_FACE('',(#10737),#11155,.F.);
#11712=ADVANCED_FACE('',(#10738),#99,.F.);
#11713=ADVANCED_FACE('',(#10739),#11156,.T.);
#11714=ADVANCED_FACE('',(#10740),#11157,.F.);
#11715=ADVANCED_FACE('',(#10741),#11158,.F.);
#11716=ADVANCED_FACE('',(#10742),#100,.F.);
#11717=ADVANCED_FACE('',(#10743),#11159,.T.);
#11718=ADVANCED_FACE('',(#10744),#11160,.F.);
#11719=ADVANCED_FACE('',(#10745),#11161,.F.);
#11720=ADVANCED_FACE('',(#10746),#101,.F.);
#11721=ADVANCED_FACE('',(#10747),#11162,.T.);
#11722=ADVANCED_FACE('',(#10748),#11163,.F.);
#11723=ADVANCED_FACE('',(#10749),#11164,.F.);
#11724=ADVANCED_FACE('',(#10750),#102,.F.);
#11725=ADVANCED_FACE('',(#10751),#11165,.T.);
#11726=ADVANCED_FACE('',(#10752),#11166,.F.);
#11727=ADVANCED_FACE('',(#10753),#11167,.F.);
#11728=ADVANCED_FACE('',(#10754),#103,.F.);
#11729=ADVANCED_FACE('',(#10755),#11168,.T.);
#11730=ADVANCED_FACE('',(#10756),#11169,.F.);
#11731=ADVANCED_FACE('',(#10757),#11170,.F.);
#11732=ADVANCED_FACE('',(#10758),#104,.F.);
#11733=ADVANCED_FACE('',(#10759),#11171,.T.);
#11734=ADVANCED_FACE('',(#10760),#11172,.F.);
#11735=ADVANCED_FACE('',(#10761),#11173,.F.);
#11736=ADVANCED_FACE('',(#10762),#105,.F.);
#11737=ADVANCED_FACE('',(#10763),#11174,.T.);
#11738=ADVANCED_FACE('',(#10764),#11175,.F.);
#11739=ADVANCED_FACE('',(#10765),#11176,.F.);
#11740=ADVANCED_FACE('',(#10766),#106,.F.);
#11741=ADVANCED_FACE('',(#10767),#11177,.T.);
#11742=ADVANCED_FACE('',(#10768),#11178,.F.);
#11743=ADVANCED_FACE('',(#10769),#11179,.F.);
#11744=ADVANCED_FACE('',(#10770),#107,.F.);
#11745=ADVANCED_FACE('',(#10771),#11180,.T.);
#11746=ADVANCED_FACE('',(#10772),#11181,.F.);
#11747=ADVANCED_FACE('',(#10773),#11182,.F.);
#11748=ADVANCED_FACE('',(#10774),#108,.F.);
#11749=ADVANCED_FACE('',(#10775),#11183,.T.);
#11750=ADVANCED_FACE('',(#10776),#11184,.F.);
#11751=ADVANCED_FACE('',(#10777),#11185,.F.);
#11752=ADVANCED_FACE('',(#10778),#109,.F.);
#11753=ADVANCED_FACE('',(#10779),#11186,.T.);
#11754=ADVANCED_FACE('',(#10780),#11187,.F.);
#11755=ADVANCED_FACE('',(#10781),#11188,.F.);
#11756=ADVANCED_FACE('',(#10782),#110,.F.);
#11757=ADVANCED_FACE('',(#10783),#11189,.T.);
#11758=ADVANCED_FACE('',(#10784),#11190,.F.);
#11759=ADVANCED_FACE('',(#10785),#11191,.F.);
#11760=ADVANCED_FACE('',(#10786),#111,.F.);
#11761=ADVANCED_FACE('',(#10787),#11192,.T.);
#11762=ADVANCED_FACE('',(#10788),#11193,.F.);
#11763=ADVANCED_FACE('',(#10789),#11194,.F.);
#11764=ADVANCED_FACE('',(#10790),#112,.F.);
#11765=ADVANCED_FACE('',(#10791),#11195,.T.);
#11766=ADVANCED_FACE('',(#10792),#11196,.F.);
#11767=ADVANCED_FACE('',(#10793),#11197,.F.);
#11768=ADVANCED_FACE('',(#10794),#113,.F.);
#11769=ADVANCED_FACE('',(#10795),#11198,.T.);
#11770=ADVANCED_FACE('',(#10796),#11199,.F.);
#11771=ADVANCED_FACE('',(#10797),#11200,.F.);
#11772=ADVANCED_FACE('',(#10798),#114,.F.);
#11773=ADVANCED_FACE('',(#10799),#11201,.T.);
#11774=ADVANCED_FACE('',(#10800),#11202,.F.);
#11775=ADVANCED_FACE('',(#10801),#11203,.F.);
#11776=ADVANCED_FACE('',(#10802),#115,.F.);
#11777=ADVANCED_FACE('',(#10803),#11204,.T.);
#11778=ADVANCED_FACE('',(#10804),#11205,.F.);
#11779=ADVANCED_FACE('',(#10805),#11206,.F.);
#11780=ADVANCED_FACE('',(#10806),#116,.F.);
#11781=ADVANCED_FACE('',(#10807),#11207,.T.);
#11782=ADVANCED_FACE('',(#10808),#11208,.F.);
#11783=ADVANCED_FACE('',(#10809),#11209,.F.);
#11784=ADVANCED_FACE('',(#10810),#117,.F.);
#11785=ADVANCED_FACE('',(#10811),#11210,.T.);
#11786=ADVANCED_FACE('',(#10812),#11211,.F.);
#11787=ADVANCED_FACE('',(#10813),#11212,.F.);
#11788=ADVANCED_FACE('',(#10814),#118,.F.);
#11789=ADVANCED_FACE('',(#10815),#11213,.T.);
#11790=ADVANCED_FACE('',(#10816),#11214,.F.);
#11791=ADVANCED_FACE('',(#10817),#11215,.F.);
#11792=ADVANCED_FACE('',(#10818),#119,.F.);
#11793=ADVANCED_FACE('',(#10819),#11216,.T.);
#11794=ADVANCED_FACE('',(#10820),#11217,.F.);
#11795=ADVANCED_FACE('',(#10821),#11218,.F.);
#11796=ADVANCED_FACE('',(#10822),#120,.F.);
#11797=ADVANCED_FACE('',(#10823),#11219,.T.);
#11798=ADVANCED_FACE('',(#10824),#11220,.F.);
#11799=ADVANCED_FACE('',(#10825),#11221,.F.);
#11800=ADVANCED_FACE('',(#10826),#121,.F.);
#11801=ADVANCED_FACE('',(#10827),#11222,.T.);
#11802=ADVANCED_FACE('',(#10828),#11223,.F.);
#11803=ADVANCED_FACE('',(#10829),#11224,.F.);
#11804=ADVANCED_FACE('',(#10830),#122,.F.);
#11805=ADVANCED_FACE('',(#10831),#11225,.T.);
#11806=ADVANCED_FACE('',(#10832),#11226,.F.);
#11807=ADVANCED_FACE('',(#10833),#11227,.F.);
#11808=ADVANCED_FACE('',(#10834),#123,.F.);
#11809=ADVANCED_FACE('',(#10835),#11228,.T.);
#11810=ADVANCED_FACE('',(#10836),#11229,.F.);
#11811=ADVANCED_FACE('',(#10837),#11230,.F.);
#11812=ADVANCED_FACE('',(#10838),#124,.F.);
#11813=ADVANCED_FACE('',(#10839),#11231,.T.);
#11814=ADVANCED_FACE('',(#10840),#11232,.F.);
#11815=ADVANCED_FACE('',(#10841),#11233,.F.);
#11816=ADVANCED_FACE('',(#10842),#125,.F.);
#11817=ADVANCED_FACE('',(#10843),#11234,.T.);
#11818=ADVANCED_FACE('',(#10844),#11235,.F.);
#11819=ADVANCED_FACE('',(#10845),#11236,.F.);
#11820=ADVANCED_FACE('',(#10846),#126,.F.);
#11821=ADVANCED_FACE('',(#10847),#11237,.T.);
#11822=ADVANCED_FACE('',(#10848),#11238,.F.);
#11823=ADVANCED_FACE('',(#10849),#11239,.F.);
#11824=ADVANCED_FACE('',(#10850),#127,.F.);
#11825=ADVANCED_FACE('',(#10851),#11240,.T.);
#11826=ADVANCED_FACE('',(#10852),#11241,.F.);
#11827=ADVANCED_FACE('',(#10853),#11242,.F.);
#11828=ADVANCED_FACE('',(#10854),#128,.F.);
#11829=ADVANCED_FACE('',(#10855),#11243,.T.);
#11830=ADVANCED_FACE('',(#10856),#11244,.F.);
#11831=ADVANCED_FACE('',(#10857),#11245,.F.);
#11832=ADVANCED_FACE('',(#10858),#129,.F.);
#11833=ADVANCED_FACE('',(#10859),#11246,.T.);
#11834=ADVANCED_FACE('',(#10860),#11247,.F.);
#11835=ADVANCED_FACE('',(#10861),#11248,.F.);
#11836=ADVANCED_FACE('',(#10862),#130,.F.);
#11837=ADVANCED_FACE('',(#10863),#11249,.T.);
#11838=ADVANCED_FACE('',(#10864),#11250,.F.);
#11839=ADVANCED_FACE('',(#10865),#11251,.F.);
#11840=ADVANCED_FACE('',(#10866),#131,.F.);
#11841=ADVANCED_FACE('',(#10867,#10868),#11252,.F.);
#11842=ADVANCED_FACE('',(#10869,#10870),#11253,.F.);
#11843=ADVANCED_FACE('',(#10871),#11254,.T.);
#11844=ADVANCED_FACE('',(#10872),#11255,.F.);
#11845=ADVANCED_FACE('',(#10873),#11256,.F.);
#11846=ADVANCED_FACE('',(#10874),#11257,.T.);
#11847=ADVANCED_FACE('',(#10875,#10876),#11258,.T.);
#11848=ADVANCED_FACE('',(#10877,#10878),#11259,.F.);
#11849=ADVANCED_FACE('',(#10879),#726,.F.);
#11850=ADVANCED_FACE('',(#10880),#11260,.F.);
#11851=ADVANCED_FACE('',(#10881),#727,.T.);
#11852=ADVANCED_FACE('',(#10882),#11261,.F.);
#11853=CLOSED_SHELL('',(#11262,#11263,#11264,#11265,#11266,#11267,#11268,
#11269,#11270,#11271,#11272,#11273,#11274,#11275,#11276,#11277,#11278,#11279,
#11280,#11281,#11282,#11283,#11284,#11285,#11286,#11287,#11288,#11289,#11290,
#11291,#11292,#11293,#11294,#11295,#11296,#11297,#11298,#11299,#11300,#11301,
#11302,#11303,#11304,#11305,#11306,#11307,#11308,#11309,#11310,#11311,#11312,
#11313,#11314,#11315,#11316,#11317,#11318,#11319,#11320,#11321,#11322,#11323,
#11324,#11325,#11326,#11327,#11328,#11329,#11330,#11331,#11332,#11333,#11334,
#11335,#11336,#11337,#11338,#11339,#11340,#11341,#11342,#11343,#11344,#11345,
#11346,#11347,#11348,#11349,#11350,#11351,#11352,#11353,#11354,#11355,#11356,
#11357,#11358,#11359,#11360,#11361,#11362,#11363,#11364,#11365,#11366,#11367,
#11368,#11369,#11370,#11371,#11372,#11373,#11374,#11375,#11376,#11377,#11378,
#11379,#11380,#11381,#11382,#11383,#11384,#11385,#11386,#11387,#11388,#11389,
#11390,#11391,#11392,#11393,#11394,#11395,#11396,#11397,#11398,#11399,#11400,
#11401,#11402,#11403,#11404,#11405,#11406,#11407,#11408,#11409,#11410,#11411,
#11412,#11413,#11414,#11415,#11416,#11417,#11418,#11419,#11420,#11421,#11422,
#11423,#11424,#11425,#11426,#11427,#11428,#11429,#11430,#11431,#11432,#11433,
#11434,#11435,#11436,#11437,#11438,#11439,#11440,#11441,#11442,#11443,#11444,
#11445,#11446,#11447,#11448,#11449,#11450,#11451,#11452,#11453,#11454,#11455,
#11456,#11457,#11458,#11459,#11460,#11461,#11462,#11463,#11464,#11465,#11466,
#11467,#11468,#11469,#11470,#11471,#11472,#11473,#11474,#11475,#11476,#11477,
#11478,#11479,#11480,#11481,#11482,#11483,#11484,#11485,#11486,#11487,#11488,
#11489,#11490,#11491,#11492,#11493,#11494,#11495,#11496,#11497,#11498,#11499,
#11500,#11501,#11502,#11503,#11504,#11505,#11506,#11507,#11508,#11509,#11510,
#11511,#11512,#11513,#11514,#11515,#11516,#11517,#11518,#11519,#11520,#11521,
#11522,#11523,#11524,#11525,#11526,#11527,#11528,#11529,#11530,#11531,#11532,
#11533,#11534,#11535,#11536,#11537,#11538,#11539,#11540,#11541,#11542,#11543,
#11544,#11545,#11546,#11547,#11548,#11549,#11550,#11551,#11552,#11553,#11554,
#11555,#11556,#11557,#11558,#11559,#11560,#11561,#11562,#11563,#11564,#11565,
#11566,#11567,#11568,#11569,#11570,#11571,#11572,#11573,#11574,#11575,#11576,
#11577,#11578,#11579,#11580,#11581,#11582,#11583,#11584,#11585,#11586,#11587,
#11588,#11589,#11590,#11591,#11592,#11593,#11594,#11595,#11596,#11597,#11598,
#11599,#11600,#11601,#11602,#11603,#11604,#11605,#11606,#11607,#11608,#11609,
#11610,#11611,#11612,#11613,#11614,#11615,#11616,#11617,#11618,#11619,#11620,
#11621,#11622,#11623,#11624,#11625,#11626,#11627,#11628,#11629,#11630,#11631,
#11632,#11633,#11634,#11635,#11636,#11637,#11638,#11639,#11640,#11641,#11642,
#11643,#11644,#11645,#11646,#11647,#11648,#11649,#11650,#11651,#11652,#11653,
#11654,#11655,#11656,#11657,#11658,#11659,#11660,#11661,#11662,#11663,#11664,
#11665,#11666,#11667,#11668,#11669,#11670,#11671,#11672,#11673,#11674,#11675,
#11676,#11677,#11678,#11679,#11680,#11681,#11682,#11683,#11684,#11685,#11686,
#11687,#11688,#11689,#11690,#11691,#11692,#11693,#11694,#11695,#11696,#11697,
#11698,#11699,#11700,#11701,#11702,#11703,#11704,#11705,#11706,#11707,#11708,
#11709,#11710,#11711,#11712,#11713,#11714,#11715,#11716,#11717,#11718,#11719,
#11720,#11721,#11722,#11723,#11724,#11725,#11726,#11727,#11728,#11729,#11730,
#11731,#11732,#11733,#11734,#11735,#11736,#11737,#11738,#11739,#11740,#11741,
#11742,#11743,#11744,#11745,#11746,#11747,#11748,#11749,#11750,#11751,#11752,
#11753,#11754,#11755,#11756,#11757,#11758,#11759,#11760,#11761,#11762,#11763,
#11764,#11765,#11766,#11767,#11768,#11769,#11770,#11771,#11772,#11773,#11774,
#11775,#11776,#11777,#11778,#11779,#11780,#11781,#11782,#11783,#11784,#11785,
#11786,#11787,#11788,#11789,#11790,#11791,#11792,#11793,#11794,#11795,#11796,
#11797,#11798,#11799,#11800,#11801,#11802,#11803,#11804,#11805,#11806,#11807,
#11808,#11809,#11810,#11811,#11812,#11813,#11814,#11815,#11816,#11817,#11818,
#11819,#11820,#11821,#11822,#11823,#11824,#11825,#11826,#11827,#11828,#11829,
#11830,#11831,#11832,#11833,#11834,#11835,#11836,#11837,#11838,#11839,#11840,
#11841,#11842,#11843,#11844,#11845,#11846,#11847,#11848,#11849,#11850,#11851,
#11852));
#11854=STYLED_ITEM('',(#11855),#11862);
#11855=PRESENTATION_STYLE_ASSIGNMENT((#11856));
#11856=SURFACE_STYLE_USAGE(.BOTH.,#11857);
#11857=SURFACE_SIDE_STYLE('',(#11858));
#11858=SURFACE_STYLE_FILL_AREA(#11859);
#11859=FILL_AREA_STYLE('',(#11860));
#11860=FILL_AREA_STYLE_COLOUR('',#11861);
#11861=COLOUR_RGB('',0.301960784313725,0.301960784313725,0.301960784313725);
#11862=MANIFOLD_SOLID_BREP('Belt Focus Drive',#11853);
#11863=SHAPE_DEFINITION_REPRESENTATION(#19939,#11864);
#11864=SHAPE_REPRESENTATION('Belt Focus Drive',(#11865),#19934);
#11865=AXIS2_PLACEMENT_3D('',#16168,#12881,#12882);
#11866=AXIS2_PLACEMENT_3D('',#16169,#12883,#12884);
#11867=AXIS2_PLACEMENT_3D('',#16178,#12889,#12890);
#11868=AXIS2_PLACEMENT_3D('',#16179,#12891,#12892);
#11869=AXIS2_PLACEMENT_3D('',#16181,#12893,#12894);
#11870=AXIS2_PLACEMENT_3D('',#16183,#12895,#12896);
#11871=AXIS2_PLACEMENT_3D('',#16184,#12897,#12898);
#11872=AXIS2_PLACEMENT_3D('',#16189,#12900,#12901);
#11873=AXIS2_PLACEMENT_3D('',#16192,#12903,#12904);
#11874=AXIS2_PLACEMENT_3D('',#16198,#12908,#12909);
#11875=AXIS2_PLACEMENT_3D('',#16199,#12910,#12911);
#11876=AXIS2_PLACEMENT_3D('',#16200,#12912,#12913);
#11877=AXIS2_PLACEMENT_3D('',#16201,#12914,#12915);
#11878=AXIS2_PLACEMENT_3D('',#16207,#12919,#12920);
#11879=AXIS2_PLACEMENT_3D('',#16208,#12921,#12922);
#11880=AXIS2_PLACEMENT_3D('',#16213,#12924,#12925);
#11881=AXIS2_PLACEMENT_3D('',#16216,#12927,#12928);
#11882=AXIS2_PLACEMENT_3D('',#16222,#12932,#12933);
#11883=AXIS2_PLACEMENT_3D('',#16223,#12934,#12935);
#11884=AXIS2_PLACEMENT_3D('',#16227,#12937,#12938);
#11885=AXIS2_PLACEMENT_3D('',#16228,#12939,#12940);
#11886=AXIS2_PLACEMENT_3D('',#16231,#12943,#12944);
#11887=AXIS2_PLACEMENT_3D('',#16237,#12948,#12949);
#11888=AXIS2_PLACEMENT_3D('',#16238,#12950,#12951);
#11889=AXIS2_PLACEMENT_3D('',#16243,#12953,#12954);
#11890=AXIS2_PLACEMENT_3D('',#16246,#12956,#12957);
#11891=AXIS2_PLACEMENT_3D('',#16252,#12961,#12962);
#11892=AXIS2_PLACEMENT_3D('',#16253,#12963,#12964);
#11893=AXIS2_PLACEMENT_3D('',#16257,#12966,#12967);
#11894=AXIS2_PLACEMENT_3D('',#16258,#12968,#12969);
#11895=AXIS2_PLACEMENT_3D('',#16261,#12972,#12973);
#11896=AXIS2_PLACEMENT_3D('',#16267,#12977,#12978);
#11897=AXIS2_PLACEMENT_3D('',#16268,#12979,#12980);
#11898=AXIS2_PLACEMENT_3D('',#16273,#12982,#12983);
#11899=AXIS2_PLACEMENT_3D('',#16276,#12985,#12986);
#11900=AXIS2_PLACEMENT_3D('',#16282,#12990,#12991);
#11901=AXIS2_PLACEMENT_3D('',#16283,#12992,#12993);
#11902=AXIS2_PLACEMENT_3D('',#16287,#12995,#12996);
#11903=AXIS2_PLACEMENT_3D('',#16288,#12997,#12998);
#11904=AXIS2_PLACEMENT_3D('',#16291,#13001,#13002);
#11905=AXIS2_PLACEMENT_3D('',#16297,#13006,#13007);
#11906=AXIS2_PLACEMENT_3D('',#16298,#13008,#13009);
#11907=AXIS2_PLACEMENT_3D('',#16303,#13011,#13012);
#11908=AXIS2_PLACEMENT_3D('',#16306,#13014,#13015);
#11909=AXIS2_PLACEMENT_3D('',#16312,#13019,#13020);
#11910=AXIS2_PLACEMENT_3D('',#16313,#13021,#13022);
#11911=AXIS2_PLACEMENT_3D('',#16317,#13024,#13025);
#11912=AXIS2_PLACEMENT_3D('',#16318,#13026,#13027);
#11913=AXIS2_PLACEMENT_3D('',#16321,#13030,#13031);
#11914=AXIS2_PLACEMENT_3D('',#16327,#13035,#13036);
#11915=AXIS2_PLACEMENT_3D('',#16328,#13037,#13038);
#11916=AXIS2_PLACEMENT_3D('',#16333,#13040,#13041);
#11917=AXIS2_PLACEMENT_3D('',#16336,#13043,#13044);
#11918=AXIS2_PLACEMENT_3D('',#16342,#13048,#13049);
#11919=AXIS2_PLACEMENT_3D('',#16343,#13050,#13051);
#11920=AXIS2_PLACEMENT_3D('',#16347,#13053,#13054);
#11921=AXIS2_PLACEMENT_3D('',#16348,#13055,#13056);
#11922=AXIS2_PLACEMENT_3D('',#16351,#13059,#13060);
#11923=AXIS2_PLACEMENT_3D('',#16357,#13064,#13065);
#11924=AXIS2_PLACEMENT_3D('',#16358,#13066,#13067);
#11925=AXIS2_PLACEMENT_3D('',#16363,#13069,#13070);
#11926=AXIS2_PLACEMENT_3D('',#16366,#13072,#13073);
#11927=AXIS2_PLACEMENT_3D('',#16372,#13077,#13078);
#11928=AXIS2_PLACEMENT_3D('',#16373,#13079,#13080);
#11929=AXIS2_PLACEMENT_3D('',#16377,#13082,#13083);
#11930=AXIS2_PLACEMENT_3D('',#16378,#13084,#13085);
#11931=AXIS2_PLACEMENT_3D('',#16381,#13088,#13089);
#11932=AXIS2_PLACEMENT_3D('',#16387,#13093,#13094);
#11933=AXIS2_PLACEMENT_3D('',#16388,#13095,#13096);
#11934=AXIS2_PLACEMENT_3D('',#16393,#13098,#13099);
#11935=AXIS2_PLACEMENT_3D('',#16396,#13101,#13102);
#11936=AXIS2_PLACEMENT_3D('',#16402,#13106,#13107);
#11937=AXIS2_PLACEMENT_3D('',#16403,#13108,#13109);
#11938=AXIS2_PLACEMENT_3D('',#16407,#13111,#13112);
#11939=AXIS2_PLACEMENT_3D('',#16408,#13113,#13114);
#11940=AXIS2_PLACEMENT_3D('',#16411,#13117,#13118);
#11941=AXIS2_PLACEMENT_3D('',#16417,#13122,#13123);
#11942=AXIS2_PLACEMENT_3D('',#16418,#13124,#13125);
#11943=AXIS2_PLACEMENT_3D('',#16423,#13127,#13128);
#11944=AXIS2_PLACEMENT_3D('',#16426,#13130,#13131);
#11945=AXIS2_PLACEMENT_3D('',#16432,#13135,#13136);
#11946=AXIS2_PLACEMENT_3D('',#16433,#13137,#13138);
#11947=AXIS2_PLACEMENT_3D('',#16437,#13140,#13141);
#11948=AXIS2_PLACEMENT_3D('',#16438,#13142,#13143);
#11949=AXIS2_PLACEMENT_3D('',#16441,#13146,#13147);
#11950=AXIS2_PLACEMENT_3D('',#16447,#13151,#13152);
#11951=AXIS2_PLACEMENT_3D('',#16448,#13153,#13154);
#11952=AXIS2_PLACEMENT_3D('',#16453,#13156,#13157);
#11953=AXIS2_PLACEMENT_3D('',#16456,#13159,#13160);
#11954=AXIS2_PLACEMENT_3D('',#16462,#13164,#13165);
#11955=AXIS2_PLACEMENT_3D('',#16463,#13166,#13167);
#11956=AXIS2_PLACEMENT_3D('',#16467,#13169,#13170);
#11957=AXIS2_PLACEMENT_3D('',#16468,#13171,#13172);
#11958=AXIS2_PLACEMENT_3D('',#16471,#13175,#13176);
#11959=AXIS2_PLACEMENT_3D('',#16477,#13180,#13181);
#11960=AXIS2_PLACEMENT_3D('',#16478,#13182,#13183);
#11961=AXIS2_PLACEMENT_3D('',#16483,#13185,#13186);
#11962=AXIS2_PLACEMENT_3D('',#16486,#13188,#13189);
#11963=AXIS2_PLACEMENT_3D('',#16492,#13193,#13194);
#11964=AXIS2_PLACEMENT_3D('',#16493,#13195,#13196);
#11965=AXIS2_PLACEMENT_3D('',#16497,#13198,#13199);
#11966=AXIS2_PLACEMENT_3D('',#16498,#13200,#13201);
#11967=AXIS2_PLACEMENT_3D('',#16501,#13204,#13205);
#11968=AXIS2_PLACEMENT_3D('',#16507,#13209,#13210);
#11969=AXIS2_PLACEMENT_3D('',#16508,#13211,#13212);
#11970=AXIS2_PLACEMENT_3D('',#16513,#13214,#13215);
#11971=AXIS2_PLACEMENT_3D('',#16516,#13217,#13218);
#11972=AXIS2_PLACEMENT_3D('',#16522,#13222,#13223);
#11973=AXIS2_PLACEMENT_3D('',#16523,#13224,#13225);
#11974=AXIS2_PLACEMENT_3D('',#16527,#13227,#13228);
#11975=AXIS2_PLACEMENT_3D('',#16528,#13229,#13230);
#11976=AXIS2_PLACEMENT_3D('',#16531,#13233,#13234);
#11977=AXIS2_PLACEMENT_3D('',#16537,#13238,#13239);
#11978=AXIS2_PLACEMENT_3D('',#16538,#13240,#13241);
#11979=AXIS2_PLACEMENT_3D('',#16543,#13243,#13244);
#11980=AXIS2_PLACEMENT_3D('',#16546,#13246,#13247);
#11981=AXIS2_PLACEMENT_3D('',#16552,#13251,#13252);
#11982=AXIS2_PLACEMENT_3D('',#16553,#13253,#13254);
#11983=AXIS2_PLACEMENT_3D('',#16557,#13256,#13257);
#11984=AXIS2_PLACEMENT_3D('',#16558,#13258,#13259);
#11985=AXIS2_PLACEMENT_3D('',#16561,#13262,#13263);
#11986=AXIS2_PLACEMENT_3D('',#16567,#13267,#13268);
#11987=AXIS2_PLACEMENT_3D('',#16568,#13269,#13270);
#11988=AXIS2_PLACEMENT_3D('',#16573,#13272,#13273);
#11989=AXIS2_PLACEMENT_3D('',#16576,#13275,#13276);
#11990=AXIS2_PLACEMENT_3D('',#16582,#13280,#13281);
#11991=AXIS2_PLACEMENT_3D('',#16583,#13282,#13283);
#11992=AXIS2_PLACEMENT_3D('',#16587,#13285,#13286);
#11993=AXIS2_PLACEMENT_3D('',#16588,#13287,#13288);
#11994=AXIS2_PLACEMENT_3D('',#16591,#13291,#13292);
#11995=AXIS2_PLACEMENT_3D('',#16597,#13296,#13297);
#11996=AXIS2_PLACEMENT_3D('',#16598,#13298,#13299);
#11997=AXIS2_PLACEMENT_3D('',#16603,#13301,#13302);
#11998=AXIS2_PLACEMENT_3D('',#16606,#13304,#13305);
#11999=AXIS2_PLACEMENT_3D('',#16612,#13309,#13310);
#12000=AXIS2_PLACEMENT_3D('',#16613,#13311,#13312);
#12001=AXIS2_PLACEMENT_3D('',#16617,#13314,#13315);
#12002=AXIS2_PLACEMENT_3D('',#16618,#13316,#13317);
#12003=AXIS2_PLACEMENT_3D('',#16621,#13320,#13321);
#12004=AXIS2_PLACEMENT_3D('',#16627,#13325,#13326);
#12005=AXIS2_PLACEMENT_3D('',#16628,#13327,#13328);
#12006=AXIS2_PLACEMENT_3D('',#16633,#13330,#13331);
#12007=AXIS2_PLACEMENT_3D('',#16636,#13333,#13334);
#12008=AXIS2_PLACEMENT_3D('',#16642,#13338,#13339);
#12009=AXIS2_PLACEMENT_3D('',#16643,#13340,#13341);
#12010=AXIS2_PLACEMENT_3D('',#16647,#13343,#13344);
#12011=AXIS2_PLACEMENT_3D('',#16648,#13345,#13346);
#12012=AXIS2_PLACEMENT_3D('',#16651,#13349,#13350);
#12013=AXIS2_PLACEMENT_3D('',#16657,#13354,#13355);
#12014=AXIS2_PLACEMENT_3D('',#16658,#13356,#13357);
#12015=AXIS2_PLACEMENT_3D('',#16663,#13359,#13360);
#12016=AXIS2_PLACEMENT_3D('',#16666,#13362,#13363);
#12017=AXIS2_PLACEMENT_3D('',#16672,#13367,#13368);
#12018=AXIS2_PLACEMENT_3D('',#16673,#13369,#13370);
#12019=AXIS2_PLACEMENT_3D('',#16677,#13372,#13373);
#12020=AXIS2_PLACEMENT_3D('',#16678,#13374,#13375);
#12021=AXIS2_PLACEMENT_3D('',#16681,#13378,#13379);
#12022=AXIS2_PLACEMENT_3D('',#16687,#13383,#13384);
#12023=AXIS2_PLACEMENT_3D('',#16688,#13385,#13386);
#12024=AXIS2_PLACEMENT_3D('',#16693,#13388,#13389);
#12025=AXIS2_PLACEMENT_3D('',#16696,#13391,#13392);
#12026=AXIS2_PLACEMENT_3D('',#16702,#13396,#13397);
#12027=AXIS2_PLACEMENT_3D('',#16703,#13398,#13399);
#12028=AXIS2_PLACEMENT_3D('',#16707,#13401,#13402);
#12029=AXIS2_PLACEMENT_3D('',#16708,#13403,#13404);
#12030=AXIS2_PLACEMENT_3D('',#16711,#13407,#13408);
#12031=AXIS2_PLACEMENT_3D('',#16717,#13412,#13413);
#12032=AXIS2_PLACEMENT_3D('',#16718,#13414,#13415);
#12033=AXIS2_PLACEMENT_3D('',#16723,#13417,#13418);
#12034=AXIS2_PLACEMENT_3D('',#16726,#13420,#13421);
#12035=AXIS2_PLACEMENT_3D('',#16732,#13425,#13426);
#12036=AXIS2_PLACEMENT_3D('',#16733,#13427,#13428);
#12037=AXIS2_PLACEMENT_3D('',#16737,#13430,#13431);
#12038=AXIS2_PLACEMENT_3D('',#16738,#13432,#13433);
#12039=AXIS2_PLACEMENT_3D('',#16741,#13436,#13437);
#12040=AXIS2_PLACEMENT_3D('',#16747,#13441,#13442);
#12041=AXIS2_PLACEMENT_3D('',#16748,#13443,#13444);
#12042=AXIS2_PLACEMENT_3D('',#16753,#13446,#13447);
#12043=AXIS2_PLACEMENT_3D('',#16756,#13449,#13450);
#12044=AXIS2_PLACEMENT_3D('',#16762,#13454,#13455);
#12045=AXIS2_PLACEMENT_3D('',#16763,#13456,#13457);
#12046=AXIS2_PLACEMENT_3D('',#16767,#13459,#13460);
#12047=AXIS2_PLACEMENT_3D('',#16768,#13461,#13462);
#12048=AXIS2_PLACEMENT_3D('',#16771,#13465,#13466);
#12049=AXIS2_PLACEMENT_3D('',#16777,#13470,#13471);
#12050=AXIS2_PLACEMENT_3D('',#16778,#13472,#13473);
#12051=AXIS2_PLACEMENT_3D('',#16783,#13475,#13476);
#12052=AXIS2_PLACEMENT_3D('',#16786,#13478,#13479);
#12053=AXIS2_PLACEMENT_3D('',#16792,#13483,#13484);
#12054=AXIS2_PLACEMENT_3D('',#16793,#13485,#13486);
#12055=AXIS2_PLACEMENT_3D('',#16797,#13488,#13489);
#12056=AXIS2_PLACEMENT_3D('',#16798,#13490,#13491);
#12057=AXIS2_PLACEMENT_3D('',#16801,#13494,#13495);
#12058=AXIS2_PLACEMENT_3D('',#16807,#13499,#13500);
#12059=AXIS2_PLACEMENT_3D('',#16808,#13501,#13502);
#12060=AXIS2_PLACEMENT_3D('',#16813,#13504,#13505);
#12061=AXIS2_PLACEMENT_3D('',#16816,#13507,#13508);
#12062=AXIS2_PLACEMENT_3D('',#16822,#13512,#13513);
#12063=AXIS2_PLACEMENT_3D('',#16823,#13514,#13515);
#12064=AXIS2_PLACEMENT_3D('',#16827,#13517,#13518);
#12065=AXIS2_PLACEMENT_3D('',#16828,#13519,#13520);
#12066=AXIS2_PLACEMENT_3D('',#16831,#13523,#13524);
#12067=AXIS2_PLACEMENT_3D('',#16837,#13528,#13529);
#12068=AXIS2_PLACEMENT_3D('',#16838,#13530,#13531);
#12069=AXIS2_PLACEMENT_3D('',#16843,#13533,#13534);
#12070=AXIS2_PLACEMENT_3D('',#16846,#13536,#13537);
#12071=AXIS2_PLACEMENT_3D('',#16852,#13541,#13542);
#12072=AXIS2_PLACEMENT_3D('',#16853,#13543,#13544);
#12073=AXIS2_PLACEMENT_3D('',#16857,#13546,#13547);
#12074=AXIS2_PLACEMENT_3D('',#16858,#13548,#13549);
#12075=AXIS2_PLACEMENT_3D('',#16861,#13552,#13553);
#12076=AXIS2_PLACEMENT_3D('',#16867,#13557,#13558);
#12077=AXIS2_PLACEMENT_3D('',#16868,#13559,#13560);
#12078=AXIS2_PLACEMENT_3D('',#16873,#13562,#13563);
#12079=AXIS2_PLACEMENT_3D('',#16876,#13565,#13566);
#12080=AXIS2_PLACEMENT_3D('',#16882,#13570,#13571);
#12081=AXIS2_PLACEMENT_3D('',#16883,#13572,#13573);
#12082=AXIS2_PLACEMENT_3D('',#16887,#13575,#13576);
#12083=AXIS2_PLACEMENT_3D('',#16888,#13577,#13578);
#12084=AXIS2_PLACEMENT_3D('',#16891,#13581,#13582);
#12085=AXIS2_PLACEMENT_3D('',#16897,#13586,#13587);
#12086=AXIS2_PLACEMENT_3D('',#16898,#13588,#13589);
#12087=AXIS2_PLACEMENT_3D('',#16903,#13591,#13592);
#12088=AXIS2_PLACEMENT_3D('',#16906,#13594,#13595);
#12089=AXIS2_PLACEMENT_3D('',#16912,#13599,#13600);
#12090=AXIS2_PLACEMENT_3D('',#16913,#13601,#13602);
#12091=AXIS2_PLACEMENT_3D('',#16917,#13604,#13605);
#12092=AXIS2_PLACEMENT_3D('',#16918,#13606,#13607);
#12093=AXIS2_PLACEMENT_3D('',#16921,#13610,#13611);
#12094=AXIS2_PLACEMENT_3D('',#16927,#13615,#13616);
#12095=AXIS2_PLACEMENT_3D('',#16928,#13617,#13618);
#12096=AXIS2_PLACEMENT_3D('',#16933,#13620,#13621);
#12097=AXIS2_PLACEMENT_3D('',#16936,#13623,#13624);
#12098=AXIS2_PLACEMENT_3D('',#16942,#13628,#13629);
#12099=AXIS2_PLACEMENT_3D('',#16943,#13630,#13631);
#12100=AXIS2_PLACEMENT_3D('',#16947,#13633,#13634);
#12101=AXIS2_PLACEMENT_3D('',#16948,#13635,#13636);
#12102=AXIS2_PLACEMENT_3D('',#16951,#13639,#13640);
#12103=AXIS2_PLACEMENT_3D('',#16957,#13644,#13645);
#12104=AXIS2_PLACEMENT_3D('',#16958,#13646,#13647);
#12105=AXIS2_PLACEMENT_3D('',#16963,#13649,#13650);
#12106=AXIS2_PLACEMENT_3D('',#16966,#13652,#13653);
#12107=AXIS2_PLACEMENT_3D('',#16972,#13657,#13658);
#12108=AXIS2_PLACEMENT_3D('',#16973,#13659,#13660);
#12109=AXIS2_PLACEMENT_3D('',#16977,#13662,#13663);
#12110=AXIS2_PLACEMENT_3D('',#16978,#13664,#13665);
#12111=AXIS2_PLACEMENT_3D('',#16981,#13668,#13669);
#12112=AXIS2_PLACEMENT_3D('',#16987,#13673,#13674);
#12113=AXIS2_PLACEMENT_3D('',#16988,#13675,#13676);
#12114=AXIS2_PLACEMENT_3D('',#16993,#13678,#13679);
#12115=AXIS2_PLACEMENT_3D('',#16996,#13681,#13682);
#12116=AXIS2_PLACEMENT_3D('',#17002,#13686,#13687);
#12117=AXIS2_PLACEMENT_3D('',#17003,#13688,#13689);
#12118=AXIS2_PLACEMENT_3D('',#17007,#13691,#13692);
#12119=AXIS2_PLACEMENT_3D('',#17008,#13693,#13694);
#12120=AXIS2_PLACEMENT_3D('',#17011,#13697,#13698);
#12121=AXIS2_PLACEMENT_3D('',#17017,#13702,#13703);
#12122=AXIS2_PLACEMENT_3D('',#17018,#13704,#13705);
#12123=AXIS2_PLACEMENT_3D('',#17023,#13707,#13708);
#12124=AXIS2_PLACEMENT_3D('',#17026,#13710,#13711);
#12125=AXIS2_PLACEMENT_3D('',#17032,#13715,#13716);
#12126=AXIS2_PLACEMENT_3D('',#17033,#13717,#13718);
#12127=AXIS2_PLACEMENT_3D('',#17037,#13720,#13721);
#12128=AXIS2_PLACEMENT_3D('',#17038,#13722,#13723);
#12129=AXIS2_PLACEMENT_3D('',#17041,#13726,#13727);
#12130=AXIS2_PLACEMENT_3D('',#17047,#13731,#13732);
#12131=AXIS2_PLACEMENT_3D('',#17048,#13733,#13734);
#12132=AXIS2_PLACEMENT_3D('',#17053,#13736,#13737);
#12133=AXIS2_PLACEMENT_3D('',#17056,#13739,#13740);
#12134=AXIS2_PLACEMENT_3D('',#17062,#13744,#13745);
#12135=AXIS2_PLACEMENT_3D('',#17063,#13746,#13747);
#12136=AXIS2_PLACEMENT_3D('',#17067,#13749,#13750);
#12137=AXIS2_PLACEMENT_3D('',#17068,#13751,#13752);
#12138=AXIS2_PLACEMENT_3D('',#17071,#13755,#13756);
#12139=AXIS2_PLACEMENT_3D('',#17077,#13760,#13761);
#12140=AXIS2_PLACEMENT_3D('',#17078,#13762,#13763);
#12141=AXIS2_PLACEMENT_3D('',#17083,#13765,#13766);
#12142=AXIS2_PLACEMENT_3D('',#17086,#13768,#13769);
#12143=AXIS2_PLACEMENT_3D('',#17092,#13773,#13774);
#12144=AXIS2_PLACEMENT_3D('',#17093,#13775,#13776);
#12145=AXIS2_PLACEMENT_3D('',#17097,#13778,#13779);
#12146=AXIS2_PLACEMENT_3D('',#17098,#13780,#13781);
#12147=AXIS2_PLACEMENT_3D('',#17101,#13784,#13785);
#12148=AXIS2_PLACEMENT_3D('',#17107,#13789,#13790);
#12149=AXIS2_PLACEMENT_3D('',#17108,#13791,#13792);
#12150=AXIS2_PLACEMENT_3D('',#17113,#13794,#13795);
#12151=AXIS2_PLACEMENT_3D('',#17116,#13797,#13798);
#12152=AXIS2_PLACEMENT_3D('',#17122,#13802,#13803);
#12153=AXIS2_PLACEMENT_3D('',#17123,#13804,#13805);
#12154=AXIS2_PLACEMENT_3D('',#17127,#13807,#13808);
#12155=AXIS2_PLACEMENT_3D('',#17128,#13809,#13810);
#12156=AXIS2_PLACEMENT_3D('',#17131,#13813,#13814);
#12157=AXIS2_PLACEMENT_3D('',#17137,#13818,#13819);
#12158=AXIS2_PLACEMENT_3D('',#17138,#13820,#13821);
#12159=AXIS2_PLACEMENT_3D('',#17143,#13823,#13824);
#12160=AXIS2_PLACEMENT_3D('',#17146,#13826,#13827);
#12161=AXIS2_PLACEMENT_3D('',#17152,#13831,#13832);
#12162=AXIS2_PLACEMENT_3D('',#17153,#13833,#13834);
#12163=AXIS2_PLACEMENT_3D('',#17157,#13836,#13837);
#12164=AXIS2_PLACEMENT_3D('',#17158,#13838,#13839);
#12165=AXIS2_PLACEMENT_3D('',#17161,#13842,#13843);
#12166=AXIS2_PLACEMENT_3D('',#17167,#13847,#13848);
#12167=AXIS2_PLACEMENT_3D('',#17168,#13849,#13850);
#12168=AXIS2_PLACEMENT_3D('',#17173,#13852,#13853);
#12169=AXIS2_PLACEMENT_3D('',#17176,#13855,#13856);
#12170=AXIS2_PLACEMENT_3D('',#17182,#13860,#13861);
#12171=AXIS2_PLACEMENT_3D('',#17183,#13862,#13863);
#12172=AXIS2_PLACEMENT_3D('',#17187,#13865,#13866);
#12173=AXIS2_PLACEMENT_3D('',#17188,#13867,#13868);
#12174=AXIS2_PLACEMENT_3D('',#17191,#13871,#13872);
#12175=AXIS2_PLACEMENT_3D('',#17197,#13876,#13877);
#12176=AXIS2_PLACEMENT_3D('',#17198,#13878,#13879);
#12177=AXIS2_PLACEMENT_3D('',#17203,#13881,#13882);
#12178=AXIS2_PLACEMENT_3D('',#17206,#13884,#13885);
#12179=AXIS2_PLACEMENT_3D('',#17212,#13889,#13890);
#12180=AXIS2_PLACEMENT_3D('',#17213,#13891,#13892);
#12181=AXIS2_PLACEMENT_3D('',#17217,#13894,#13895);
#12182=AXIS2_PLACEMENT_3D('',#17218,#13896,#13897);
#12183=AXIS2_PLACEMENT_3D('',#17221,#13900,#13901);
#12184=AXIS2_PLACEMENT_3D('',#17227,#13905,#13906);
#12185=AXIS2_PLACEMENT_3D('',#17228,#13907,#13908);
#12186=AXIS2_PLACEMENT_3D('',#17233,#13910,#13911);
#12187=AXIS2_PLACEMENT_3D('',#17236,#13913,#13914);
#12188=AXIS2_PLACEMENT_3D('',#17242,#13918,#13919);
#12189=AXIS2_PLACEMENT_3D('',#17243,#13920,#13921);
#12190=AXIS2_PLACEMENT_3D('',#17247,#13923,#13924);
#12191=AXIS2_PLACEMENT_3D('',#17248,#13925,#13926);
#12192=AXIS2_PLACEMENT_3D('',#17251,#13929,#13930);
#12193=AXIS2_PLACEMENT_3D('',#17257,#13934,#13935);
#12194=AXIS2_PLACEMENT_3D('',#17258,#13936,#13937);
#12195=AXIS2_PLACEMENT_3D('',#17263,#13939,#13940);
#12196=AXIS2_PLACEMENT_3D('',#17266,#13942,#13943);
#12197=AXIS2_PLACEMENT_3D('',#17272,#13947,#13948);
#12198=AXIS2_PLACEMENT_3D('',#17273,#13949,#13950);
#12199=AXIS2_PLACEMENT_3D('',#17277,#13952,#13953);
#12200=AXIS2_PLACEMENT_3D('',#17278,#13954,#13955);
#12201=AXIS2_PLACEMENT_3D('',#17281,#13958,#13959);
#12202=AXIS2_PLACEMENT_3D('',#17287,#13963,#13964);
#12203=AXIS2_PLACEMENT_3D('',#17288,#13965,#13966);
#12204=AXIS2_PLACEMENT_3D('',#17293,#13968,#13969);
#12205=AXIS2_PLACEMENT_3D('',#17296,#13971,#13972);
#12206=AXIS2_PLACEMENT_3D('',#17302,#13976,#13977);
#12207=AXIS2_PLACEMENT_3D('',#17303,#13978,#13979);
#12208=AXIS2_PLACEMENT_3D('',#17307,#13981,#13982);
#12209=AXIS2_PLACEMENT_3D('',#17308,#13983,#13984);
#12210=AXIS2_PLACEMENT_3D('',#17311,#13987,#13988);
#12211=AXIS2_PLACEMENT_3D('',#17317,#13992,#13993);
#12212=AXIS2_PLACEMENT_3D('',#17318,#13994,#13995);
#12213=AXIS2_PLACEMENT_3D('',#17323,#13997,#13998);
#12214=AXIS2_PLACEMENT_3D('',#17326,#14000,#14001);
#12215=AXIS2_PLACEMENT_3D('',#17332,#14005,#14006);
#12216=AXIS2_PLACEMENT_3D('',#17333,#14007,#14008);
#12217=AXIS2_PLACEMENT_3D('',#17337,#14010,#14011);
#12218=AXIS2_PLACEMENT_3D('',#17338,#14012,#14013);
#12219=AXIS2_PLACEMENT_3D('',#17341,#14016,#14017);
#12220=AXIS2_PLACEMENT_3D('',#17347,#14021,#14022);
#12221=AXIS2_PLACEMENT_3D('',#17348,#14023,#14024);
#12222=AXIS2_PLACEMENT_3D('',#17353,#14026,#14027);
#12223=AXIS2_PLACEMENT_3D('',#17356,#14029,#14030);
#12224=AXIS2_PLACEMENT_3D('',#17362,#14034,#14035);
#12225=AXIS2_PLACEMENT_3D('',#17363,#14036,#14037);
#12226=AXIS2_PLACEMENT_3D('',#17367,#14039,#14040);
#12227=AXIS2_PLACEMENT_3D('',#17368,#14041,#14042);
#12228=AXIS2_PLACEMENT_3D('',#17371,#14045,#14046);
#12229=AXIS2_PLACEMENT_3D('',#17377,#14050,#14051);
#12230=AXIS2_PLACEMENT_3D('',#17378,#14052,#14053);
#12231=AXIS2_PLACEMENT_3D('',#17383,#14055,#14056);
#12232=AXIS2_PLACEMENT_3D('',#17386,#14058,#14059);
#12233=AXIS2_PLACEMENT_3D('',#17392,#14063,#14064);
#12234=AXIS2_PLACEMENT_3D('',#17393,#14065,#14066);
#12235=AXIS2_PLACEMENT_3D('',#17397,#14068,#14069);
#12236=AXIS2_PLACEMENT_3D('',#17398,#14070,#14071);
#12237=AXIS2_PLACEMENT_3D('',#17401,#14074,#14075);
#12238=AXIS2_PLACEMENT_3D('',#17407,#14079,#14080);
#12239=AXIS2_PLACEMENT_3D('',#17408,#14081,#14082);
#12240=AXIS2_PLACEMENT_3D('',#17413,#14084,#14085);
#12241=AXIS2_PLACEMENT_3D('',#17416,#14087,#14088);
#12242=AXIS2_PLACEMENT_3D('',#17422,#14092,#14093);
#12243=AXIS2_PLACEMENT_3D('',#17423,#14094,#14095);
#12244=AXIS2_PLACEMENT_3D('',#17427,#14097,#14098);
#12245=AXIS2_PLACEMENT_3D('',#17428,#14099,#14100);
#12246=AXIS2_PLACEMENT_3D('',#17431,#14103,#14104);
#12247=AXIS2_PLACEMENT_3D('',#17437,#14108,#14109);
#12248=AXIS2_PLACEMENT_3D('',#17438,#14110,#14111);
#12249=AXIS2_PLACEMENT_3D('',#17443,#14113,#14114);
#12250=AXIS2_PLACEMENT_3D('',#17446,#14116,#14117);
#12251=AXIS2_PLACEMENT_3D('',#17452,#14121,#14122);
#12252=AXIS2_PLACEMENT_3D('',#17453,#14123,#14124);
#12253=AXIS2_PLACEMENT_3D('',#17457,#14126,#14127);
#12254=AXIS2_PLACEMENT_3D('',#17458,#14128,#14129);
#12255=AXIS2_PLACEMENT_3D('',#17461,#14132,#14133);
#12256=AXIS2_PLACEMENT_3D('',#17467,#14137,#14138);
#12257=AXIS2_PLACEMENT_3D('',#17468,#14139,#14140);
#12258=AXIS2_PLACEMENT_3D('',#17473,#14142,#14143);
#12259=AXIS2_PLACEMENT_3D('',#17476,#14145,#14146);
#12260=AXIS2_PLACEMENT_3D('',#17482,#14150,#14151);
#12261=AXIS2_PLACEMENT_3D('',#17483,#14152,#14153);
#12262=AXIS2_PLACEMENT_3D('',#17487,#14155,#14156);
#12263=AXIS2_PLACEMENT_3D('',#17488,#14157,#14158);
#12264=AXIS2_PLACEMENT_3D('',#17491,#14161,#14162);
#12265=AXIS2_PLACEMENT_3D('',#17497,#14166,#14167);
#12266=AXIS2_PLACEMENT_3D('',#17498,#14168,#14169);
#12267=AXIS2_PLACEMENT_3D('',#17503,#14171,#14172);
#12268=AXIS2_PLACEMENT_3D('',#17506,#14174,#14175);
#12269=AXIS2_PLACEMENT_3D('',#17512,#14179,#14180);
#12270=AXIS2_PLACEMENT_3D('',#17513,#14181,#14182);
#12271=AXIS2_PLACEMENT_3D('',#17517,#14184,#14185);
#12272=AXIS2_PLACEMENT_3D('',#17518,#14186,#14187);
#12273=AXIS2_PLACEMENT_3D('',#17521,#14190,#14191);
#12274=AXIS2_PLACEMENT_3D('',#17527,#14195,#14196);
#12275=AXIS2_PLACEMENT_3D('',#17528,#14197,#14198);
#12276=AXIS2_PLACEMENT_3D('',#17533,#14200,#14201);
#12277=AXIS2_PLACEMENT_3D('',#17536,#14203,#14204);
#12278=AXIS2_PLACEMENT_3D('',#17542,#14208,#14209);
#12279=AXIS2_PLACEMENT_3D('',#17543,#14210,#14211);
#12280=AXIS2_PLACEMENT_3D('',#17547,#14213,#14214);
#12281=AXIS2_PLACEMENT_3D('',#17548,#14215,#14216);
#12282=AXIS2_PLACEMENT_3D('',#17551,#14219,#14220);
#12283=AXIS2_PLACEMENT_3D('',#17557,#14224,#14225);
#12284=AXIS2_PLACEMENT_3D('',#17558,#14226,#14227);
#12285=AXIS2_PLACEMENT_3D('',#17563,#14229,#14230);
#12286=AXIS2_PLACEMENT_3D('',#17566,#14232,#14233);
#12287=AXIS2_PLACEMENT_3D('',#17572,#14237,#14238);
#12288=AXIS2_PLACEMENT_3D('',#17573,#14239,#14240);
#12289=AXIS2_PLACEMENT_3D('',#17577,#14242,#14243);
#12290=AXIS2_PLACEMENT_3D('',#17578,#14244,#14245);
#12291=AXIS2_PLACEMENT_3D('',#17581,#14248,#14249);
#12292=AXIS2_PLACEMENT_3D('',#17587,#14253,#14254);
#12293=AXIS2_PLACEMENT_3D('',#17588,#14255,#14256);
#12294=AXIS2_PLACEMENT_3D('',#17593,#14258,#14259);
#12295=AXIS2_PLACEMENT_3D('',#17596,#14261,#14262);
#12296=AXIS2_PLACEMENT_3D('',#17602,#14266,#14267);
#12297=AXIS2_PLACEMENT_3D('',#17603,#14268,#14269);
#12298=AXIS2_PLACEMENT_3D('',#17607,#14271,#14272);
#12299=AXIS2_PLACEMENT_3D('',#17608,#14273,#14274);
#12300=AXIS2_PLACEMENT_3D('',#17611,#14277,#14278);
#12301=AXIS2_PLACEMENT_3D('',#17617,#14282,#14283);
#12302=AXIS2_PLACEMENT_3D('',#17618,#14284,#14285);
#12303=AXIS2_PLACEMENT_3D('',#17623,#14287,#14288);
#12304=AXIS2_PLACEMENT_3D('',#17626,#14290,#14291);
#12305=AXIS2_PLACEMENT_3D('',#17632,#14295,#14296);
#12306=AXIS2_PLACEMENT_3D('',#17633,#14297,#14298);
#12307=AXIS2_PLACEMENT_3D('',#17637,#14300,#14301);
#12308=AXIS2_PLACEMENT_3D('',#17638,#14302,#14303);
#12309=AXIS2_PLACEMENT_3D('',#17641,#14306,#14307);
#12310=AXIS2_PLACEMENT_3D('',#17647,#14311,#14312);
#12311=AXIS2_PLACEMENT_3D('',#17648,#14313,#14314);
#12312=AXIS2_PLACEMENT_3D('',#17653,#14316,#14317);
#12313=AXIS2_PLACEMENT_3D('',#17656,#14319,#14320);
#12314=AXIS2_PLACEMENT_3D('',#17662,#14324,#14325);
#12315=AXIS2_PLACEMENT_3D('',#17663,#14326,#14327);
#12316=AXIS2_PLACEMENT_3D('',#17667,#14329,#14330);
#12317=AXIS2_PLACEMENT_3D('',#17668,#14331,#14332);
#12318=AXIS2_PLACEMENT_3D('',#17671,#14335,#14336);
#12319=AXIS2_PLACEMENT_3D('',#17677,#14340,#14341);
#12320=AXIS2_PLACEMENT_3D('',#17678,#14342,#14343);
#12321=AXIS2_PLACEMENT_3D('',#17683,#14345,#14346);
#12322=AXIS2_PLACEMENT_3D('',#17686,#14348,#14349);
#12323=AXIS2_PLACEMENT_3D('',#17692,#14353,#14354);
#12324=AXIS2_PLACEMENT_3D('',#17693,#14355,#14356);
#12325=AXIS2_PLACEMENT_3D('',#17697,#14358,#14359);
#12326=AXIS2_PLACEMENT_3D('',#17698,#14360,#14361);
#12327=AXIS2_PLACEMENT_3D('',#17701,#14364,#14365);
#12328=AXIS2_PLACEMENT_3D('',#17707,#14369,#14370);
#12329=AXIS2_PLACEMENT_3D('',#17708,#14371,#14372);
#12330=AXIS2_PLACEMENT_3D('',#17713,#14374,#14375);
#12331=AXIS2_PLACEMENT_3D('',#17716,#14377,#14378);
#12332=AXIS2_PLACEMENT_3D('',#17722,#14382,#14383);
#12333=AXIS2_PLACEMENT_3D('',#17723,#14384,#14385);
#12334=AXIS2_PLACEMENT_3D('',#17727,#14387,#14388);
#12335=AXIS2_PLACEMENT_3D('',#17728,#14389,#14390);
#12336=AXIS2_PLACEMENT_3D('',#17731,#14393,#14394);
#12337=AXIS2_PLACEMENT_3D('',#17737,#14398,#14399);
#12338=AXIS2_PLACEMENT_3D('',#17738,#14400,#14401);
#12339=AXIS2_PLACEMENT_3D('',#17743,#14403,#14404);
#12340=AXIS2_PLACEMENT_3D('',#17746,#14406,#14407);
#12341=AXIS2_PLACEMENT_3D('',#17752,#14411,#14412);
#12342=AXIS2_PLACEMENT_3D('',#17753,#14413,#14414);
#12343=AXIS2_PLACEMENT_3D('',#17757,#14416,#14417);
#12344=AXIS2_PLACEMENT_3D('',#17758,#14418,#14419);
#12345=AXIS2_PLACEMENT_3D('',#17761,#14422,#14423);
#12346=AXIS2_PLACEMENT_3D('',#17767,#14427,#14428);
#12347=AXIS2_PLACEMENT_3D('',#17768,#14429,#14430);
#12348=AXIS2_PLACEMENT_3D('',#17773,#14432,#14433);
#12349=AXIS2_PLACEMENT_3D('',#17776,#14435,#14436);
#12350=AXIS2_PLACEMENT_3D('',#17782,#14440,#14441);
#12351=AXIS2_PLACEMENT_3D('',#17783,#14442,#14443);
#12352=AXIS2_PLACEMENT_3D('',#17787,#14445,#14446);
#12353=AXIS2_PLACEMENT_3D('',#17788,#14447,#14448);
#12354=AXIS2_PLACEMENT_3D('',#17791,#14451,#14452);
#12355=AXIS2_PLACEMENT_3D('',#17797,#14456,#14457);
#12356=AXIS2_PLACEMENT_3D('',#17798,#14458,#14459);
#12357=AXIS2_PLACEMENT_3D('',#17803,#14461,#14462);
#12358=AXIS2_PLACEMENT_3D('',#17806,#14464,#14465);
#12359=AXIS2_PLACEMENT_3D('',#17812,#14469,#14470);
#12360=AXIS2_PLACEMENT_3D('',#17813,#14471,#14472);
#12361=AXIS2_PLACEMENT_3D('',#17817,#14474,#14475);
#12362=AXIS2_PLACEMENT_3D('',#17818,#14476,#14477);
#12363=AXIS2_PLACEMENT_3D('',#17821,#14480,#14481);
#12364=AXIS2_PLACEMENT_3D('',#17827,#14485,#14486);
#12365=AXIS2_PLACEMENT_3D('',#17828,#14487,#14488);
#12366=AXIS2_PLACEMENT_3D('',#17833,#14490,#14491);
#12367=AXIS2_PLACEMENT_3D('',#17836,#14493,#14494);
#12368=AXIS2_PLACEMENT_3D('',#17842,#14498,#14499);
#12369=AXIS2_PLACEMENT_3D('',#17843,#14500,#14501);
#12370=AXIS2_PLACEMENT_3D('',#17847,#14503,#14504);
#12371=AXIS2_PLACEMENT_3D('',#17848,#14505,#14506);
#12372=AXIS2_PLACEMENT_3D('',#17851,#14509,#14510);
#12373=AXIS2_PLACEMENT_3D('',#17857,#14514,#14515);
#12374=AXIS2_PLACEMENT_3D('',#17858,#14516,#14517);
#12375=AXIS2_PLACEMENT_3D('',#17863,#14519,#14520);
#12376=AXIS2_PLACEMENT_3D('',#17866,#14522,#14523);
#12377=AXIS2_PLACEMENT_3D('',#17872,#14527,#14528);
#12378=AXIS2_PLACEMENT_3D('',#17873,#14529,#14530);
#12379=AXIS2_PLACEMENT_3D('',#17877,#14532,#14533);
#12380=AXIS2_PLACEMENT_3D('',#17878,#14534,#14535);
#12381=AXIS2_PLACEMENT_3D('',#17881,#14538,#14539);
#12382=AXIS2_PLACEMENT_3D('',#17887,#14543,#14544);
#12383=AXIS2_PLACEMENT_3D('',#17888,#14545,#14546);
#12384=AXIS2_PLACEMENT_3D('',#17893,#14548,#14549);
#12385=AXIS2_PLACEMENT_3D('',#17896,#14551,#14552);
#12386=AXIS2_PLACEMENT_3D('',#17902,#14556,#14557);
#12387=AXIS2_PLACEMENT_3D('',#17903,#14558,#14559);
#12388=AXIS2_PLACEMENT_3D('',#17907,#14561,#14562);
#12389=AXIS2_PLACEMENT_3D('',#17908,#14563,#14564);
#12390=AXIS2_PLACEMENT_3D('',#17911,#14567,#14568);
#12391=AXIS2_PLACEMENT_3D('',#17917,#14572,#14573);
#12392=AXIS2_PLACEMENT_3D('',#17918,#14574,#14575);
#12393=AXIS2_PLACEMENT_3D('',#17923,#14577,#14578);
#12394=AXIS2_PLACEMENT_3D('',#17926,#14580,#14581);
#12395=AXIS2_PLACEMENT_3D('',#17932,#14585,#14586);
#12396=AXIS2_PLACEMENT_3D('',#17933,#14587,#14588);
#12397=AXIS2_PLACEMENT_3D('',#17937,#14590,#14591);
#12398=AXIS2_PLACEMENT_3D('',#17938,#14592,#14593);
#12399=AXIS2_PLACEMENT_3D('',#17941,#14596,#14597);
#12400=AXIS2_PLACEMENT_3D('',#17947,#14601,#14602);
#12401=AXIS2_PLACEMENT_3D('',#17948,#14603,#14604);
#12402=AXIS2_PLACEMENT_3D('',#17953,#14606,#14607);
#12403=AXIS2_PLACEMENT_3D('',#17956,#14609,#14610);
#12404=AXIS2_PLACEMENT_3D('',#17962,#14614,#14615);
#12405=AXIS2_PLACEMENT_3D('',#17963,#14616,#14617);
#12406=AXIS2_PLACEMENT_3D('',#17967,#14619,#14620);
#12407=AXIS2_PLACEMENT_3D('',#17968,#14621,#14622);
#12408=AXIS2_PLACEMENT_3D('',#17971,#14625,#14626);
#12409=AXIS2_PLACEMENT_3D('',#17977,#14630,#14631);
#12410=AXIS2_PLACEMENT_3D('',#17978,#14632,#14633);
#12411=AXIS2_PLACEMENT_3D('',#17983,#14635,#14636);
#12412=AXIS2_PLACEMENT_3D('',#17986,#14638,#14639);
#12413=AXIS2_PLACEMENT_3D('',#17992,#14643,#14644);
#12414=AXIS2_PLACEMENT_3D('',#17993,#14645,#14646);
#12415=AXIS2_PLACEMENT_3D('',#17997,#14648,#14649);
#12416=AXIS2_PLACEMENT_3D('',#17998,#14650,#14651);
#12417=AXIS2_PLACEMENT_3D('',#18001,#14654,#14655);
#12418=AXIS2_PLACEMENT_3D('',#18007,#14659,#14660);
#12419=AXIS2_PLACEMENT_3D('',#18008,#14661,#14662);
#12420=AXIS2_PLACEMENT_3D('',#18013,#14664,#14665);
#12421=AXIS2_PLACEMENT_3D('',#18016,#14667,#14668);
#12422=AXIS2_PLACEMENT_3D('',#18022,#14672,#14673);
#12423=AXIS2_PLACEMENT_3D('',#18023,#14674,#14675);
#12424=AXIS2_PLACEMENT_3D('',#18027,#14677,#14678);
#12425=AXIS2_PLACEMENT_3D('',#18028,#14679,#14680);
#12426=AXIS2_PLACEMENT_3D('',#18031,#14683,#14684);
#12427=AXIS2_PLACEMENT_3D('',#18037,#14688,#14689);
#12428=AXIS2_PLACEMENT_3D('',#18038,#14690,#14691);
#12429=AXIS2_PLACEMENT_3D('',#18043,#14693,#14694);
#12430=AXIS2_PLACEMENT_3D('',#18046,#14696,#14697);
#12431=AXIS2_PLACEMENT_3D('',#18052,#14701,#14702);
#12432=AXIS2_PLACEMENT_3D('',#18053,#14703,#14704);
#12433=AXIS2_PLACEMENT_3D('',#18057,#14706,#14707);
#12434=AXIS2_PLACEMENT_3D('',#18058,#14708,#14709);
#12435=AXIS2_PLACEMENT_3D('',#18061,#14712,#14713);
#12436=AXIS2_PLACEMENT_3D('',#18067,#14717,#14718);
#12437=AXIS2_PLACEMENT_3D('',#18068,#14719,#14720);
#12438=AXIS2_PLACEMENT_3D('',#18073,#14722,#14723);
#12439=AXIS2_PLACEMENT_3D('',#18076,#14725,#14726);
#12440=AXIS2_PLACEMENT_3D('',#18082,#14730,#14731);
#12441=AXIS2_PLACEMENT_3D('',#18083,#14732,#14733);
#12442=AXIS2_PLACEMENT_3D('',#18087,#14735,#14736);
#12443=AXIS2_PLACEMENT_3D('',#18088,#14737,#14738);
#12444=AXIS2_PLACEMENT_3D('',#18091,#14741,#14742);
#12445=AXIS2_PLACEMENT_3D('',#18097,#14746,#14747);
#12446=AXIS2_PLACEMENT_3D('',#18098,#14748,#14749);
#12447=AXIS2_PLACEMENT_3D('',#18103,#14751,#14752);
#12448=AXIS2_PLACEMENT_3D('',#18106,#14754,#14755);
#12449=AXIS2_PLACEMENT_3D('',#18112,#14759,#14760);
#12450=AXIS2_PLACEMENT_3D('',#18113,#14761,#14762);
#12451=AXIS2_PLACEMENT_3D('',#18117,#14764,#14765);
#12452=AXIS2_PLACEMENT_3D('',#18118,#14766,#14767);
#12453=AXIS2_PLACEMENT_3D('',#18121,#14770,#14771);
#12454=AXIS2_PLACEMENT_3D('',#18127,#14775,#14776);
#12455=AXIS2_PLACEMENT_3D('',#18128,#14777,#14778);
#12456=AXIS2_PLACEMENT_3D('',#18133,#14780,#14781);
#12457=AXIS2_PLACEMENT_3D('',#18136,#14783,#14784);
#12458=AXIS2_PLACEMENT_3D('',#18142,#14788,#14789);
#12459=AXIS2_PLACEMENT_3D('',#18143,#14790,#14791);
#12460=AXIS2_PLACEMENT_3D('',#18147,#14793,#14794);
#12461=AXIS2_PLACEMENT_3D('',#18148,#14795,#14796);
#12462=AXIS2_PLACEMENT_3D('',#18151,#14799,#14800);
#12463=AXIS2_PLACEMENT_3D('',#18157,#14804,#14805);
#12464=AXIS2_PLACEMENT_3D('',#18158,#14806,#14807);
#12465=AXIS2_PLACEMENT_3D('',#18163,#14809,#14810);
#12466=AXIS2_PLACEMENT_3D('',#18166,#14812,#14813);
#12467=AXIS2_PLACEMENT_3D('',#18172,#14817,#14818);
#12468=AXIS2_PLACEMENT_3D('',#18173,#14819,#14820);
#12469=AXIS2_PLACEMENT_3D('',#18177,#14822,#14823);
#12470=AXIS2_PLACEMENT_3D('',#18178,#14824,#14825);
#12471=AXIS2_PLACEMENT_3D('',#18181,#14828,#14829);
#12472=AXIS2_PLACEMENT_3D('',#18187,#14833,#14834);
#12473=AXIS2_PLACEMENT_3D('',#18188,#14835,#14836);
#12474=AXIS2_PLACEMENT_3D('',#18193,#14838,#14839);
#12475=AXIS2_PLACEMENT_3D('',#18196,#14841,#14842);
#12476=AXIS2_PLACEMENT_3D('',#18202,#14846,#14847);
#12477=AXIS2_PLACEMENT_3D('',#18203,#14848,#14849);
#12478=AXIS2_PLACEMENT_3D('',#18207,#14851,#14852);
#12479=AXIS2_PLACEMENT_3D('',#18208,#14853,#14854);
#12480=AXIS2_PLACEMENT_3D('',#18211,#14857,#14858);
#12481=AXIS2_PLACEMENT_3D('',#18217,#14862,#14863);
#12482=AXIS2_PLACEMENT_3D('',#18218,#14864,#14865);
#12483=AXIS2_PLACEMENT_3D('',#18223,#14867,#14868);
#12484=AXIS2_PLACEMENT_3D('',#18226,#14870,#14871);
#12485=AXIS2_PLACEMENT_3D('',#18232,#14875,#14876);
#12486=AXIS2_PLACEMENT_3D('',#18233,#14877,#14878);
#12487=AXIS2_PLACEMENT_3D('',#18237,#14880,#14881);
#12488=AXIS2_PLACEMENT_3D('',#18238,#14882,#14883);
#12489=AXIS2_PLACEMENT_3D('',#18241,#14886,#14887);
#12490=AXIS2_PLACEMENT_3D('',#18247,#14891,#14892);
#12491=AXIS2_PLACEMENT_3D('',#18248,#14893,#14894);
#12492=AXIS2_PLACEMENT_3D('',#18253,#14896,#14897);
#12493=AXIS2_PLACEMENT_3D('',#18256,#14899,#14900);
#12494=AXIS2_PLACEMENT_3D('',#18262,#14904,#14905);
#12495=AXIS2_PLACEMENT_3D('',#18263,#14906,#14907);
#12496=AXIS2_PLACEMENT_3D('',#18267,#14909,#14910);
#12497=AXIS2_PLACEMENT_3D('',#18268,#14911,#14912);
#12498=AXIS2_PLACEMENT_3D('',#18271,#14915,#14916);
#12499=AXIS2_PLACEMENT_3D('',#18277,#14920,#14921);
#12500=AXIS2_PLACEMENT_3D('',#18278,#14922,#14923);
#12501=AXIS2_PLACEMENT_3D('',#18283,#14925,#14926);
#12502=AXIS2_PLACEMENT_3D('',#18286,#14928,#14929);
#12503=AXIS2_PLACEMENT_3D('',#18292,#14933,#14934);
#12504=AXIS2_PLACEMENT_3D('',#18293,#14935,#14936);
#12505=AXIS2_PLACEMENT_3D('',#18297,#14938,#14939);
#12506=AXIS2_PLACEMENT_3D('',#18298,#14940,#14941);
#12507=AXIS2_PLACEMENT_3D('',#18301,#14944,#14945);
#12508=AXIS2_PLACEMENT_3D('',#18307,#14949,#14950);
#12509=AXIS2_PLACEMENT_3D('',#18308,#14951,#14952);
#12510=AXIS2_PLACEMENT_3D('',#18313,#14954,#14955);
#12511=AXIS2_PLACEMENT_3D('',#18316,#14957,#14958);
#12512=AXIS2_PLACEMENT_3D('',#18322,#14962,#14963);
#12513=AXIS2_PLACEMENT_3D('',#18323,#14964,#14965);
#12514=AXIS2_PLACEMENT_3D('',#18327,#14967,#14968);
#12515=AXIS2_PLACEMENT_3D('',#18328,#14969,#14970);
#12516=AXIS2_PLACEMENT_3D('',#18331,#14973,#14974);
#12517=AXIS2_PLACEMENT_3D('',#18337,#14978,#14979);
#12518=AXIS2_PLACEMENT_3D('',#18338,#14980,#14981);
#12519=AXIS2_PLACEMENT_3D('',#18343,#14983,#14984);
#12520=AXIS2_PLACEMENT_3D('',#18346,#14986,#14987);
#12521=AXIS2_PLACEMENT_3D('',#18352,#14991,#14992);
#12522=AXIS2_PLACEMENT_3D('',#18353,#14993,#14994);
#12523=AXIS2_PLACEMENT_3D('',#18357,#14996,#14997);
#12524=AXIS2_PLACEMENT_3D('',#18358,#14998,#14999);
#12525=AXIS2_PLACEMENT_3D('',#18361,#15002,#15003);
#12526=AXIS2_PLACEMENT_3D('',#18367,#15007,#15008);
#12527=AXIS2_PLACEMENT_3D('',#18368,#15009,#15010);
#12528=AXIS2_PLACEMENT_3D('',#18373,#15012,#15013);
#12529=AXIS2_PLACEMENT_3D('',#18376,#15015,#15016);
#12530=AXIS2_PLACEMENT_3D('',#18382,#15020,#15021);
#12531=AXIS2_PLACEMENT_3D('',#18383,#15022,#15023);
#12532=AXIS2_PLACEMENT_3D('',#18387,#15025,#15026);
#12533=AXIS2_PLACEMENT_3D('',#18388,#15027,#15028);
#12534=AXIS2_PLACEMENT_3D('',#18391,#15031,#15032);
#12535=AXIS2_PLACEMENT_3D('',#18397,#15036,#15037);
#12536=AXIS2_PLACEMENT_3D('',#18398,#15038,#15039);
#12537=AXIS2_PLACEMENT_3D('',#18403,#15041,#15042);
#12538=AXIS2_PLACEMENT_3D('',#18406,#15044,#15045);
#12539=AXIS2_PLACEMENT_3D('',#18412,#15049,#15050);
#12540=AXIS2_PLACEMENT_3D('',#18413,#15051,#15052);
#12541=AXIS2_PLACEMENT_3D('',#18417,#15054,#15055);
#12542=AXIS2_PLACEMENT_3D('',#18418,#15056,#15057);
#12543=AXIS2_PLACEMENT_3D('',#18421,#15060,#15061);
#12544=AXIS2_PLACEMENT_3D('',#18427,#15065,#15066);
#12545=AXIS2_PLACEMENT_3D('',#18428,#15067,#15068);
#12546=AXIS2_PLACEMENT_3D('',#18433,#15070,#15071);
#12547=AXIS2_PLACEMENT_3D('',#18436,#15073,#15074);
#12548=AXIS2_PLACEMENT_3D('',#18442,#15078,#15079);
#12549=AXIS2_PLACEMENT_3D('',#18443,#15080,#15081);
#12550=AXIS2_PLACEMENT_3D('',#18447,#15083,#15084);
#12551=AXIS2_PLACEMENT_3D('',#18448,#15085,#15086);
#12552=AXIS2_PLACEMENT_3D('',#18451,#15089,#15090);
#12553=AXIS2_PLACEMENT_3D('',#18457,#15094,#15095);
#12554=AXIS2_PLACEMENT_3D('',#18458,#15096,#15097);
#12555=AXIS2_PLACEMENT_3D('',#18463,#15099,#15100);
#12556=AXIS2_PLACEMENT_3D('',#18466,#15102,#15103);
#12557=AXIS2_PLACEMENT_3D('',#18472,#15107,#15108);
#12558=AXIS2_PLACEMENT_3D('',#18473,#15109,#15110);
#12559=AXIS2_PLACEMENT_3D('',#18477,#15112,#15113);
#12560=AXIS2_PLACEMENT_3D('',#18478,#15114,#15115);
#12561=AXIS2_PLACEMENT_3D('',#18481,#15118,#15119);
#12562=AXIS2_PLACEMENT_3D('',#18487,#15123,#15124);
#12563=AXIS2_PLACEMENT_3D('',#18488,#15125,#15126);
#12564=AXIS2_PLACEMENT_3D('',#18493,#15128,#15129);
#12565=AXIS2_PLACEMENT_3D('',#18496,#15131,#15132);
#12566=AXIS2_PLACEMENT_3D('',#18502,#15136,#15137);
#12567=AXIS2_PLACEMENT_3D('',#18503,#15138,#15139);
#12568=AXIS2_PLACEMENT_3D('',#18507,#15141,#15142);
#12569=AXIS2_PLACEMENT_3D('',#18508,#15143,#15144);
#12570=AXIS2_PLACEMENT_3D('',#18511,#15147,#15148);
#12571=AXIS2_PLACEMENT_3D('',#18517,#15152,#15153);
#12572=AXIS2_PLACEMENT_3D('',#18518,#15154,#15155);
#12573=AXIS2_PLACEMENT_3D('',#18523,#15157,#15158);
#12574=AXIS2_PLACEMENT_3D('',#18526,#15160,#15161);
#12575=AXIS2_PLACEMENT_3D('',#18532,#15165,#15166);
#12576=AXIS2_PLACEMENT_3D('',#18533,#15167,#15168);
#12577=AXIS2_PLACEMENT_3D('',#18537,#15170,#15171);
#12578=AXIS2_PLACEMENT_3D('',#18538,#15172,#15173);
#12579=AXIS2_PLACEMENT_3D('',#18541,#15176,#15177);
#12580=AXIS2_PLACEMENT_3D('',#18547,#15181,#15182);
#12581=AXIS2_PLACEMENT_3D('',#18548,#15183,#15184);
#12582=AXIS2_PLACEMENT_3D('',#18553,#15186,#15187);
#12583=AXIS2_PLACEMENT_3D('',#18556,#15189,#15190);
#12584=AXIS2_PLACEMENT_3D('',#18562,#15194,#15195);
#12585=AXIS2_PLACEMENT_3D('',#18563,#15196,#15197);
#12586=AXIS2_PLACEMENT_3D('',#18567,#15199,#15200);
#12587=AXIS2_PLACEMENT_3D('',#18568,#15201,#15202);
#12588=AXIS2_PLACEMENT_3D('',#18571,#15205,#15206);
#12589=AXIS2_PLACEMENT_3D('',#18577,#15210,#15211);
#12590=AXIS2_PLACEMENT_3D('',#18578,#15212,#15213);
#12591=AXIS2_PLACEMENT_3D('',#18583,#15215,#15216);
#12592=AXIS2_PLACEMENT_3D('',#18586,#15218,#15219);
#12593=AXIS2_PLACEMENT_3D('',#18592,#15223,#15224);
#12594=AXIS2_PLACEMENT_3D('',#18593,#15225,#15226);
#12595=AXIS2_PLACEMENT_3D('',#18597,#15228,#15229);
#12596=AXIS2_PLACEMENT_3D('',#18598,#15230,#15231);
#12597=AXIS2_PLACEMENT_3D('',#18601,#15234,#15235);
#12598=AXIS2_PLACEMENT_3D('',#18607,#15239,#15240);
#12599=AXIS2_PLACEMENT_3D('',#18608,#15241,#15242);
#12600=AXIS2_PLACEMENT_3D('',#18613,#15244,#15245);
#12601=AXIS2_PLACEMENT_3D('',#18616,#15247,#15248);
#12602=AXIS2_PLACEMENT_3D('',#18622,#15252,#15253);
#12603=AXIS2_PLACEMENT_3D('',#18623,#15254,#15255);
#12604=AXIS2_PLACEMENT_3D('',#18627,#15257,#15258);
#12605=AXIS2_PLACEMENT_3D('',#18628,#15259,#15260);
#12606=AXIS2_PLACEMENT_3D('',#18631,#15263,#15264);
#12607=AXIS2_PLACEMENT_3D('',#18637,#15268,#15269);
#12608=AXIS2_PLACEMENT_3D('',#18638,#15270,#15271);
#12609=AXIS2_PLACEMENT_3D('',#18643,#15273,#15274);
#12610=AXIS2_PLACEMENT_3D('',#18646,#15276,#15277);
#12611=AXIS2_PLACEMENT_3D('',#18652,#15281,#15282);
#12612=AXIS2_PLACEMENT_3D('',#18653,#15283,#15284);
#12613=AXIS2_PLACEMENT_3D('',#18657,#15286,#15287);
#12614=AXIS2_PLACEMENT_3D('',#18658,#15288,#15289);
#12615=AXIS2_PLACEMENT_3D('',#18661,#15292,#15293);
#12616=AXIS2_PLACEMENT_3D('',#18667,#15297,#15298);
#12617=AXIS2_PLACEMENT_3D('',#18668,#15299,#15300);
#12618=AXIS2_PLACEMENT_3D('',#18673,#15302,#15303);
#12619=AXIS2_PLACEMENT_3D('',#18676,#15305,#15306);
#12620=AXIS2_PLACEMENT_3D('',#18682,#15310,#15311);
#12621=AXIS2_PLACEMENT_3D('',#18683,#15312,#15313);
#12622=AXIS2_PLACEMENT_3D('',#18687,#15315,#15316);
#12623=AXIS2_PLACEMENT_3D('',#18688,#15317,#15318);
#12624=AXIS2_PLACEMENT_3D('',#18691,#15321,#15322);
#12625=AXIS2_PLACEMENT_3D('',#18697,#15326,#15327);
#12626=AXIS2_PLACEMENT_3D('',#18698,#15328,#15329);
#12627=AXIS2_PLACEMENT_3D('',#18700,#15330,#15331);
#12628=AXIS2_PLACEMENT_3D('',#18702,#15332,#15333);
#12629=AXIS2_PLACEMENT_3D('',#18703,#15334,#15335);
#12630=AXIS2_PLACEMENT_3D('',#18711,#15336,#15337);
#12631=AXIS2_PLACEMENT_3D('',#18717,#15338,#15339);
#12632=AXIS2_PLACEMENT_3D('',#18729,#15343,#15344);
#12633=AXIS2_PLACEMENT_3D('',#18735,#15348,#15349);
#12634=AXIS2_PLACEMENT_3D('',#18738,#15352,#15353);
#12635=AXIS2_PLACEMENT_3D('',#18739,#15354,#15355);
#12636=AXIS2_PLACEMENT_3D('',#18747,#15356,#15357);
#12637=AXIS2_PLACEMENT_3D('',#18753,#15358,#15359);
#12638=AXIS2_PLACEMENT_3D('',#18759,#15363,#15364);
#12639=AXIS2_PLACEMENT_3D('',#18765,#15368,#15369);
#12640=AXIS2_PLACEMENT_3D('',#18768,#15372,#15373);
#12641=AXIS2_PLACEMENT_3D('',#18769,#15374,#15375);
#12642=AXIS2_PLACEMENT_3D('',#18777,#15376,#15377);
#12643=AXIS2_PLACEMENT_3D('',#18783,#15378,#15379);
#12644=AXIS2_PLACEMENT_3D('',#18789,#15383,#15384);
#12645=AXIS2_PLACEMENT_3D('',#18795,#15388,#15389);
#12646=AXIS2_PLACEMENT_3D('',#18798,#15392,#15393);
#12647=AXIS2_PLACEMENT_3D('',#18799,#15394,#15395);
#12648=AXIS2_PLACEMENT_3D('',#18807,#15396,#15397);
#12649=AXIS2_PLACEMENT_3D('',#18813,#15398,#15399);
#12650=AXIS2_PLACEMENT_3D('',#18819,#15403,#15404);
#12651=AXIS2_PLACEMENT_3D('',#18825,#15408,#15409);
#12652=AXIS2_PLACEMENT_3D('',#18828,#15412,#15413);
#12653=AXIS2_PLACEMENT_3D('',#18829,#15414,#15415);
#12654=AXIS2_PLACEMENT_3D('',#18837,#15416,#15417);
#12655=AXIS2_PLACEMENT_3D('',#18843,#15418,#15419);
#12656=AXIS2_PLACEMENT_3D('',#18849,#15423,#15424);
#12657=AXIS2_PLACEMENT_3D('',#18855,#15428,#15429);
#12658=AXIS2_PLACEMENT_3D('',#18858,#15432,#15433);
#12659=AXIS2_PLACEMENT_3D('',#18859,#15434,#15435);
#12660=AXIS2_PLACEMENT_3D('',#18867,#15436,#15437);
#12661=AXIS2_PLACEMENT_3D('',#18873,#15438,#15439);
#12662=AXIS2_PLACEMENT_3D('',#18879,#15443,#15444);
#12663=AXIS2_PLACEMENT_3D('',#18885,#15448,#15449);
#12664=AXIS2_PLACEMENT_3D('',#18888,#15452,#15453);
#12665=AXIS2_PLACEMENT_3D('',#18889,#15454,#15455);
#12666=AXIS2_PLACEMENT_3D('',#18897,#15456,#15457);
#12667=AXIS2_PLACEMENT_3D('',#18903,#15458,#15459);
#12668=AXIS2_PLACEMENT_3D('',#18909,#15463,#15464);
#12669=AXIS2_PLACEMENT_3D('',#18915,#15468,#15469);
#12670=AXIS2_PLACEMENT_3D('',#18918,#15472,#15473);
#12671=AXIS2_PLACEMENT_3D('',#18919,#15474,#15475);
#12672=AXIS2_PLACEMENT_3D('',#18927,#15476,#15477);
#12673=AXIS2_PLACEMENT_3D('',#18933,#15478,#15479);
#12674=AXIS2_PLACEMENT_3D('',#18939,#15483,#15484);
#12675=AXIS2_PLACEMENT_3D('',#18945,#15488,#15489);
#12676=AXIS2_PLACEMENT_3D('',#18948,#15492,#15493);
#12677=AXIS2_PLACEMENT_3D('',#18949,#15494,#15495);
#12678=AXIS2_PLACEMENT_3D('',#18957,#15496,#15497);
#12679=AXIS2_PLACEMENT_3D('',#18963,#15498,#15499);
#12680=AXIS2_PLACEMENT_3D('',#18969,#15503,#15504);
#12681=AXIS2_PLACEMENT_3D('',#18975,#15508,#15509);
#12682=AXIS2_PLACEMENT_3D('',#18978,#15512,#15513);
#12683=AXIS2_PLACEMENT_3D('',#18979,#15514,#15515);
#12684=AXIS2_PLACEMENT_3D('',#18987,#15516,#15517);
#12685=AXIS2_PLACEMENT_3D('',#18993,#15518,#15519);
#12686=AXIS2_PLACEMENT_3D('',#18999,#15523,#15524);
#12687=AXIS2_PLACEMENT_3D('',#19005,#15528,#15529);
#12688=AXIS2_PLACEMENT_3D('',#19008,#15532,#15533);
#12689=AXIS2_PLACEMENT_3D('',#19009,#15534,#15535);
#12690=AXIS2_PLACEMENT_3D('',#19017,#15536,#15537);
#12691=AXIS2_PLACEMENT_3D('',#19023,#15538,#15539);
#12692=AXIS2_PLACEMENT_3D('',#19029,#15543,#15544);
#12693=AXIS2_PLACEMENT_3D('',#19035,#15548,#15549);
#12694=AXIS2_PLACEMENT_3D('',#19038,#15552,#15553);
#12695=AXIS2_PLACEMENT_3D('',#19039,#15554,#15555);
#12696=AXIS2_PLACEMENT_3D('',#19047,#15556,#15557);
#12697=AXIS2_PLACEMENT_3D('',#19053,#15558,#15559);
#12698=AXIS2_PLACEMENT_3D('',#19059,#15563,#15564);
#12699=AXIS2_PLACEMENT_3D('',#19065,#15568,#15569);
#12700=AXIS2_PLACEMENT_3D('',#19068,#15572,#15573);
#12701=AXIS2_PLACEMENT_3D('',#19069,#15574,#15575);
#12702=AXIS2_PLACEMENT_3D('',#19077,#15576,#15577);
#12703=AXIS2_PLACEMENT_3D('',#19083,#15578,#15579);
#12704=AXIS2_PLACEMENT_3D('',#19089,#15583,#15584);
#12705=AXIS2_PLACEMENT_3D('',#19095,#15588,#15589);
#12706=AXIS2_PLACEMENT_3D('',#19098,#15592,#15593);
#12707=AXIS2_PLACEMENT_3D('',#19099,#15594,#15595);
#12708=AXIS2_PLACEMENT_3D('',#19107,#15596,#15597);
#12709=AXIS2_PLACEMENT_3D('',#19113,#15598,#15599);
#12710=AXIS2_PLACEMENT_3D('',#19119,#15603,#15604);
#12711=AXIS2_PLACEMENT_3D('',#19125,#15608,#15609);
#12712=AXIS2_PLACEMENT_3D('',#19128,#15612,#15613);
#12713=AXIS2_PLACEMENT_3D('',#19129,#15614,#15615);
#12714=AXIS2_PLACEMENT_3D('',#19137,#15616,#15617);
#12715=AXIS2_PLACEMENT_3D('',#19143,#15618,#15619);
#12716=AXIS2_PLACEMENT_3D('',#19149,#15623,#15624);
#12717=AXIS2_PLACEMENT_3D('',#19155,#15628,#15629);
#12718=AXIS2_PLACEMENT_3D('',#19158,#15632,#15633);
#12719=AXIS2_PLACEMENT_3D('',#19159,#15634,#15635);
#12720=AXIS2_PLACEMENT_3D('',#19167,#15636,#15637);
#12721=AXIS2_PLACEMENT_3D('',#19173,#15638,#15639);
#12722=AXIS2_PLACEMENT_3D('',#19179,#15643,#15644);
#12723=AXIS2_PLACEMENT_3D('',#19185,#15648,#15649);
#12724=AXIS2_PLACEMENT_3D('',#19188,#15652,#15653);
#12725=AXIS2_PLACEMENT_3D('',#19189,#15654,#15655);
#12726=AXIS2_PLACEMENT_3D('',#19197,#15656,#15657);
#12727=AXIS2_PLACEMENT_3D('',#19203,#15658,#15659);
#12728=AXIS2_PLACEMENT_3D('',#19209,#15663,#15664);
#12729=AXIS2_PLACEMENT_3D('',#19215,#15668,#15669);
#12730=AXIS2_PLACEMENT_3D('',#19218,#15672,#15673);
#12731=AXIS2_PLACEMENT_3D('',#19219,#15674,#15675);
#12732=AXIS2_PLACEMENT_3D('',#19227,#15676,#15677);
#12733=AXIS2_PLACEMENT_3D('',#19233,#15678,#15679);
#12734=AXIS2_PLACEMENT_3D('',#19239,#15683,#15684);
#12735=AXIS2_PLACEMENT_3D('',#19245,#15688,#15689);
#12736=AXIS2_PLACEMENT_3D('',#19248,#15692,#15693);
#12737=AXIS2_PLACEMENT_3D('',#19249,#15694,#15695);
#12738=AXIS2_PLACEMENT_3D('',#19257,#15696,#15697);
#12739=AXIS2_PLACEMENT_3D('',#19263,#15698,#15699);
#12740=AXIS2_PLACEMENT_3D('',#19269,#15703,#15704);
#12741=AXIS2_PLACEMENT_3D('',#19275,#15708,#15709);
#12742=AXIS2_PLACEMENT_3D('',#19278,#15712,#15713);
#12743=AXIS2_PLACEMENT_3D('',#19279,#15714,#15715);
#12744=AXIS2_PLACEMENT_3D('',#19287,#15716,#15717);
#12745=AXIS2_PLACEMENT_3D('',#19293,#15718,#15719);
#12746=AXIS2_PLACEMENT_3D('',#19299,#15723,#15724);
#12747=AXIS2_PLACEMENT_3D('',#19305,#15728,#15729);
#12748=AXIS2_PLACEMENT_3D('',#19308,#15732,#15733);
#12749=AXIS2_PLACEMENT_3D('',#19309,#15734,#15735);
#12750=AXIS2_PLACEMENT_3D('',#19317,#15736,#15737);
#12751=AXIS2_PLACEMENT_3D('',#19323,#15738,#15739);
#12752=AXIS2_PLACEMENT_3D('',#19329,#15743,#15744);
#12753=AXIS2_PLACEMENT_3D('',#19335,#15748,#15749);
#12754=AXIS2_PLACEMENT_3D('',#19338,#15752,#15753);
#12755=AXIS2_PLACEMENT_3D('',#19339,#15754,#15755);
#12756=AXIS2_PLACEMENT_3D('',#19347,#15756,#15757);
#12757=AXIS2_PLACEMENT_3D('',#19353,#15758,#15759);
#12758=AXIS2_PLACEMENT_3D('',#19359,#15763,#15764);
#12759=AXIS2_PLACEMENT_3D('',#19365,#15768,#15769);
#12760=AXIS2_PLACEMENT_3D('',#19368,#15772,#15773);
#12761=AXIS2_PLACEMENT_3D('',#19369,#15774,#15775);
#12762=AXIS2_PLACEMENT_3D('',#19377,#15776,#15777);
#12763=AXIS2_PLACEMENT_3D('',#19383,#15778,#15779);
#12764=AXIS2_PLACEMENT_3D('',#19389,#15783,#15784);
#12765=AXIS2_PLACEMENT_3D('',#19395,#15788,#15789);
#12766=AXIS2_PLACEMENT_3D('',#19398,#15792,#15793);
#12767=AXIS2_PLACEMENT_3D('',#19399,#15794,#15795);
#12768=AXIS2_PLACEMENT_3D('',#19407,#15796,#15797);
#12769=AXIS2_PLACEMENT_3D('',#19413,#15798,#15799);
#12770=AXIS2_PLACEMENT_3D('',#19419,#15803,#15804);
#12771=AXIS2_PLACEMENT_3D('',#19425,#15808,#15809);
#12772=AXIS2_PLACEMENT_3D('',#19428,#15812,#15813);
#12773=AXIS2_PLACEMENT_3D('',#19429,#15814,#15815);
#12774=AXIS2_PLACEMENT_3D('',#19437,#15816,#15817);
#12775=AXIS2_PLACEMENT_3D('',#19443,#15818,#15819);
#12776=AXIS2_PLACEMENT_3D('',#19449,#15823,#15824);
#12777=AXIS2_PLACEMENT_3D('',#19455,#15828,#15829);
#12778=AXIS2_PLACEMENT_3D('',#19458,#15832,#15833);
#12779=AXIS2_PLACEMENT_3D('',#19459,#15834,#15835);
#12780=AXIS2_PLACEMENT_3D('',#19467,#15836,#15837);
#12781=AXIS2_PLACEMENT_3D('',#19473,#15838,#15839);
#12782=AXIS2_PLACEMENT_3D('',#19479,#15843,#15844);
#12783=AXIS2_PLACEMENT_3D('',#19485,#15848,#15849);
#12784=AXIS2_PLACEMENT_3D('',#19488,#15852,#15853);
#12785=AXIS2_PLACEMENT_3D('',#19489,#15854,#15855);
#12786=AXIS2_PLACEMENT_3D('',#19497,#15856,#15857);
#12787=AXIS2_PLACEMENT_3D('',#19503,#15858,#15859);
#12788=AXIS2_PLACEMENT_3D('',#19509,#15863,#15864);
#12789=AXIS2_PLACEMENT_3D('',#19515,#15868,#15869);
#12790=AXIS2_PLACEMENT_3D('',#19518,#15872,#15873);
#12791=AXIS2_PLACEMENT_3D('',#19519,#15874,#15875);
#12792=AXIS2_PLACEMENT_3D('',#19527,#15876,#15877);
#12793=AXIS2_PLACEMENT_3D('',#19533,#15878,#15879);
#12794=AXIS2_PLACEMENT_3D('',#19539,#15883,#15884);
#12795=AXIS2_PLACEMENT_3D('',#19545,#15888,#15889);
#12796=AXIS2_PLACEMENT_3D('',#19548,#15892,#15893);
#12797=AXIS2_PLACEMENT_3D('',#19549,#15894,#15895);
#12798=AXIS2_PLACEMENT_3D('',#19557,#15896,#15897);
#12799=AXIS2_PLACEMENT_3D('',#19563,#15898,#15899);
#12800=AXIS2_PLACEMENT_3D('',#19569,#15903,#15904);
#12801=AXIS2_PLACEMENT_3D('',#19575,#15908,#15909);
#12802=AXIS2_PLACEMENT_3D('',#19578,#15912,#15913);
#12803=AXIS2_PLACEMENT_3D('',#19579,#15914,#15915);
#12804=AXIS2_PLACEMENT_3D('',#19587,#15916,#15917);
#12805=AXIS2_PLACEMENT_3D('',#19593,#15918,#15919);
#12806=AXIS2_PLACEMENT_3D('',#19599,#15923,#15924);
#12807=AXIS2_PLACEMENT_3D('',#19605,#15928,#15929);
#12808=AXIS2_PLACEMENT_3D('',#19608,#15932,#15933);
#12809=AXIS2_PLACEMENT_3D('',#19609,#15934,#15935);
#12810=AXIS2_PLACEMENT_3D('',#19617,#15936,#15937);
#12811=AXIS2_PLACEMENT_3D('',#19623,#15938,#15939);
#12812=AXIS2_PLACEMENT_3D('',#19629,#15943,#15944);
#12813=AXIS2_PLACEMENT_3D('',#19635,#15948,#15949);
#12814=AXIS2_PLACEMENT_3D('',#19638,#15952,#15953);
#12815=AXIS2_PLACEMENT_3D('',#19639,#15954,#15955);
#12816=AXIS2_PLACEMENT_3D('',#19647,#15956,#15957);
#12817=AXIS2_PLACEMENT_3D('',#19653,#15958,#15959);
#12818=AXIS2_PLACEMENT_3D('',#19659,#15963,#15964);
#12819=AXIS2_PLACEMENT_3D('',#19665,#15968,#15969);
#12820=AXIS2_PLACEMENT_3D('',#19668,#15972,#15973);
#12821=AXIS2_PLACEMENT_3D('',#19669,#15974,#15975);
#12822=AXIS2_PLACEMENT_3D('',#19677,#15976,#15977);
#12823=AXIS2_PLACEMENT_3D('',#19683,#15978,#15979);
#12824=AXIS2_PLACEMENT_3D('',#19689,#15983,#15984);
#12825=AXIS2_PLACEMENT_3D('',#19695,#15988,#15989);
#12826=AXIS2_PLACEMENT_3D('',#19698,#15992,#15993);
#12827=AXIS2_PLACEMENT_3D('',#19699,#15994,#15995);
#12828=AXIS2_PLACEMENT_3D('',#19707,#15996,#15997);
#12829=AXIS2_PLACEMENT_3D('',#19713,#15998,#15999);
#12830=AXIS2_PLACEMENT_3D('',#19719,#16003,#16004);
#12831=AXIS2_PLACEMENT_3D('',#19725,#16008,#16009);
#12832=AXIS2_PLACEMENT_3D('',#19728,#16012,#16013);
#12833=AXIS2_PLACEMENT_3D('',#19729,#16014,#16015);
#12834=AXIS2_PLACEMENT_3D('',#19737,#16016,#16017);
#12835=AXIS2_PLACEMENT_3D('',#19743,#16018,#16019);
#12836=AXIS2_PLACEMENT_3D('',#19749,#16023,#16024);
#12837=AXIS2_PLACEMENT_3D('',#19755,#16028,#16029);
#12838=AXIS2_PLACEMENT_3D('',#19758,#16032,#16033);
#12839=AXIS2_PLACEMENT_3D('',#19759,#16034,#16035);
#12840=AXIS2_PLACEMENT_3D('',#19767,#16036,#16037);
#12841=AXIS2_PLACEMENT_3D('',#19773,#16038,#16039);
#12842=AXIS2_PLACEMENT_3D('',#19779,#16043,#16044);
#12843=AXIS2_PLACEMENT_3D('',#19785,#16048,#16049);
#12844=AXIS2_PLACEMENT_3D('',#19788,#16052,#16053);
#12845=AXIS2_PLACEMENT_3D('',#19789,#16054,#16055);
#12846=AXIS2_PLACEMENT_3D('',#19797,#16056,#16057);
#12847=AXIS2_PLACEMENT_3D('',#19803,#16058,#16059);
#12848=AXIS2_PLACEMENT_3D('',#19809,#16063,#16064);
#12849=AXIS2_PLACEMENT_3D('',#19815,#16068,#16069);
#12850=AXIS2_PLACEMENT_3D('',#19818,#16072,#16073);
#12851=AXIS2_PLACEMENT_3D('',#19819,#16074,#16075);
#12852=AXIS2_PLACEMENT_3D('',#19827,#16076,#16077);
#12853=AXIS2_PLACEMENT_3D('',#19833,#16078,#16079);
#12854=AXIS2_PLACEMENT_3D('',#19839,#16083,#16084);
#12855=AXIS2_PLACEMENT_3D('',#19845,#16088,#16089);
#12856=AXIS2_PLACEMENT_3D('',#19848,#16092,#16093);
#12857=AXIS2_PLACEMENT_3D('',#19849,#16094,#16095);
#12858=AXIS2_PLACEMENT_3D('',#19857,#16096,#16097);
#12859=AXIS2_PLACEMENT_3D('',#19863,#16098,#16099);
#12860=AXIS2_PLACEMENT_3D('',#19869,#16103,#16104);
#12861=AXIS2_PLACEMENT_3D('',#19875,#16108,#16109);
#12862=AXIS2_PLACEMENT_3D('',#19878,#16112,#16113);
#12863=AXIS2_PLACEMENT_3D('',#19879,#16114,#16115);
#12864=AXIS2_PLACEMENT_3D('',#19881,#16116,#16117);
#12865=AXIS2_PLACEMENT_3D('',#19887,#16118,#16119);
#12866=AXIS2_PLACEMENT_3D('',#19893,#16123,#16124);
#12867=AXIS2_PLACEMENT_3D('',#19899,#16128,#16129);
#12868=AXIS2_PLACEMENT_3D('',#19901,#16131,#16132);
#12869=AXIS2_PLACEMENT_3D('',#19903,#16134,#16135);
#12870=AXIS2_PLACEMENT_3D('',#19904,#16136,#16137);
#12871=AXIS2_PLACEMENT_3D('',#19910,#16141,#16142);
#12872=AXIS2_PLACEMENT_3D('',#19911,#16143,#16144);
#12873=AXIS2_PLACEMENT_3D('',#19915,#16146,#16147);
#12874=AXIS2_PLACEMENT_3D('',#19918,#16149,#16150);
#12875=AXIS2_PLACEMENT_3D('',#19921,#16152,#16153);
#12876=AXIS2_PLACEMENT_3D('',#19925,#16155,#16156);
#12877=AXIS2_PLACEMENT_3D('',#19926,#16157,#16158);
#12878=AXIS2_PLACEMENT_3D('',#19928,#16160,#16161);
#12879=AXIS2_PLACEMENT_3D('',#19930,#16163,#16164);
#12880=AXIS2_PLACEMENT_3D('',#19932,#16166,#16167);
#12881=DIRECTION('',(0.,0.,1.));
#12882=DIRECTION('',(1.,0.,0.));
#12883=DIRECTION('',(0.996066834116516,0.,0.0886050899954506));
#12884=DIRECTION('',(0.0886050899954506,0.,-0.996066834116516));
#12885=DIRECTION('',(-0.0886050899954506,0.,0.996066834116516));
#12886=DIRECTION('',(0.,1.,0.));
#12887=DIRECTION('',(-0.0886050899954506,0.,0.996066834116516));
#12888=DIRECTION('',(0.,-1.,0.));
#12889=DIRECTION('',(0.,-1.,0.));
#12890=DIRECTION('',(0.,0.,-1.));
#12891=DIRECTION('',(0.,-1.,0.));
#12892=DIRECTION('',(0.,0.,-1.));
#12893=DIRECTION('',(0.,-1.,0.));
#12894=DIRECTION('',(0.,0.,-1.));
#12895=DIRECTION('',(0.,-1.,0.));
#12896=DIRECTION('',(0.073852527474874,0.,-0.997269173385788));
#12897=DIRECTION('',(0.,1.,0.));
#12898=DIRECTION('',(0.073852527474874,0.,-0.997269173385788));
#12899=DIRECTION('',(0.,-1.,0.));
#12900=DIRECTION('',(0.,1.,0.));
#12901=DIRECTION('',(0.073852527474874,0.,-0.997269173385788));
#12902=DIRECTION('',(0.,-1.,0.));
#12903=DIRECTION('',(-0.999888172104946,0.,0.0149547077747833));
#12904=DIRECTION('',(0.0149547077747833,0.,0.999888172104947));
#12905=DIRECTION('',(-0.0149547077747833,0.,-0.999888172104947));
#12906=DIRECTION('',(0.,-1.,0.));
#12907=DIRECTION('',(-0.0149547077747833,0.,-0.999888172104947));
#12908=DIRECTION('',(0.,-1.,0.));
#12909=DIRECTION('',(0.073852527474874,0.,-0.997269173385788));
#12910=DIRECTION('',(0.,1.,0.));
#12911=DIRECTION('',(0.073852527474874,0.,-0.997269173385788));
#12912=DIRECTION('',(0.,1.,0.));
#12913=DIRECTION('',(0.073852527474874,0.,-0.997269173385788));
#12914=DIRECTION('',(-0.994953991722983,0.,-0.100332219922126));
#12915=DIRECTION('',(-0.100332219922126,0.,0.994953991722983));
#12916=DIRECTION('',(0.100332219922126,0.,-0.994953991722983));
#12917=DIRECTION('',(0.,-1.,0.));
#12918=DIRECTION('',(0.100332219922126,0.,-0.994953991722983));
#12919=DIRECTION('',(0.,-1.,0.));
#12920=DIRECTION('',(0.147301698054638,0.,-0.989091608371146));
#12921=DIRECTION('',(0.,1.,0.));
#12922=DIRECTION('',(0.147301698054638,0.,-0.989091608371146));
#12923=DIRECTION('',(0.,-1.,0.));
#12924=DIRECTION('',(0.,1.,0.));
#12925=DIRECTION('',(0.147301698054638,0.,-0.989091608371146));
#12926=DIRECTION('',(0.,-1.,0.));
#12927=DIRECTION('',(-0.998262093840142,0.,-0.0589303996413986));
#12928=DIRECTION('',(-0.0589303996413986,0.,0.998262093840143));
#12929=DIRECTION('',(0.0589303996413986,0.,-0.998262093840142));
#12930=DIRECTION('',(0.,-1.,0.));
#12931=DIRECTION('',(0.0589303996413986,0.,-0.998262093840142));
#12932=DIRECTION('',(0.,-1.,0.));
#12933=DIRECTION('',(0.147301698054638,0.,-0.989091608371146));
#12934=DIRECTION('',(0.,1.,0.));
#12935=DIRECTION('',(0.147301698054638,0.,-0.989091608371146));
#12936=DIRECTION('',(0.,-1.,0.));
#12937=DIRECTION('',(0.,1.,0.));
#12938=DIRECTION('',(0.147301698054638,0.,-0.989091608371146));
#12939=DIRECTION('',(0.986803038453073,0.,0.161925178090938));
#12940=DIRECTION('',(0.161925178090938,0.,-0.986803038453073));
#12941=DIRECTION('',(-0.161925178090938,0.,0.986803038453073));
#12942=DIRECTION('',(-0.161925178090938,0.,0.986803038453073));
#12943=DIRECTION('',(-0.984827156854056,0.,-0.173538097035658));
#12944=DIRECTION('',(-0.173538097035658,0.,0.984827156854056));
#12945=DIRECTION('',(0.173538097035658,0.,-0.984827156854056));
#12946=DIRECTION('',(0.,-1.,0.));
#12947=DIRECTION('',(0.173538097035658,0.,-0.984827156854056));
#12948=DIRECTION('',(0.,-1.,0.));
#12949=DIRECTION('',(0.219946357839669,0.,-0.975511967980436));
#12950=DIRECTION('',(0.,1.,0.));
#12951=DIRECTION('',(0.219946357839669,0.,-0.975511967980436));
#12952=DIRECTION('',(0.,-1.,0.));
#12953=DIRECTION('',(0.,1.,0.));
#12954=DIRECTION('',(0.219946357839669,0.,-0.975511967980436));
#12955=DIRECTION('',(0.,-1.,0.));
#12956=DIRECTION('',(-0.991183854187703,0.,-0.132493649650126));
#12957=DIRECTION('',(-0.132493649650126,0.,0.991183854187703));
#12958=DIRECTION('',(0.132493649650126,0.,-0.991183854187703));
#12959=DIRECTION('',(0.,-1.,0.));
#12960=DIRECTION('',(0.132493649650126,0.,-0.991183854187703));
#12961=DIRECTION('',(0.,-1.,0.));
#12962=DIRECTION('',(0.219946357839669,0.,-0.975511967980436));
#12963=DIRECTION('',(0.,1.,0.));
#12964=DIRECTION('',(0.219946357839669,0.,-0.975511967980436));
#12965=DIRECTION('',(0.,-1.,0.));
#12966=DIRECTION('',(0.,1.,0.));
#12967=DIRECTION('',(0.219946357839669,0.,-0.975511967980436));
#12968=DIRECTION('',(0.972149666788846,0.,0.23436088701474));
#12969=DIRECTION('',(0.23436088701474,0.,-0.972149666788846));
#12970=DIRECTION('',(-0.23436088701474,0.,0.972149666788846));
#12971=DIRECTION('',(-0.23436088701474,0.,0.972149666788846));
#12972=DIRECTION('',(-0.969321537564457,0.,-0.245796169241259));
#12973=DIRECTION('',(-0.245796169241259,0.,0.969321537564457));
#12974=DIRECTION('',(0.245796169241259,0.,-0.969321537564457));
#12975=DIRECTION('',(0.,-1.,0.));
#12976=DIRECTION('',(0.245796169241259,0.,-0.969321537564457));
#12977=DIRECTION('',(0.,-1.,0.));
#12978=DIRECTION('',(0.291389746889325,0.,-0.956604419500441));
#12979=DIRECTION('',(0.,1.,0.));
#12980=DIRECTION('',(0.291389746889325,0.,-0.956604419500441));
#12981=DIRECTION('',(0.,-1.,0.));
#12982=DIRECTION('',(0.,1.,0.));
#12983=DIRECTION('',(0.291389746889325,0.,-0.956604419500441));
#12984=DIRECTION('',(0.,-1.,0.));
#12985=DIRECTION('',(-0.978692112038078,0.,-0.205333265289496));
#12986=DIRECTION('',(-0.205333265289496,0.,0.978692112038078));
#12987=DIRECTION('',(0.205333265289496,0.,-0.978692112038078));
#12988=DIRECTION('',(0.,-1.,0.));
#12989=DIRECTION('',(0.205333265289496,0.,-0.978692112038078));
#12990=DIRECTION('',(0.,-1.,0.));
#12991=DIRECTION('',(0.291389746889325,0.,-0.956604419500441));
#12992=DIRECTION('',(0.,1.,0.));
#12993=DIRECTION('',(0.291389746889325,0.,-0.956604419500441));
#12994=DIRECTION('',(0.,-1.,0.));
#12995=DIRECTION('',(0.,1.,0.));
#12996=DIRECTION('',(0.291389746889325,0.,-0.956604419500441));
#12997=DIRECTION('',(0.95218675075849,0.,0.305516598043363));
#12998=DIRECTION('',(0.305516598043363,0.,-0.95218675075849));
#12999=DIRECTION('',(-0.305516598043363,0.,0.95218675075849));
#13000=DIRECTION('',(-0.305516598043363,0.,0.95218675075849));
#13001=DIRECTION('',(-0.948521820169838,0.,-0.316711788005589));
#13002=DIRECTION('',(-0.316711788005589,0.,0.948521820169838));
#13003=DIRECTION('',(0.316711788005589,0.,-0.948521820169838));
#13004=DIRECTION('',(0.,-1.,0.));
#13005=DIRECTION('',(0.316711788005589,0.,-0.948521820169838));
#13006=DIRECTION('',(0.,-1.,0.));
#13007=DIRECTION('',(0.361241666187153,0.,-0.932472229404356));
#13008=DIRECTION('',(0.,1.,0.));
#13009=DIRECTION('',(0.361241666187153,0.,-0.932472229404356));
#13010=DIRECTION('',(0.,-1.,0.));
#13011=DIRECTION('',(0.,1.,0.));
#13012=DIRECTION('',(0.361241666187153,0.,-0.932472229404356));
#13013=DIRECTION('',(0.,-1.,0.));
#13014=DIRECTION('',(-0.960855092955107,0.,-0.277051421837595));
#13015=DIRECTION('',(-0.277051421837595,0.,0.960855092955107));
#13016=DIRECTION('',(0.277051421837595,0.,-0.960855092955107));
#13017=DIRECTION('',(0.,-1.,0.));
#13018=DIRECTION('',(0.277051421837595,0.,-0.960855092955107));
#13019=DIRECTION('',(0.,-1.,0.));
#13020=DIRECTION('',(0.361241666187153,0.,-0.932472229404356));
#13021=DIRECTION('',(0.,1.,0.));
#13022=DIRECTION('',(0.361241666187153,0.,-0.932472229404356));
#13023=DIRECTION('',(0.,-1.,0.));
#13024=DIRECTION('',(0.,1.,0.));
#13025=DIRECTION('',(0.361241666187153,0.,-0.932472229404356));
#13026=DIRECTION('',(0.927023320886791,0.,0.375003683357945));
#13027=DIRECTION('',(0.375003683357945,0.,-0.927023320886791));
#13028=DIRECTION('',(-0.375003683357945,0.,0.927023320886791));
#13029=DIRECTION('',(-0.375003683357945,0.,0.927023320886791));
#13030=DIRECTION('',(-0.922541605513859,0.,-0.38589763681048));
#13031=DIRECTION('',(-0.38589763681048,0.,0.922541605513859));
#13032=DIRECTION('',(0.38589763681048,0.,-0.922541605513858));
#13033=DIRECTION('',(0.,-1.,0.));
#13034=DIRECTION('',(0.38589763681048,0.,-0.922541605513858));
#13035=DIRECTION('',(0.,-1.,0.));
#13036=DIRECTION('',(0.429120608772609,0.,-0.903247199346129));
#13037=DIRECTION('',(0.,1.,0.));
#13038=DIRECTION('',(0.429120608772609,0.,-0.903247199346129));
#13039=DIRECTION('',(0.,-1.,0.));
#13040=DIRECTION('',(0.,1.,0.));
#13041=DIRECTION('',(0.429120608772609,0.,-0.903247199346129));
#13042=DIRECTION('',(0.,-1.,0.));
#13043=DIRECTION('',(-0.93777021655165,0.,-0.347256419593174));
#13044=DIRECTION('',(-0.347256419593174,0.,0.93777021655165));
#13045=DIRECTION('',(0.347256419593174,0.,-0.93777021655165));
#13046=DIRECTION('',(0.,-1.,0.));
#13047=DIRECTION('',(0.347256419593174,0.,-0.93777021655165));
#13048=DIRECTION('',(0.,-1.,0.));
#13049=DIRECTION('',(0.429120608772609,0.,-0.903247199346129));
#13050=DIRECTION('',(0.,1.,0.));
#13051=DIRECTION('',(0.429120608772609,0.,-0.903247199346129));
#13052=DIRECTION('',(0.,-1.,0.));
#13053=DIRECTION('',(0.,1.,0.));
#13054=DIRECTION('',(0.429120608772609,0.,-0.903247199346129));
#13055=DIRECTION('',(0.896796811101747,0.,0.442442628594644));
#13056=DIRECTION('',(0.442442628594644,0.,-0.896796811101747));
#13057=DIRECTION('',(-0.442442628594644,0.,0.896796811101747));
#13058=DIRECTION('',(-0.442442628594644,0.,0.896796811101747));
#13059=DIRECTION('',(-0.891522788519769,0.,-0.452975846541442));
#13060=DIRECTION('',(-0.452975846541442,0.,0.891522788519769));
#13061=DIRECTION('',(0.452975846541442,0.,-0.891522788519769));
#13062=DIRECTION('',(0.,-1.,0.));
#13063=DIRECTION('',(0.452975846541442,0.,-0.891522788519769));
#13064=DIRECTION('',(0.,-1.,0.));
#13065=DIRECTION('',(0.494655843399779,0.,-0.869088946305528));
#13066=DIRECTION('',(0.,1.,0.));
#13067=DIRECTION('',(0.494655843399779,0.,-0.869088946305528));
#13068=DIRECTION('',(0.,-1.,0.));
#13069=DIRECTION('',(0.,1.,0.));
#13070=DIRECTION('',(0.494655843399779,0.,-0.869088946305528));
#13071=DIRECTION('',(0.,-1.,0.));
#13072=DIRECTION('',(-0.909563564417444,0.,-0.415564823203594));
#13073=DIRECTION('',(-0.415564823203594,0.,0.909563564417444));
#13074=DIRECTION('',(0.415564823203594,0.,-0.909563564417444));
#13075=DIRECTION('',(0.,-1.,0.));
#13076=DIRECTION('',(0.415564823203594,0.,-0.909563564417444));
#13077=DIRECTION('',(0.,-1.,0.));
#13078=DIRECTION('',(0.494655843399779,0.,-0.869088946305528));
#13079=DIRECTION('',(0.,1.,0.));
#13080=DIRECTION('',(0.494655843399779,0.,-0.869088946305528));
#13081=DIRECTION('',(0.,-1.,0.));
#13082=DIRECTION('',(0.,1.,0.));
#13083=DIRECTION('',(0.494655843399779,0.,-0.869088946305528));
#13084=DIRECTION('',(0.861672308118108,0.,0.507465105620487));
#13085=DIRECTION('',(0.507465105620487,0.,-0.861672308118108));
#13086=DIRECTION('',(-0.507465105620487,0.,0.861672308118108));
#13087=DIRECTION('',(-0.507465105620487,0.,0.861672308118108));
#13088=DIRECTION('',(-0.855634783209546,0.,-0.517580059277745));
#13089=DIRECTION('',(-0.517580059277745,0.,0.855634783209546));
#13090=DIRECTION('',(0.517580059277745,0.,-0.855634783209546));
#13091=DIRECTION('',(0.,-1.,0.));
#13092=DIRECTION('',(0.517580059277745,0.,-0.855634783209546));
#13093=DIRECTION('',(0.,-1.,0.));
#13094=DIRECTION('',(0.557489439342886,0.,-0.830184030815551));
#13095=DIRECTION('',(0.,1.,0.));
#13096=DIRECTION('',(0.557489439342886,0.,-0.830184030815551));
#13097=DIRECTION('',(0.,-1.,0.));
#13098=DIRECTION('',(0.,1.,0.));
#13099=DIRECTION('',(0.557489439342886,0.,-0.830184030815551));
#13100=DIRECTION('',(0.,-1.,0.));
#13101=DIRECTION('',(-0.876389191505181,0.,-0.481603555855742));
#13102=DIRECTION('',(-0.481603555855742,0.,0.876389191505181));
#13103=DIRECTION('',(0.481603555855742,0.,-0.876389191505181));
#13104=DIRECTION('',(0.,-1.,0.));
#13105=DIRECTION('',(0.481603555855742,0.,-0.876389191505181));
#13106=DIRECTION('',(0.,-1.,0.));
#13107=DIRECTION('',(0.557489439342886,0.,-0.830184030815551));
#13108=DIRECTION('',(0.,1.,0.));
#13109=DIRECTION('',(0.557489439342886,0.,-0.830184030815551));
#13110=DIRECTION('',(0.,-1.,0.));
#13111=DIRECTION('',(0.,1.,0.));
#13112=DIRECTION('',(0.557489439342886,0.,-0.830184030815551));
#13113=DIRECTION('',(0.821841649790993,0.,0.569715984213906));
#13114=DIRECTION('',(0.569715984213906,0.,-0.821841649790993));
#13115=DIRECTION('',(-0.569715984213906,0.,0.821841649790993));
#13116=DIRECTION('',(-0.569715984213906,0.,0.821841649790993));
#13117=DIRECTION('',(-0.815073597423255,0.,-0.579357429212324));
#13118=DIRECTION('',(-0.579357429212324,0.,0.815073597423255));
#13119=DIRECTION('',(0.579357429212324,0.,-0.815073597423255));
#13120=DIRECTION('',(0.,-1.,0.));
#13121=DIRECTION('',(0.579357429212324,0.,-0.815073597423255));
#13122=DIRECTION('',(0.,-1.,0.));
#13123=DIRECTION('',(0.617278221289793,0.,-0.786744938033483));
#13124=DIRECTION('',(0.,1.,0.));
#13125=DIRECTION('',(0.617278221289793,0.,-0.786744938033483));
#13126=DIRECTION('',(0.,-1.,0.));
#13127=DIRECTION('',(0.,1.,0.));
#13128=DIRECTION('',(0.617278221289793,0.,-0.786744938033483));
#13129=DIRECTION('',(0.,-1.,0.));
#13130=DIRECTION('',(-0.838428284735778,0.,-0.545011936892231));
#13131=DIRECTION('',(-0.545011936892231,0.,0.838428284735778));
#13132=DIRECTION('',(0.545011936892231,0.,-0.838428284735778));
#13133=DIRECTION('',(0.,-1.,0.));
#13134=DIRECTION('',(0.545011936892231,0.,-0.838428284735778));
#13135=DIRECTION('',(0.,-1.,0.));
#13136=DIRECTION('',(0.617278221289793,0.,-0.786744938033483));
#13137=DIRECTION('',(0.,1.,0.));
#13138=DIRECTION('',(0.617278221289793,0.,-0.786744938033483));
#13139=DIRECTION('',(0.,-1.,0.));
#13140=DIRECTION('',(0.,1.,0.));
#13141=DIRECTION('',(0.617278221289793,0.,-0.786744938033483));
#13142=DIRECTION('',(0.777522377364044,0.,0.628855271662857));
#13143=DIRECTION('',(0.628855271662857,0.,-0.777522377364044));
#13144=DIRECTION('',(-0.628855271662857,0.,0.777522377364044));
#13145=DIRECTION('',(-0.628855271662857,0.,0.777522377364044));
#13146=DIRECTION('',(-0.770060762292195,0.,-0.637970549773235));
#13147=DIRECTION('',(-0.637970549773235,0.,0.770060762292195));
#13148=DIRECTION('',(0.637970549773235,0.,-0.770060762292195));
#13149=DIRECTION('',(0.,-1.,0.));
#13150=DIRECTION('',(0.637970549773235,0.,-0.770060762292195));
#13151=DIRECTION('',(0.,-1.,0.));
#13152=DIRECTION('',(0.673695643646557,0.,-0.739008917220659));
#13153=DIRECTION('',(0.,1.,0.));
#13154=DIRECTION('',(0.673695643646557,0.,-0.739008917220659));
#13155=DIRECTION('',(0.,-1.,0.));
#13156=DIRECTION('',(0.,1.,0.));
#13157=DIRECTION('',(0.673695643646557,0.,-0.739008917220659));
#13158=DIRECTION('',(0.,-1.,0.));
#13159=DIRECTION('',(-0.795888173418246,0.,-0.605443651724063));
#13160=DIRECTION('',(-0.605443651724063,0.,0.795888173418246));
#13161=DIRECTION('',(0.605443651724063,0.,-0.795888173418246));
#13162=DIRECTION('',(0.,-1.,0.));
#13163=DIRECTION('',(0.605443651724063,0.,-0.795888173418246));
#13164=DIRECTION('',(0.,-1.,0.));
#13165=DIRECTION('',(0.673695643646557,0.,-0.739008917220659));
#13166=DIRECTION('',(0.,1.,0.));
#13167=DIRECTION('',(0.673695643646557,0.,-0.739008917220659));
#13168=DIRECTION('',(0.,-1.,0.));
#13169=DIRECTION('',(0.,1.,0.));
#13170=DIRECTION('',(0.673695643646557,0.,-0.739008917220659));
#13171=DIRECTION('',(0.728956547334592,0.,0.68455996968712));
#13172=DIRECTION('',(0.68455996968712,0.,-0.728956547334592));
#13173=DIRECTION('',(-0.68455996968712,0.,0.728956547334592));
#13174=DIRECTION('',(-0.68455996968712,0.,0.728956547334592));
#13175=DIRECTION('',(-0.720842122312679,0.,-0.693099296421337));
#13176=DIRECTION('',(-0.693099296421337,0.,0.720842122312679));
#13177=DIRECTION('',(0.693099296421337,0.,-0.720842122312679));
#13178=DIRECTION('',(0.,-1.,0.));
#13179=DIRECTION('',(0.693099296421337,0.,-0.720842122312679));
#13180=DIRECTION('',(0.,-1.,0.));
#13181=DIRECTION('',(0.726433574016225,0.,-0.687236685969262));
#13182=DIRECTION('',(0.,1.,0.));
#13183=DIRECTION('',(0.726433574016225,0.,-0.687236685969262));
#13184=DIRECTION('',(0.,-1.,0.));
#13185=DIRECTION('',(0.,1.,0.));
#13186=DIRECTION('',(0.726433574016225,0.,-0.687236685969262));
#13187=DIRECTION('',(0.,-1.,0.));
#13188=DIRECTION('',(-0.749001196888899,0.,-0.662568643280828));
#13189=DIRECTION('',(-0.662568643280828,0.,0.749001196888899));
#13190=DIRECTION('',(0.662568643280828,0.,-0.749001196888899));
#13191=DIRECTION('',(0.,-1.,0.));
#13192=DIRECTION('',(0.662568643280828,0.,-0.749001196888899));
#13193=DIRECTION('',(0.,-1.,0.));
#13194=DIRECTION('',(0.726433574016225,0.,-0.687236685969262));
#13195=DIRECTION('',(0.,1.,0.));
#13196=DIRECTION('',(0.726433574016225,0.,-0.687236685969262));
#13197=DIRECTION('',(0.,-1.,0.));
#13198=DIRECTION('',(0.,1.,0.));
#13199=DIRECTION('',(0.726433574016225,0.,-0.687236685969262));
#13200=DIRECTION('',(0.67640940942501,0.,0.736525838542892));
#13201=DIRECTION('',(0.736525838542892,0.,-0.67640940942501));
#13202=DIRECTION('',(-0.736525838542892,0.,0.67640940942501));
#13203=DIRECTION('',(-0.736525838542892,0.,0.67640940942501));
#13204=DIRECTION('',(-0.66768649262865,0.,-0.744442575059522));
#13205=DIRECTION('',(-0.744442575059522,0.,0.66768649262865));
#13206=DIRECTION('',(0.744442575059522,0.,-0.667686492628649));
#13207=DIRECTION('',(0.,-1.,0.));
#13208=DIRECTION('',(0.744442575059522,0.,-0.667686492628649));
#13209=DIRECTION('',(0.,-1.,0.));
#13210=DIRECTION('',(0.77520397611113,0.,-0.631711006253251));
#13211=DIRECTION('',(0.,1.,0.));
#13212=DIRECTION('',(0.77520397611113,0.,-0.631711006253251));
#13213=DIRECTION('',(0.,-1.,0.));
#13214=DIRECTION('',(0.,1.,0.));
#13215=DIRECTION('',(0.77520397611113,0.,-0.631711006253251));
#13216=DIRECTION('',(0.,-1.,0.));
#13217=DIRECTION('',(-0.698023435554471,0.,-0.716074914667965));
#13218=DIRECTION('',(-0.716074914667965,0.,0.698023435554471));
#13219=DIRECTION('',(0.716074914667965,0.,-0.698023435554471));
#13220=DIRECTION('',(0.,-1.,0.));
#13221=DIRECTION('',(0.716074914667965,0.,-0.698023435554471));
#13222=DIRECTION('',(0.,-1.,0.));
#13223=DIRECTION('',(0.77520397611113,0.,-0.631711006253251));
#13224=DIRECTION('',(0.,1.,0.));
#13225=DIRECTION('',(0.77520397611113,0.,-0.631711006253251));
#13226=DIRECTION('',(0.,-1.,0.));
#13227=DIRECTION('',(0.,1.,0.));
#13228=DIRECTION('',(0.77520397611113,0.,-0.631711006253251));
#13229=DIRECTION('',(0.620167957880705,0.,0.784469058674768));
#13230=DIRECTION('',(0.784469058674768,0.,-0.620167957880705));
#13231=DIRECTION('',(-0.784469058674768,0.,0.620167957880705));
#13232=DIRECTION('',(-0.784469058674768,0.,0.620167957880705));
#13233=DIRECTION('',(-0.61088419085658,0.,-0.791719966504257));
#13234=DIRECTION('',(-0.791719966504257,0.,0.61088419085658));
#13235=DIRECTION('',(0.791719966504257,0.,-0.61088419085658));
#13236=DIRECTION('',(0.,-1.,0.));
#13237=DIRECTION('',(0.791719966504257,0.,-0.61088419085658));
#13238=DIRECTION('',(0.,-1.,0.));
#13239=DIRECTION('',(0.819740482907221,0.,-0.572735140080505));
#13240=DIRECTION('',(0.,1.,0.));
#13241=DIRECTION('',(0.819740482907221,0.,-0.572735140080505));
#13242=DIRECTION('',(0.,-1.,0.));
#13243=DIRECTION('',(0.,1.,0.));
#13244=DIRECTION('',(0.819740482907221,0.,-0.572735140080505));
#13245=DIRECTION('',(0.,-1.,0.));
#13246=DIRECTION('',(-0.643233312269731,0.,-0.765670233185613));
#13247=DIRECTION('',(-0.765670233185613,0.,0.643233312269732));
#13248=DIRECTION('',(0.765670233185613,0.,-0.643233312269731));
#13249=DIRECTION('',(0.,-1.,0.));
#13250=DIRECTION('',(0.765670233185613,0.,-0.643233312269731));
#13251=DIRECTION('',(0.,-1.,0.));
#13252=DIRECTION('',(0.819740482907221,0.,-0.572735140080505));
#13253=DIRECTION('',(0.,1.,0.));
#13254=DIRECTION('',(0.819740482907221,0.,-0.572735140080505));
#13255=DIRECTION('',(0.,-1.,0.));
#13256=DIRECTION('',(0.,1.,0.));
#13257=DIRECTION('',(0.819740482907221,0.,-0.572735140080505));
#13258=DIRECTION('',(0.560539364007076,0.,0.828127780839734));
#13259=DIRECTION('',(0.828127780839734,0.,-0.560539364007076));
#13260=DIRECTION('',(-0.828127780839734,0.,0.560539364007076));
#13261=DIRECTION('',(-0.828127780839734,0.,0.560539364007076));
#13262=DIRECTION('',(-0.550745451471326,0.,-0.834673258037926));
#13263=DIRECTION('',(-0.834673258037926,0.,0.550745451471326));
#13264=DIRECTION('',(0.834673258037926,0.,-0.550745451471326));
#13265=DIRECTION('',(0.,-1.,0.));
#13266=DIRECTION('',(0.834673258037926,0.,-0.550745451471326));
#13267=DIRECTION('',(0.,-1.,0.));
#13268=DIRECTION('',(0.859799851448372,0.,-0.510631193180907));
#13269=DIRECTION('',(0.,1.,0.));
#13270=DIRECTION('',(0.859799851448372,0.,-0.510631193180907));
#13271=DIRECTION('',(0.,-1.,0.));
#13272=DIRECTION('',(0.,1.,0.));
#13273=DIRECTION('',(0.859799851448372,0.,-0.510631193180907));
#13274=DIRECTION('',(0.,-1.,0.));
#13275=DIRECTION('',(-0.584930071688404,0.,-0.811083726402274));
#13276=DIRECTION('',(-0.811083726402274,0.,0.584930071688404));
#13277=DIRECTION('',(0.811083726402274,0.,-0.584930071688404));
#13278=DIRECTION('',(0.,-1.,0.));
#13279=DIRECTION('',(0.811083726402274,0.,-0.584930071688404));
#13280=DIRECTION('',(0.,-1.,0.));
#13281=DIRECTION('',(0.859799851448372,0.,-0.510631193180907));
#13282=DIRECTION('',(0.,1.,0.));
#13283=DIRECTION('',(0.859799851448372,0.,-0.510631193180907));
#13284=DIRECTION('',(0.,-1.,0.));
#13285=DIRECTION('',(0.,1.,0.));
#13286=DIRECTION('',(0.859799851448372,0.,-0.510631193180907));
#13287=DIRECTION('',(0.49784929850636,0.,0.86726355623693));
#13288=DIRECTION('',(0.86726355623693,0.,-0.49784929850636));
#13289=DIRECTION('',(-0.86726355623693,0.,0.49784929850636));
#13290=DIRECTION('',(-0.86726355623693,0.,0.49784929850636));
#13291=DIRECTION('',(-0.487598731413004,0.,-0.873067853677153));
#13292=DIRECTION('',(-0.873067853677153,0.,0.487598731413004));
#13293=DIRECTION('',(0.873067853677152,0.,-0.487598731413004));
#13294=DIRECTION('',(0.,-1.,0.));
#13295=DIRECTION('',(0.873067853677152,0.,-0.487598731413004));
#13296=DIRECTION('',(0.,-1.,0.));
#13297=DIRECTION('',(0.895163291355063,0.,-0.445738355776537));
#13298=DIRECTION('',(0.,1.,0.));
#13299=DIRECTION('',(0.895163291355063,0.,-0.445738355776537));
#13300=DIRECTION('',(0.,-1.,0.));
#13301=DIRECTION('',(0.,1.,0.));
#13302=DIRECTION('',(0.895163291355063,0.,-0.445738355776537));
#13303=DIRECTION('',(0.,-1.,0.));
#13304=DIRECTION('',(-0.523432145892637,0.,-0.852067361566108));
#13305=DIRECTION('',(-0.852067361566109,0.,0.523432145892637));
#13306=DIRECTION('',(0.852067361566109,0.,-0.523432145892637));
#13307=DIRECTION('',(0.,-1.,0.));
#13308=DIRECTION('',(0.852067361566109,0.,-0.523432145892637));
#13309=DIRECTION('',(0.,-1.,0.));
#13310=DIRECTION('',(0.895163291355063,0.,-0.445738355776537));
#13311=DIRECTION('',(0.,1.,0.));
#13312=DIRECTION('',(0.895163291355063,0.,-0.445738355776537));
#13313=DIRECTION('',(0.,-1.,0.));
#13314=DIRECTION('',(0.,1.,0.));
#13315=DIRECTION('',(0.895163291355063,0.,-0.445738355776537));
#13316=DIRECTION('',(0.432440152777187,0.,0.901662638832309));
#13317=DIRECTION('',(0.901662638832309,0.,-0.432440152777187));
#13318=DIRECTION('',(-0.901662638832309,0.,0.432440152777187));
#13319=DIRECTION('',(-0.901662638832309,0.,0.432440152777187));
#13320=DIRECTION('',(-0.421788916169084,0.,-0.906694055454711));
#13321=DIRECTION('',(-0.906694055454711,0.,0.421788916169084));
#13322=DIRECTION('',(0.906694055454711,0.,-0.421788916169084));
#13323=DIRECTION('',(0.,-1.,0.));
#13324=DIRECTION('',(0.906694055454711,0.,-0.421788916169084));
#13325=DIRECTION('',(0.,-1.,0.));
#13326=DIRECTION('',(0.925637659781556,0.,-0.37841105004231));
#13327=DIRECTION('',(0.,1.,0.));
#13328=DIRECTION('',(0.925637659781556,0.,-0.37841105004231));
#13329=DIRECTION('',(0.,-1.,0.));
#13330=DIRECTION('',(0.,1.,0.));
#13331=DIRECTION('',(0.925637659781556,0.,-0.37841105004231));
#13332=DIRECTION('',(0.,-1.,0.));
#13333=DIRECTION('',(-0.459075415227395,0.,-0.888397300273811));
#13334=DIRECTION('',(-0.888397300273811,0.,0.459075415227395));
#13335=DIRECTION('',(0.888397300273811,0.,-0.459075415227395));
#13336=DIRECTION('',(0.,-1.,0.));
#13337=DIRECTION('',(0.888397300273811,0.,-0.459075415227395));
#13338=DIRECTION('',(0.,-1.,0.));
#13339=DIRECTION('',(0.925637659781556,0.,-0.37841105004231));
#13340=DIRECTION('',(0.,1.,0.));
#13341=DIRECTION('',(0.925637659781556,0.,-0.37841105004231));
#13342=DIRECTION('',(0.,-1.,0.));
#13343=DIRECTION('',(0.,1.,0.));
#13344=DIRECTION('',(0.925637659781556,0.,-0.37841105004231));
#13345=DIRECTION('',(0.364669168891498,0.,0.931137152765361));
#13346=DIRECTION('',(0.931137152765361,0.,-0.364669168891498));
#13347=DIRECTION('',(-0.931137152765361,0.,0.364669168891498));
#13348=DIRECTION('',(-0.931137152765361,0.,0.364669168891498));
#13349=DIRECTION('',(-0.353675436129456,0.,-0.935368208717102));
#13350=DIRECTION('',(-0.935368208717102,0.,0.353675436129456));
#13351=DIRECTION('',(0.935368208717102,0.,-0.353675436129456));
#13352=DIRECTION('',(0.,-1.,0.));
#13353=DIRECTION('',(0.935368208717102,0.,-0.353675436129456));
#13354=DIRECTION('',(0.,-1.,0.));
#13355=DIRECTION('',(0.951056516295154,0.,-0.309016994374948));
#13356=DIRECTION('',(0.,1.,0.));
#13357=DIRECTION('',(0.951056516295154,0.,-0.309016994374948));
#13358=DIRECTION('',(0.,-1.,0.));
#13359=DIRECTION('',(0.,1.,0.));
#13360=DIRECTION('',(0.951056516295154,0.,-0.309016994374948));
#13361=DIRECTION('',(0.,-1.,0.));
#13362=DIRECTION('',(-0.392211373838486,0.,-0.919875120998349));
#13363=DIRECTION('',(-0.919875120998349,0.,0.392211373838486));
#13364=DIRECTION('',(0.919875120998349,0.,-0.392211373838486));
#13365=DIRECTION('',(0.,-1.,0.));
#13366=DIRECTION('',(0.919875120998349,0.,-0.392211373838486));
#13367=DIRECTION('',(0.,-1.,0.));
#13368=DIRECTION('',(0.951056516295154,0.,-0.309016994374948));
#13369=DIRECTION('',(0.,1.,0.));
#13370=DIRECTION('',(0.951056516295154,0.,-0.309016994374948));
#13371=DIRECTION('',(0.,-1.,0.));
#13372=DIRECTION('',(0.,1.,0.));
#13373=DIRECTION('',(0.951056516295154,0.,-0.309016994374948));
#13374=DIRECTION('',(0.294906488462227,0.,0.955526118461907));
#13375=DIRECTION('',(0.955526118461907,0.,-0.294906488462227));
#13376=DIRECTION('',(-0.955526118461907,0.,0.294906488462227));
#13377=DIRECTION('',(-0.955526118461907,0.,0.294906488462227));
#13378=DIRECTION('',(-0.283630303502277,0.,-0.958933705182588));
#13379=DIRECTION('',(-0.958933705182588,0.,0.283630303502277));
#13380=DIRECTION('',(0.958933705182588,0.,-0.283630303502277));
#13381=DIRECTION('',(0.,-1.,0.));
#13382=DIRECTION('',(0.958933705182588,0.,-0.283630303502277));
#13383=DIRECTION('',(0.,-1.,0.));
#13384=DIRECTION('',(0.971281031916114,0.,-0.237935195042619));
#13385=DIRECTION('',(0.,1.,0.));
#13386=DIRECTION('',(0.971281031916114,0.,-0.237935195042619));
#13387=DIRECTION('',(0.,-1.,0.));
#13388=DIRECTION('',(0.,1.,0.));
#13389=DIRECTION('',(0.971281031916114,0.,-0.237935195042619));
#13390=DIRECTION('',(0.,-1.,0.));
#13391=DIRECTION('',(-0.323205209933428,0.,-0.94632890279854));
#13392=DIRECTION('',(-0.94632890279854,0.,0.323205209933428));
#13393=DIRECTION('',(0.94632890279854,0.,-0.323205209933428));
#13394=DIRECTION('',(0.,-1.,0.));
#13395=DIRECTION('',(0.94632890279854,0.,-0.323205209933428));
#13396=DIRECTION('',(0.,-1.,0.));
#13397=DIRECTION('',(0.971281031916114,0.,-0.237935195042619));
#13398=DIRECTION('',(0.,1.,0.));
#13399=DIRECTION('',(0.971281031916114,0.,-0.237935195042619));
#13400=DIRECTION('',(0.,-1.,0.));
#13401=DIRECTION('',(0.,1.,0.));
#13402=DIRECTION('',(0.971281031916114,0.,-0.237935195042619));
#13403=DIRECTION('',(0.223533131058163,0.,0.974696331848712));
#13404=DIRECTION('',(0.974696331848712,0.,-0.223533131058163));
#13405=DIRECTION('',(-0.974696331848712,0.,0.223533131058163));
#13406=DIRECTION('',(-0.974696331848712,0.,0.223533131058163));
#13407=DIRECTION('',(-0.212036080512296,0.,-0.977261838281319));
#13408=DIRECTION('',(-0.977261838281319,0.,0.212036080512296));
#13409=DIRECTION('',(0.977261838281319,0.,-0.212036080512296));
#13410=DIRECTION('',(0.,-1.,0.));
#13411=DIRECTION('',(0.977261838281319,0.,-0.212036080512296));
#13412=DIRECTION('',(0.,-1.,0.));
#13413=DIRECTION('',(0.986200747353403,0.,-0.16555387618413));
#13414=DIRECTION('',(0.,1.,0.));
#13415=DIRECTION('',(0.986200747353403,0.,-0.16555387618413));
#13416=DIRECTION('',(0.,-1.,0.));
#13417=DIRECTION('',(0.,1.,0.));
#13418=DIRECTION('',(0.986200747353403,0.,-0.16555387618413));
#13419=DIRECTION('',(0.,-1.,0.));
#13420=DIRECTION('',(-0.252433811250093,0.,-0.967614164291611));
#13421=DIRECTION('',(-0.967614164291611,0.,0.252433811250093));
#13422=DIRECTION('',(0.967614164291611,0.,-0.252433811250093));
#13423=DIRECTION('',(0.,-1.,0.));
#13424=DIRECTION('',(0.967614164291611,0.,-0.252433811250093));
#13425=DIRECTION('',(0.,-1.,0.));
#13426=DIRECTION('',(0.986200747353403,0.,-0.16555387618413));
#13427=DIRECTION('',(0.,1.,0.));
#13428=DIRECTION('',(0.986200747353403,0.,-0.16555387618413));
#13429=DIRECTION('',(0.,-1.,0.));
#13430=DIRECTION('',(0.,1.,0.));
#13431=DIRECTION('',(0.986200747353403,0.,-0.16555387618413));
#13432=DIRECTION('',(0.150938913207195,0.,0.988543091867942));
#13433=DIRECTION('',(0.988543091867942,0.,-0.150938913207195));
#13434=DIRECTION('',(-0.988543091867942,0.,0.150938913207195));
#13435=DIRECTION('',(-0.988543091867942,0.,0.150938913207195));
#13436=DIRECTION('',(-0.139283789978642,0.,-0.990252506105986));
#13437=DIRECTION('',(-0.990252506105986,0.,0.139283789978642));
#13438=DIRECTION('',(0.990252506105986,0.,-0.139283789978642));
#13439=DIRECTION('',(0.,-1.,0.));
#13440=DIRECTION('',(0.990252506105986,0.,-0.139283789978642));
#13441=DIRECTION('',(0.,-1.,0.));
#13442=DIRECTION('',(0.995734176295035,0.,-0.0922683594633015));
#13443=DIRECTION('',(0.,1.,0.));
#13444=DIRECTION('',(0.995734176295035,0.,-0.0922683594633015));
#13445=DIRECTION('',(0.,-1.,0.));
#13446=DIRECTION('',(0.,1.,0.));
#13447=DIRECTION('',(0.995734176295035,0.,-0.0922683594633015));
#13448=DIRECTION('',(0.,-1.,0.));
#13449=DIRECTION('',(-0.180283706626581,0.,-0.983614652760409));
#13450=DIRECTION('',(-0.98361465276041,0.,0.180283706626581));
#13451=DIRECTION('',(0.98361465276041,0.,-0.180283706626581));
#13452=DIRECTION('',(0.,-1.,0.));
#13453=DIRECTION('',(0.98361465276041,0.,-0.180283706626581));
#13454=DIRECTION('',(0.,-1.,0.));
#13455=DIRECTION('',(0.995734176295035,0.,-0.0922683594633015));
#13456=DIRECTION('',(0.,1.,0.));
#13457=DIRECTION('',(0.995734176295035,0.,-0.0922683594633015));
#13458=DIRECTION('',(0.,-1.,0.));
#13459=DIRECTION('',(0.,1.,0.));
#13460=DIRECTION('',(0.995734176295035,0.,-0.0922683594633015));
#13461=DIRECTION('',(0.0775203193536147,0.,0.996990772318036));
#13462=DIRECTION('',(0.996990772318036,0.,-0.0775203193536147));
#13463=DIRECTION('',(-0.996990772318036,0.,0.0775203193536147));
#13464=DIRECTION('',(-0.996990772318036,0.,0.0775203193536147));
#13465=DIRECTION('',(-0.0657707796837856,0.,-0.997834758133724));
#13466=DIRECTION('',(-0.997834758133724,0.,0.0657707796837856));
#13467=DIRECTION('',(0.997834758133724,0.,-0.0657707796837856));
#13468=DIRECTION('',(0.,-1.,0.));
#13469=DIRECTION('',(0.997834758133724,0.,-0.0657707796837856));
#13470=DIRECTION('',(0.,-1.,0.));
#13471=DIRECTION('',(0.999829250458053,0.,-0.0184789049591296));
#13472=DIRECTION('',(0.,1.,0.));
#13473=DIRECTION('',(0.999829250458053,0.,-0.0184789049591296));
#13474=DIRECTION('',(0.,-1.,0.));
#13475=DIRECTION('',(0.,1.,0.));
#13476=DIRECTION('',(0.999829250458053,0.,-0.0184789049591296));
#13477=DIRECTION('',(0.,-1.,0.));
#13478=DIRECTION('',(-0.10714895491474,0.,-0.994242979085434));
#13479=DIRECTION('',(-0.994242979085434,0.,0.10714895491474));
#13480=DIRECTION('',(0.994242979085434,0.,-0.10714895491474));
#13481=DIRECTION('',(0.,-1.,0.));
#13482=DIRECTION('',(0.994242979085434,0.,-0.10714895491474));
#13483=DIRECTION('',(0.,-1.,0.));
#13484=DIRECTION('',(0.999829250458053,0.,-0.0184789049591296));
#13485=DIRECTION('',(0.,1.,0.));
#13486=DIRECTION('',(0.999829250458053,0.,-0.0184789049591296));
#13487=DIRECTION('',(0.,-1.,0.));
#13488=DIRECTION('',(0.,1.,0.));
#13489=DIRECTION('',(0.999829250458053,0.,-0.0184789049591296));
#13490=DIRECTION('',(0.00367833639756826,0.,0.99999323489779));
#13491=DIRECTION('',(0.99999323489779,0.,-0.00367833639756826));
#13492=DIRECTION('',(-0.99999323489779,0.,0.00367833639756826));
#13493=DIRECTION('',(-0.99999323489779,0.,0.00367833639756826));
#13494=DIRECTION('',(0.00810144780226717,0.,-0.999967182733267));
#13495=DIRECTION('',(-0.999967182733267,0.,-0.00810144780226717));
#13496=DIRECTION('',(0.999967182733267,0.,0.00810144780226717));
#13497=DIRECTION('',(0.,-1.,0.));
#13498=DIRECTION('',(0.999967182733267,0.,0.00810144780226717));
#13499=DIRECTION('',(0.,-1.,0.));
#13500=DIRECTION('',(0.998463603967434,0.,0.05541147491597));
#13501=DIRECTION('',(0.,1.,0.));
#13502=DIRECTION('',(0.998463603967434,0.,0.05541147491597));
#13503=DIRECTION('',(0.,-1.,0.));
#13504=DIRECTION('',(0.,1.,0.));
#13505=DIRECTION('',(0.998463603967434,0.,0.05541147491597));
#13506=DIRECTION('',(0.,-1.,0.));
#13507=DIRECTION('',(-0.0334289927673662,0.,-0.999441095033899));
#13508=DIRECTION('',(-0.999441095033899,0.,0.0334289927673663));
#13509=DIRECTION('',(0.999441095033899,0.,-0.0334289927673663));
#13510=DIRECTION('',(0.,-1.,0.));
#13511=DIRECTION('',(0.999441095033899,0.,-0.0334289927673663));
#13512=DIRECTION('',(0.,-1.,0.));
#13513=DIRECTION('',(0.998463603967434,0.,0.05541147491597));
#13514=DIRECTION('',(0.,1.,0.));
#13515=DIRECTION('',(0.998463603967434,0.,0.05541147491597));
#13516=DIRECTION('',(0.,-1.,0.));
#13517=DIRECTION('',(0.,1.,0.));
#13518=DIRECTION('',(0.998463603967434,0.,0.05541147491597));
#13519=DIRECTION('',(-0.0701837363563392,0.,0.997534081197762));
#13520=DIRECTION('',(0.997534081197762,0.,0.0701837363563392));
#13521=DIRECTION('',(-0.997534081197762,0.,-0.0701837363563392));
#13522=DIRECTION('',(-0.997534081197762,0.,-0.0701837363563392));
#13523=DIRECTION('',(0.0819294279897758,0.,-0.996638133340917));
#13524=DIRECTION('',(-0.996638133340917,0.,-0.0819294279897758));
#13525=DIRECTION('',(0.996638133340917,0.,0.0819294279897758));
#13526=DIRECTION('',(0.,-1.,0.));
#13527=DIRECTION('',(0.996638133340917,0.,0.0819294279897758));
#13528=DIRECTION('',(0.,-1.,0.));
#13529=DIRECTION('',(0.991644695510743,0.,0.128999216530203));
#13530=DIRECTION('',(0.,1.,0.));
#13531=DIRECTION('',(0.991644695510743,0.,0.128999216530203));
#13532=DIRECTION('',(0.,-1.,0.));
#13533=DIRECTION('',(0.,1.,0.));
#13534=DIRECTION('',(0.991644695510743,0.,0.128999216530203));
#13535=DIRECTION('',(0.,-1.,0.));
#13536=DIRECTION('',(0.0404735469462781,0.,-0.999180610299053));
#13537=DIRECTION('',(-0.999180610299053,0.,-0.0404735469462782));
#13538=DIRECTION('',(0.999180610299053,0.,0.0404735469462781));
#13539=DIRECTION('',(0.,-1.,0.));
#13540=DIRECTION('',(0.999180610299053,0.,0.0404735469462781));
#13541=DIRECTION('',(0.,-1.,0.));
#13542=DIRECTION('',(0.991644695510743,0.,0.128999216530203));
#13543=DIRECTION('',(0.,1.,0.));
#13544=DIRECTION('',(0.991644695510743,0.,0.128999216530203));
#13545=DIRECTION('',(0.,-1.,0.));
#13546=DIRECTION('',(0.,1.,0.));
#13547=DIRECTION('',(0.991644695510743,0.,0.128999216530203));
#13548=DIRECTION('',(-0.143662489879993,0.,0.989626742262698));
#13549=DIRECTION('',(0.989626742262698,0.,0.143662489879993));
#13550=DIRECTION('',(-0.989626742262698,0.,-0.143662489879993));
#13551=DIRECTION('',(-0.989626742262698,0.,-0.143662489879993));
#13552=DIRECTION('',(0.155309938052401,0.,-0.987865792070036));
#13553=DIRECTION('',(-0.987865792070036,0.,-0.155309938052401));
#13554=DIRECTION('',(0.987865792070036,0.,0.155309938052401));
#13555=DIRECTION('',(0.,-1.,0.));
#13556=DIRECTION('',(0.987865792070036,0.,0.155309938052401));
#13557=DIRECTION('',(0.,-1.,0.));
#13558=DIRECTION('',(0.979409767601366,0.,0.201882409157011));
#13559=DIRECTION('',(0.,1.,0.));
#13560=DIRECTION('',(0.979409767601366,0.,0.201882409157011));
#13561=DIRECTION('',(0.,-1.,0.));
#13562=DIRECTION('',(0.,1.,0.));
#13563=DIRECTION('',(0.979409767601366,0.,0.201882409157011));
#13564=DIRECTION('',(0.,-1.,0.));
#13565=DIRECTION('',(0.114155034181578,0.,-0.993462947558188));
#13566=DIRECTION('',(-0.993462947558188,0.,-0.114155034181578));
#13567=DIRECTION('',(0.993462947558188,0.,0.114155034181578));
#13568=DIRECTION('',(0.,-1.,0.));
#13569=DIRECTION('',(0.993462947558188,0.,0.114155034181578));
#13570=DIRECTION('',(0.,-1.,0.));
#13571=DIRECTION('',(0.979409767601366,0.,0.201882409157011));
#13572=DIRECTION('',(0.,1.,0.));
#13573=DIRECTION('',(0.979409767601366,0.,0.201882409157011));
#13574=DIRECTION('',(0.,-1.,0.));
#13575=DIRECTION('',(0.,1.,0.));
#13576=DIRECTION('',(0.979409767601366,0.,0.201882409157011));
#13577=DIRECTION('',(-0.216356608701991,0.,0.97631440523582));
#13578=DIRECTION('',(0.97631440523582,0.,0.216356608701991));
#13579=DIRECTION('',(-0.97631440523582,0.,-0.216356608701991));
#13580=DIRECTION('',(-0.97631440523582,0.,-0.216356608701991));
#13581=DIRECTION('',(0.227842199090457,0.,-0.973698070406645));
#13582=DIRECTION('',(-0.973698070406645,0.,-0.227842199090457));
#13583=DIRECTION('',(0.973698070406645,0.,0.227842199090457));
#13584=DIRECTION('',(0.,-1.,0.));
#13585=DIRECTION('',(0.973698070406645,0.,0.227842199090457));
#13586=DIRECTION('',(0.,-1.,0.));
#13587=DIRECTION('',(0.961825643172819,0.,0.273662990072083));
#13588=DIRECTION('',(0.,1.,0.));
#13589=DIRECTION('',(0.961825643172819,0.,0.273662990072083));
#13590=DIRECTION('',(0.,-1.,0.));
#13591=DIRECTION('',(0.,1.,0.));
#13592=DIRECTION('',(0.961825643172819,0.,0.273662990072083));
#13593=DIRECTION('',(0.,-1.,0.));
#13594=DIRECTION('',(0.187213046205899,0.,-0.982319334702472));
#13595=DIRECTION('',(-0.982319334702473,0.,-0.1872130462059));
#13596=DIRECTION('',(0.982319334702472,0.,0.1872130462059));
#13597=DIRECTION('',(0.,-1.,0.));
#13598=DIRECTION('',(0.982319334702472,0.,0.1872130462059));
#13599=DIRECTION('',(0.,-1.,0.));
#13600=DIRECTION('',(0.961825643172819,0.,0.273662990072083));
#13601=DIRECTION('',(0.,1.,0.));
#13602=DIRECTION('',(0.961825643172819,0.,0.273662990072083));
#13603=DIRECTION('',(0.,-1.,0.));
#13604=DIRECTION('',(0.,1.,0.));
#13605=DIRECTION('',(0.961825643172819,0.,0.273662990072083));
#13606=DIRECTION('',(-0.287869062753581,0.,0.95766977748563));
#13607=DIRECTION('',(0.95766977748563,0.,0.287869062753581));
#13608=DIRECTION('',(-0.95766977748563,0.,-0.287869062753581));
#13609=DIRECTION('',(-0.95766977748563,0.,-0.287869062753581));
#13610=DIRECTION('',(0.299130065046278,0.,-0.954212347533509));
#13611=DIRECTION('',(-0.954212347533509,0.,-0.299130065046278));
#13612=DIRECTION('',(0.954212347533508,0.,0.299130065046278));
#13613=DIRECTION('',(0.,-1.,0.));
#13614=DIRECTION('',(0.954212347533508,0.,0.299130065046278));
#13615=DIRECTION('',(0.,-1.,0.));
#13616=DIRECTION('',(0.938988360615057,0.,0.343948918633928));
#13617=DIRECTION('',(0.,1.,0.));
#13618=DIRECTION('',(0.938988360615057,0.,0.343948918633928));
#13619=DIRECTION('',(0.,-1.,0.));
#13620=DIRECTION('',(0.,1.,0.));
#13621=DIRECTION('',(0.938988360615057,0.,0.343948918633928));
#13622=DIRECTION('',(0.,-1.,0.));
#13623=DIRECTION('',(0.259248565492006,0.,-0.965810634281036));
#13624=DIRECTION('',(-0.965810634281036,0.,-0.259248565492006));
#13625=DIRECTION('',(0.965810634281036,0.,0.259248565492006));
#13626=DIRECTION('',(0.,-1.,0.));
#13627=DIRECTION('',(0.965810634281036,0.,0.259248565492006));
#13628=DIRECTION('',(0.,-1.,0.));
#13629=DIRECTION('',(0.938988360615057,0.,0.343948918633928));
#13630=DIRECTION('',(0.,1.,0.));
#13631=DIRECTION('',(0.938988360615057,0.,0.343948918633928));
#13632=DIRECTION('',(0.,-1.,0.));
#13633=DIRECTION('',(0.,1.,0.));
#13634=DIRECTION('',(0.938988360615057,0.,0.343948918633928));
#13635=DIRECTION('',(-0.357809275809219,0.,0.93379468950347));
#13636=DIRECTION('',(0.93379468950347,0.,0.357809275809219));
#13637=DIRECTION('',(-0.93379468950347,0.,-0.357809275809219));
#13638=DIRECTION('',(-0.93379468950347,0.,-0.357809275809219));
#13639=DIRECTION('',(0.368784186316622,0.,-0.929515047711863));
#13640=DIRECTION('',(-0.929515047711863,0.,-0.368784186316622));
#13641=DIRECTION('',(0.929515047711863,0.,0.368784186316622));
#13642=DIRECTION('',(0.,-1.,0.));
#13643=DIRECTION('',(0.929515047711863,0.,0.368784186316622));
#13644=DIRECTION('',(0.,-1.,0.));
#13645=DIRECTION('',(0.911022649246088,0.,0.412356317473904));
#13646=DIRECTION('',(0.,1.,0.));
#13647=DIRECTION('',(0.911022649246088,0.,0.412356317473904));
#13648=DIRECTION('',(0.,-1.,0.));
#13649=DIRECTION('',(0.,1.,0.));
#13650=DIRECTION('',(0.911022649246088,0.,0.412356317473904));
#13651=DIRECTION('',(0.,-1.,0.));
#13652=DIRECTION('',(0.32986815901343,0.,-0.944027011090832));
#13653=DIRECTION('',(-0.944027011090833,0.,-0.32986815901343));
#13654=DIRECTION('',(0.944027011090832,0.,0.32986815901343));
#13655=DIRECTION('',(0.,-1.,0.));
#13656=DIRECTION('',(0.944027011090832,0.,0.32986815901343));
#13657=DIRECTION('',(0.,-1.,0.));
#13658=DIRECTION('',(0.911022649246088,0.,0.412356317473904));
#13659=DIRECTION('',(0.,1.,0.));
#13660=DIRECTION('',(0.911022649246088,0.,0.412356317473904));
#13661=DIRECTION('',(0.,-1.,0.));
#13662=DIRECTION('',(0.,1.,0.));
#13663=DIRECTION('',(0.911022649246088,0.,0.412356317473904));
#13664=DIRECTION('',(-0.425795258678474,0.,0.904819538740699));
#13665=DIRECTION('',(0.904819538740699,0.,0.425795258678474));
#13666=DIRECTION('',(-0.904819538740699,0.,-0.425795258678474));
#13667=DIRECTION('',(-0.904819538740699,0.,-0.425795258678474));
#13668=DIRECTION('',(0.436424136245177,0.,-0.899741059029014));
#13669=DIRECTION('',(-0.899741059029014,0.,-0.436424136245177));
#13670=DIRECTION('',(0.899741059029014,0.,0.436424136245177));
#13671=DIRECTION('',(0.,-1.,0.));
#13672=DIRECTION('',(0.899741059029014,0.,0.436424136245177));
#13673=DIRECTION('',(0.,-1.,0.));
#13674=DIRECTION('',(0.878081248083698,0.,0.478511569101287));
#13675=DIRECTION('',(0.,1.,0.));
#13676=DIRECTION('',(0.878081248083698,0.,0.478511569101287));
#13677=DIRECTION('',(0.,-1.,0.));
#13678=DIRECTION('',(0.,1.,0.));
#13679=DIRECTION('',(0.878081248083698,0.,0.478511569101287));
#13680=DIRECTION('',(0.,-1.,0.));
#13681=DIRECTION('',(0.398686127039225,0.,-0.917087439727785));
#13682=DIRECTION('',(-0.917087439727785,0.,-0.398686127039225));
#13683=DIRECTION('',(0.917087439727785,0.,0.398686127039225));
#13684=DIRECTION('',(0.,-1.,0.));
#13685=DIRECTION('',(0.917087439727785,0.,0.398686127039225));
#13686=DIRECTION('',(0.,-1.,0.));
#13687=DIRECTION('',(0.878081248083698,0.,0.478511569101287));
#13688=DIRECTION('',(0.,1.,0.));
#13689=DIRECTION('',(0.878081248083698,0.,0.478511569101287));
#13690=DIRECTION('',(0.,-1.,0.));
#13691=DIRECTION('',(0.,1.,0.));
#13692=DIRECTION('',(0.878081248083698,0.,0.478511569101287));
#13693=DIRECTION('',(-0.49145569549852,0.,0.870902577423024));
#13694=DIRECTION('',(0.870902577423024,0.,0.49145569549852));
#13695=DIRECTION('',(-0.870902577423024,0.,-0.49145569549852));
#13696=DIRECTION('',(-0.870902577423024,0.,-0.49145569549852));
#13697=DIRECTION('',(0.501680488881047,0.,-0.865052996686373));
#13698=DIRECTION('',(-0.865052996686373,0.,-0.501680488881047));
#13699=DIRECTION('',(0.865052996686373,0.,0.501680488881047));
#13700=DIRECTION('',(0.,-1.,0.));
#13701=DIRECTION('',(0.865052996686373,0.,0.501680488881047));
#13702=DIRECTION('',(0.,-1.,0.));
#13703=DIRECTION('',(0.840344071637893,0.,0.54205335647245));
#13704=DIRECTION('',(0.,1.,0.));
#13705=DIRECTION('',(0.840344071637893,0.,0.54205335647245));
#13706=DIRECTION('',(0.,-1.,0.));
#13707=DIRECTION('',(0.,1.,0.));
#13708=DIRECTION('',(0.840344071637893,0.,0.54205335647245));
#13709=DIRECTION('',(0.,-1.,0.));
#13710=DIRECTION('',(0.465326609692147,0.,-0.885139054788801));
#13711=DIRECTION('',(-0.885139054788801,0.,-0.465326609692147));
#13712=DIRECTION('',(0.885139054788801,0.,0.465326609692147));
#13713=DIRECTION('',(0.,-1.,0.));
#13714=DIRECTION('',(0.885139054788801,0.,0.465326609692147));
#13715=DIRECTION('',(0.,-1.,0.));
#13716=DIRECTION('',(0.840344071637893,0.,0.54205335647245));
#13717=DIRECTION('',(0.,1.,0.));
#13718=DIRECTION('',(0.840344071637893,0.,0.54205335647245));
#13719=DIRECTION('',(0.,-1.,0.));
#13720=DIRECTION('',(0.,1.,0.));
#13721=DIRECTION('',(0.840344071637893,0.,0.54205335647245));
#13722=DIRECTION('',(-0.554431971732619,0.,0.832229048231724));
#13723=DIRECTION('',(0.832229048231724,0.,0.554431971732619));
#13724=DIRECTION('',(-0.832229048231724,0.,-0.554431971732619));
#13725=DIRECTION('',(-0.832229048231724,0.,-0.554431971732619));
#13726=DIRECTION('',(0.564196836655182,0.,-0.825640314851622));
#13727=DIRECTION('',(-0.825640314851622,0.,-0.564196836655182));
#13728=DIRECTION('',(0.825640314851622,0.,0.564196836655182));
#13729=DIRECTION('',(0.,-1.,0.));
#13730=DIRECTION('',(0.825640314851622,0.,0.564196836655182));
#13731=DIRECTION('',(0.,-1.,0.));
#13732=DIRECTION('',(0.79801722728024,0.,0.602634636379257));
#13733=DIRECTION('',(0.,1.,0.));
#13734=DIRECTION('',(0.79801722728024,0.,0.602634636379257));
#13735=DIRECTION('',(0.,-1.,0.));
#13736=DIRECTION('',(0.,1.,0.));
#13737=DIRECTION('',(0.79801722728024,0.,0.602634636379257));
#13738=DIRECTION('',(0.,-1.,0.));
#13739=DIRECTION('',(0.529425639764972,0.,-0.848356347273627));
#13740=DIRECTION('',(-0.848356347273627,0.,-0.529425639764972));
#13741=DIRECTION('',(0.848356347273627,0.,0.529425639764972));
#13742=DIRECTION('',(0.,-1.,0.));
#13743=DIRECTION('',(0.848356347273627,0.,0.529425639764972));
#13744=DIRECTION('',(0.,-1.,0.));
#13745=DIRECTION('',(0.79801722728024,0.,0.602634636379257));
#13746=DIRECTION('',(0.,1.,0.));
#13747=DIRECTION('',(0.79801722728024,0.,0.602634636379257));
#13748=DIRECTION('',(0.,-1.,0.));
#13749=DIRECTION('',(0.,1.,0.));
#13750=DIRECTION('',(0.79801722728024,0.,0.602634636379257));
#13751=DIRECTION('',(-0.614380132798363,0.,0.789010172572361));
#13752=DIRECTION('',(0.789010172572361,0.,0.614380132798363));
#13753=DIRECTION('',(-0.789010172572361,0.,-0.614380132798363));
#13754=DIRECTION('',(-0.789010172572361,0.,-0.614380132798363));
#13755=DIRECTION('',(0.623631736954933,0.,-0.781718271925746));
#13756=DIRECTION('',(-0.781718271925746,0.,-0.623631736954933));
#13757=DIRECTION('',(0.781718271925746,0.,0.623631736954933));
#13758=DIRECTION('',(0.,-1.,0.));
#13759=DIRECTION('',(0.781718271925746,0.,0.623631736954933));
#13760=DIRECTION('',(0.,-1.,0.));
#13761=DIRECTION('',(0.751331889556873,0.,0.659924534878723));
#13762=DIRECTION('',(0.,1.,0.));
#13763=DIRECTION('',(0.751331889556873,0.,0.659924534878723));
#13764=DIRECTION('',(0.,-1.,0.));
#13765=DIRECTION('',(0.,1.,0.));
#13766=DIRECTION('',(0.751331889556873,0.,0.659924534878723));
#13767=DIRECTION('',(0.,-1.,0.));
#13768=DIRECTION('',(0.590633130583165,0.,-0.806940211575511));
#13769=DIRECTION('',(-0.806940211575511,0.,-0.590633130583165));
#13770=DIRECTION('',(0.806940211575511,0.,0.590633130583165));
#13771=DIRECTION('',(0.,-1.,0.));
#13772=DIRECTION('',(0.806940211575511,0.,0.590633130583165));
#13773=DIRECTION('',(0.,-1.,0.));
#13774=DIRECTION('',(0.751331889556873,0.,0.659924534878723));
#13775=DIRECTION('',(0.,1.,0.));
#13776=DIRECTION('',(0.751331889556873,0.,0.659924534878723));
#13777=DIRECTION('',(0.,-1.,0.));
#13778=DIRECTION('',(0.,1.,0.));
#13779=DIRECTION('',(0.751331889556873,0.,0.659924534878723));
#13780=DIRECTION('',(-0.670972762628329,0.,0.741481996956708));
#13781=DIRECTION('',(0.741481996956708,0.,0.670972762628329));
#13782=DIRECTION('',(-0.741481996956708,0.,-0.670972762628329));
#13783=DIRECTION('',(-0.741481996956708,0.,-0.670972762628329));
#13784=DIRECTION('',(0.679660576965196,0.,-0.733526754876287));
#13785=DIRECTION('',(-0.733526754876287,0.,-0.679660576965196));
#13786=DIRECTION('',(0.733526754876287,0.,0.679660576965196));
#13787=DIRECTION('',(0.,-1.,0.));
#13788=DIRECTION('',(0.733526754876287,0.,0.679660576965196));
#13789=DIRECTION('',(0.,-1.,0.));
#13790=DIRECTION('',(0.700543037593291,0.,0.713610154411752));
#13791=DIRECTION('',(0.,1.,0.));
#13792=DIRECTION('',(0.700543037593291,0.,0.713610154411752));
#13793=DIRECTION('',(0.,-1.,0.));
#13794=DIRECTION('',(0.,1.,0.));
#13795=DIRECTION('',(0.700543037593291,0.,0.713610154411752));
#13796=DIRECTION('',(0.,-1.,0.));
#13797=DIRECTION('',(0.648614788056894,0.,-0.761116848265699));
#13798=DIRECTION('',(-0.761116848265699,0.,-0.648614788056894));
#13799=DIRECTION('',(0.761116848265699,0.,0.648614788056894));
#13800=DIRECTION('',(0.,-1.,0.));
#13801=DIRECTION('',(0.761116848265699,0.,0.648614788056894));
#13802=DIRECTION('',(0.,-1.,0.));
#13803=DIRECTION('',(0.700543037593291,0.,0.713610154411752));
#13804=DIRECTION('',(0.,1.,0.));
#13805=DIRECTION('',(0.700543037593291,0.,0.713610154411752));
#13806=DIRECTION('',(0.,-1.,0.));
#13807=DIRECTION('',(0.,1.,0.));
#13808=DIRECTION('',(0.700543037593291,0.,0.713610154411752));
#13809=DIRECTION('',(-0.723900771903102,0.,0.689904103798559));
#13810=DIRECTION('',(0.689904103798559,0.,0.723900771903102));
#13811=DIRECTION('',(-0.689904103798559,0.,-0.723900771903102));
#13812=DIRECTION('',(-0.689904103798559,0.,-0.723900771903102));
#13813=DIRECTION('',(0.731977346591045,0.,-0.681328969057924));
#13814=DIRECTION('',(-0.681328969057924,0.,-0.731977346591045));
#13815=DIRECTION('',(0.681328969057924,0.,0.731977346591045));
#13816=DIRECTION('',(0.,-1.,0.));
#13817=DIRECTION('',(0.681328969057924,0.,0.731977346591045));
#13818=DIRECTION('',(0.,-1.,0.));
#13819=DIRECTION('',(0.645928062486787,0.,0.763398282741103));
#13820=DIRECTION('',(0.,1.,0.));
#13821=DIRECTION('',(0.645928062486787,0.,0.763398282741103));
#13822=DIRECTION('',(0.,-1.,0.));
#13823=DIRECTION('',(0.,1.,0.));
#13824=DIRECTION('',(0.645928062486787,0.,0.763398282741103));
#13825=DIRECTION('',(0.,-1.,0.));
#13826=DIRECTION('',(0.703053936479429,0.,-0.711136528664348));
#13827=DIRECTION('',(-0.711136528664348,0.,-0.703053936479429));
#13828=DIRECTION('',(0.711136528664348,0.,0.703053936479429));
#13829=DIRECTION('',(0.,-1.,0.));
#13830=DIRECTION('',(0.711136528664348,0.,0.703053936479429));
#13831=DIRECTION('',(0.,-1.,0.));
#13832=DIRECTION('',(0.645928062486787,0.,0.763398282741103));
#13833=DIRECTION('',(0.,1.,0.));
#13834=DIRECTION('',(0.645928062486787,0.,0.763398282741103));
#13835=DIRECTION('',(0.,-1.,0.));
#13836=DIRECTION('',(0.,1.,0.));
#13837=DIRECTION('',(0.645928062486787,0.,0.763398282741103));
#13838=DIRECTION('',(-0.772875086189952,0.,0.634558193664595));
#13839=DIRECTION('',(0.634558193664595,0.,0.772875086189952));
#13840=DIRECTION('',(-0.634558193664595,0.,-0.772875086189952));
#13841=DIRECTION('',(-0.634558193664595,0.,-0.772875086189952));
#13842=DIRECTION('',(0.780296309778752,0.,-0.625410000676086));
#13843=DIRECTION('',(-0.625410000676086,0.,-0.780296309778752));
#13844=DIRECTION('',(0.625410000676086,0.,0.780296309778752));
#13845=DIRECTION('',(0.,-1.,0.));
#13846=DIRECTION('',(0.625410000676086,0.,0.780296309778752));
#13847=DIRECTION('',(0.,-1.,0.));
#13848=DIRECTION('',(0.587785252292473,0.,0.809016994374948));
#13849=DIRECTION('',(0.,1.,0.));
#13850=DIRECTION('',(0.587785252292473,0.,0.809016994374948));
#13851=DIRECTION('',(0.,-1.,0.));
#13852=DIRECTION('',(0.,1.,0.));
#13853=DIRECTION('',(0.587785252292473,0.,0.809016994374948));
#13854=DIRECTION('',(0.,-1.,0.));
#13855=DIRECTION('',(0.753653248100035,0.,-0.657272227945368));
#13856=DIRECTION('',(-0.657272227945368,0.,-0.753653248100035));
#13857=DIRECTION('',(0.657272227945368,0.,0.753653248100035));
#13858=DIRECTION('',(0.,-1.,0.));
#13859=DIRECTION('',(0.657272227945368,0.,0.753653248100035));
#13860=DIRECTION('',(0.,-1.,0.));
#13861=DIRECTION('',(0.587785252292473,0.,0.809016994374948));
#13862=DIRECTION('',(0.,1.,0.));
#13863=DIRECTION('',(0.587785252292473,0.,0.809016994374948));
#13864=DIRECTION('',(0.,-1.,0.));
#13865=DIRECTION('',(0.,1.,0.));
#13866=DIRECTION('',(0.587785252292473,0.,0.809016994374948));
#13867=DIRECTION('',(-0.817628224767144,0.,0.575746546723581));
#13868=DIRECTION('',(0.575746546723581,0.,0.817628224767144));
#13869=DIRECTION('',(-0.575746546723581,0.,-0.817628224767144));
#13870=DIRECTION('',(-0.575746546723581,0.,-0.817628224767144));
#13871=DIRECTION('',(0.824353565107028,0.,-0.566075259744968));
#13872=DIRECTION('',(-0.566075259744968,0.,-0.824353565107028));
#13873=DIRECTION('',(0.566075259744968,0.,0.824353565107028));
#13874=DIRECTION('',(0.,-1.,0.));
#13875=DIRECTION('',(0.566075259744968,0.,0.824353565107028));
#13876=DIRECTION('',(0.,-1.,0.));
#13877=DIRECTION('',(0.526432162877356,0.,0.850217135729614));
#13878=DIRECTION('',(0.,1.,0.));
#13879=DIRECTION('',(0.526432162877356,0.,0.850217135729614));
#13880=DIRECTION('',(0.,-1.,0.));
#13881=DIRECTION('',(0.,1.,0.));
#13882=DIRECTION('',(0.526432162877356,0.,0.850217135729614));
#13883=DIRECTION('',(0.,-1.,0.));
#13884=DIRECTION('',(0.800136367025043,0.,-0.599818134240676));
#13885=DIRECTION('',(-0.599818134240676,0.,-0.800136367025043));
#13886=DIRECTION('',(0.599818134240676,0.,0.800136367025043));
#13887=DIRECTION('',(0.,-1.,0.));
#13888=DIRECTION('',(0.599818134240676,0.,0.800136367025043));
#13889=DIRECTION('',(0.,-1.,0.));
#13890=DIRECTION('',(0.526432162877356,0.,0.850217135729614));
#13891=DIRECTION('',(0.,1.,0.));
#13892=DIRECTION('',(0.526432162877356,0.,0.850217135729614));
#13893=DIRECTION('',(0.,-1.,0.));
#13894=DIRECTION('',(0.,1.,0.));
#13895=DIRECTION('',(0.526432162877356,0.,0.850217135729614));
#13896=DIRECTION('',(-0.857915761510886,0.,0.5137903717969));
#13897=DIRECTION('',(0.5137903717969,0.,0.857915761510886));
#13898=DIRECTION('',(-0.5137903717969,0.,-0.857915761510886));
#13899=DIRECTION('',(-0.5137903717969,0.,-0.857915761510886));
#13900=DIRECTION('',(0.863908487125075,0.,-0.503648812043932));
#13901=DIRECTION('',(-0.503648812043932,0.,-0.863908487125075));
#13902=DIRECTION('',(0.503648812043932,0.,0.863908487125075));
#13903=DIRECTION('',(0.,-1.,0.));
#13904=DIRECTION('',(0.503648812043932,0.,0.863908487125075));
#13905=DIRECTION('',(0.,-1.,0.));
#13906=DIRECTION('',(0.462203883540313,0.,0.886773685920062));
#13907=DIRECTION('',(0.,1.,0.));
#13908=DIRECTION('',(0.462203883540313,0.,0.886773685920062));
#13909=DIRECTION('',(0.,-1.,0.));
#13910=DIRECTION('',(0.,1.,0.));
#13911=DIRECTION('',(0.462203883540313,0.,0.886773685920062));
#13912=DIRECTION('',(0.,-1.,0.));
#13913=DIRECTION('',(0.842249418577909,0.,-0.539088041886642));
#13914=DIRECTION('',(-0.539088041886642,0.,-0.842249418577909));
#13915=DIRECTION('',(0.539088041886642,0.,0.842249418577909));
#13916=DIRECTION('',(0.,-1.,0.));
#13917=DIRECTION('',(0.539088041886642,0.,0.842249418577909));
#13918=DIRECTION('',(0.,-1.,0.));
#13919=DIRECTION('',(0.462203883540313,0.,0.886773685920062));
#13920=DIRECTION('',(0.,1.,0.));
#13921=DIRECTION('',(0.462203883540313,0.,0.886773685920062));
#13922=DIRECTION('',(0.,-1.,0.));
#13923=DIRECTION('',(0.,1.,0.));
#13924=DIRECTION('',(0.462203883540313,0.,0.886773685920062));
#13925=DIRECTION('',(-0.893517659866057,0.,0.449028052027361));
#13926=DIRECTION('',(0.449028052027361,0.,0.893517659866057));
#13927=DIRECTION('',(-0.449028052027361,0.,-0.893517659866057));
#13928=DIRECTION('',(-0.449028052027361,0.,-0.893517659866057));
#13929=DIRECTION('',(0.898745040565353,0.,-0.438471609182605));
#13930=DIRECTION('',(-0.438471609182605,0.,-0.898745040565353));
#13931=DIRECTION('',(0.438471609182605,0.,0.898745040565352));
#13932=DIRECTION('',(0.,-1.,0.));
#13933=DIRECTION('',(0.438471609182605,0.,0.898745040565352));
#13934=DIRECTION('',(0.,-1.,0.));
#13935=DIRECTION('',(0.395451206870542,0.,0.918486985745923));
#13936=DIRECTION('',(0.,1.,0.));
#13937=DIRECTION('',(0.395451206870542,0.,0.918486985745923));
#13938=DIRECTION('',(0.,-1.,0.));
#13939=DIRECTION('',(0.,1.,0.));
#13940=DIRECTION('',(0.395451206870542,0.,0.918486985745923));
#13941=DIRECTION('',(0.,-1.,0.));
#13942=DIRECTION('',(0.879762395874661,0.,-0.475413637588233));
#13943=DIRECTION('',(-0.475413637588233,0.,-0.879762395874662));
#13944=DIRECTION('',(0.475413637588233,0.,0.879762395874661));
#13945=DIRECTION('',(0.,-1.,0.));
#13946=DIRECTION('',(0.475413637588233,0.,0.879762395874661));
#13947=DIRECTION('',(0.,-1.,0.));
#13948=DIRECTION('',(0.395451206870542,0.,0.918486985745923));
#13949=DIRECTION('',(0.,1.,0.));
#13950=DIRECTION('',(0.395451206870542,0.,0.918486985745923));
#13951=DIRECTION('',(0.,-1.,0.));
#13952=DIRECTION('',(0.,1.,0.));
#13953=DIRECTION('',(0.395451206870542,0.,0.918486985745923));
#13954=DIRECTION('',(-0.924239474609566,0.,0.381813296747814));
#13955=DIRECTION('',(0.381813296747814,0.,0.924239474609566));
#13956=DIRECTION('',(-0.381813296747814,0.,-0.924239474609566));
#13957=DIRECTION('',(-0.381813296747814,0.,-0.924239474609566));
#13958=DIRECTION('',(0.928672960253296,0.,-0.370899626441413));
#13959=DIRECTION('',(-0.370899626441413,0.,-0.928672960253296));
#13960=DIRECTION('',(0.370899626441413,0.,0.928672960253296));
#13961=DIRECTION('',(0.,-1.,0.));
#13962=DIRECTION('',(0.370899626441413,0.,0.928672960253296));
#13963=DIRECTION('',(0.,-1.,0.));
#13964=DIRECTION('',(0.326538712840083,0.,0.94518382816082));
#13965=DIRECTION('',(0.,1.,0.));
#13966=DIRECTION('',(0.326538712840083,0.,0.94518382816082));
#13967=DIRECTION('',(0.,-1.,0.));
#13968=DIRECTION('',(0.,1.,0.));
#13969=DIRECTION('',(0.326538712840083,0.,0.94518382816082));
#13970=DIRECTION('',(0.,-1.,0.));
#13971=DIRECTION('',(0.912470416041739,0.,-0.409142688861253));
#13972=DIRECTION('',(-0.409142688861253,0.,-0.912470416041739));
#13973=DIRECTION('',(0.409142688861253,0.,0.912470416041739));
#13974=DIRECTION('',(0.,-1.,0.));
#13975=DIRECTION('',(0.409142688861253,0.,0.912470416041739));
#13976=DIRECTION('',(0.,-1.,0.));
#13977=DIRECTION('',(0.326538712840083,0.,0.94518382816082));
#13978=DIRECTION('',(0.,1.,0.));
#13979=DIRECTION('',(0.326538712840083,0.,0.94518382816082));
#13980=DIRECTION('',(0.,-1.,0.));
#13981=DIRECTION('',(0.,1.,0.));
#13982=DIRECTION('',(0.326538712840083,0.,0.94518382816082));
#13983=DIRECTION('',(-0.949913413842737,0.,0.312513209643429));
#13984=DIRECTION('',(0.312513209643429,0.,0.949913413842737));
#13985=DIRECTION('',(-0.312513209643429,0.,-0.949913413842737));
#13986=DIRECTION('',(-0.312513209643429,0.,-0.949913413842737));
#13987=DIRECTION('',(0.953528790269722,0.,-0.301301918558047));
#13988=DIRECTION('',(-0.301301918558047,0.,-0.953528790269722));
#13989=DIRECTION('',(0.301301918558047,0.,0.953528790269722));
#13990=DIRECTION('',(0.,-1.,0.));
#13991=DIRECTION('',(0.301301918558047,0.,0.953528790269722));
#13992=DIRECTION('',(0.,-1.,0.));
#13993=DIRECTION('',(0.255842777594436,0.,0.966718404269187));
#13994=DIRECTION('',(0.,1.,0.));
#13995=DIRECTION('',(0.255842777594436,0.,0.966718404269187));
#13996=DIRECTION('',(0.,-1.,0.));
#13997=DIRECTION('',(0.,1.,0.));
#13998=DIRECTION('',(0.255842777594436,0.,0.966718404269187));
#13999=DIRECTION('',(0.,-1.,0.));
#14000=DIRECTION('',(0.9401948392152,0.,-0.340637144646769));
#14001=DIRECTION('',(-0.340637144646769,0.,-0.9401948392152));
#14002=DIRECTION('',(0.340637144646769,0.,0.9401948392152));
#14003=DIRECTION('',(0.,-1.,0.));
#14004=DIRECTION('',(0.340637144646769,0.,0.9401948392152));
#14005=DIRECTION('',(0.,-1.,0.));
#14006=DIRECTION('',(0.255842777594436,0.,0.966718404269187));
#14007=DIRECTION('',(0.,1.,0.));
#14008=DIRECTION('',(0.255842777594436,0.,0.966718404269187));
#14009=DIRECTION('',(0.,-1.,0.));
#14010=DIRECTION('',(0.,1.,0.));
#14011=DIRECTION('',(0.255842777594436,0.,0.966718404269187));
#14012=DIRECTION('',(-0.97039925541247,0.,0.24150628375867));
#14013=DIRECTION('',(0.24150628375867,0.,0.97039925541247));
#14014=DIRECTION('',(-0.24150628375867,0.,-0.97039925541247));
#14015=DIRECTION('',(-0.24150628375867,0.,-0.97039925541247));
#14016=DIRECTION('',(0.973176776690377,0.,-0.230058604078457));
#14017=DIRECTION('',(-0.230058604078457,0.,-0.973176776690377));
#14018=DIRECTION('',(0.230058604078457,0.,0.973176776690377));
#14019=DIRECTION('',(0.,-1.,0.));
#14020=DIRECTION('',(0.230058604078457,0.,0.973176776690377));
#14021=DIRECTION('',(0.,-1.,0.));
#14022=DIRECTION('',(0.18374951781657,0.,0.982973099683902));
#14023=DIRECTION('',(0.,1.,0.));
#14024=DIRECTION('',(0.18374951781657,0.,0.982973099683902));
#14025=DIRECTION('',(0.,-1.,0.));
#14026=DIRECTION('',(0.,1.,0.));
#14027=DIRECTION('',(0.18374951781657,0.,0.982973099683902));
#14028=DIRECTION('',(0.,-1.,0.));
#14029=DIRECTION('',(0.962784244209715,0.,-0.270271158471503));
#14030=DIRECTION('',(-0.270271158471503,0.,-0.962784244209715));
#14031=DIRECTION('',(0.270271158471503,0.,0.962784244209715));
#14032=DIRECTION('',(0.,-1.,0.));
#14033=DIRECTION('',(0.270271158471503,0.,0.962784244209715));
#14034=DIRECTION('',(0.,-1.,0.));
#14035=DIRECTION('',(0.18374951781657,0.,0.982973099683902));
#14036=DIRECTION('',(0.,1.,0.));
#14037=DIRECTION('',(0.18374951781657,0.,0.982973099683902));
#14038=DIRECTION('',(0.,-1.,0.));
#14039=DIRECTION('',(0.,1.,0.));
#14040=DIRECTION('',(0.18374951781657,0.,0.982973099683902));
#14041=DIRECTION('',(-0.98558511275602,0.,0.169180334299535));
#14042=DIRECTION('',(0.169180334299535,0.,0.98558511275602));
#14043=DIRECTION('',(-0.169180334299535,0.,-0.98558511275602));
#14044=DIRECTION('',(-0.169180334299535,0.,-0.98558511275602));
#14045=DIRECTION('',(0.987509609026793,0.,-0.157558789281176));
#14046=DIRECTION('',(-0.157558789281176,0.,-0.987509609026793));
#14047=DIRECTION('',(0.157558789281176,0.,0.987509609026793));
#14048=DIRECTION('',(0.,-1.,0.));
#14049=DIRECTION('',(0.157558789281176,0.,0.987509609026793));
#14050=DIRECTION('',(0.,-1.,0.));
#14051=DIRECTION('',(0.110652681891501,0.,0.993859136895274));
#14052=DIRECTION('',(0.,1.,0.));
#14053=DIRECTION('',(0.110652681891501,0.,0.993859136895274));
#14054=DIRECTION('',(0.,-1.,0.));
#14055=DIRECTION('',(0.,1.,0.));
#14056=DIRECTION('',(0.110652681891501,0.,0.993859136895274));
#14057=DIRECTION('',(0.,-1.,0.));
#14058=DIRECTION('',(0.980115255528565,0.,-0.198429044951021));
#14059=DIRECTION('',(-0.198429044951021,0.,-0.980115255528566));
#14060=DIRECTION('',(0.198429044951021,0.,0.980115255528566));
#14061=DIRECTION('',(0.,-1.,0.));
#14062=DIRECTION('',(0.198429044951021,0.,0.980115255528566));
#14063=DIRECTION('',(0.,-1.,0.));
#14064=DIRECTION('',(0.110652681891501,0.,0.993859136895274));
#14065=DIRECTION('',(0.,1.,0.));
#14066=DIRECTION('',(0.110652681891501,0.,0.993859136895274));
#14067=DIRECTION('',(0.,-1.,0.));
#14068=DIRECTION('',(0.,1.,0.));
#14069=DIRECTION('',(0.110652681891501,0.,0.993859136895274));
#14070=DIRECTION('',(-0.9953880459866,0.,0.0959303805213884));
#14071=DIRECTION('',(0.0959303805213884,0.,0.9953880459866));
#14072=DIRECTION('',(-0.0959303805213884,0.,-0.9953880459866));
#14073=DIRECTION('',(-0.0959303805213884,0.,-0.9953880459866));
#14074=DIRECTION('',(0.996449006318969,0.,-0.084198443013751));
#14075=DIRECTION('',(-0.084198443013751,0.,-0.996449006318969));
#14076=DIRECTION('',(0.084198443013751,0.,0.996449006318969));
#14077=DIRECTION('',(0.,-1.,0.));
#14078=DIRECTION('',(0.084198443013751,0.,0.996449006318969));
#14079=DIRECTION('',(0.,-1.,0.));
#14080=DIRECTION('',(0.0369514993891447,0.,0.999317060143023));
#14081=DIRECTION('',(0.,1.,0.));
#14082=DIRECTION('',(0.0369514993891447,0.,0.999317060143023));
#14083=DIRECTION('',(0.,-1.,0.));
#14084=DIRECTION('',(0.,1.,0.));
#14085=DIRECTION('',(0.0369514993891447,0.,0.999317060143023));
#14086=DIRECTION('',(0.,-1.,0.));
#14087=DIRECTION('',(0.992093217197832,0.,-0.12550318079657));
#14088=DIRECTION('',(-0.12550318079657,0.,-0.992093217197832));
#14089=DIRECTION('',(0.12550318079657,0.,0.992093217197832));
#14090=DIRECTION('',(0.,-1.,0.));
#14091=DIRECTION('',(0.12550318079657,0.,0.992093217197832));
#14092=DIRECTION('',(0.,-1.,0.));
#14093=DIRECTION('',(0.0369514993891447,0.,0.999317060143023));
#14094=DIRECTION('',(0.,1.,0.));
#14095=DIRECTION('',(0.0369514993891447,0.,0.999317060143023));
#14096=DIRECTION('',(0.,-1.,0.));
#14097=DIRECTION('',(0.,1.,0.));
#14098=DIRECTION('',(0.0369514993891447,0.,0.999317060143023));
#14099=DIRECTION('',(-0.999754514882282,0.,0.0221564882707624));
#14100=DIRECTION('',(0.0221564882707624,0.,0.999754514882282));
#14101=DIRECTION('',(-0.0221564882707624,0.,-0.999754514882282));
#14102=DIRECTION('',(-0.0221564882707624,0.,-0.999754514882282));
#14103=DIRECTION('',(0.999946144678823,0.,-0.0103782340482111));
#14104=DIRECTION('',(-0.0103782340482111,0.,-0.999946144678823));
#14105=DIRECTION('',(0.0103782340482111,0.,0.999946144678822));
#14106=DIRECTION('',(0.,-1.,0.));
#14107=DIRECTION('',(0.0103782340482111,0.,0.999946144678822));
#14108=DIRECTION('',(0.,-1.,0.));
#14109=DIRECTION('',(-0.0369514993891449,0.,0.999317060143023));
#14110=DIRECTION('',(0.,1.,0.));
#14111=DIRECTION('',(-0.0369514993891449,0.,0.999317060143023));
#14112=DIRECTION('',(0.,-1.,0.));
#14113=DIRECTION('',(0.,1.,0.));
#14114=DIRECTION('',(-0.0369514993891449,0.,0.999317060143023));
#14115=DIRECTION('',(0.,-1.,0.));
#14116=DIRECTION('',(0.998652709744491,0.,-0.0518918617895436));
#14117=DIRECTION('',(-0.0518918617895436,0.,-0.998652709744491));
#14118=DIRECTION('',(0.0518918617895436,0.,0.998652709744491));
#14119=DIRECTION('',(0.,-1.,0.));
#14120=DIRECTION('',(0.0518918617895436,0.,0.998652709744491));
#14121=DIRECTION('',(0.,-1.,0.));
#14122=DIRECTION('',(-0.0369514993891449,0.,0.999317060143023));
#14123=DIRECTION('',(0.,1.,0.));
#14124=DIRECTION('',(-0.0369514993891449,0.,0.999317060143023));
#14125=DIRECTION('',(0.,-1.,0.));
#14126=DIRECTION('',(0.,1.,0.));
#14127=DIRECTION('',(-0.0369514993891449,0.,0.999317060143023));
#14128=DIRECTION('',(-0.998660671304127,0.,-0.0517384150355577));
#14129=DIRECTION('',(-0.0517384150355577,0.,0.998660671304127));
#14130=DIRECTION('',(0.0517384150355577,0.,-0.998660671304127));
#14131=DIRECTION('',(0.0517384150355577,0.,-0.998660671304127));
#14132=DIRECTION('',(0.997981923949341,0.,0.0634986572328231));
#14133=DIRECTION('',(0.0634986572328231,0.,-0.997981923949341));
#14134=DIRECTION('',(-0.0634986572328231,0.,0.997981923949341));
#14135=DIRECTION('',(0.,-1.,0.));
#14136=DIRECTION('',(-0.0634986572328231,0.,0.997981923949341));
#14137=DIRECTION('',(0.,-1.,0.));
#14138=DIRECTION('',(-0.110652681891501,0.,0.993859136895274));
#14139=DIRECTION('',(0.,1.,0.));
#14140=DIRECTION('',(-0.110652681891501,0.,0.993859136895274));
#14141=DIRECTION('',(0.,-1.,0.));
#14142=DIRECTION('',(0.,1.,0.));
#14143=DIRECTION('',(-0.110652681891501,0.,0.993859136895274));
#14144=DIRECTION('',(0.,-1.,0.));
#14145=DIRECTION('',(0.999757907494901,0.,0.0220028725719549));
#14146=DIRECTION('',(0.0220028725719549,0.,-0.999757907494901));
#14147=DIRECTION('',(-0.0220028725719549,0.,0.999757907494901));
#14148=DIRECTION('',(0.,-1.,0.));
#14149=DIRECTION('',(-0.0220028725719549,0.,0.999757907494901));
#14150=DIRECTION('',(0.,-1.,0.));
#14151=DIRECTION('',(-0.110652681891501,0.,0.993859136895274));
#14152=DIRECTION('',(0.,1.,0.));
#14153=DIRECTION('',(-0.110652681891501,0.,0.993859136895274));
#14154=DIRECTION('',(0.,-1.,0.));
#14155=DIRECTION('',(0.,1.,0.));
#14156=DIRECTION('',(-0.110652681891501,0.,0.993859136895274));
#14157=DIRECTION('',(-0.992112489446442,0.,-0.125350741060366));
#14158=DIRECTION('',(-0.125350741060366,0.,0.992112489446442));
#14159=DIRECTION('',(0.125350741060366,0.,-0.992112489446442));
#14160=DIRECTION('',(0.125350741060366,0.,-0.992112489446442));
#14161=DIRECTION('',(0.990567072023013,0.,0.137028740867581));
#14162=DIRECTION('',(0.137028740867581,0.,-0.990567072023013));
#14163=DIRECTION('',(-0.137028740867581,0.,0.990567072023013));
#14164=DIRECTION('',(0.,-1.,0.));
#14165=DIRECTION('',(-0.137028740867581,0.,0.990567072023013));
#14166=DIRECTION('',(0.,-1.,0.));
#14167=DIRECTION('',(-0.183749517816571,0.,0.982973099683902));
#14168=DIRECTION('',(0.,1.,0.));
#14169=DIRECTION('',(-0.183749517816571,0.,0.982973099683902));
#14170=DIRECTION('',(0.,-1.,0.));
#14171=DIRECTION('',(0.,1.,0.));
#14172=DIRECTION('',(-0.183749517816571,0.,0.982973099683902));
#14173=DIRECTION('',(0.,-1.,0.));
#14174=DIRECTION('',(0.995402774242198,0.,0.0957774348734357));
#14175=DIRECTION('',(0.0957774348734358,0.,-0.995402774242198));
#14176=DIRECTION('',(-0.0957774348734357,0.,0.995402774242198));
#14177=DIRECTION('',(0.,-1.,0.));
#14178=DIRECTION('',(-0.0957774348734357,0.,0.995402774242198));
#14179=DIRECTION('',(0.,-1.,0.));
#14180=DIRECTION('',(-0.183749517816571,0.,0.982973099683902));
#14181=DIRECTION('',(0.,1.,0.));
#14182=DIRECTION('',(-0.183749517816571,0.,0.982973099683902));
#14183=DIRECTION('',(0.,-1.,0.));
#14184=DIRECTION('',(0.,1.,0.));
#14185=DIRECTION('',(-0.183749517816571,0.,0.982973099683902));
#14186=DIRECTION('',(-0.980145733207814,0.,-0.198278444805576));
#14187=DIRECTION('',(-0.198278444805576,0.,0.980145733207814));
#14188=DIRECTION('',(0.198278444805576,0.,-0.980145733207814));
#14189=DIRECTION('',(0.198278444805576,0.,-0.980145733207814));
#14190=DIRECTION('',(0.9777420862498,0.,0.209810421037393));
#14191=DIRECTION('',(0.209810421037393,0.,-0.9777420862498));
#14192=DIRECTION('',(-0.209810421037393,0.,0.9777420862498));
#14193=DIRECTION('',(0.,-1.,0.));
#14194=DIRECTION('',(-0.209810421037393,0.,0.9777420862498));
#14195=DIRECTION('',(0.,-1.,0.));
#14196=DIRECTION('',(-0.255842777594436,0.,0.966718404269187));
#14197=DIRECTION('',(0.,1.,0.));
#14198=DIRECTION('',(-0.255842777594436,0.,0.966718404269187));
#14199=DIRECTION('',(0.,-1.,0.));
#14200=DIRECTION('',(0.,1.,0.));
#14201=DIRECTION('',(-0.255842777594436,0.,0.966718404269187));
#14202=DIRECTION('',(0.,-1.,0.));
#14203=DIRECTION('',(0.985611096213974,0.,0.169028894038531));
#14204=DIRECTION('',(0.169028894038531,0.,-0.985611096213974));
#14205=DIRECTION('',(-0.169028894038531,0.,0.985611096213974));
#14206=DIRECTION('',(0.,-1.,0.));
#14207=DIRECTION('',(-0.169028894038531,0.,0.985611096213974));
#14208=DIRECTION('',(0.,-1.,0.));
#14209=DIRECTION('',(-0.255842777594436,0.,0.966718404269187));
#14210=DIRECTION('',(0.,1.,0.));
#14211=DIRECTION('',(-0.255842777594436,0.,0.966718404269187));
#14212=DIRECTION('',(0.,-1.,0.));
#14213=DIRECTION('',(0.,1.,0.));
#14214=DIRECTION('',(-0.255842777594436,0.,0.966718404269187));
#14215=DIRECTION('',(-0.962825760861084,0.,-0.270123220442587));
#14216=DIRECTION('',(-0.270123220442587,0.,0.962825760861084));
#14217=DIRECTION('',(0.270123220442587,0.,-0.962825760861084));
#14218=DIRECTION('',(0.270123220442587,0.,-0.962825760861084));
#14219=DIRECTION('',(0.959577012254655,0.,0.28144618944379));
#14220=DIRECTION('',(0.28144618944379,0.,-0.959577012254655));
#14221=DIRECTION('',(-0.28144618944379,0.,0.959577012254655));
#14222=DIRECTION('',(0.,-1.,0.));
#14223=DIRECTION('',(-0.28144618944379,0.,0.959577012254655));
#14224=DIRECTION('',(0.,-1.,0.));
#14225=DIRECTION('',(-0.326538712840084,0.,0.945183828160819));
#14226=DIRECTION('',(0.,1.,0.));
#14227=DIRECTION('',(-0.326538712840084,0.,0.945183828160819));
#14228=DIRECTION('',(0.,-1.,0.));
#14229=DIRECTION('',(0.,1.,0.));
#14230=DIRECTION('',(-0.326538712840084,0.,0.945183828160819));
#14231=DIRECTION('',(0.,-1.,0.));
#14232=DIRECTION('',(0.970436352160142,0.,0.241357175998802));
#14233=DIRECTION('',(0.241357175998802,0.,-0.970436352160142));
#14234=DIRECTION('',(-0.241357175998802,0.,0.970436352160142));
#14235=DIRECTION('',(0.,-1.,0.));
#14236=DIRECTION('',(-0.241357175998802,0.,0.970436352160142));
#14237=DIRECTION('',(0.,-1.,0.));
#14238=DIRECTION('',(-0.326538712840084,0.,0.945183828160819));
#14239=DIRECTION('',(0.,1.,0.));
#14240=DIRECTION('',(-0.326538712840084,0.,0.945183828160819));
#14241=DIRECTION('',(0.,-1.,0.));
#14242=DIRECTION('',(0.,1.,0.));
#14243=DIRECTION('',(-0.326538712840084,0.,0.945183828160819));
#14244=DIRECTION('',(-0.940247168089138,0.,-0.340492676720595));
#14245=DIRECTION('',(-0.340492676720595,0.,0.940247168089138));
#14246=DIRECTION('',(0.340492676720595,0.,-0.940247168089138));
#14247=DIRECTION('',(0.340492676720595,0.,-0.940247168089138));
#14248=DIRECTION('',(0.936171061372608,0.,0.351544796360982));
#14249=DIRECTION('',(0.351544796360982,0.,-0.936171061372608));
#14250=DIRECTION('',(-0.351544796360982,0.,0.936171061372608));
#14251=DIRECTION('',(0.,-1.,0.));
#14252=DIRECTION('',(-0.351544796360982,0.,0.936171061372608));
#14253=DIRECTION('',(0.,-1.,0.));
#14254=DIRECTION('',(-0.395451206870543,0.,0.918486985745923));
#14255=DIRECTION('',(0.,1.,0.));
#14256=DIRECTION('',(-0.395451206870543,0.,0.918486985745923));
#14257=DIRECTION('',(0.,-1.,0.));
#14258=DIRECTION('',(0.,1.,0.));
#14259=DIRECTION('',(-0.395451206870543,0.,0.918486985745923));
#14260=DIRECTION('',(0.,-1.,0.));
#14261=DIRECTION('',(0.949961421270555,0.,0.312367248759577));
#14262=DIRECTION('',(0.312367248759577,0.,-0.949961421270555));
#14263=DIRECTION('',(-0.312367248759577,0.,0.949961421270555));
#14264=DIRECTION('',(0.,-1.,0.));
#14265=DIRECTION('',(-0.312367248759577,0.,0.949961421270555));
#14266=DIRECTION('',(0.,-1.,0.));
#14267=DIRECTION('',(-0.395451206870543,0.,0.918486985745923));
#14268=DIRECTION('',(0.,1.,0.));
#14269=DIRECTION('',(-0.395451206870543,0.,0.918486985745923));
#14270=DIRECTION('',(0.,-1.,0.));
#14271=DIRECTION('',(0.,1.,0.));
#14272=DIRECTION('',(-0.395451206870543,0.,0.918486985745923));
#14273=DIRECTION('',(-0.912533271336082,0.,-0.409002480071538));
#14274=DIRECTION('',(-0.409002480071538,0.,0.912533271336082));
#14275=DIRECTION('',(0.409002480071538,0.,-0.912533271336082));
#14276=DIRECTION('',(0.409002480071538,0.,-0.912533271336082));
#14277=DIRECTION('',(0.907652068790858,0.,0.419723387506194));
#14278=DIRECTION('',(0.419723387506194,0.,-0.907652068790858));
#14279=DIRECTION('',(-0.419723387506194,0.,0.907652068790858));
#14280=DIRECTION('',(0.,-1.,0.));
#14281=DIRECTION('',(-0.419723387506194,0.,0.907652068790858));
#14282=DIRECTION('',(0.,-1.,0.));
#14283=DIRECTION('',(-0.462203883540313,0.,0.886773685920062));
#14284=DIRECTION('',(0.,1.,0.));
#14285=DIRECTION('',(-0.462203883540313,0.,0.886773685920062));
#14286=DIRECTION('',(0.,-1.,0.));
#14287=DIRECTION('',(0.,1.,0.));
#14288=DIRECTION('',(-0.462203883540313,0.,0.886773685920062));
#14289=DIRECTION('',(0.,-1.,0.));
#14290=DIRECTION('',(0.924298130517607,0.,0.38167127992771));
#14291=DIRECTION('',(0.38167127992771,0.,-0.924298130517607));
#14292=DIRECTION('',(-0.38167127992771,0.,0.924298130517607));
#14293=DIRECTION('',(0.,-1.,0.));
#14294=DIRECTION('',(-0.38167127992771,0.,0.924298130517607));
#14295=DIRECTION('',(0.,-1.,0.));
#14296=DIRECTION('',(-0.462203883540313,0.,0.886773685920062));
#14297=DIRECTION('',(0.,1.,0.));
#14298=DIRECTION('',(-0.462203883540313,0.,0.886773685920062));
#14299=DIRECTION('',(0.,-1.,0.));
#14300=DIRECTION('',(0.,1.,0.));
#14301=DIRECTION('',(-0.462203883540313,0.,0.886773685920062));
#14302=DIRECTION('',(-0.879835434295589,0.,-0.475278453706764));
#14303=DIRECTION('',(-0.475278453706764,0.,0.879835434295589));
#14304=DIRECTION('',(0.475278453706764,0.,-0.879835434295589));
#14305=DIRECTION('',(0.475278453706764,0.,-0.879835434295589));
#14306=DIRECTION('',(0.874175795357312,0.,0.485609595056988));
#14307=DIRECTION('',(0.485609595056988,0.,-0.874175795357312));
#14308=DIRECTION('',(-0.485609595056988,0.,0.874175795357312));
#14309=DIRECTION('',(0.,-1.,0.));
#14310=DIRECTION('',(-0.485609595056988,0.,0.874175795357312));
#14311=DIRECTION('',(0.,-1.,0.));
#14312=DIRECTION('',(-0.526432162877356,0.,0.850217135729614));
#14313=DIRECTION('',(0.,1.,0.));
#14314=DIRECTION('',(-0.526432162877356,0.,0.850217135729614));
#14315=DIRECTION('',(0.,-1.,0.));
#14316=DIRECTION('',(0.,1.,0.));
#14317=DIRECTION('',(-0.526432162877356,0.,0.850217135729614));
#14318=DIRECTION('',(0.,-1.,0.));
#14319=DIRECTION('',(0.893586643896092,0.,0.448890754917629));
#14320=DIRECTION('',(0.448890754917629,0.,-0.893586643896092));
#14321=DIRECTION('',(-0.448890754917629,0.,0.893586643896092));
#14322=DIRECTION('',(0.,-1.,0.));
#14323=DIRECTION('',(-0.448890754917629,0.,0.893586643896092));
#14324=DIRECTION('',(0.,-1.,0.));
#14325=DIRECTION('',(-0.526432162877356,0.,0.850217135729614));
#14326=DIRECTION('',(0.,1.,0.));
#14327=DIRECTION('',(-0.526432162877356,0.,0.850217135729614));
#14328=DIRECTION('',(0.,-1.,0.));
#14329=DIRECTION('',(0.,1.,0.));
#14330=DIRECTION('',(-0.526432162877356,0.,0.850217135729614));
#14331=DIRECTION('',(-0.842332241214893,0.,-0.538958621240903));
#14332=DIRECTION('',(-0.538958621240903,0.,0.842332241214893));
#14333=DIRECTION('',(0.538958621240903,0.,-0.842332241214893));
#14334=DIRECTION('',(0.538958621240903,0.,-0.842332241214893));
#14335=DIRECTION('',(0.835925076868841,0.,0.548843571395186));
#14336=DIRECTION('',(0.548843571395186,0.,-0.835925076868841));
#14337=DIRECTION('',(-0.548843571395186,0.,0.835925076868841));
#14338=DIRECTION('',(0.,-1.,0.));
#14339=DIRECTION('',(-0.548843571395186,0.,0.835925076868841));
#14340=DIRECTION('',(0.,-1.,0.));
#14341=DIRECTION('',(-0.587785252292473,0.,0.809016994374947));
#14342=DIRECTION('',(0.,1.,0.));
#14343=DIRECTION('',(-0.587785252292473,0.,0.809016994374947));
#14344=DIRECTION('',(0.,-1.,0.));
#14345=DIRECTION('',(0.,1.,0.));
#14346=DIRECTION('',(-0.587785252292473,0.,0.809016994374947));
#14347=DIRECTION('',(0.,-1.,0.));
#14348=DIRECTION('',(0.857994696896065,0.,0.513658544266743));
#14349=DIRECTION('',(0.513658544266743,0.,-0.857994696896065));
#14350=DIRECTION('',(-0.513658544266743,0.,0.857994696896065));
#14351=DIRECTION('',(0.,-1.,0.));
#14352=DIRECTION('',(-0.513658544266743,0.,0.857994696896065));
#14353=DIRECTION('',(0.,-1.,0.));
#14354=DIRECTION('',(-0.587785252292473,0.,0.809016994374947));
#14355=DIRECTION('',(0.,1.,0.));
#14356=DIRECTION('',(-0.587785252292473,0.,0.809016994374947));
#14357=DIRECTION('',(0.,-1.,0.));
#14358=DIRECTION('',(0.,1.,0.));
#14359=DIRECTION('',(-0.587785252292473,0.,0.809016994374947));
#14360=DIRECTION('',(-0.800228521529561,0.,-0.599695183681354));
#14361=DIRECTION('',(-0.599695183681354,0.,0.800228521529561));
#14362=DIRECTION('',(0.599695183681354,0.,-0.800228521529561));
#14363=DIRECTION('',(0.599695183681354,0.,-0.800228521529561));
#14364=DIRECTION('',(0.79310882548557,0.,0.609079954469773));
#14365=DIRECTION('',(0.609079954469773,0.,-0.79310882548557));
#14366=DIRECTION('',(-0.609079954469773,0.,0.79310882548557));
#14367=DIRECTION('',(0.,-1.,0.));
#14368=DIRECTION('',(-0.609079954469773,0.,0.79310882548557));
#14369=DIRECTION('',(0.,-1.,0.));
#14370=DIRECTION('',(-0.645928062486788,0.,0.763398282741103));
#14371=DIRECTION('',(0.,1.,0.));
#14372=DIRECTION('',(-0.645928062486788,0.,0.763398282741103));
#14373=DIRECTION('',(0.,-1.,0.));
#14374=DIRECTION('',(0.,1.,0.));
#14375=DIRECTION('',(-0.645928062486788,0.,0.763398282741103));
#14376=DIRECTION('',(0.,-1.,0.));
#14377=DIRECTION('',(0.817716680389765,0.,0.575620908769255));
#14378=DIRECTION('',(0.575620908769255,0.,-0.817716680389765));
#14379=DIRECTION('',(-0.575620908769255,0.,0.817716680389765));
#14380=DIRECTION('',(0.,-1.,0.));
#14381=DIRECTION('',(-0.575620908769255,0.,0.817716680389765));
#14382=DIRECTION('',(0.,-1.,0.));
#14383=DIRECTION('',(-0.645928062486788,0.,0.763398282741103));
#14384=DIRECTION('',(0.,1.,0.));
#14385=DIRECTION('',(-0.645928062486788,0.,0.763398282741103));
#14386=DIRECTION('',(0.,-1.,0.));
#14387=DIRECTION('',(0.,1.,0.));
#14388=DIRECTION('',(-0.645928062486788,0.,0.763398282741103));
#14389=DIRECTION('',(-0.753754231156139,0.,-0.657156418985783));
#14390=DIRECTION('',(-0.657156418985783,0.,0.753754231156139));
#14391=DIRECTION('',(0.657156418985783,0.,-0.753754231156139));
#14392=DIRECTION('',(0.657156418985783,0.,-0.753754231156139));
#14393=DIRECTION('',(0.745960888725093,0.,0.665989754044662));
#14394=DIRECTION('',(0.665989754044662,0.,-0.745960888725093));
#14395=DIRECTION('',(-0.665989754044662,0.,0.745960888725093));
#14396=DIRECTION('',(0.,-1.,0.));
#14397=DIRECTION('',(-0.665989754044662,0.,0.745960888725093));
#14398=DIRECTION('',(0.,-1.,0.));
#14399=DIRECTION('',(-0.700543037593291,0.,0.713610154411752));
#14400=DIRECTION('',(0.,1.,0.));
#14401=DIRECTION('',(-0.700543037593291,0.,0.713610154411752));
#14402=DIRECTION('',(0.,-1.,0.));
#14403=DIRECTION('',(0.,1.,0.));
#14404=DIRECTION('',(-0.700543037593291,0.,0.713610154411752));
#14405=DIRECTION('',(0.,-1.,0.));
#14406=DIRECTION('',(0.772972578936078,0.,0.634439431477039));
#14407=DIRECTION('',(0.634439431477039,0.,-0.772972578936079));
#14408=DIRECTION('',(-0.634439431477039,0.,0.772972578936078));
#14409=DIRECTION('',(0.,-1.,0.));
#14410=DIRECTION('',(-0.634439431477039,0.,0.772972578936078));
#14411=DIRECTION('',(0.,-1.,0.));
#14412=DIRECTION('',(-0.700543037593291,0.,0.713610154411752));
#14413=DIRECTION('',(0.,1.,0.));
#14414=DIRECTION('',(-0.700543037593291,0.,0.713610154411752));
#14415=DIRECTION('',(0.,-1.,0.));
#14416=DIRECTION('',(0.,1.,0.));
#14417=DIRECTION('',(-0.700543037593291,0.,0.713610154411752));
#14418=DIRECTION('',(-0.703163196552686,0.,-0.711028493812877));
#14419=DIRECTION('',(-0.711028493812877,0.,0.703163196552686));
#14420=DIRECTION('',(0.711028493812877,0.,-0.703163196552686));
#14421=DIRECTION('',(0.711028493812877,0.,-0.703163196552686));
#14422=DIRECTION('',(0.694738772268434,0.,0.719262148529275));
#14423=DIRECTION('',(0.719262148529275,0.,-0.694738772268434));
#14424=DIRECTION('',(-0.719262148529275,0.,0.694738772268434));
#14425=DIRECTION('',(0.,-1.,0.));
#14426=DIRECTION('',(-0.719262148529275,0.,0.694738772268434));
#14427=DIRECTION('',(0.,-1.,0.));
#14428=DIRECTION('',(-0.751331889556873,0.,0.659924534878723));
#14429=DIRECTION('',(0.,1.,0.));
#14430=DIRECTION('',(-0.751331889556873,0.,0.659924534878723));
#14431=DIRECTION('',(0.,-1.,0.));
#14432=DIRECTION('',(0.,1.,0.));
#14433=DIRECTION('',(-0.751331889556873,0.,0.659924534878723));
#14434=DIRECTION('',(0.,-1.,0.));
#14435=DIRECTION('',(0.724006769301162,0.,0.689792866015657));
#14436=DIRECTION('',(0.689792866015657,0.,-0.724006769301163));
#14437=DIRECTION('',(-0.689792866015657,0.,0.724006769301162));
#14438=DIRECTION('',(0.,-1.,0.));
#14439=DIRECTION('',(-0.689792866015657,0.,0.724006769301162));
#14440=DIRECTION('',(0.,-1.,0.));
#14441=DIRECTION('',(-0.751331889556873,0.,0.659924534878723));
#14442=DIRECTION('',(0.,1.,0.));
#14443=DIRECTION('',(-0.751331889556873,0.,0.659924534878723));
#14444=DIRECTION('',(0.,-1.,0.));
#14445=DIRECTION('',(0.,1.,0.));
#14446=DIRECTION('',(-0.751331889556873,0.,0.659924534878723));
#14447=DIRECTION('',(-0.648731728406672,0.,-0.761017177571237));
#14448=DIRECTION('',(-0.761017177571237,0.,0.648731728406672));
#14449=DIRECTION('',(0.761017177571237,0.,-0.648731728406672));
#14450=DIRECTION('',(0.761017177571237,0.,-0.648731728406672));
#14451=DIRECTION('',(0.639722233553303,0.,0.768606182578291));
#14452=DIRECTION('',(0.768606182578291,0.,-0.639722233553303));
#14453=DIRECTION('',(-0.768606182578291,0.,0.639722233553303));
#14454=DIRECTION('',(0.,-1.,0.));
#14455=DIRECTION('',(-0.768606182578291,0.,0.639722233553303));
#14456=DIRECTION('',(0.,-1.,0.));
#14457=DIRECTION('',(-0.79801722728024,0.,0.602634636379256));
#14458=DIRECTION('',(0.,1.,0.));
#14459=DIRECTION('',(-0.79801722728024,0.,0.602634636379256));
#14460=DIRECTION('',(0.,-1.,0.));
#14461=DIRECTION('',(0.,1.,0.));
#14462=DIRECTION('',(-0.79801722728024,0.,0.602634636379256));
#14463=DIRECTION('',(0.,-1.,0.));
#14464=DIRECTION('',(0.671086685757292,0.,0.741378891120657));
#14465=DIRECTION('',(0.741378891120657,0.,-0.671086685757292));
#14466=DIRECTION('',(-0.741378891120657,0.,0.671086685757292));
#14467=DIRECTION('',(0.,-1.,0.));
#14468=DIRECTION('',(-0.741378891120657,0.,0.671086685757292));
#14469=DIRECTION('',(0.,-1.,0.));
#14470=DIRECTION('',(-0.79801722728024,0.,0.602634636379256));
#14471=DIRECTION('',(0.,1.,0.));
#14472=DIRECTION('',(-0.79801722728024,0.,0.602634636379256));
#14473=DIRECTION('',(0.,-1.,0.));
#14474=DIRECTION('',(0.,1.,0.));
#14475=DIRECTION('',(-0.79801722728024,0.,0.602634636379256));
#14476=DIRECTION('',(-0.590757112521825,0.,-0.80684944940483));
#14477=DIRECTION('',(-0.80684944940483,0.,0.590757112521825));
#14478=DIRECTION('',(0.80684944940483,0.,-0.590757112521825));
#14479=DIRECTION('',(0.80684944940483,0.,-0.590757112521825));
#14480=DIRECTION('',(0.581211753835991,0.,0.813752356188842));
#14481=DIRECTION('',(0.813752356188842,0.,-0.581211753835991));
#14482=DIRECTION('',(-0.813752356188842,0.,0.581211753835991));
#14483=DIRECTION('',(0.,-1.,0.));
#14484=DIRECTION('',(-0.813752356188842,0.,0.581211753835991));
#14485=DIRECTION('',(0.,-1.,0.));
#14486=DIRECTION('',(-0.840344071637893,0.,0.54205335647245));
#14487=DIRECTION('',(0.,1.,0.));
#14488=DIRECTION('',(-0.840344071637893,0.,0.54205335647245));
#14489=DIRECTION('',(0.,-1.,0.));
#14490=DIRECTION('',(0.,1.,0.));
#14491=DIRECTION('',(-0.840344071637893,0.,0.54205335647245));
#14492=DIRECTION('',(0.,-1.,0.));
#14493=DIRECTION('',(0.614501359449603,0.,0.788915761811482));
#14494=DIRECTION('',(0.788915761811482,0.,-0.614501359449603));
#14495=DIRECTION('',(-0.788915761811482,0.,0.614501359449603));
#14496=DIRECTION('',(0.,-1.,0.));
#14497=DIRECTION('',(-0.788915761811482,0.,0.614501359449603));
#14498=DIRECTION('',(0.,-1.,0.));
#14499=DIRECTION('',(-0.840344071637893,0.,0.54205335647245));
#14500=DIRECTION('',(0.,1.,0.));
#14501=DIRECTION('',(-0.840344071637893,0.,0.54205335647245));
#14502=DIRECTION('',(0.,-1.,0.));
#14503=DIRECTION('',(0.,1.,0.));
#14504=DIRECTION('',(-0.840344071637893,0.,0.54205335647245));
#14505=DIRECTION('',(-0.529555986146158,0.,-0.848274989338228));
#14506=DIRECTION('',(-0.848274989338228,0.,0.529555986146158));
#14507=DIRECTION('',(0.848274989338228,0.,-0.529555986146158));
#14508=DIRECTION('',(0.848274989338228,0.,-0.529555986146158));
#14509=DIRECTION('',(0.519526897066944,0.,0.854454096616076));
#14510=DIRECTION('',(0.854454096616076,0.,-0.519526897066944));
#14511=DIRECTION('',(-0.854454096616075,0.,0.519526897066944));
#14512=DIRECTION('',(0.,-1.,0.));
#14513=DIRECTION('',(-0.854454096616075,0.,0.519526897066944));
#14514=DIRECTION('',(0.,-1.,0.));
#14515=DIRECTION('',(-0.878081248083698,0.,0.478511569101286));
#14516=DIRECTION('',(0.,1.,0.));
#14517=DIRECTION('',(-0.878081248083698,0.,0.478511569101286));
#14518=DIRECTION('',(0.,-1.,0.));
#14519=DIRECTION('',(0.,1.,0.));
#14520=DIRECTION('',(-0.878081248083698,0.,0.478511569101286));
#14521=DIRECTION('',(0.,-1.,0.));
#14522=DIRECTION('',(0.554559839808204,0.,0.832143848184855));
#14523=DIRECTION('',(0.832143848184855,0.,-0.554559839808205));
#14524=DIRECTION('',(-0.832143848184855,0.,0.554559839808204));
#14525=DIRECTION('',(0.,-1.,0.));
#14526=DIRECTION('',(-0.832143848184855,0.,0.554559839808204));
#14527=DIRECTION('',(0.,-1.,0.));
#14528=DIRECTION('',(-0.878081248083698,0.,0.478511569101286));
#14529=DIRECTION('',(0.,1.,0.));
#14530=DIRECTION('',(-0.878081248083698,0.,0.478511569101286));
#14531=DIRECTION('',(0.,-1.,0.));
#14532=DIRECTION('',(0.,1.,0.));
#14533=DIRECTION('',(-0.878081248083698,0.,0.478511569101286));
#14534=DIRECTION('',(-0.465462608609125,0.,-0.885067545437516));
#14535=DIRECTION('',(-0.885067545437516,0.,0.465462608609125));
#14536=DIRECTION('',(0.885067545437516,0.,-0.465462608609125));
#14537=DIRECTION('',(0.885067545437516,0.,-0.465462608609125));
#14538=DIRECTION('',(0.455004564543277,0.,0.890489105067986));
#14539=DIRECTION('',(0.890489105067986,0.,-0.455004564543277));
#14540=DIRECTION('',(-0.890489105067986,0.,0.455004564543277));
#14541=DIRECTION('',(0.,-1.,0.));
#14542=DIRECTION('',(-0.890489105067986,0.,0.455004564543277));
#14543=DIRECTION('',(0.,-1.,0.));
#14544=DIRECTION('',(-0.911022649246088,0.,0.412356317473904));
#14545=DIRECTION('',(0.,1.,0.));
#14546=DIRECTION('',(-0.911022649246088,0.,0.412356317473904));
#14547=DIRECTION('',(0.,-1.,0.));
#14548=DIRECTION('',(0.,1.,0.));
#14549=DIRECTION('',(-0.911022649246088,0.,0.412356317473904));
#14550=DIRECTION('',(0.,-1.,0.));
#14551=DIRECTION('',(0.491589506627364,0.,0.870827053423276));
#14552=DIRECTION('',(0.870827053423276,0.,-0.491589506627364));
#14553=DIRECTION('',(-0.870827053423276,0.,0.491589506627364));
#14554=DIRECTION('',(0.,-1.,0.));
#14555=DIRECTION('',(-0.870827053423276,0.,0.491589506627364));
#14556=DIRECTION('',(0.,-1.,0.));
#14557=DIRECTION('',(-0.911022649246088,0.,0.412356317473904));
#14558=DIRECTION('',(0.,1.,0.));
#14559=DIRECTION('',(-0.911022649246088,0.,0.412356317473904));
#14560=DIRECTION('',(0.,-1.,0.));
#14561=DIRECTION('',(0.,1.,0.));
#14562=DIRECTION('',(-0.911022649246088,0.,0.412356317473904));
#14563=DIRECTION('',(-0.398827035713071,0.,-0.917026169519892));
#14564=DIRECTION('',(-0.917026169519892,0.,0.398827035713071));
#14565=DIRECTION('',(0.917026169519892,0.,-0.398827035713071));
#14566=DIRECTION('',(0.917026169519892,0.,-0.398827035713071));
#14567=DIRECTION('',(0.387997154870725,0.,0.921660570824326));
#14568=DIRECTION('',(0.921660570824326,0.,-0.387997154870725));
#14569=DIRECTION('',(-0.921660570824326,0.,0.387997154870725));
#14570=DIRECTION('',(0.,-1.,0.));
#14571=DIRECTION('',(-0.921660570824326,0.,0.387997154870725));
#14572=DIRECTION('',(0.,-1.,0.));
#14573=DIRECTION('',(-0.938988360615057,0.,0.343948918633928));
#14574=DIRECTION('',(0.,1.,0.));
#14575=DIRECTION('',(-0.938988360615057,0.,0.343948918633928));
#14576=DIRECTION('',(0.,-1.,0.));
#14577=DIRECTION('',(0.,1.,0.));
#14578=DIRECTION('',(-0.938988360615057,0.,0.343948918633928));
#14579=DIRECTION('',(0.,-1.,0.));
#14580=DIRECTION('',(0.425934282030592,0.,0.904754103273969));
#14581=DIRECTION('',(0.904754103273969,0.,-0.425934282030592));
#14582=DIRECTION('',(-0.904754103273969,0.,0.425934282030592));
#14583=DIRECTION('',(0.,-1.,0.));
#14584=DIRECTION('',(-0.904754103273969,0.,0.425934282030592));
#14585=DIRECTION('',(0.,-1.,0.));
#14586=DIRECTION('',(-0.938988360615057,0.,0.343948918633928));
#14587=DIRECTION('',(0.,1.,0.));
#14588=DIRECTION('',(-0.938988360615057,0.,0.343948918633928));
#14589=DIRECTION('',(0.,-1.,0.));
#14590=DIRECTION('',(0.,1.,0.));
#14591=DIRECTION('',(-0.938988360615057,0.,0.343948918633928));
#14592=DIRECTION('',(-0.330013207849832,0.,-0.94397631466296));
#14593=DIRECTION('',(-0.94397631466296,0.,0.330013207849832));
#14594=DIRECTION('',(0.94397631466296,0.,-0.330013207849832));
#14595=DIRECTION('',(0.94397631466296,0.,-0.330013207849832));
#14596=DIRECTION('',(0.318870639284654,0.,0.947798246148513));
#14597=DIRECTION('',(0.947798246148513,0.,-0.318870639284654));
#14598=DIRECTION('',(-0.947798246148512,0.,0.318870639284654));
#14599=DIRECTION('',(0.,-1.,0.));
#14600=DIRECTION('',(-0.947798246148512,0.,0.318870639284654));
#14601=DIRECTION('',(0.,-1.,0.));
#14602=DIRECTION('',(-0.961825643172819,0.,0.273662990072083));
#14603=DIRECTION('',(0.,1.,0.));
#14604=DIRECTION('',(-0.961825643172819,0.,0.273662990072083));
#14605=DIRECTION('',(0.,-1.,0.));
#14606=DIRECTION('',(0.,1.,0.));
#14607=DIRECTION('',(-0.961825643172819,0.,0.273662990072083));
#14608=DIRECTION('',(0.,-1.,0.));
#14609=DIRECTION('',(0.357952752087272,0.,0.933739699955586));
#14610=DIRECTION('',(0.933739699955586,0.,-0.357952752087273));
#14611=DIRECTION('',(-0.933739699955586,0.,0.357952752087272));
#14612=DIRECTION('',(0.,-1.,0.));
#14613=DIRECTION('',(-0.933739699955586,0.,0.357952752087272));
#14614=DIRECTION('',(0.,-1.,0.));
#14615=DIRECTION('',(-0.961825643172819,0.,0.273662990072083));
#14616=DIRECTION('',(0.,1.,0.));
#14617=DIRECTION('',(-0.961825643172819,0.,0.273662990072083));
#14618=DIRECTION('',(0.,-1.,0.));
#14619=DIRECTION('',(0.,1.,0.));
#14620=DIRECTION('',(-0.961825643172819,0.,0.273662990072083));
#14621=DIRECTION('',(-0.259396962284518,0.,-0.965770788519494));
#14622=DIRECTION('',(-0.965770788519494,0.,0.259396962284518));
#14623=DIRECTION('',(0.965770788519494,0.,-0.259396962284518));
#14624=DIRECTION('',(0.965770788519494,0.,-0.259396962284518));
#14625=DIRECTION('',(0.248002562842084,0.,0.968759376121727));
#14626=DIRECTION('',(0.968759376121727,0.,-0.248002562842084));
#14627=DIRECTION('',(-0.968759376121727,0.,0.248002562842084));
#14628=DIRECTION('',(0.,-1.,0.));
#14629=DIRECTION('',(-0.968759376121727,0.,0.248002562842084));
#14630=DIRECTION('',(0.,-1.,0.));
#14631=DIRECTION('',(-0.979409767601366,0.,0.20188240915701));
#14632=DIRECTION('',(0.,1.,0.));
#14633=DIRECTION('',(-0.979409767601366,0.,0.20188240915701));
#14634=DIRECTION('',(0.,-1.,0.));
#14635=DIRECTION('',(0.,1.,0.));
#14636=DIRECTION('',(-0.979409767601366,0.,0.20188240915701));
#14637=DIRECTION('',(0.,-1.,0.));
#14638=DIRECTION('',(0.288016208339891,0.,0.957625534190433));
#14639=DIRECTION('',(0.957625534190433,0.,-0.288016208339891));
#14640=DIRECTION('',(-0.957625534190433,0.,0.288016208339891));
#14641=DIRECTION('',(0.,-1.,0.));
#14642=DIRECTION('',(-0.957625534190433,0.,0.288016208339891));
#14643=DIRECTION('',(0.,-1.,0.));
#14644=DIRECTION('',(-0.979409767601366,0.,0.20188240915701));
#14645=DIRECTION('',(0.,1.,0.));
#14646=DIRECTION('',(-0.979409767601366,0.,0.20188240915701));
#14647=DIRECTION('',(0.,-1.,0.));
#14648=DIRECTION('',(0.,1.,0.));
#14649=DIRECTION('',(-0.979409767601366,0.,0.20188240915701));
#14650=DIRECTION('',(-0.187363980462699,0.,-0.982290557230992));
#14651=DIRECTION('',(-0.982290557230992,0.,0.187363980462699));
#14652=DIRECTION('',(0.982290557230992,0.,-0.187363980462699));
#14653=DIRECTION('',(0.982290557230992,0.,-0.187363980462699));
#14654=DIRECTION('',(0.17577998240151,0.,0.984429478320781));
#14655=DIRECTION('',(0.984429478320781,0.,-0.17577998240151));
#14656=DIRECTION('',(-0.984429478320781,0.,0.17577998240151));
#14657=DIRECTION('',(0.,-1.,0.));
#14658=DIRECTION('',(-0.984429478320781,0.,0.17577998240151));
#14659=DIRECTION('',(0.,-1.,0.));
#14660=DIRECTION('',(-0.991644695510743,0.,0.128999216530203));
#14661=DIRECTION('',(0.,1.,0.));
#14662=DIRECTION('',(-0.991644695510743,0.,0.128999216530203));
#14663=DIRECTION('',(0.,-1.,0.));
#14664=DIRECTION('',(0.,1.,0.));
#14665=DIRECTION('',(-0.991644695510743,0.,0.128999216530203));
#14666=DIRECTION('',(0.,-1.,0.));
#14667=DIRECTION('',(0.216506619938393,0.,0.976281149834848));
#14668=DIRECTION('',(0.976281149834848,0.,-0.216506619938393));
#14669=DIRECTION('',(-0.976281149834848,0.,0.216506619938393));
#14670=DIRECTION('',(0.,-1.,0.));
#14671=DIRECTION('',(-0.976281149834848,0.,0.216506619938393));
#14672=DIRECTION('',(0.,-1.,0.));
#14673=DIRECTION('',(-0.991644695510743,0.,0.128999216530203));
#14674=DIRECTION('',(0.,1.,0.));
#14675=DIRECTION('',(-0.991644695510743,0.,0.128999216530203));
#14676=DIRECTION('',(0.,-1.,0.));
#14677=DIRECTION('',(0.,1.,0.));
#14678=DIRECTION('',(-0.991644695510743,0.,0.128999216530203));
#14679=DIRECTION('',(-0.114307681552096,0.,-0.99344539554934));
#14680=DIRECTION('',(-0.99344539554934,0.,0.114307681552096));
#14681=DIRECTION('',(0.99344539554934,0.,-0.114307681552096));
#14682=DIRECTION('',(0.99344539554934,0.,-0.114307681552096));
#14683=DIRECTION('',(0.102597352652561,0.,0.994722968081408));
#14684=DIRECTION('',(0.994722968081408,0.,-0.102597352652561));
#14685=DIRECTION('',(-0.994722968081408,0.,0.102597352652561));
#14686=DIRECTION('',(0.,-1.,0.));
#14687=DIRECTION('',(-0.994722968081408,0.,0.102597352652561));
#14688=DIRECTION('',(0.,-1.,0.));
#14689=DIRECTION('',(-0.998463603967434,0.,0.05541147491597));
#14690=DIRECTION('',(0.,1.,0.));
#14691=DIRECTION('',(-0.998463603967434,0.,0.05541147491597));
#14692=DIRECTION('',(0.,-1.,0.));
#14693=DIRECTION('',(0.,1.,0.));
#14694=DIRECTION('',(-0.998463603967434,0.,0.05541147491597));
#14695=DIRECTION('',(0.,-1.,0.));
#14696=DIRECTION('',(0.143814547457132,0.,0.989604656385417));
#14697=DIRECTION('',(0.989604656385418,0.,-0.143814547457132));
#14698=DIRECTION('',(-0.989604656385418,0.,0.143814547457132));
#14699=DIRECTION('',(0.,-1.,0.));
#14700=DIRECTION('',(-0.989604656385418,0.,0.143814547457132));
#14701=DIRECTION('',(0.,-1.,0.));
#14702=DIRECTION('',(-0.998463603967434,0.,0.05541147491597));
#14703=DIRECTION('',(0.,1.,0.));
#14704=DIRECTION('',(-0.998463603967434,0.,0.05541147491597));
#14705=DIRECTION('',(0.,-1.,0.));
#14706=DIRECTION('',(0.,1.,0.));
#14707=DIRECTION('',(-0.998463603967434,0.,0.05541147491597));
#14708=DIRECTION('',(-0.04062707372351,0.,-0.999174379615823));
#14709=DIRECTION('',(-0.999174379615823,0.,0.04062707372351));
#14710=DIRECTION('',(0.999174379615823,0.,-0.04062707372351));
#14711=DIRECTION('',(0.999174379615823,0.,-0.04062707372351));
#14712=DIRECTION('',(0.0288543717412697,0.,0.999583625932026));
#14713=DIRECTION('',(0.999583625932026,0.,-0.0288543717412697));
#14714=DIRECTION('',(-0.999583625932026,0.,0.0288543717412697));
#14715=DIRECTION('',(0.,-1.,0.));
#14716=DIRECTION('',(-0.999583625932026,0.,0.0288543717412697));
#14717=DIRECTION('',(0.,-1.,0.));
#14718=DIRECTION('',(-0.999829250458053,0.,-0.0184789049591299));
#14719=DIRECTION('',(0.,1.,0.));
#14720=DIRECTION('',(-0.999829250458053,0.,-0.0184789049591299));
#14721=DIRECTION('',(0.,-1.,0.));
#14722=DIRECTION('',(0.,1.,0.));
#14723=DIRECTION('',(-0.999829250458053,0.,-0.0184789049591299));
#14724=DIRECTION('',(0.,-1.,0.));
#14725=DIRECTION('',(0.0703370097884582,0.,0.997523285469577));
#14726=DIRECTION('',(0.997523285469577,0.,-0.0703370097884583));
#14727=DIRECTION('',(-0.997523285469577,0.,0.0703370097884583));
#14728=DIRECTION('',(0.,-1.,0.));
#14729=DIRECTION('',(-0.997523285469577,0.,0.0703370097884583));
#14730=DIRECTION('',(0.,-1.,0.));
#14731=DIRECTION('',(-0.999829250458053,0.,-0.0184789049591299));
#14732=DIRECTION('',(0.,1.,0.));
#14733=DIRECTION('',(-0.999829250458053,0.,-0.0184789049591299));
#14734=DIRECTION('',(0.,-1.,0.));
#14735=DIRECTION('',(0.,1.,0.));
#14736=DIRECTION('',(-0.999829250458053,0.,-0.0184789049591299));
#14737=DIRECTION('',(0.0332754250934395,0.,-0.999446219706119));
#14738=DIRECTION('',(-0.999446219706119,0.,-0.0332754250934395));
#14739=DIRECTION('',(0.999446219706119,0.,0.0332754250934395));
#14740=DIRECTION('',(0.999446219706119,0.,0.0332754250934395));
#14741=DIRECTION('',(-0.0450462017425968,0.,0.998984904644993));
#14742=DIRECTION('',(0.998984904644993,0.,0.0450462017425968));
#14743=DIRECTION('',(-0.998984904644993,0.,-0.0450462017425968));
#14744=DIRECTION('',(0.,-1.,0.));
#14745=DIRECTION('',(-0.998984904644993,0.,-0.0450462017425968));
#14746=DIRECTION('',(0.,-1.,0.));
#14747=DIRECTION('',(-0.995734176295034,0.,-0.092268359463302));
#14748=DIRECTION('',(0.,1.,0.));
#14749=DIRECTION('',(-0.995734176295034,0.,-0.092268359463302));
#14750=DIRECTION('',(0.,-1.,0.));
#14751=DIRECTION('',(0.,1.,0.));
#14752=DIRECTION('',(-0.995734176295034,0.,-0.092268359463302));
#14753=DIRECTION('',(0.,-1.,0.));
#14754=DIRECTION('',(-0.00352468423680463,0.,0.999993788281223));
#14755=DIRECTION('',(0.999993788281223,0.,0.00352468423680465));
#14756=DIRECTION('',(-0.999993788281223,0.,-0.00352468423680463));
#14757=DIRECTION('',(0.,-1.,0.));
#14758=DIRECTION('',(-0.999993788281223,0.,-0.00352468423680463));
#14759=DIRECTION('',(0.,-1.,0.));
#14760=DIRECTION('',(-0.995734176295034,0.,-0.092268359463302));
#14761=DIRECTION('',(0.,1.,0.));
#14762=DIRECTION('',(-0.995734176295034,0.,-0.092268359463302));
#14763=DIRECTION('',(0.,-1.,0.));
#14764=DIRECTION('',(0.,1.,0.));
#14765=DIRECTION('',(-0.995734176295034,0.,-0.092268359463302));
#14766=DIRECTION('',(0.1069961850775,0.,-0.99425943112392));
#14767=DIRECTION('',(-0.99425943112392,0.,-0.1069961850775));
#14768=DIRECTION('',(0.99425943112392,0.,0.1069961850775));
#14769=DIRECTION('',(0.99425943112392,0.,0.1069961850775));
#14770=DIRECTION('',(-0.118700748493288,0.,0.992930074228358));
#14771=DIRECTION('',(0.992930074228358,0.,0.118700748493288));
#14772=DIRECTION('',(-0.992930074228358,0.,-0.118700748493288));
#14773=DIRECTION('',(0.,-1.,0.));
#14774=DIRECTION('',(-0.992930074228358,0.,-0.118700748493288));
#14775=DIRECTION('',(0.,-1.,0.));
#14776=DIRECTION('',(-0.986200747353403,0.,-0.16555387618413));
#14777=DIRECTION('',(0.,1.,0.));
#14778=DIRECTION('',(-0.986200747353403,0.,-0.16555387618413));
#14779=DIRECTION('',(0.,-1.,0.));
#14780=DIRECTION('',(0.,1.,0.));
#14781=DIRECTION('',(-0.986200747353403,0.,-0.16555387618413));
#14782=DIRECTION('',(0.,-1.,0.));
#14783=DIRECTION('',(-0.0773671276590264,0.,0.997002671790699));
#14784=DIRECTION('',(0.997002671790699,0.,0.0773671276590264));
#14785=DIRECTION('',(-0.997002671790699,0.,-0.0773671276590264));
#14786=DIRECTION('',(0.,-1.,0.));
#14787=DIRECTION('',(-0.997002671790699,0.,-0.0773671276590264));
#14788=DIRECTION('',(0.,-1.,0.));
#14789=DIRECTION('',(-0.986200747353403,0.,-0.16555387618413));
#14790=DIRECTION('',(0.,1.,0.));
#14791=DIRECTION('',(-0.986200747353403,0.,-0.16555387618413));
#14792=DIRECTION('',(0.,-1.,0.));
#14793=DIRECTION('',(0.,1.,0.));
#14794=DIRECTION('',(-0.986200747353403,0.,-0.16555387618413));
#14795=DIRECTION('',(0.180132569001903,0.,-0.983642342309833));
#14796=DIRECTION('',(-0.983642342309833,0.,-0.180132569001903));
#14797=DIRECTION('',(0.983642342309833,0.,0.180132569001903));
#14798=DIRECTION('',(0.983642342309833,0.,0.180132569001903));
#14799=DIRECTION('',(-0.191706992917754,0.,0.981452204066216));
#14800=DIRECTION('',(0.981452204066216,0.,0.191706992917754));
#14801=DIRECTION('',(-0.981452204066215,0.,-0.191706992917754));
#14802=DIRECTION('',(0.,-1.,0.));
#14803=DIRECTION('',(-0.981452204066215,0.,-0.191706992917754));
#14804=DIRECTION('',(0.,-1.,0.));
#14805=DIRECTION('',(-0.971281031916114,0.,-0.237935195042619));
#14806=DIRECTION('',(0.,1.,0.));
#14807=DIRECTION('',(-0.971281031916114,0.,-0.237935195042619));
#14808=DIRECTION('',(0.,-1.,0.));
#14809=DIRECTION('',(0.,1.,0.));
#14810=DIRECTION('',(-0.971281031916114,0.,-0.237935195042619));
#14811=DIRECTION('',(0.,-1.,0.));
#14812=DIRECTION('',(-0.150787018658695,0.,0.988566272439042));
#14813=DIRECTION('',(0.988566272439042,0.,0.150787018658695));
#14814=DIRECTION('',(-0.988566272439042,0.,-0.150787018658695));
#14815=DIRECTION('',(0.,-1.,0.));
#14816=DIRECTION('',(-0.988566272439042,0.,-0.150787018658695));
#14817=DIRECTION('',(0.,-1.,0.));
#14818=DIRECTION('',(-0.971281031916114,0.,-0.237935195042619));
#14819=DIRECTION('',(0.,1.,0.));
#14820=DIRECTION('',(-0.971281031916114,0.,-0.237935195042619));
#14821=DIRECTION('',(0.,-1.,0.));
#14822=DIRECTION('',(0.,1.,0.));
#14823=DIRECTION('',(-0.971281031916114,0.,-0.237935195042619));
#14824=DIRECTION('',(0.252285131299273,0.,-0.967652940121255));
#14825=DIRECTION('',(-0.967652940121255,0.,-0.252285131299273));
#14826=DIRECTION('',(0.967652940121255,0.,0.252285131299273));
#14827=DIRECTION('',(0.967652940121255,0.,0.252285131299273));
#14828=DIRECTION('',(-0.26366620022544,0.,0.964613982305191));
#14829=DIRECTION('',(0.964613982305191,0.,0.26366620022544));
#14830=DIRECTION('',(-0.964613982305191,0.,-0.26366620022544));
#14831=DIRECTION('',(0.,-1.,0.));
#14832=DIRECTION('',(-0.964613982305191,0.,-0.26366620022544));
#14833=DIRECTION('',(0.,-1.,0.));
#14834=DIRECTION('',(-0.951056516295154,0.,-0.309016994374948));
#14835=DIRECTION('',(0.,1.,0.));
#14836=DIRECTION('',(-0.951056516295154,0.,-0.309016994374948));
#14837=DIRECTION('',(0.,-1.,0.));
#14838=DIRECTION('',(0.,1.,0.));
#14839=DIRECTION('',(-0.951056516295154,0.,-0.309016994374948));
#14840=DIRECTION('',(0.,-1.,0.));
#14841=DIRECTION('',(-0.223383363251103,0.,0.974730666914008));
#14842=DIRECTION('',(0.974730666914008,0.,0.223383363251103));
#14843=DIRECTION('',(-0.974730666914008,0.,-0.223383363251103));
#14844=DIRECTION('',(0.,-1.,0.));
#14845=DIRECTION('',(-0.974730666914008,0.,-0.223383363251103));
#14846=DIRECTION('',(0.,-1.,0.));
#14847=DIRECTION('',(-0.951056516295154,0.,-0.309016994374948));
#14848=DIRECTION('',(0.,1.,0.));
#14849=DIRECTION('',(-0.951056516295154,0.,-0.309016994374948));
#14850=DIRECTION('',(0.,-1.,0.));
#14851=DIRECTION('',(0.,1.,0.));
#14852=DIRECTION('',(-0.951056516295154,0.,-0.309016994374948));
#14853=DIRECTION('',(0.323059799694798,0.,-0.946378553128269));
#14854=DIRECTION('',(-0.946378553128269,0.,-0.323059799694798));
#14855=DIRECTION('',(0.946378553128269,0.,0.323059799694798));
#14856=DIRECTION('',(0.946378553128269,0.,0.323059799694798));
#14857=DIRECTION('',(-0.334185354179437,0.,0.942507373473526));
#14858=DIRECTION('',(0.942507373473526,0.,0.334185354179437));
#14859=DIRECTION('',(-0.942507373473526,0.,-0.334185354179437));
#14860=DIRECTION('',(0.,-1.,0.));
#14861=DIRECTION('',(-0.942507373473526,0.,-0.334185354179437));
#14862=DIRECTION('',(0.,-1.,0.));
#14863=DIRECTION('',(-0.925637659781556,0.,-0.378411050042311));
#14864=DIRECTION('',(0.,1.,0.));
#14865=DIRECTION('',(-0.925637659781556,0.,-0.378411050042311));
#14866=DIRECTION('',(0.,-1.,0.));
#14867=DIRECTION('',(0.,1.,0.));
#14868=DIRECTION('',(-0.925637659781556,0.,-0.378411050042311));
#14869=DIRECTION('',(0.,-1.,0.));
#14870=DIRECTION('',(-0.294759665376433,0.,0.955571420495178));
#14871=DIRECTION('',(0.955571420495179,0.,0.294759665376433));
#14872=DIRECTION('',(-0.955571420495179,0.,-0.294759665376433));
#14873=DIRECTION('',(0.,-1.,0.));
#14874=DIRECTION('',(-0.955571420495179,0.,-0.294759665376433));
#14875=DIRECTION('',(0.,-1.,0.));
#14876=DIRECTION('',(-0.925637659781556,0.,-0.378411050042311));
#14877=DIRECTION('',(0.,1.,0.));
#14878=DIRECTION('',(-0.925637659781556,0.,-0.378411050042311));
#14879=DIRECTION('',(0.,-1.,0.));
#14880=DIRECTION('',(0.,1.,0.));
#14881=DIRECTION('',(-0.925637659781556,0.,-0.378411050042311));
#14882=DIRECTION('',(0.392070027492347,0.,-0.91993537465528));
#14883=DIRECTION('',(-0.91993537465528,0.,-0.392070027492347));
#14884=DIRECTION('',(0.91993537465528,0.,0.392070027492347));
#14885=DIRECTION('',(0.91993537465528,0.,0.392070027492347));
#14886=DIRECTION('',(-0.402879303614889,0.,0.915253116202716));
#14887=DIRECTION('',(0.915253116202716,0.,0.402879303614889));
#14888=DIRECTION('',(-0.915253116202716,0.,-0.402879303614889));
#14889=DIRECTION('',(0.,-1.,0.));
#14890=DIRECTION('',(-0.915253116202716,0.,-0.402879303614889));
#14891=DIRECTION('',(0.,-1.,0.));
#14892=DIRECTION('',(-0.895163291355062,0.,-0.445738355776538));
#14893=DIRECTION('',(0.,1.,0.));
#14894=DIRECTION('',(-0.895163291355062,0.,-0.445738355776538));
#14895=DIRECTION('',(0.,-1.,0.));
#14896=DIRECTION('',(0.,1.,0.));
#14897=DIRECTION('',(-0.895163291355062,0.,-0.445738355776538));
#14898=DIRECTION('',(0.,-1.,0.));
#14899=DIRECTION('',(-0.364526092423752,0.,0.931193174342612));
#14900=DIRECTION('',(0.931193174342613,0.,0.364526092423752));
#14901=DIRECTION('',(-0.931193174342612,0.,-0.364526092423752));
#14902=DIRECTION('',(0.,-1.,0.));
#14903=DIRECTION('',(-0.931193174342612,0.,-0.364526092423752));
#14904=DIRECTION('',(0.,-1.,0.));
#14905=DIRECTION('',(-0.895163291355062,0.,-0.445738355776538));
#14906=DIRECTION('',(0.,1.,0.));
#14907=DIRECTION('',(-0.895163291355062,0.,-0.445738355776538));
#14908=DIRECTION('',(0.,-1.,0.));
#14909=DIRECTION('',(0.,1.,0.));
#14910=DIRECTION('',(-0.895163291355062,0.,-0.445738355776538));
#14911=DIRECTION('',(0.458938904758473,0.,-0.888467828173363));
#14912=DIRECTION('',(-0.888467828173363,0.,-0.458938904758473));
#14913=DIRECTION('',(0.888467828173363,0.,0.458938904758473));
#14914=DIRECTION('',(0.888467828173363,0.,0.458938904758473));
#14915=DIRECTION('',(-0.469372866001087,0.,0.883000063794973));
#14916=DIRECTION('',(0.883000063794973,0.,0.469372866001087));
#14917=DIRECTION('',(-0.883000063794972,0.,-0.469372866001087));
#14918=DIRECTION('',(0.,-1.,0.));
#14919=DIRECTION('',(-0.883000063794972,0.,-0.469372866001087));
#14920=DIRECTION('',(0.,-1.,0.));
#14921=DIRECTION('',(-0.859799851448372,0.,-0.510631193180907));
#14922=DIRECTION('',(0.,1.,0.));
#14923=DIRECTION('',(-0.859799851448372,0.,-0.510631193180907));
#14924=DIRECTION('',(0.,-1.,0.));
#14925=DIRECTION('',(0.,1.,0.));
#14926=DIRECTION('',(-0.859799851448372,0.,-0.510631193180907));
#14927=DIRECTION('',(0.,-1.,0.));
#14928=DIRECTION('',(-0.432301604361539,0.,0.901729073983111));
#14929=DIRECTION('',(0.901729073983111,0.,0.432301604361539));
#14930=DIRECTION('',(-0.901729073983111,0.,-0.432301604361539));
#14931=DIRECTION('',(0.,-1.,0.));
#14932=DIRECTION('',(-0.901729073983111,0.,-0.432301604361539));
#14933=DIRECTION('',(0.,-1.,0.));
#14934=DIRECTION('',(-0.859799851448372,0.,-0.510631193180907));
#14935=DIRECTION('',(0.,1.,0.));
#14936=DIRECTION('',(-0.859799851448372,0.,-0.510631193180907));
#14937=DIRECTION('',(0.,-1.,0.));
#14938=DIRECTION('',(0.,1.,0.));
#14939=DIRECTION('',(-0.859799851448372,0.,-0.510631193180907));
#14940=DIRECTION('',(0.523301216873777,0.,-0.852147778509353));
#14941=DIRECTION('',(-0.852147778509353,0.,-0.523301216873777));
#14942=DIRECTION('',(0.852147778509353,0.,0.523301216873777));
#14943=DIRECTION('',(0.852147778509353,0.,0.523301216873777));
#14944=DIRECTION('',(-0.533302876558356,0.,0.845924371238105));
#14945=DIRECTION('',(0.845924371238105,0.,0.533302876558356));
#14946=DIRECTION('',(-0.845924371238105,0.,-0.533302876558356));
#14947=DIRECTION('',(0.,-1.,0.));
#14948=DIRECTION('',(-0.845924371238105,0.,-0.533302876558356));
#14949=DIRECTION('',(0.,-1.,0.));
#14950=DIRECTION('',(-0.819740482907221,0.,-0.572735140080505));
#14951=DIRECTION('',(0.,1.,0.));
#14952=DIRECTION('',(-0.819740482907221,0.,-0.572735140080505));
#14953=DIRECTION('',(0.,-1.,0.));
#14954=DIRECTION('',(0.,1.,0.));
#14955=DIRECTION('',(-0.819740482907221,0.,-0.572735140080505));
#14956=DIRECTION('',(0.,-1.,0.));
#14957=DIRECTION('',(-0.497716034846212,0.,0.867340042115527));
#14958=DIRECTION('',(0.867340042115527,0.,0.497716034846213));
#14959=DIRECTION('',(-0.867340042115527,0.,-0.497716034846212));
#14960=DIRECTION('',(0.,-1.,0.));
#14961=DIRECTION('',(-0.867340042115527,0.,-0.497716034846212));
#14962=DIRECTION('',(0.,-1.,0.));
#14963=DIRECTION('',(-0.819740482907221,0.,-0.572735140080505));
#14964=DIRECTION('',(0.,1.,0.));
#14965=DIRECTION('',(-0.819740482907221,0.,-0.572735140080505));
#14966=DIRECTION('',(0.,-1.,0.));
#14967=DIRECTION('',(0.,1.,0.));
#14968=DIRECTION('',(-0.819740482907221,0.,-0.572735140080505));
#14969=DIRECTION('',(0.584805439208503,0.,-0.811173593179752));
#14970=DIRECTION('',(-0.811173593179752,0.,-0.584805439208503));
#14971=DIRECTION('',(0.811173593179752,0.,0.584805439208503));
#14972=DIRECTION('',(0.811173593179752,0.,0.584805439208503));
#14973=DIRECTION('',(-0.594320171738143,0.,0.804228533108062));
#14974=DIRECTION('',(0.804228533108062,0.,0.594320171738143));
#14975=DIRECTION('',(-0.804228533108062,0.,-0.594320171738143));
#14976=DIRECTION('',(0.,-1.,0.));
#14977=DIRECTION('',(-0.804228533108062,0.,-0.594320171738143));
#14978=DIRECTION('',(0.,-1.,0.));
#14979=DIRECTION('',(-0.77520397611113,0.,-0.631711006253251));
#14980=DIRECTION('',(0.,1.,0.));
#14981=DIRECTION('',(-0.77520397611113,0.,-0.631711006253251));
#14982=DIRECTION('',(0.,-1.,0.));
#14983=DIRECTION('',(0.,1.,0.));
#14984=DIRECTION('',(-0.77520397611113,0.,-0.631711006253251));
#14985=DIRECTION('',(0.,-1.,0.));
#14986=DIRECTION('',(-0.56041211294233,0.,0.828213899706781));
#14987=DIRECTION('',(0.828213899706781,0.,0.56041211294233));
#14988=DIRECTION('',(-0.828213899706781,0.,-0.56041211294233));
#14989=DIRECTION('',(0.,-1.,0.));
#14990=DIRECTION('',(-0.828213899706781,0.,-0.56041211294233));
#14991=DIRECTION('',(0.,-1.,0.));
#14992=DIRECTION('',(-0.77520397611113,0.,-0.631711006253251));
#14993=DIRECTION('',(0.,1.,0.));
#14994=DIRECTION('',(-0.77520397611113,0.,-0.631711006253251));
#14995=DIRECTION('',(0.,-1.,0.));
#14996=DIRECTION('',(0.,1.,0.));
#14997=DIRECTION('',(-0.77520397611113,0.,-0.631711006253251));
#14998=DIRECTION('',(0.643115657028176,0.,-0.765769058976149));
#14999=DIRECTION('',(-0.765769058976149,0.,-0.643115657028176));
#15000=DIRECTION('',(0.765769058976149,0.,0.643115657028176));
#15001=DIRECTION('',(0.765769058976149,0.,0.643115657028176));
#15002=DIRECTION('',(-0.652091496233238,0.,0.758140277613779));
#15003=DIRECTION('',(0.758140277613779,0.,0.652091496233238));
#15004=DIRECTION('',(-0.758140277613779,0.,-0.652091496233238));
#15005=DIRECTION('',(0.,-1.,0.));
#15006=DIRECTION('',(-0.758140277613779,0.,-0.652091496233238));
#15007=DIRECTION('',(0.,-1.,0.));
#15008=DIRECTION('',(-0.726433574016224,0.,-0.687236685969263));
#15009=DIRECTION('',(0.,1.,0.));
#15010=DIRECTION('',(-0.726433574016224,0.,-0.687236685969263));
#15011=DIRECTION('',(0.,-1.,0.));
#15012=DIRECTION('',(0.,1.,0.));
#15013=DIRECTION('',(-0.726433574016224,0.,-0.687236685969263));
#15014=DIRECTION('',(0.,-1.,0.));
#15015=DIRECTION('',(-0.620047414412547,0.,0.784564340178876));
#15016=DIRECTION('',(0.784564340178876,0.,0.620047414412547));
#15017=DIRECTION('',(-0.784564340178876,0.,-0.620047414412547));
#15018=DIRECTION('',(0.,-1.,0.));
#15019=DIRECTION('',(-0.784564340178876,0.,-0.620047414412547));
#15020=DIRECTION('',(0.,-1.,0.));
#15021=DIRECTION('',(-0.726433574016224,0.,-0.687236685969263));
#15022=DIRECTION('',(0.,1.,0.));
#15023=DIRECTION('',(-0.726433574016224,0.,-0.687236685969263));
#15024=DIRECTION('',(0.,-1.,0.));
#15025=DIRECTION('',(0.,1.,0.));
#15026=DIRECTION('',(-0.726433574016224,0.,-0.687236685969263));
#15027=DIRECTION('',(0.697913400143392,0.,-0.716182159719362));
#15028=DIRECTION('',(-0.716182159719362,0.,-0.697913400143392));
#15029=DIRECTION('',(0.716182159719362,0.,0.697913400143392));
#15030=DIRECTION('',(0.716182159719362,0.,0.697913400143392));
#15031=DIRECTION('',(-0.706301323102703,0.,0.707911322824668));
#15032=DIRECTION('',(0.707911322824668,0.,0.706301323102703));
#15033=DIRECTION('',(-0.707911322824668,0.,-0.706301323102703));
#15034=DIRECTION('',(0.,-1.,0.));
#15035=DIRECTION('',(-0.707911322824668,0.,-0.706301323102703));
#15036=DIRECTION('',(0.,-1.,0.));
#15037=DIRECTION('',(-0.673695643646557,0.,-0.739008917220659));
#15038=DIRECTION('',(0.,1.,0.));
#15039=DIRECTION('',(-0.673695643646557,0.,-0.739008917220659));
#15040=DIRECTION('',(0.,-1.,0.));
#15041=DIRECTION('',(0.,1.,0.));
#15042=DIRECTION('',(-0.673695643646557,0.,-0.739008917220659));
#15043=DIRECTION('',(0.,-1.,0.));
#15044=DIRECTION('',(-0.676296231920063,0.,0.736629762289526));
#15045=DIRECTION('',(0.736629762289527,0.,0.676296231920063));
#15046=DIRECTION('',(-0.736629762289527,0.,-0.676296231920063));
#15047=DIRECTION('',(0.,-1.,0.));
#15048=DIRECTION('',(-0.736629762289527,0.,-0.676296231920063));
#15049=DIRECTION('',(0.,-1.,0.));
#15050=DIRECTION('',(-0.673695643646557,0.,-0.739008917220659));
#15051=DIRECTION('',(0.,1.,0.));
#15052=DIRECTION('',(-0.673695643646557,0.,-0.739008917220659));
#15053=DIRECTION('',(0.,-1.,0.));
#15054=DIRECTION('',(0.,1.,0.));
#15055=DIRECTION('',(-0.673695643646557,0.,-0.739008917220659));
#15056=DIRECTION('',(0.748899382283554,0.,-0.662683721857804));
#15057=DIRECTION('',(-0.662683721857804,0.,-0.748899382283554));
#15058=DIRECTION('',(0.662683721857804,0.,0.748899382283554));
#15059=DIRECTION('',(0.662683721857804,0.,0.748899382283554));
#15060=DIRECTION('',(-0.756653577070604,0.,0.653816001873814));
#15061=DIRECTION('',(0.653816001873814,0.,0.756653577070604));
#15062=DIRECTION('',(-0.653816001873814,0.,-0.756653577070604));
#15063=DIRECTION('',(0.,-1.,0.));
#15064=DIRECTION('',(-0.653816001873814,0.,-0.756653577070604));
#15065=DIRECTION('',(0.,-1.,0.));
#15066=DIRECTION('',(-0.617278221289793,0.,-0.786744938033483));
#15067=DIRECTION('',(0.,1.,0.));
#15068=DIRECTION('',(-0.617278221289793,0.,-0.786744938033483));
#15069=DIRECTION('',(0.,-1.,0.));
#15070=DIRECTION('',(0.,1.,0.));
#15071=DIRECTION('',(-0.617278221289793,0.,-0.786744938033483));
#15072=DIRECTION('',(0.,-1.,0.));
#15073=DIRECTION('',(-0.728851353929142,0.,0.684671968080815));
#15074=DIRECTION('',(0.684671968080816,0.,0.728851353929142));
#15075=DIRECTION('',(-0.684671968080815,0.,-0.728851353929142));
#15076=DIRECTION('',(0.,-1.,0.));
#15077=DIRECTION('',(-0.684671968080815,0.,-0.728851353929142));
#15078=DIRECTION('',(0.,-1.,0.));
#15079=DIRECTION('',(-0.617278221289793,0.,-0.786744938033483));
#15080=DIRECTION('',(0.,1.,0.));
#15081=DIRECTION('',(-0.617278221289793,0.,-0.786744938033483));
#15082=DIRECTION('',(0.,-1.,0.));
#15083=DIRECTION('',(0.,1.,0.));
#15084=DIRECTION('',(-0.617278221289793,0.,-0.786744938033483));
#15085=DIRECTION('',(0.795795135694702,0.,-0.605565935307338));
#15086=DIRECTION('',(-0.605565935307338,0.,-0.795795135694702));
#15087=DIRECTION('',(0.605565935307338,0.,0.795795135694702));
#15088=DIRECTION('',(0.605565935307338,0.,0.795795135694702));
#15089=DIRECTION('',(-0.802873251586499,0.,0.596149764645531));
#15090=DIRECTION('',(0.596149764645531,0.,0.802873251586499));
#15091=DIRECTION('',(-0.596149764645531,0.,-0.802873251586499));
#15092=DIRECTION('',(0.,-1.,0.));
#15093=DIRECTION('',(-0.596149764645531,0.,-0.802873251586499));
#15094=DIRECTION('',(0.,-1.,0.));
#15095=DIRECTION('',(-0.557489439342886,0.,-0.830184030815551));
#15096=DIRECTION('',(0.,1.,0.));
#15097=DIRECTION('',(-0.557489439342886,0.,-0.830184030815551));
#15098=DIRECTION('',(0.,-1.,0.));
#15099=DIRECTION('',(0.,1.,0.));
#15100=DIRECTION('',(-0.557489439342886,0.,-0.830184030815551));
#15101=DIRECTION('',(0.,-1.,0.));
#15102=DIRECTION('',(-0.777425742587992,0.,0.628974733007224));
#15103=DIRECTION('',(0.628974733007225,0.,0.777425742587992));
#15104=DIRECTION('',(-0.628974733007225,0.,-0.777425742587992));
#15105=DIRECTION('',(0.,-1.,0.));
#15106=DIRECTION('',(-0.628974733007225,0.,-0.777425742587992));
#15107=DIRECTION('',(0.,-1.,0.));
#15108=DIRECTION('',(-0.557489439342886,0.,-0.830184030815551));
#15109=DIRECTION('',(0.,1.,0.));
#15110=DIRECTION('',(-0.557489439342886,0.,-0.830184030815551));
#15111=DIRECTION('',(0.,-1.,0.));
#15112=DIRECTION('',(0.,1.,0.));
#15113=DIRECTION('',(-0.557489439342886,0.,-0.830184030815551));
#15114=DIRECTION('',(0.83834453203382,0.,-0.545140757611276));
#15115=DIRECTION('',(-0.545140757611276,0.,-0.83834453203382));
#15116=DIRECTION('',(0.545140757611276,0.,0.83834453203382));
#15117=DIRECTION('',(0.545140757611276,0.,0.83834453203382));
#15118=DIRECTION('',(-0.844707910815852,0.,0.535227564130548));
#15119=DIRECTION('',(0.535227564130548,0.,0.844707910815852));
#15120=DIRECTION('',(-0.535227564130548,0.,-0.844707910815852));
#15121=DIRECTION('',(0.,-1.,0.));
#15122=DIRECTION('',(-0.535227564130548,0.,-0.844707910815852));
#15123=DIRECTION('',(0.,-1.,0.));
#15124=DIRECTION('',(-0.494655843399779,0.,-0.869088946305528));
#15125=DIRECTION('',(0.,1.,0.));
#15126=DIRECTION('',(-0.494655843399779,0.,-0.869088946305528));
#15127=DIRECTION('',(0.,-1.,0.));
#15128=DIRECTION('',(0.,1.,0.));
#15129=DIRECTION('',(-0.494655843399779,0.,-0.869088946305528));
#15130=DIRECTION('',(0.,-1.,0.));
#15131=DIRECTION('',(-0.821754101429977,0.,0.569842256052507));
#15132=DIRECTION('',(0.569842256052508,0.,0.821754101429977));
#15133=DIRECTION('',(-0.569842256052508,0.,-0.821754101429977));
#15134=DIRECTION('',(0.,-1.,0.));
#15135=DIRECTION('',(-0.569842256052508,0.,-0.821754101429977));
#15136=DIRECTION('',(0.,-1.,0.));
#15137=DIRECTION('',(-0.494655843399779,0.,-0.869088946305528));
#15138=DIRECTION('',(0.,1.,0.));
#15139=DIRECTION('',(-0.494655843399779,0.,-0.869088946305528));
#15140=DIRECTION('',(0.,-1.,0.));
#15141=DIRECTION('',(0.,1.,0.));
#15142=DIRECTION('',(-0.494655843399779,0.,-0.869088946305528));
#15143=DIRECTION('',(0.876315181253023,0.,-0.481738210136462));
#15144=DIRECTION('',(-0.481738210136462,0.,-0.876315181253023));
#15145=DIRECTION('',(0.481738210136462,0.,0.876315181253023));
#15146=DIRECTION('',(0.481738210136462,0.,0.876315181253023));
#15147=DIRECTION('',(-0.881929068357022,0.,0.471382136261989));
#15148=DIRECTION('',(0.471382136261989,0.,0.881929068357022));
#15149=DIRECTION('',(-0.471382136261989,0.,-0.881929068357021));
#15150=DIRECTION('',(0.,-1.,0.));
#15151=DIRECTION('',(-0.471382136261989,0.,-0.881929068357021));
#15152=DIRECTION('',(0.,-1.,0.));
#15153=DIRECTION('',(-0.429120608772609,0.,-0.903247199346129));
#15154=DIRECTION('',(0.,1.,0.));
#15155=DIRECTION('',(-0.429120608772609,0.,-0.903247199346129));
#15156=DIRECTION('',(0.,-1.,0.));
#15157=DIRECTION('',(0.,1.,0.));
#15158=DIRECTION('',(-0.429120608772609,0.,-0.903247199346129));
#15159=DIRECTION('',(0.,-1.,0.));
#15160=DIRECTION('',(-0.861594324330916,0.,0.507597498300329));
#15161=DIRECTION('',(0.507597498300329,0.,0.861594324330916));
#15162=DIRECTION('',(-0.507597498300329,0.,-0.861594324330916));
#15163=DIRECTION('',(0.,-1.,0.));
#15164=DIRECTION('',(-0.507597498300329,0.,-0.861594324330916));
#15165=DIRECTION('',(0.,-1.,0.));
#15166=DIRECTION('',(-0.429120608772609,0.,-0.903247199346129));
#15167=DIRECTION('',(0.,1.,0.));
#15168=DIRECTION('',(-0.429120608772609,0.,-0.903247199346129));
#15169=DIRECTION('',(0.,-1.,0.));
#15170=DIRECTION('',(0.,1.,0.));
#15171=DIRECTION('',(-0.429120608772609,0.,-0.903247199346129));
#15172=DIRECTION('',(0.909499700833419,0.,-0.415704575611));
#15173=DIRECTION('',(-0.415704575611,0.,-0.909499700833419));
#15174=DIRECTION('',(0.415704575611,0.,0.909499700833419));
#15175=DIRECTION('',(0.415704575611,0.,0.909499700833419));
#15176=DIRECTION('',(-0.914333435154758,0.,0.404962182627094));
#15177=DIRECTION('',(0.404962182627094,0.,0.914333435154758));
#15178=DIRECTION('',(-0.404962182627094,0.,-0.914333435154758));
#15179=DIRECTION('',(0.,-1.,0.));
#15180=DIRECTION('',(-0.404962182627094,0.,-0.914333435154758));
#15181=DIRECTION('',(0.,-1.,0.));
#15182=DIRECTION('',(-0.361241666187153,0.,-0.932472229404356));
#15183=DIRECTION('',(0.,1.,0.));
#15184=DIRECTION('',(-0.361241666187153,0.,-0.932472229404356));
#15185=DIRECTION('',(0.,-1.,0.));
#15186=DIRECTION('',(0.,1.,0.));
#15187=DIRECTION('',(-0.361241666187153,0.,-0.932472229404356));
#15188=DIRECTION('',(0.,-1.,0.));
#15189=DIRECTION('',(-0.896728817808781,0.,0.442580419032819));
#15190=DIRECTION('',(0.442580419032819,0.,0.896728817808782));
#15191=DIRECTION('',(-0.442580419032819,0.,-0.896728817808781));
#15192=DIRECTION('',(0.,-1.,0.));
#15193=DIRECTION('',(-0.442580419032819,0.,-0.896728817808781));
#15194=DIRECTION('',(0.,-1.,0.));
#15195=DIRECTION('',(-0.361241666187153,0.,-0.932472229404356));
#15196=DIRECTION('',(0.,1.,0.));
#15197=DIRECTION('',(-0.361241666187153,0.,-0.932472229404356));
#15198=DIRECTION('',(0.,-1.,0.));
#15199=DIRECTION('',(0.,1.,0.));
#15200=DIRECTION('',(-0.361241666187153,0.,-0.932472229404356));
#15201=DIRECTION('',(0.937716848436507,0.,-0.347400506848082));
#15202=DIRECTION('',(-0.347400506848082,0.,-0.937716848436507));
#15203=DIRECTION('',(0.347400506848082,0.,0.937716848436507));
#15204=DIRECTION('',(0.347400506848082,0.,0.937716848436507));
#15205=DIRECTION('',(-0.941744029794526,0.,0.336330465980064));
#15206=DIRECTION('',(0.336330465980064,0.,0.941744029794526));
#15207=DIRECTION('',(-0.336330465980063,0.,-0.941744029794526));
#15208=DIRECTION('',(0.,-1.,0.));
#15209=DIRECTION('',(-0.336330465980063,0.,-0.941744029794526));
#15210=DIRECTION('',(0.,-1.,0.));
#15211=DIRECTION('',(-0.291389746889325,0.,-0.956604419500441));
#15212=DIRECTION('',(0.,1.,0.));
#15213=DIRECTION('',(-0.291389746889325,0.,-0.956604419500441));
#15214=DIRECTION('',(0.,-1.,0.));
#15215=DIRECTION('',(0.,1.,0.));
#15216=DIRECTION('',(-0.291389746889325,0.,-0.956604419500441));
#15217=DIRECTION('',(0.,-1.,0.));
#15218=DIRECTION('',(-0.926965689443841,0.,0.37514611899086));
#15219=DIRECTION('',(0.37514611899086,0.,0.926965689443841));
#15220=DIRECTION('',(-0.37514611899086,0.,-0.926965689443841));
#15221=DIRECTION('',(0.,-1.,0.));
#15222=DIRECTION('',(-0.37514611899086,0.,-0.926965689443841));
#15223=DIRECTION('',(0.,-1.,0.));
#15224=DIRECTION('',(-0.291389746889325,0.,-0.956604419500441));
#15225=DIRECTION('',(0.,1.,0.));
#15226=DIRECTION('',(-0.291389746889325,0.,-0.956604419500441));
#15227=DIRECTION('',(0.,-1.,0.));
#15228=DIRECTION('',(0.,1.,0.));
#15229=DIRECTION('',(-0.291389746889325,0.,-0.956604419500441));
#15230=DIRECTION('',(0.960812511786985,0.,-0.277199056985381));
#15231=DIRECTION('',(-0.277199056985381,0.,-0.960812511786985));
#15232=DIRECTION('',(0.277199056985381,0.,0.960812511786985));
#15233=DIRECTION('',(0.277199056985381,0.,0.960812511786985));
#15234=DIRECTION('',(-0.964011145113618,0.,0.265861828957696));
#15235=DIRECTION('',(0.265861828957696,0.,0.964011145113618));
#15236=DIRECTION('',(-0.265861828957696,0.,-0.964011145113618));
#15237=DIRECTION('',(0.,-1.,0.));
#15238=DIRECTION('',(-0.265861828957696,0.,-0.964011145113618));
#15239=DIRECTION('',(0.,-1.,0.));
#15240=DIRECTION('',(-0.219946357839669,0.,-0.975511967980437));
#15241=DIRECTION('',(0.,1.,0.));
#15242=DIRECTION('',(-0.219946357839669,0.,-0.975511967980437));
#15243=DIRECTION('',(0.,-1.,0.));
#15244=DIRECTION('',(0.,1.,0.));
#15245=DIRECTION('',(-0.219946357839669,0.,-0.975511967980437));
#15246=DIRECTION('',(0.,-1.,0.));
#15247=DIRECTION('',(-0.952139795928511,0.,0.305662900936985));
#15248=DIRECTION('',(0.305662900936985,0.,0.952139795928511));
#15249=DIRECTION('',(-0.305662900936985,0.,-0.952139795928511));
#15250=DIRECTION('',(0.,-1.,0.));
#15251=DIRECTION('',(-0.305662900936985,0.,-0.952139795928511));
#15252=DIRECTION('',(0.,-1.,0.));
#15253=DIRECTION('',(-0.219946357839669,0.,-0.975511967980437));
#15254=DIRECTION('',(0.,1.,0.));
#15255=DIRECTION('',(-0.219946357839669,0.,-0.975511967980437));
#15256=DIRECTION('',(0.,-1.,0.));
#15257=DIRECTION('',(0.,1.,0.));
#15258=DIRECTION('',(-0.219946357839669,0.,-0.975511967980437));
#15259=DIRECTION('',(0.978660550380551,0.,-0.20548364199818));
#15260=DIRECTION('',(-0.20548364199818,0.,-0.978660550380551));
#15261=DIRECTION('',(0.20548364199818,0.,0.978660550380551));
#15262=DIRECTION('',(0.20548364199818,0.,0.978660550380551));
#15263=DIRECTION('',(-0.981013165849763,0.,0.193941146818887));
#15264=DIRECTION('',(0.193941146818887,0.,0.981013165849763));
#15265=DIRECTION('',(-0.193941146818887,0.,-0.981013165849763));
#15266=DIRECTION('',(0.,-1.,0.));
#15267=DIRECTION('',(-0.193941146818887,0.,-0.981013165849763));
#15268=DIRECTION('',(0.,-1.,0.));
#15269=DIRECTION('',(-0.147301698054637,0.,-0.989091608371146));
#15270=DIRECTION('',(0.,1.,0.));
#15271=DIRECTION('',(-0.147301698054637,0.,-0.989091608371146));
#15272=DIRECTION('',(0.,-1.,0.));
#15273=DIRECTION('',(0.,1.,0.));
#15274=DIRECTION('',(-0.147301698054637,0.,-0.989091608371146));
#15275=DIRECTION('',(0.,-1.,0.));
#15276=DIRECTION('',(-0.972113645022838,0.,0.234510258113398));
#15277=DIRECTION('',(0.234510258113398,0.,0.972113645022838));
#15278=DIRECTION('',(-0.234510258113398,0.,-0.972113645022838));
#15279=DIRECTION('',(0.,-1.,0.));
#15280=DIRECTION('',(-0.234510258113398,0.,-0.972113645022838));
#15281=DIRECTION('',(0.,-1.,0.));
#15282=DIRECTION('',(-0.147301698054637,0.,-0.989091608371146));
#15283=DIRECTION('',(0.,1.,0.));
#15284=DIRECTION('',(-0.147301698054637,0.,-0.989091608371146));
#15285=DIRECTION('',(0.,-1.,0.));
#15286=DIRECTION('',(0.,1.,0.));
#15287=DIRECTION('',(-0.147301698054637,0.,-0.989091608371146));
#15288=DIRECTION('',(0.991163484419601,0.,-0.132645946614271));
#15289=DIRECTION('',(-0.132645946614271,0.,-0.991163484419601));
#15290=DIRECTION('',(0.132645946614271,0.,0.991163484419601));
#15291=DIRECTION('',(0.132645946614271,0.,0.991163484419601));
#15292=DIRECTION('',(-0.992657232861519,0.,0.120961225389431));
#15293=DIRECTION('',(0.120961225389431,0.,0.992657232861519));
#15294=DIRECTION('',(-0.120961225389431,0.,-0.992657232861519));
#15295=DIRECTION('',(0.,-1.,0.));
#15296=DIRECTION('',(-0.120961225389431,0.,-0.992657232861519));
#15297=DIRECTION('',(0.,-1.,0.));
#15298=DIRECTION('',(-0.073852527474874,0.,-0.997269173385788));
#15299=DIRECTION('',(0.,1.,0.));
#15300=DIRECTION('',(-0.073852527474874,0.,-0.997269173385788));
#15301=DIRECTION('',(0.,-1.,0.));
#15302=DIRECTION('',(0.,1.,0.));
#15303=DIRECTION('',(-0.073852527474874,0.,-0.997269173385788));
#15304=DIRECTION('',(0.,-1.,0.));
#15305=DIRECTION('',(-0.98677814648943,0.,0.162076801581487));
#15306=DIRECTION('',(0.162076801581487,0.,0.98677814648943));
#15307=DIRECTION('',(-0.162076801581487,0.,-0.98677814648943));
#15308=DIRECTION('',(0.,-1.,0.));
#15309=DIRECTION('',(-0.162076801581487,0.,-0.98677814648943));
#15310=DIRECTION('',(0.,-1.,0.));
#15311=DIRECTION('',(-0.073852527474874,0.,-0.997269173385788));
#15312=DIRECTION('',(0.,1.,0.));
#15313=DIRECTION('',(-0.073852527474874,0.,-0.997269173385788));
#15314=DIRECTION('',(0.,-1.,0.));
#15315=DIRECTION('',(0.,1.,0.));
#15316=DIRECTION('',(-0.073852527474874,0.,-0.997269173385788));
#15317=DIRECTION('',(0.998253027214074,0.,-0.0590837850677994));
#15318=DIRECTION('',(-0.0590837850677994,0.,-0.998253027214074));
#15319=DIRECTION('',(0.0590837850677994,0.,0.998253027214074));
#15320=DIRECTION('',(0.0590837850677994,0.,0.998253027214074));
#15321=DIRECTION('',(-0.998879750292698,0.,0.0473206556928121));
#15322=DIRECTION('',(0.0473206556928121,0.,0.998879750292698));
#15323=DIRECTION('',(-0.0473206556928121,0.,-0.998879750292698));
#15324=DIRECTION('',(0.,-1.,0.));
#15325=DIRECTION('',(-0.0473206556928121,0.,-0.998879750292698));
#15326=DIRECTION('',(0.,-1.,0.));
#15327=DIRECTION('',(0.,0.,-1.));
#15328=DIRECTION('',(0.,-1.,0.));
#15329=DIRECTION('',(0.,0.,-1.));
#15330=DIRECTION('',(0.,-1.,0.));
#15331=DIRECTION('',(0.,0.,-1.));
#15332=DIRECTION('',(0.,-1.,0.));
#15333=DIRECTION('',(0.,0.,-1.));
#15334=DIRECTION('',(0.,-1.,0.));
#15335=DIRECTION('',(0.,0.,-1.));
#15336=DIRECTION('',(0.,-1.,0.));
#15337=DIRECTION('',(0.,0.,-1.));
#15338=DIRECTION('',(0.987688340595138,0.,0.156434465040231));
#15339=DIRECTION('',(0.156434465040231,0.,-0.987688340595138));
#15340=DIRECTION('',(-0.156434465040231,0.,0.987688340595138));
#15341=DIRECTION('',(0.,-1.,0.));
#15342=DIRECTION('',(-0.156434465040231,0.,0.987688340595138));
#15343=DIRECTION('',(0.156434465040231,0.,-0.987688340595138));
#15344=DIRECTION('',(-0.987688340595138,0.,-0.156434465040231));
#15345=DIRECTION('',(0.987688340595138,0.,0.156434465040231));
#15346=DIRECTION('',(0.,-1.,0.));
#15347=DIRECTION('',(0.987688340595138,0.,0.156434465040231));
#15348=DIRECTION('',(0.987688340595138,0.,0.156434465040231));
#15349=DIRECTION('',(0.156434465040231,0.,-0.987688340595138));
#15350=DIRECTION('',(-0.156434465040231,0.,0.987688340595138));
#15351=DIRECTION('',(-0.156434465040231,0.,0.987688340595138));
#15352=DIRECTION('',(0.,-1.,0.));
#15353=DIRECTION('',(0.,0.,-1.));
#15354=DIRECTION('',(0.,-1.,0.));
#15355=DIRECTION('',(0.,0.,-1.));
#15356=DIRECTION('',(0.,-1.,0.));
#15357=DIRECTION('',(0.,0.,-1.));
#15358=DIRECTION('',(0.951056516295154,0.,0.309016994374948));
#15359=DIRECTION('',(0.309016994374948,0.,-0.951056516295154));
#15360=DIRECTION('',(-0.309016994374948,0.,0.951056516295154));
#15361=DIRECTION('',(0.,-1.,0.));
#15362=DIRECTION('',(-0.309016994374948,0.,0.951056516295154));
#15363=DIRECTION('',(0.309016994374948,0.,-0.951056516295154));
#15364=DIRECTION('',(-0.951056516295154,0.,-0.309016994374948));
#15365=DIRECTION('',(0.951056516295154,0.,0.309016994374948));
#15366=DIRECTION('',(0.,-1.,0.));
#15367=DIRECTION('',(0.951056516295154,0.,0.309016994374948));
#15368=DIRECTION('',(0.951056516295154,0.,0.309016994374948));
#15369=DIRECTION('',(0.309016994374948,0.,-0.951056516295154));
#15370=DIRECTION('',(-0.309016994374948,0.,0.951056516295154));
#15371=DIRECTION('',(-0.309016994374948,0.,0.951056516295154));
#15372=DIRECTION('',(0.,-1.,0.));
#15373=DIRECTION('',(0.,0.,-1.));
#15374=DIRECTION('',(0.,-1.,0.));
#15375=DIRECTION('',(0.,0.,-1.));
#15376=DIRECTION('',(0.,-1.,0.));
#15377=DIRECTION('',(0.,0.,-1.));
#15378=DIRECTION('',(0.891006524188368,0.,0.453990499739547));
#15379=DIRECTION('',(0.453990499739547,0.,-0.891006524188368));
#15380=DIRECTION('',(-0.453990499739547,0.,0.891006524188368));
#15381=DIRECTION('',(0.,-1.,0.));
#15382=DIRECTION('',(-0.453990499739547,0.,0.891006524188368));
#15383=DIRECTION('',(0.453990499739547,0.,-0.891006524188368));
#15384=DIRECTION('',(-0.891006524188368,0.,-0.453990499739547));
#15385=DIRECTION('',(0.891006524188368,0.,0.453990499739547));
#15386=DIRECTION('',(0.,-1.,0.));
#15387=DIRECTION('',(0.891006524188368,0.,0.453990499739547));
#15388=DIRECTION('',(0.891006524188368,0.,0.453990499739547));
#15389=DIRECTION('',(0.453990499739547,0.,-0.891006524188368));
#15390=DIRECTION('',(-0.453990499739547,0.,0.891006524188368));
#15391=DIRECTION('',(-0.453990499739547,0.,0.891006524188368));
#15392=DIRECTION('',(0.,-1.,0.));
#15393=DIRECTION('',(0.,0.,-1.));
#15394=DIRECTION('',(0.,-1.,0.));
#15395=DIRECTION('',(0.,0.,-1.));
#15396=DIRECTION('',(0.,-1.,0.));
#15397=DIRECTION('',(0.,0.,-1.));
#15398=DIRECTION('',(0.809016994374947,0.,0.587785252292473));
#15399=DIRECTION('',(0.587785252292473,0.,-0.809016994374947));
#15400=DIRECTION('',(-0.587785252292473,0.,0.809016994374947));
#15401=DIRECTION('',(0.,-1.,0.));
#15402=DIRECTION('',(-0.587785252292473,0.,0.809016994374947));
#15403=DIRECTION('',(0.587785252292473,0.,-0.809016994374947));
#15404=DIRECTION('',(-0.809016994374947,0.,-0.587785252292473));
#15405=DIRECTION('',(0.809016994374947,0.,0.587785252292473));
#15406=DIRECTION('',(0.,-1.,0.));
#15407=DIRECTION('',(0.809016994374947,0.,0.587785252292473));
#15408=DIRECTION('',(0.809016994374947,0.,0.587785252292473));
#15409=DIRECTION('',(0.587785252292473,0.,-0.809016994374947));
#15410=DIRECTION('',(-0.587785252292473,0.,0.809016994374947));
#15411=DIRECTION('',(-0.587785252292473,0.,0.809016994374947));
#15412=DIRECTION('',(0.,-1.,0.));
#15413=DIRECTION('',(0.,0.,-1.));
#15414=DIRECTION('',(0.,-1.,0.));
#15415=DIRECTION('',(0.,0.,-1.));
#15416=DIRECTION('',(0.,-1.,0.));
#15417=DIRECTION('',(0.,0.,-1.));
#15418=DIRECTION('',(0.707106781186547,0.,0.707106781186548));
#15419=DIRECTION('',(0.707106781186548,0.,-0.707106781186547));
#15420=DIRECTION('',(-0.707106781186548,0.,0.707106781186547));
#15421=DIRECTION('',(0.,-1.,0.));
#15422=DIRECTION('',(-0.707106781186548,0.,0.707106781186547));
#15423=DIRECTION('',(0.707106781186548,0.,-0.707106781186547));
#15424=DIRECTION('',(-0.707106781186547,0.,-0.707106781186548));
#15425=DIRECTION('',(0.707106781186547,0.,0.707106781186548));
#15426=DIRECTION('',(0.,-1.,0.));
#15427=DIRECTION('',(0.707106781186547,0.,0.707106781186548));
#15428=DIRECTION('',(0.707106781186547,0.,0.707106781186548));
#15429=DIRECTION('',(0.707106781186548,0.,-0.707106781186547));
#15430=DIRECTION('',(-0.707106781186548,0.,0.707106781186547));
#15431=DIRECTION('',(-0.707106781186548,0.,0.707106781186547));
#15432=DIRECTION('',(0.,-1.,0.));
#15433=DIRECTION('',(0.,0.,-1.));
#15434=DIRECTION('',(0.,-1.,0.));
#15435=DIRECTION('',(0.,0.,-1.));
#15436=DIRECTION('',(0.,-1.,0.));
#15437=DIRECTION('',(0.,0.,-1.));
#15438=DIRECTION('',(0.587785252292473,0.,0.809016994374948));
#15439=DIRECTION('',(0.809016994374948,0.,-0.587785252292473));
#15440=DIRECTION('',(-0.809016994374948,0.,0.587785252292473));
#15441=DIRECTION('',(0.,-1.,0.));
#15442=DIRECTION('',(-0.809016994374948,0.,0.587785252292473));
#15443=DIRECTION('',(0.809016994374948,0.,-0.587785252292473));
#15444=DIRECTION('',(-0.587785252292473,0.,-0.809016994374948));
#15445=DIRECTION('',(0.587785252292473,0.,0.809016994374948));
#15446=DIRECTION('',(0.,-1.,0.));
#15447=DIRECTION('',(0.587785252292473,0.,0.809016994374948));
#15448=DIRECTION('',(0.587785252292473,0.,0.809016994374948));
#15449=DIRECTION('',(0.809016994374948,0.,-0.587785252292473));
#15450=DIRECTION('',(-0.809016994374948,0.,0.587785252292473));
#15451=DIRECTION('',(-0.809016994374948,0.,0.587785252292473));
#15452=DIRECTION('',(0.,-1.,0.));
#15453=DIRECTION('',(0.,0.,-1.));
#15454=DIRECTION('',(0.,-1.,0.));
#15455=DIRECTION('',(0.,0.,-1.));
#15456=DIRECTION('',(0.,-1.,0.));
#15457=DIRECTION('',(0.,0.,-1.));
#15458=DIRECTION('',(0.453990499739547,0.,0.891006524188368));
#15459=DIRECTION('',(0.891006524188368,0.,-0.453990499739547));
#15460=DIRECTION('',(-0.891006524188368,0.,0.453990499739547));
#15461=DIRECTION('',(0.,-1.,0.));
#15462=DIRECTION('',(-0.891006524188368,0.,0.453990499739547));
#15463=DIRECTION('',(0.891006524188368,0.,-0.453990499739547));
#15464=DIRECTION('',(-0.453990499739547,0.,-0.891006524188368));
#15465=DIRECTION('',(0.453990499739547,0.,0.891006524188368));
#15466=DIRECTION('',(0.,-1.,0.));
#15467=DIRECTION('',(0.453990499739547,0.,0.891006524188368));
#15468=DIRECTION('',(0.453990499739547,0.,0.891006524188368));
#15469=DIRECTION('',(0.891006524188368,0.,-0.453990499739547));
#15470=DIRECTION('',(-0.891006524188368,0.,0.453990499739547));
#15471=DIRECTION('',(-0.891006524188368,0.,0.453990499739547));
#15472=DIRECTION('',(0.,-1.,0.));
#15473=DIRECTION('',(0.,0.,-1.));
#15474=DIRECTION('',(0.,-1.,0.));
#15475=DIRECTION('',(0.,0.,-1.));
#15476=DIRECTION('',(0.,-1.,0.));
#15477=DIRECTION('',(0.,0.,-1.));
#15478=DIRECTION('',(0.309016994374948,0.,0.951056516295154));
#15479=DIRECTION('',(0.951056516295154,0.,-0.309016994374948));
#15480=DIRECTION('',(-0.951056516295154,0.,0.309016994374948));
#15481=DIRECTION('',(0.,-1.,0.));
#15482=DIRECTION('',(-0.951056516295154,0.,0.309016994374948));
#15483=DIRECTION('',(0.951056516295154,0.,-0.309016994374948));
#15484=DIRECTION('',(-0.309016994374948,0.,-0.951056516295154));
#15485=DIRECTION('',(0.309016994374948,0.,0.951056516295154));
#15486=DIRECTION('',(0.,-1.,0.));
#15487=DIRECTION('',(0.309016994374948,0.,0.951056516295154));
#15488=DIRECTION('',(0.309016994374948,0.,0.951056516295154));
#15489=DIRECTION('',(0.951056516295154,0.,-0.309016994374948));
#15490=DIRECTION('',(-0.951056516295154,0.,0.309016994374948));
#15491=DIRECTION('',(-0.951056516295154,0.,0.309016994374948));
#15492=DIRECTION('',(0.,-1.,0.));
#15493=DIRECTION('',(0.,0.,-1.));
#15494=DIRECTION('',(0.,-1.,0.));
#15495=DIRECTION('',(0.,0.,-1.));
#15496=DIRECTION('',(0.,-1.,0.));
#15497=DIRECTION('',(0.,0.,-1.));
#15498=DIRECTION('',(0.156434465040231,0.,0.987688340595138));
#15499=DIRECTION('',(0.987688340595138,0.,-0.156434465040231));
#15500=DIRECTION('',(-0.987688340595138,0.,0.156434465040231));
#15501=DIRECTION('',(0.,-1.,0.));
#15502=DIRECTION('',(-0.987688340595138,0.,0.156434465040231));
#15503=DIRECTION('',(0.987688340595138,0.,-0.156434465040231));
#15504=DIRECTION('',(-0.156434465040231,0.,-0.987688340595138));
#15505=DIRECTION('',(0.156434465040231,0.,0.987688340595138));
#15506=DIRECTION('',(0.,-1.,0.));
#15507=DIRECTION('',(0.156434465040231,0.,0.987688340595138));
#15508=DIRECTION('',(0.156434465040231,0.,0.987688340595138));
#15509=DIRECTION('',(0.987688340595138,0.,-0.156434465040231));
#15510=DIRECTION('',(-0.987688340595138,0.,0.156434465040231));
#15511=DIRECTION('',(-0.987688340595138,0.,0.156434465040231));
#15512=DIRECTION('',(0.,-1.,0.));
#15513=DIRECTION('',(0.,0.,-1.));
#15514=DIRECTION('',(0.,-1.,0.));
#15515=DIRECTION('',(0.,0.,-1.));
#15516=DIRECTION('',(0.,-1.,0.));
#15517=DIRECTION('',(0.,0.,-1.));
#15518=DIRECTION('',(-1.83697019872103E-16,0.,1.));
#15519=DIRECTION('',(1.,0.,1.83697019872103E-16));
#15520=DIRECTION('',(-1.,0.,-1.83697019872103E-16));
#15521=DIRECTION('',(0.,-1.,0.));
#15522=DIRECTION('',(-1.,0.,-1.83697019872103E-16));
#15523=DIRECTION('',(1.,0.,1.83697019872103E-16));
#15524=DIRECTION('',(1.83697019872103E-16,0.,-1.));
#15525=DIRECTION('',(-1.83697019872103E-16,0.,1.));
#15526=DIRECTION('',(0.,-1.,0.));
#15527=DIRECTION('',(-1.83697019872103E-16,0.,1.));
#15528=DIRECTION('',(-1.83697019872103E-16,0.,1.));
#15529=DIRECTION('',(1.,0.,1.83697019872103E-16));
#15530=DIRECTION('',(-1.,0.,-1.83697019872103E-16));
#15531=DIRECTION('',(-1.,0.,-1.83697019872103E-16));
#15532=DIRECTION('',(0.,-1.,0.));
#15533=DIRECTION('',(0.,0.,-1.));
#15534=DIRECTION('',(0.,-1.,0.));
#15535=DIRECTION('',(0.,0.,-1.));
#15536=DIRECTION('',(0.,-1.,0.));
#15537=DIRECTION('',(0.,0.,-1.));
#15538=DIRECTION('',(-0.156434465040231,0.,0.987688340595138));
#15539=DIRECTION('',(0.987688340595138,0.,0.156434465040231));
#15540=DIRECTION('',(-0.987688340595138,0.,-0.156434465040231));
#15541=DIRECTION('',(0.,-1.,0.));
#15542=DIRECTION('',(-0.987688340595138,0.,-0.156434465040231));
#15543=DIRECTION('',(0.987688340595138,0.,0.156434465040231));
#15544=DIRECTION('',(0.156434465040231,0.,-0.987688340595138));
#15545=DIRECTION('',(-0.156434465040231,0.,0.987688340595138));
#15546=DIRECTION('',(0.,-1.,0.));
#15547=DIRECTION('',(-0.156434465040231,0.,0.987688340595138));
#15548=DIRECTION('',(-0.156434465040231,0.,0.987688340595138));
#15549=DIRECTION('',(0.987688340595138,0.,0.156434465040231));
#15550=DIRECTION('',(-0.987688340595138,0.,-0.156434465040231));
#15551=DIRECTION('',(-0.987688340595138,0.,-0.156434465040231));
#15552=DIRECTION('',(0.,-1.,0.));
#15553=DIRECTION('',(0.,0.,-1.));
#15554=DIRECTION('',(0.,-1.,0.));
#15555=DIRECTION('',(0.,0.,-1.));
#15556=DIRECTION('',(0.,-1.,0.));
#15557=DIRECTION('',(0.,0.,-1.));
#15558=DIRECTION('',(-0.309016994374948,0.,0.951056516295154));
#15559=DIRECTION('',(0.951056516295154,0.,0.309016994374948));
#15560=DIRECTION('',(-0.951056516295154,0.,-0.309016994374948));
#15561=DIRECTION('',(0.,-1.,0.));
#15562=DIRECTION('',(-0.951056516295154,0.,-0.309016994374948));
#15563=DIRECTION('',(0.951056516295154,0.,0.309016994374948));
#15564=DIRECTION('',(0.309016994374948,0.,-0.951056516295154));
#15565=DIRECTION('',(-0.309016994374948,0.,0.951056516295154));
#15566=DIRECTION('',(0.,-1.,0.));
#15567=DIRECTION('',(-0.309016994374948,0.,0.951056516295154));
#15568=DIRECTION('',(-0.309016994374948,0.,0.951056516295154));
#15569=DIRECTION('',(0.951056516295154,0.,0.309016994374948));
#15570=DIRECTION('',(-0.951056516295154,0.,-0.309016994374948));
#15571=DIRECTION('',(-0.951056516295154,0.,-0.309016994374948));
#15572=DIRECTION('',(0.,-1.,0.));
#15573=DIRECTION('',(0.,0.,-1.));
#15574=DIRECTION('',(0.,-1.,0.));
#15575=DIRECTION('',(0.,0.,-1.));
#15576=DIRECTION('',(0.,-1.,0.));
#15577=DIRECTION('',(0.,0.,-1.));
#15578=DIRECTION('',(-0.453990499739547,0.,0.891006524188368));
#15579=DIRECTION('',(0.891006524188368,0.,0.453990499739547));
#15580=DIRECTION('',(-0.891006524188368,0.,-0.453990499739547));
#15581=DIRECTION('',(0.,-1.,0.));
#15582=DIRECTION('',(-0.891006524188368,0.,-0.453990499739547));
#15583=DIRECTION('',(0.891006524188368,0.,0.453990499739547));
#15584=DIRECTION('',(0.453990499739547,0.,-0.891006524188368));
#15585=DIRECTION('',(-0.453990499739547,0.,0.891006524188368));
#15586=DIRECTION('',(0.,-1.,0.));
#15587=DIRECTION('',(-0.453990499739547,0.,0.891006524188368));
#15588=DIRECTION('',(-0.453990499739547,0.,0.891006524188368));
#15589=DIRECTION('',(0.891006524188368,0.,0.453990499739547));
#15590=DIRECTION('',(-0.891006524188368,0.,-0.453990499739547));
#15591=DIRECTION('',(-0.891006524188368,0.,-0.453990499739547));
#15592=DIRECTION('',(0.,-1.,0.));
#15593=DIRECTION('',(0.,0.,-1.));
#15594=DIRECTION('',(0.,-1.,0.));
#15595=DIRECTION('',(0.,0.,-1.));
#15596=DIRECTION('',(0.,-1.,0.));
#15597=DIRECTION('',(0.,0.,-1.));
#15598=DIRECTION('',(-0.587785252292473,0.,0.809016994374947));
#15599=DIRECTION('',(0.809016994374947,0.,0.587785252292473));
#15600=DIRECTION('',(-0.809016994374947,0.,-0.587785252292473));
#15601=DIRECTION('',(0.,-1.,0.));
#15602=DIRECTION('',(-0.809016994374947,0.,-0.587785252292473));
#15603=DIRECTION('',(0.809016994374947,0.,0.587785252292473));
#15604=DIRECTION('',(0.587785252292473,0.,-0.809016994374947));
#15605=DIRECTION('',(-0.587785252292473,0.,0.809016994374947));
#15606=DIRECTION('',(0.,-1.,0.));
#15607=DIRECTION('',(-0.587785252292473,0.,0.809016994374947));
#15608=DIRECTION('',(-0.587785252292473,0.,0.809016994374947));
#15609=DIRECTION('',(0.809016994374947,0.,0.587785252292473));
#15610=DIRECTION('',(-0.809016994374947,0.,-0.587785252292473));
#15611=DIRECTION('',(-0.809016994374947,0.,-0.587785252292473));
#15612=DIRECTION('',(0.,-1.,0.));
#15613=DIRECTION('',(0.,0.,-1.));
#15614=DIRECTION('',(0.,-1.,0.));
#15615=DIRECTION('',(0.,0.,-1.));
#15616=DIRECTION('',(0.,-1.,0.));
#15617=DIRECTION('',(0.,0.,-1.));
#15618=DIRECTION('',(-0.707106781186548,0.,0.707106781186548));
#15619=DIRECTION('',(0.707106781186548,0.,0.707106781186548));
#15620=DIRECTION('',(-0.707106781186548,0.,-0.707106781186548));
#15621=DIRECTION('',(0.,-1.,0.));
#15622=DIRECTION('',(-0.707106781186548,0.,-0.707106781186548));
#15623=DIRECTION('',(0.707106781186548,0.,0.707106781186548));
#15624=DIRECTION('',(0.707106781186548,0.,-0.707106781186548));
#15625=DIRECTION('',(-0.707106781186548,0.,0.707106781186548));
#15626=DIRECTION('',(0.,-1.,0.));
#15627=DIRECTION('',(-0.707106781186548,0.,0.707106781186548));
#15628=DIRECTION('',(-0.707106781186548,0.,0.707106781186548));
#15629=DIRECTION('',(0.707106781186548,0.,0.707106781186548));
#15630=DIRECTION('',(-0.707106781186548,0.,-0.707106781186548));
#15631=DIRECTION('',(-0.707106781186548,0.,-0.707106781186548));
#15632=DIRECTION('',(0.,-1.,0.));
#15633=DIRECTION('',(0.,0.,-1.));
#15634=DIRECTION('',(0.,-1.,0.));
#15635=DIRECTION('',(0.,0.,-1.));
#15636=DIRECTION('',(0.,-1.,0.));
#15637=DIRECTION('',(0.,0.,-1.));
#15638=DIRECTION('',(-0.809016994374948,0.,0.587785252292473));
#15639=DIRECTION('',(0.587785252292473,0.,0.809016994374948));
#15640=DIRECTION('',(-0.587785252292473,0.,-0.809016994374948));
#15641=DIRECTION('',(0.,-1.,0.));
#15642=DIRECTION('',(-0.587785252292473,0.,-0.809016994374948));
#15643=DIRECTION('',(0.587785252292473,0.,0.809016994374948));
#15644=DIRECTION('',(0.809016994374948,0.,-0.587785252292473));
#15645=DIRECTION('',(-0.809016994374948,0.,0.587785252292473));
#15646=DIRECTION('',(0.,-1.,0.));
#15647=DIRECTION('',(-0.809016994374948,0.,0.587785252292473));
#15648=DIRECTION('',(-0.809016994374948,0.,0.587785252292473));
#15649=DIRECTION('',(0.587785252292473,0.,0.809016994374948));
#15650=DIRECTION('',(-0.587785252292473,0.,-0.809016994374948));
#15651=DIRECTION('',(-0.587785252292473,0.,-0.809016994374948));
#15652=DIRECTION('',(0.,-1.,0.));
#15653=DIRECTION('',(0.,0.,-1.));
#15654=DIRECTION('',(0.,-1.,0.));
#15655=DIRECTION('',(0.,0.,-1.));
#15656=DIRECTION('',(0.,-1.,0.));
#15657=DIRECTION('',(0.,0.,-1.));
#15658=DIRECTION('',(-0.891006524188368,0.,0.453990499739547));
#15659=DIRECTION('',(0.453990499739547,0.,0.891006524188368));
#15660=DIRECTION('',(-0.453990499739547,0.,-0.891006524188368));
#15661=DIRECTION('',(0.,-1.,0.));
#15662=DIRECTION('',(-0.453990499739547,0.,-0.891006524188368));
#15663=DIRECTION('',(0.453990499739547,0.,0.891006524188368));
#15664=DIRECTION('',(0.891006524188368,0.,-0.453990499739547));
#15665=DIRECTION('',(-0.891006524188368,0.,0.453990499739547));
#15666=DIRECTION('',(0.,-1.,0.));
#15667=DIRECTION('',(-0.891006524188368,0.,0.453990499739547));
#15668=DIRECTION('',(-0.891006524188368,0.,0.453990499739547));
#15669=DIRECTION('',(0.453990499739547,0.,0.891006524188368));
#15670=DIRECTION('',(-0.453990499739547,0.,-0.891006524188368));
#15671=DIRECTION('',(-0.453990499739547,0.,-0.891006524188368));
#15672=DIRECTION('',(0.,-1.,0.));
#15673=DIRECTION('',(0.,0.,-1.));
#15674=DIRECTION('',(0.,-1.,0.));
#15675=DIRECTION('',(0.,0.,-1.));
#15676=DIRECTION('',(0.,-1.,0.));
#15677=DIRECTION('',(0.,0.,-1.));
#15678=DIRECTION('',(-0.951056516295154,0.,0.309016994374948));
#15679=DIRECTION('',(0.309016994374948,0.,0.951056516295154));
#15680=DIRECTION('',(-0.309016994374948,0.,-0.951056516295154));
#15681=DIRECTION('',(0.,-1.,0.));
#15682=DIRECTION('',(-0.309016994374948,0.,-0.951056516295154));
#15683=DIRECTION('',(0.309016994374948,0.,0.951056516295154));
#15684=DIRECTION('',(0.951056516295154,0.,-0.309016994374948));
#15685=DIRECTION('',(-0.951056516295154,0.,0.309016994374948));
#15686=DIRECTION('',(0.,-1.,0.));
#15687=DIRECTION('',(-0.951056516295154,0.,0.309016994374948));
#15688=DIRECTION('',(-0.951056516295154,0.,0.309016994374948));
#15689=DIRECTION('',(0.309016994374948,0.,0.951056516295154));
#15690=DIRECTION('',(-0.309016994374948,0.,-0.951056516295154));
#15691=DIRECTION('',(-0.309016994374948,0.,-0.951056516295154));
#15692=DIRECTION('',(0.,-1.,0.));
#15693=DIRECTION('',(0.,0.,-1.));
#15694=DIRECTION('',(0.,-1.,0.));
#15695=DIRECTION('',(0.,0.,-1.));
#15696=DIRECTION('',(0.,-1.,0.));
#15697=DIRECTION('',(0.,0.,-1.));
#15698=DIRECTION('',(-0.987688340595138,0.,0.156434465040231));
#15699=DIRECTION('',(0.156434465040231,0.,0.987688340595138));
#15700=DIRECTION('',(-0.156434465040231,0.,-0.987688340595138));
#15701=DIRECTION('',(0.,-1.,0.));
#15702=DIRECTION('',(-0.156434465040231,0.,-0.987688340595138));
#15703=DIRECTION('',(0.156434465040231,0.,0.987688340595138));
#15704=DIRECTION('',(0.987688340595138,0.,-0.156434465040231));
#15705=DIRECTION('',(-0.987688340595138,0.,0.156434465040231));
#15706=DIRECTION('',(0.,-1.,0.));
#15707=DIRECTION('',(-0.987688340595138,0.,0.156434465040231));
#15708=DIRECTION('',(-0.987688340595138,0.,0.156434465040231));
#15709=DIRECTION('',(0.156434465040231,0.,0.987688340595138));
#15710=DIRECTION('',(-0.156434465040231,0.,-0.987688340595138));
#15711=DIRECTION('',(-0.156434465040231,0.,-0.987688340595138));
#15712=DIRECTION('',(0.,-1.,0.));
#15713=DIRECTION('',(0.,0.,-1.));
#15714=DIRECTION('',(0.,-1.,0.));
#15715=DIRECTION('',(0.,0.,-1.));
#15716=DIRECTION('',(0.,-1.,0.));
#15717=DIRECTION('',(0.,0.,-1.));
#15718=DIRECTION('',(-1.,0.,-1.22464679914735E-16));
#15719=DIRECTION('',(-1.22464679914735E-16,0.,1.));
#15720=DIRECTION('',(1.22464679914735E-16,0.,-1.));
#15721=DIRECTION('',(0.,-1.,0.));
#15722=DIRECTION('',(1.22464679914735E-16,0.,-1.));
#15723=DIRECTION('',(-1.22464679914735E-16,0.,1.));
#15724=DIRECTION('',(1.,0.,1.22464679914735E-16));
#15725=DIRECTION('',(-1.,0.,-1.22464679914735E-16));
#15726=DIRECTION('',(0.,-1.,0.));
#15727=DIRECTION('',(-1.,0.,-1.22464679914735E-16));
#15728=DIRECTION('',(-1.,0.,-1.22464679914735E-16));
#15729=DIRECTION('',(-1.22464679914735E-16,0.,1.));
#15730=DIRECTION('',(1.22464679914735E-16,0.,-1.));
#15731=DIRECTION('',(1.22464679914735E-16,0.,-1.));
#15732=DIRECTION('',(0.,-1.,0.));
#15733=DIRECTION('',(0.,0.,-1.));
#15734=DIRECTION('',(0.,-1.,0.));
#15735=DIRECTION('',(0.,0.,-1.));
#15736=DIRECTION('',(0.,-1.,0.));
#15737=DIRECTION('',(0.,0.,-1.));
#15738=DIRECTION('',(-0.987688340595138,0.,-0.156434465040231));
#15739=DIRECTION('',(-0.156434465040231,0.,0.987688340595138));
#15740=DIRECTION('',(0.156434465040231,0.,-0.987688340595138));
#15741=DIRECTION('',(0.,-1.,0.));
#15742=DIRECTION('',(0.156434465040231,0.,-0.987688340595138));
#15743=DIRECTION('',(-0.156434465040231,0.,0.987688340595138));
#15744=DIRECTION('',(0.987688340595138,0.,0.156434465040231));
#15745=DIRECTION('',(-0.987688340595138,0.,-0.156434465040231));
#15746=DIRECTION('',(0.,-1.,0.));
#15747=DIRECTION('',(-0.987688340595138,0.,-0.156434465040231));
#15748=DIRECTION('',(-0.987688340595138,0.,-0.156434465040231));
#15749=DIRECTION('',(-0.156434465040231,0.,0.987688340595138));
#15750=DIRECTION('',(0.156434465040231,0.,-0.987688340595138));
#15751=DIRECTION('',(0.156434465040231,0.,-0.987688340595138));
#15752=DIRECTION('',(0.,-1.,0.));
#15753=DIRECTION('',(0.,0.,-1.));
#15754=DIRECTION('',(0.,-1.,0.));
#15755=DIRECTION('',(0.,0.,-1.));
#15756=DIRECTION('',(0.,-1.,0.));
#15757=DIRECTION('',(0.,0.,-1.));
#15758=DIRECTION('',(-0.951056516295154,0.,-0.309016994374948));
#15759=DIRECTION('',(-0.309016994374948,0.,0.951056516295154));
#15760=DIRECTION('',(0.309016994374948,0.,-0.951056516295154));
#15761=DIRECTION('',(0.,-1.,0.));
#15762=DIRECTION('',(0.309016994374948,0.,-0.951056516295154));
#15763=DIRECTION('',(-0.309016994374948,0.,0.951056516295154));
#15764=DIRECTION('',(0.951056516295154,0.,0.309016994374948));
#15765=DIRECTION('',(-0.951056516295154,0.,-0.309016994374948));
#15766=DIRECTION('',(0.,-1.,0.));
#15767=DIRECTION('',(-0.951056516295154,0.,-0.309016994374948));
#15768=DIRECTION('',(-0.951056516295154,0.,-0.309016994374948));
#15769=DIRECTION('',(-0.309016994374948,0.,0.951056516295154));
#15770=DIRECTION('',(0.309016994374948,0.,-0.951056516295154));
#15771=DIRECTION('',(0.309016994374948,0.,-0.951056516295154));
#15772=DIRECTION('',(0.,-1.,0.));
#15773=DIRECTION('',(0.,0.,-1.));
#15774=DIRECTION('',(0.,-1.,0.));
#15775=DIRECTION('',(0.,0.,-1.));
#15776=DIRECTION('',(0.,-1.,0.));
#15777=DIRECTION('',(0.,0.,-1.));
#15778=DIRECTION('',(-0.891006524188368,0.,-0.453990499739547));
#15779=DIRECTION('',(-0.453990499739547,0.,0.891006524188368));
#15780=DIRECTION('',(0.453990499739547,0.,-0.891006524188368));
#15781=DIRECTION('',(0.,-1.,0.));
#15782=DIRECTION('',(0.453990499739547,0.,-0.891006524188368));
#15783=DIRECTION('',(-0.453990499739547,0.,0.891006524188368));
#15784=DIRECTION('',(0.891006524188368,0.,0.453990499739547));
#15785=DIRECTION('',(-0.891006524188368,0.,-0.453990499739547));
#15786=DIRECTION('',(0.,-1.,0.));
#15787=DIRECTION('',(-0.891006524188368,0.,-0.453990499739547));
#15788=DIRECTION('',(-0.891006524188368,0.,-0.453990499739547));
#15789=DIRECTION('',(-0.453990499739547,0.,0.891006524188368));
#15790=DIRECTION('',(0.453990499739547,0.,-0.891006524188368));
#15791=DIRECTION('',(0.453990499739547,0.,-0.891006524188368));
#15792=DIRECTION('',(0.,-1.,0.));
#15793=DIRECTION('',(0.,0.,-1.));
#15794=DIRECTION('',(0.,-1.,0.));
#15795=DIRECTION('',(0.,0.,-1.));
#15796=DIRECTION('',(0.,-1.,0.));
#15797=DIRECTION('',(0.,0.,-1.));
#15798=DIRECTION('',(-0.809016994374947,0.,-0.587785252292473));
#15799=DIRECTION('',(-0.587785252292473,0.,0.809016994374947));
#15800=DIRECTION('',(0.587785252292473,0.,-0.809016994374947));
#15801=DIRECTION('',(0.,-1.,0.));
#15802=DIRECTION('',(0.587785252292473,0.,-0.809016994374947));
#15803=DIRECTION('',(-0.587785252292473,0.,0.809016994374947));
#15804=DIRECTION('',(0.809016994374947,0.,0.587785252292473));
#15805=DIRECTION('',(-0.809016994374947,0.,-0.587785252292473));
#15806=DIRECTION('',(0.,-1.,0.));
#15807=DIRECTION('',(-0.809016994374947,0.,-0.587785252292473));
#15808=DIRECTION('',(-0.809016994374947,0.,-0.587785252292473));
#15809=DIRECTION('',(-0.587785252292473,0.,0.809016994374947));
#15810=DIRECTION('',(0.587785252292473,0.,-0.809016994374947));
#15811=DIRECTION('',(0.587785252292473,0.,-0.809016994374947));
#15812=DIRECTION('',(0.,-1.,0.));
#15813=DIRECTION('',(0.,0.,-1.));
#15814=DIRECTION('',(0.,-1.,0.));
#15815=DIRECTION('',(0.,0.,-1.));
#15816=DIRECTION('',(0.,-1.,0.));
#15817=DIRECTION('',(0.,0.,-1.));
#15818=DIRECTION('',(-0.707106781186548,0.,-0.707106781186548));
#15819=DIRECTION('',(-0.707106781186548,0.,0.707106781186548));
#15820=DIRECTION('',(0.707106781186548,0.,-0.707106781186548));
#15821=DIRECTION('',(0.,-1.,0.));
#15822=DIRECTION('',(0.707106781186548,0.,-0.707106781186548));
#15823=DIRECTION('',(-0.707106781186548,0.,0.707106781186548));
#15824=DIRECTION('',(0.707106781186548,0.,0.707106781186548));
#15825=DIRECTION('',(-0.707106781186548,0.,-0.707106781186548));
#15826=DIRECTION('',(0.,-1.,0.));
#15827=DIRECTION('',(-0.707106781186548,0.,-0.707106781186548));
#15828=DIRECTION('',(-0.707106781186548,0.,-0.707106781186548));
#15829=DIRECTION('',(-0.707106781186548,0.,0.707106781186548));
#15830=DIRECTION('',(0.707106781186548,0.,-0.707106781186548));
#15831=DIRECTION('',(0.707106781186548,0.,-0.707106781186548));
#15832=DIRECTION('',(0.,-1.,0.));
#15833=DIRECTION('',(0.,0.,-1.));
#15834=DIRECTION('',(0.,-1.,0.));
#15835=DIRECTION('',(0.,0.,-1.));
#15836=DIRECTION('',(0.,-1.,0.));
#15837=DIRECTION('',(0.,0.,-1.));
#15838=DIRECTION('',(-0.587785252292473,0.,-0.809016994374948));
#15839=DIRECTION('',(-0.809016994374948,0.,0.587785252292473));
#15840=DIRECTION('',(0.809016994374948,0.,-0.587785252292473));
#15841=DIRECTION('',(0.,-1.,0.));
#15842=DIRECTION('',(0.809016994374948,0.,-0.587785252292473));
#15843=DIRECTION('',(-0.809016994374948,0.,0.587785252292473));
#15844=DIRECTION('',(0.587785252292473,0.,0.809016994374948));
#15845=DIRECTION('',(-0.587785252292473,0.,-0.809016994374948));
#15846=DIRECTION('',(0.,-1.,0.));
#15847=DIRECTION('',(-0.587785252292473,0.,-0.809016994374948));
#15848=DIRECTION('',(-0.587785252292473,0.,-0.809016994374948));
#15849=DIRECTION('',(-0.809016994374948,0.,0.587785252292473));
#15850=DIRECTION('',(0.809016994374948,0.,-0.587785252292473));
#15851=DIRECTION('',(0.809016994374948,0.,-0.587785252292473));
#15852=DIRECTION('',(0.,-1.,0.));
#15853=DIRECTION('',(0.,0.,-1.));
#15854=DIRECTION('',(0.,-1.,0.));
#15855=DIRECTION('',(0.,0.,-1.));
#15856=DIRECTION('',(0.,-1.,0.));
#15857=DIRECTION('',(0.,0.,-1.));
#15858=DIRECTION('',(-0.453990499739547,0.,-0.891006524188368));
#15859=DIRECTION('',(-0.891006524188368,0.,0.453990499739547));
#15860=DIRECTION('',(0.891006524188368,0.,-0.453990499739547));
#15861=DIRECTION('',(0.,-1.,0.));
#15862=DIRECTION('',(0.891006524188368,0.,-0.453990499739547));
#15863=DIRECTION('',(-0.891006524188368,0.,0.453990499739547));
#15864=DIRECTION('',(0.453990499739547,0.,0.891006524188368));
#15865=DIRECTION('',(-0.453990499739547,0.,-0.891006524188368));
#15866=DIRECTION('',(0.,-1.,0.));
#15867=DIRECTION('',(-0.453990499739547,0.,-0.891006524188368));
#15868=DIRECTION('',(-0.453990499739547,0.,-0.891006524188368));
#15869=DIRECTION('',(-0.891006524188368,0.,0.453990499739547));
#15870=DIRECTION('',(0.891006524188368,0.,-0.453990499739547));
#15871=DIRECTION('',(0.891006524188368,0.,-0.453990499739547));
#15872=DIRECTION('',(0.,-1.,0.));
#15873=DIRECTION('',(0.,0.,-1.));
#15874=DIRECTION('',(0.,-1.,0.));
#15875=DIRECTION('',(0.,0.,-1.));
#15876=DIRECTION('',(0.,-1.,0.));
#15877=DIRECTION('',(0.,0.,-1.));
#15878=DIRECTION('',(-0.309016994374948,0.,-0.951056516295154));
#15879=DIRECTION('',(-0.951056516295154,0.,0.309016994374948));
#15880=DIRECTION('',(0.951056516295154,0.,-0.309016994374948));
#15881=DIRECTION('',(0.,-1.,0.));
#15882=DIRECTION('',(0.951056516295154,0.,-0.309016994374948));
#15883=DIRECTION('',(-0.951056516295154,0.,0.309016994374948));
#15884=DIRECTION('',(0.309016994374948,0.,0.951056516295154));
#15885=DIRECTION('',(-0.309016994374948,0.,-0.951056516295154));
#15886=DIRECTION('',(0.,-1.,0.));
#15887=DIRECTION('',(-0.309016994374948,0.,-0.951056516295154));
#15888=DIRECTION('',(-0.309016994374948,0.,-0.951056516295154));
#15889=DIRECTION('',(-0.951056516295154,0.,0.309016994374948));
#15890=DIRECTION('',(0.951056516295154,0.,-0.309016994374948));
#15891=DIRECTION('',(0.951056516295154,0.,-0.309016994374948));
#15892=DIRECTION('',(0.,-1.,0.));
#15893=DIRECTION('',(0.,0.,-1.));
#15894=DIRECTION('',(0.,-1.,0.));
#15895=DIRECTION('',(0.,0.,-1.));
#15896=DIRECTION('',(0.,-1.,0.));
#15897=DIRECTION('',(0.,0.,-1.));
#15898=DIRECTION('',(-0.156434465040231,0.,-0.987688340595138));
#15899=DIRECTION('',(-0.987688340595138,0.,0.156434465040231));
#15900=DIRECTION('',(0.987688340595138,0.,-0.156434465040231));
#15901=DIRECTION('',(0.,-1.,0.));
#15902=DIRECTION('',(0.987688340595138,0.,-0.156434465040231));
#15903=DIRECTION('',(-0.987688340595138,0.,0.156434465040231));
#15904=DIRECTION('',(0.156434465040231,0.,0.987688340595138));
#15905=DIRECTION('',(-0.156434465040231,0.,-0.987688340595138));
#15906=DIRECTION('',(0.,-1.,0.));
#15907=DIRECTION('',(-0.156434465040231,0.,-0.987688340595138));
#15908=DIRECTION('',(-0.156434465040231,0.,-0.987688340595138));
#15909=DIRECTION('',(-0.987688340595138,0.,0.156434465040231));
#15910=DIRECTION('',(0.987688340595138,0.,-0.156434465040231));
#15911=DIRECTION('',(0.987688340595138,0.,-0.156434465040231));
#15912=DIRECTION('',(0.,-1.,0.));
#15913=DIRECTION('',(0.,0.,-1.));
#15914=DIRECTION('',(0.,-1.,0.));
#15915=DIRECTION('',(0.,0.,-1.));
#15916=DIRECTION('',(0.,-1.,0.));
#15917=DIRECTION('',(0.,0.,-1.));
#15918=DIRECTION('',(6.12323399573677E-17,0.,-1.));
#15919=DIRECTION('',(-1.,0.,-6.12323399573677E-17));
#15920=DIRECTION('',(1.,0.,6.12323399573677E-17));
#15921=DIRECTION('',(0.,-1.,0.));
#15922=DIRECTION('',(1.,0.,6.12323399573677E-17));
#15923=DIRECTION('',(-1.,0.,-6.12323399573677E-17));
#15924=DIRECTION('',(-6.12323399573677E-17,0.,1.));
#15925=DIRECTION('',(6.12323399573677E-17,0.,-1.));
#15926=DIRECTION('',(0.,-1.,0.));
#15927=DIRECTION('',(6.12323399573677E-17,0.,-1.));
#15928=DIRECTION('',(6.12323399573677E-17,0.,-1.));
#15929=DIRECTION('',(-1.,0.,-6.12323399573677E-17));
#15930=DIRECTION('',(1.,0.,6.12323399573677E-17));
#15931=DIRECTION('',(1.,0.,6.12323399573677E-17));
#15932=DIRECTION('',(0.,-1.,0.));
#15933=DIRECTION('',(0.,0.,-1.));
#15934=DIRECTION('',(0.,-1.,0.));
#15935=DIRECTION('',(0.,0.,-1.));
#15936=DIRECTION('',(0.,-1.,0.));
#15937=DIRECTION('',(0.,0.,-1.));
#15938=DIRECTION('',(0.156434465040231,0.,-0.987688340595138));
#15939=DIRECTION('',(-0.987688340595138,0.,-0.156434465040231));
#15940=DIRECTION('',(0.987688340595138,0.,0.156434465040231));
#15941=DIRECTION('',(0.,-1.,0.));
#15942=DIRECTION('',(0.987688340595138,0.,0.156434465040231));
#15943=DIRECTION('',(-0.987688340595138,0.,-0.156434465040231));
#15944=DIRECTION('',(-0.156434465040231,0.,0.987688340595138));
#15945=DIRECTION('',(0.156434465040231,0.,-0.987688340595138));
#15946=DIRECTION('',(0.,-1.,0.));
#15947=DIRECTION('',(0.156434465040231,0.,-0.987688340595138));
#15948=DIRECTION('',(0.156434465040231,0.,-0.987688340595138));
#15949=DIRECTION('',(-0.987688340595138,0.,-0.156434465040231));
#15950=DIRECTION('',(0.987688340595138,0.,0.156434465040231));
#15951=DIRECTION('',(0.987688340595138,0.,0.156434465040231));
#15952=DIRECTION('',(0.,-1.,0.));
#15953=DIRECTION('',(0.,0.,-1.));
#15954=DIRECTION('',(0.,-1.,0.));
#15955=DIRECTION('',(0.,0.,-1.));
#15956=DIRECTION('',(0.,-1.,0.));
#15957=DIRECTION('',(0.,0.,-1.));
#15958=DIRECTION('',(0.309016994374948,0.,-0.951056516295154));
#15959=DIRECTION('',(-0.951056516295154,0.,-0.309016994374948));
#15960=DIRECTION('',(0.951056516295154,0.,0.309016994374948));
#15961=DIRECTION('',(0.,-1.,0.));
#15962=DIRECTION('',(0.951056516295154,0.,0.309016994374948));
#15963=DIRECTION('',(-0.951056516295154,0.,-0.309016994374948));
#15964=DIRECTION('',(-0.309016994374948,0.,0.951056516295154));
#15965=DIRECTION('',(0.309016994374948,0.,-0.951056516295154));
#15966=DIRECTION('',(0.,-1.,0.));
#15967=DIRECTION('',(0.309016994374948,0.,-0.951056516295154));
#15968=DIRECTION('',(0.309016994374948,0.,-0.951056516295154));
#15969=DIRECTION('',(-0.951056516295154,0.,-0.309016994374948));
#15970=DIRECTION('',(0.951056516295154,0.,0.309016994374948));
#15971=DIRECTION('',(0.951056516295154,0.,0.309016994374948));
#15972=DIRECTION('',(0.,-1.,0.));
#15973=DIRECTION('',(0.,0.,-1.));
#15974=DIRECTION('',(0.,-1.,0.));
#15975=DIRECTION('',(0.,0.,-1.));
#15976=DIRECTION('',(0.,-1.,0.));
#15977=DIRECTION('',(0.,0.,-1.));
#15978=DIRECTION('',(0.453990499739547,0.,-0.891006524188368));
#15979=DIRECTION('',(-0.891006524188368,0.,-0.453990499739547));
#15980=DIRECTION('',(0.891006524188368,0.,0.453990499739547));
#15981=DIRECTION('',(0.,-1.,0.));
#15982=DIRECTION('',(0.891006524188368,0.,0.453990499739547));
#15983=DIRECTION('',(-0.891006524188368,0.,-0.453990499739547));
#15984=DIRECTION('',(-0.453990499739547,0.,0.891006524188368));
#15985=DIRECTION('',(0.453990499739547,0.,-0.891006524188368));
#15986=DIRECTION('',(0.,-1.,0.));
#15987=DIRECTION('',(0.453990499739547,0.,-0.891006524188368));
#15988=DIRECTION('',(0.453990499739547,0.,-0.891006524188368));
#15989=DIRECTION('',(-0.891006524188368,0.,-0.453990499739547));
#15990=DIRECTION('',(0.891006524188368,0.,0.453990499739547));
#15991=DIRECTION('',(0.891006524188368,0.,0.453990499739547));
#15992=DIRECTION('',(0.,-1.,0.));
#15993=DIRECTION('',(0.,0.,-1.));
#15994=DIRECTION('',(0.,-1.,0.));
#15995=DIRECTION('',(0.,0.,-1.));
#15996=DIRECTION('',(0.,-1.,0.));
#15997=DIRECTION('',(0.,0.,-1.));
#15998=DIRECTION('',(0.587785252292473,0.,-0.809016994374948));
#15999=DIRECTION('',(-0.809016994374948,0.,-0.587785252292473));
#16000=DIRECTION('',(0.809016994374948,0.,0.587785252292473));
#16001=DIRECTION('',(0.,-1.,0.));
#16002=DIRECTION('',(0.809016994374948,0.,0.587785252292473));
#16003=DIRECTION('',(-0.809016994374948,0.,-0.587785252292473));
#16004=DIRECTION('',(-0.587785252292473,0.,0.809016994374948));
#16005=DIRECTION('',(0.587785252292473,0.,-0.809016994374948));
#16006=DIRECTION('',(0.,-1.,0.));
#16007=DIRECTION('',(0.587785252292473,0.,-0.809016994374948));
#16008=DIRECTION('',(0.587785252292473,0.,-0.809016994374948));
#16009=DIRECTION('',(-0.809016994374948,0.,-0.587785252292473));
#16010=DIRECTION('',(0.809016994374948,0.,0.587785252292473));
#16011=DIRECTION('',(0.809016994374948,0.,0.587785252292473));
#16012=DIRECTION('',(0.,-1.,0.));
#16013=DIRECTION('',(0.,0.,-1.));
#16014=DIRECTION('',(0.,-1.,0.));
#16015=DIRECTION('',(0.,0.,-1.));
#16016=DIRECTION('',(0.,-1.,0.));
#16017=DIRECTION('',(0.,0.,-1.));
#16018=DIRECTION('',(0.707106781186548,0.,-0.707106781186548));
#16019=DIRECTION('',(-0.707106781186548,0.,-0.707106781186548));
#16020=DIRECTION('',(0.707106781186548,0.,0.707106781186548));
#16021=DIRECTION('',(0.,-1.,0.));
#16022=DIRECTION('',(0.707106781186548,0.,0.707106781186548));
#16023=DIRECTION('',(-0.707106781186548,0.,-0.707106781186548));
#16024=DIRECTION('',(-0.707106781186548,0.,0.707106781186548));
#16025=DIRECTION('',(0.707106781186548,0.,-0.707106781186548));
#16026=DIRECTION('',(0.,-1.,0.));
#16027=DIRECTION('',(0.707106781186548,0.,-0.707106781186548));
#16028=DIRECTION('',(0.707106781186548,0.,-0.707106781186548));
#16029=DIRECTION('',(-0.707106781186548,0.,-0.707106781186548));
#16030=DIRECTION('',(0.707106781186548,0.,0.707106781186548));
#16031=DIRECTION('',(0.707106781186548,0.,0.707106781186548));
#16032=DIRECTION('',(0.,-1.,0.));
#16033=DIRECTION('',(0.,0.,-1.));
#16034=DIRECTION('',(0.,-1.,0.));
#16035=DIRECTION('',(0.,0.,-1.));
#16036=DIRECTION('',(0.,-1.,0.));
#16037=DIRECTION('',(0.,0.,-1.));
#16038=DIRECTION('',(0.809016994374948,0.,-0.587785252292473));
#16039=DIRECTION('',(-0.587785252292473,0.,-0.809016994374948));
#16040=DIRECTION('',(0.587785252292473,0.,0.809016994374948));
#16041=DIRECTION('',(0.,-1.,0.));
#16042=DIRECTION('',(0.587785252292473,0.,0.809016994374948));
#16043=DIRECTION('',(-0.587785252292473,0.,-0.809016994374948));
#16044=DIRECTION('',(-0.809016994374948,0.,0.587785252292473));
#16045=DIRECTION('',(0.809016994374948,0.,-0.587785252292473));
#16046=DIRECTION('',(0.,-1.,0.));
#16047=DIRECTION('',(0.809016994374948,0.,-0.587785252292473));
#16048=DIRECTION('',(0.809016994374948,0.,-0.587785252292473));
#16049=DIRECTION('',(-0.587785252292473,0.,-0.809016994374948));
#16050=DIRECTION('',(0.587785252292473,0.,0.809016994374948));
#16051=DIRECTION('',(0.587785252292473,0.,0.809016994374948));
#16052=DIRECTION('',(0.,-1.,0.));
#16053=DIRECTION('',(0.,0.,-1.));
#16054=DIRECTION('',(0.,-1.,0.));
#16055=DIRECTION('',(0.,0.,-1.));
#16056=DIRECTION('',(0.,-1.,0.));
#16057=DIRECTION('',(0.,0.,-1.));
#16058=DIRECTION('',(0.891006524188368,0.,-0.453990499739547));
#16059=DIRECTION('',(-0.453990499739547,0.,-0.891006524188368));
#16060=DIRECTION('',(0.453990499739547,0.,0.891006524188368));
#16061=DIRECTION('',(0.,-1.,0.));
#16062=DIRECTION('',(0.453990499739547,0.,0.891006524188368));
#16063=DIRECTION('',(-0.453990499739547,0.,-0.891006524188368));
#16064=DIRECTION('',(-0.891006524188368,0.,0.453990499739547));
#16065=DIRECTION('',(0.891006524188368,0.,-0.453990499739547));
#16066=DIRECTION('',(0.,-1.,0.));
#16067=DIRECTION('',(0.891006524188368,0.,-0.453990499739547));
#16068=DIRECTION('',(0.891006524188368,0.,-0.453990499739547));
#16069=DIRECTION('',(-0.453990499739547,0.,-0.891006524188368));
#16070=DIRECTION('',(0.453990499739547,0.,0.891006524188368));
#16071=DIRECTION('',(0.453990499739547,0.,0.891006524188368));
#16072=DIRECTION('',(0.,-1.,0.));
#16073=DIRECTION('',(0.,0.,-1.));
#16074=DIRECTION('',(0.,-1.,0.));
#16075=DIRECTION('',(0.,0.,-1.));
#16076=DIRECTION('',(0.,-1.,0.));
#16077=DIRECTION('',(0.,0.,-1.));
#16078=DIRECTION('',(0.951056516295154,0.,-0.309016994374948));
#16079=DIRECTION('',(-0.309016994374948,0.,-0.951056516295154));
#16080=DIRECTION('',(0.309016994374948,0.,0.951056516295154));
#16081=DIRECTION('',(0.,-1.,0.));
#16082=DIRECTION('',(0.309016994374948,0.,0.951056516295154));
#16083=DIRECTION('',(-0.309016994374948,0.,-0.951056516295154));
#16084=DIRECTION('',(-0.951056516295154,0.,0.309016994374948));
#16085=DIRECTION('',(0.951056516295154,0.,-0.309016994374948));
#16086=DIRECTION('',(0.,-1.,0.));
#16087=DIRECTION('',(0.951056516295154,0.,-0.309016994374948));
#16088=DIRECTION('',(0.951056516295154,0.,-0.309016994374948));
#16089=DIRECTION('',(-0.309016994374948,0.,-0.951056516295154));
#16090=DIRECTION('',(0.309016994374948,0.,0.951056516295154));
#16091=DIRECTION('',(0.309016994374948,0.,0.951056516295154));
#16092=DIRECTION('',(0.,-1.,0.));
#16093=DIRECTION('',(0.,0.,-1.));
#16094=DIRECTION('',(0.,-1.,0.));
#16095=DIRECTION('',(0.,0.,-1.));
#16096=DIRECTION('',(0.,-1.,0.));
#16097=DIRECTION('',(0.,0.,-1.));
#16098=DIRECTION('',(0.987688340595138,0.,-0.156434465040231));
#16099=DIRECTION('',(-0.156434465040231,0.,-0.987688340595138));
#16100=DIRECTION('',(0.156434465040231,0.,0.987688340595138));
#16101=DIRECTION('',(0.,-1.,0.));
#16102=DIRECTION('',(0.156434465040231,0.,0.987688340595138));
#16103=DIRECTION('',(-0.156434465040231,0.,-0.987688340595138));
#16104=DIRECTION('',(-0.987688340595138,0.,0.156434465040231));
#16105=DIRECTION('',(0.987688340595138,0.,-0.156434465040231));
#16106=DIRECTION('',(0.,-1.,0.));
#16107=DIRECTION('',(0.987688340595138,0.,-0.156434465040231));
#16108=DIRECTION('',(0.987688340595138,0.,-0.156434465040231));
#16109=DIRECTION('',(-0.156434465040231,0.,-0.987688340595138));
#16110=DIRECTION('',(0.156434465040231,0.,0.987688340595138));
#16111=DIRECTION('',(0.156434465040231,0.,0.987688340595138));
#16112=DIRECTION('',(0.,-1.,0.));
#16113=DIRECTION('',(0.,0.,-1.));
#16114=DIRECTION('',(0.,-1.,0.));
#16115=DIRECTION('',(0.,0.,-1.));
#16116=DIRECTION('',(0.,-1.,0.));
#16117=DIRECTION('',(0.,0.,-1.));
#16118=DIRECTION('',(0.,-1.,0.));
#16119=DIRECTION('',(0.,0.,-1.));
#16120=DIRECTION('',(0.,0.,1.));
#16121=DIRECTION('',(1.,0.,0.));
#16122=DIRECTION('',(0.,0.,1.));
#16123=DIRECTION('',(0.,1.,0.));
#16124=DIRECTION('',(0.,0.,1.));
#16125=DIRECTION('',(0.,0.,1.));
#16126=DIRECTION('',(1.,0.,0.));
#16127=DIRECTION('',(0.,0.,1.));
#16128=DIRECTION('',(1.,0.,0.));
#16129=DIRECTION('',(0.,0.,-1.));
#16130=DIRECTION('',(0.,-1.,0.));
#16131=DIRECTION('',(0.,0.,-1.));
#16132=DIRECTION('',(-1.,0.,0.));
#16133=DIRECTION('',(0.,-1.,0.));
#16134=DIRECTION('',(1.,0.,0.));
#16135=DIRECTION('',(0.,0.,-1.));
#16136=DIRECTION('',(-0.999646732910884,0.,-0.0265783630157425));
#16137=DIRECTION('',(-0.0265783630157425,0.,0.999646732910884));
#16138=DIRECTION('',(0.0265783630157425,0.,-0.999646732910884));
#16139=DIRECTION('',(0.,-1.,0.));
#16140=DIRECTION('',(0.0265783630157425,0.,-0.999646732910884));
#16141=DIRECTION('',(0.,-1.,0.));
#16142=DIRECTION('',(1.,0.,0.));
#16143=DIRECTION('',(0.,1.,0.));
#16144=DIRECTION('',(0.,0.,-1.));
#16145=DIRECTION('',(-0.0887581377629663,0.,-0.996053207906511));
#16146=DIRECTION('',(0.,1.,0.));
#16147=DIRECTION('',(0.,0.,-1.));
#16148=DIRECTION('',(-0.0148010716241356,0.,0.999890458139679));
#16149=DIRECTION('',(0.,-1.,0.));
#16150=DIRECTION('',(1.,0.,0.));
#16151=DIRECTION('',(-0.0148010716241356,0.,0.999890458139679));
#16152=DIRECTION('',(0.,1.,0.));
#16153=DIRECTION('',(0.,0.,-1.));
#16154=DIRECTION('',(-0.0887581377629663,0.,-0.996053207906511));
#16155=DIRECTION('',(0.,1.,0.));
#16156=DIRECTION('',(0.,0.,-1.));
#16157=DIRECTION('',(0.,-1.,0.));
#16158=DIRECTION('',(0.,0.,-1.));
#16159=DIRECTION('',(0.,-1.,0.));
#16160=DIRECTION('',(-0.996053207906511,0.,0.0887581377629662));
#16161=DIRECTION('',(0.0887581377629663,0.,0.996053207906511));
#16162=DIRECTION('',(0.,-1.,0.));
#16163=DIRECTION('',(0.,-1.,0.));
#16164=DIRECTION('',(0.,0.,-1.));
#16165=DIRECTION('',(0.,-1.,0.));
#16166=DIRECTION('',(0.999890458139679,0.,0.0148010716241356));
#16167=DIRECTION('',(0.0148010716241356,0.,-0.999890458139679));
#16168=CARTESIAN_POINT('',(0.,0.,0.));
#16169=CARTESIAN_POINT('',(0.00071374586177313,0.0035,-0.0265280186133684));
#16170=CARTESIAN_POINT('',(0.00071374586177313,-0.0035,-0.0265280186133684));
#16171=CARTESIAN_POINT('',(0.00073153709808302,-0.0035,-0.026728021349409));
#16172=CARTESIAN_POINT('',(0.000701728650055489,-0.0035,-0.0263929254033607));
#16173=CARTESIAN_POINT('',(0.000701728650055491,0.0035,-0.0263929254033608));
#16174=CARTESIAN_POINT('',(0.000701728650055489,0.0035,-0.0263929254033607));
#16175=CARTESIAN_POINT('',(0.00071374586177313,0.0035,-0.0265280186133684));
#16176=CARTESIAN_POINT('',(0.00073153709808302,0.0035,-0.026728021349409));
#16177=CARTESIAN_POINT('',(0.00073153709808302,0.0035,-0.026728021349409));
#16178=CARTESIAN_POINT('',(0.,-0.000527984970715555,0.));
#16179=CARTESIAN_POINT('',(0.,0.0035,0.));
#16180=CARTESIAN_POINT('',(0.,0.0035,-0.02765));
#16181=CARTESIAN_POINT('',(0.,0.0085,0.));
#16182=CARTESIAN_POINT('',(0.,0.0085,-0.02765));
#16183=CARTESIAN_POINT('',(0.00194438259552023,0.0035,-0.0262560116773239));
#16184=CARTESIAN_POINT('',(0.00194438259552023,-0.0035,-0.0262560116773239));
#16185=CARTESIAN_POINT('',(0.00124629417415018,-0.0035,-0.0263077084465563));
#16186=CARTESIAN_POINT('',(0.00264247101689028,-0.0035,-0.0262043149080915));
#16187=CARTESIAN_POINT('',(0.00124629417415018,0.0035,-0.0263077084465563));
#16188=CARTESIAN_POINT('',(0.00124629417415018,0.0035,-0.0263077084465563));
#16189=CARTESIAN_POINT('',(0.00194438259552023,0.0035,-0.0262560116773239));
#16190=CARTESIAN_POINT('',(0.00264247101689028,0.0035,-0.0262043149080915));
#16191=CARTESIAN_POINT('',(0.00264247101689028,0.0035,-0.0262043149080915));
#16192=CARTESIAN_POINT('',(0.00124329138119573,0.0035,-0.0265084784785522));
#16193=CARTESIAN_POINT('',(0.00124329138119573,-0.0035,-0.0265084784785522));
#16194=CARTESIAN_POINT('',(0.00124028858824128,-0.0035,-0.026709248510548));
#16195=CARTESIAN_POINT('',(0.00124028858824128,0.0035,-0.026709248510548));
#16196=CARTESIAN_POINT('',(0.00124028858824128,0.0035,-0.026709248510548));
#16197=CARTESIAN_POINT('',(0.00124329138119573,0.0035,-0.0265084784785522));
#16198=CARTESIAN_POINT('',(-2.15550832744506E-15,0.0035,6.00052898917407E-14));
#16199=CARTESIAN_POINT('',(-2.15550832744506E-15,-0.0035,6.00052898917407E-14));
#16200=CARTESIAN_POINT('',(-2.15550832744506E-15,0.0035,6.00052898917407E-14));
#16201=CARTESIAN_POINT('',(0.00290528844785705,0.0035,-0.028810568933346));
#16202=CARTESIAN_POINT('',(0.00290528844785705,0.0035,-0.028810568933346));
#16203=CARTESIAN_POINT('',(0.00264899659927594,0.0035,-0.026269026465834));
#16204=CARTESIAN_POINT('',(0.00264899659927594,0.0035,-0.026269026465834));
#16205=CARTESIAN_POINT('',(0.00264899659927594,-0.0035,-0.026269026465834));
#16206=CARTESIAN_POINT('',(0.00290528844785705,-0.0035,-0.028810568933346));
#16207=CARTESIAN_POINT('',(0.00387814564756037,0.0035,-0.026040713492795));
#16208=CARTESIAN_POINT('',(0.00387814564756037,-0.0035,-0.026040713492795));
#16209=CARTESIAN_POINT('',(0.00318578152170057,-0.0035,-0.0261438246814333));
#16210=CARTESIAN_POINT('',(0.00457050977342017,-0.0035,-0.0259376023041568));
#16211=CARTESIAN_POINT('',(0.00318578152170057,0.0035,-0.0261438246814333));
#16212=CARTESIAN_POINT('',(0.00318578152170057,0.0035,-0.0261438246814333));
#16213=CARTESIAN_POINT('',(0.00387814564756037,0.0035,-0.026040713492795));
#16214=CARTESIAN_POINT('',(0.00457050977342017,0.0035,-0.0259376023041568));
#16215=CARTESIAN_POINT('',(0.00457050977342017,0.0035,-0.0259376023041568));
#16216=CARTESIAN_POINT('',(0.00319761430315714,0.0035,-0.0263442682091317));
#16217=CARTESIAN_POINT('',(0.00319761430315714,-0.0035,-0.0263442682091317));
#16218=CARTESIAN_POINT('',(0.00320944708461372,-0.0035,-0.02654471173683));
#16219=CARTESIAN_POINT('',(0.00320944708461372,0.0035,-0.02654471173683));
#16220=CARTESIAN_POINT('',(0.00320944708461372,0.0035,-0.02654471173683));
#16221=CARTESIAN_POINT('',(0.00319761430315714,0.0035,-0.0263442682091317));
#16222=CARTESIAN_POINT('',(-6.58116432830492E-15,0.0035,5.96822361111359E-14));
#16223=CARTESIAN_POINT('',(-6.58116432830492E-15,-0.0035,5.96822361111359E-14));
#16224=CARTESIAN_POINT('',(0.00270347132816255,-0.0035,-0.0266010058937278));
#16225=CARTESIAN_POINT('',(0.00270347132816255,0.0035,-0.0266010058937278));
#16226=CARTESIAN_POINT('',(0.00270347132816255,0.0035,-0.0266010058937278));
#16227=CARTESIAN_POINT('',(-6.58116432830492E-15,0.0035,5.96822361111359E-14));
#16228=CARTESIAN_POINT('',(0.00267095796907579,0.0035,-0.0264028632582501));
#16229=CARTESIAN_POINT('',(0.00267095796907579,0.0035,-0.0264028632582501));
#16230=CARTESIAN_POINT('',(0.00267095796907579,-0.0035,-0.0264028632582501));
#16231=CARTESIAN_POINT('',(0.00502508794255838,0.0035,-0.0285173293700145));
#16232=CARTESIAN_POINT('',(0.00502508794255838,0.0035,-0.0285173293700145));
#16233=CARTESIAN_POINT('',(0.00458179664766796,0.0035,-0.0260016552151032));
#16234=CARTESIAN_POINT('',(0.00458179664766797,0.0035,-0.0260016552151032));
#16235=CARTESIAN_POINT('',(0.00458179664766796,-0.0035,-0.0260016552151032));
#16236=CARTESIAN_POINT('',(0.00502508794255838,-0.0035,-0.0285173293700145));
#16237=CARTESIAN_POINT('',(0.00579072761290418,0.0035,-0.0256831899613479));
#16238=CARTESIAN_POINT('',(0.00579072761290418,-0.0035,-0.0256831899613479));
#16239=CARTESIAN_POINT('',(0.00510786923531788,-0.0035,-0.0258371524118357));
#16240=CARTESIAN_POINT('',(0.00647358599049049,-0.0035,-0.0255292275108601));
#16241=CARTESIAN_POINT('',(0.00510786923531788,0.0035,-0.0258371524118357));
#16242=CARTESIAN_POINT('',(0.00510786923531788,0.0035,-0.0258371524118357));
#16243=CARTESIAN_POINT('',(0.00579072761290418,0.0035,-0.0256831899613479));
#16244=CARTESIAN_POINT('',(0.00647358599049049,0.0035,-0.0255292275108601));
#16245=CARTESIAN_POINT('',(0.00647358599049049,0.0035,-0.0255292275108601));
#16246=CARTESIAN_POINT('',(0.00513447296463644,0.0035,-0.0260361746821962));
#16247=CARTESIAN_POINT('',(0.00513447296463644,-0.0035,-0.0260361746821962));
#16248=CARTESIAN_POINT('',(0.00516107669395499,-0.0035,-0.0262351969525569));
#16249=CARTESIAN_POINT('',(0.00516107669395499,0.0035,-0.0262351969525569));
#16250=CARTESIAN_POINT('',(0.00516107669395499,0.0035,-0.0262351969525569));
#16251=CARTESIAN_POINT('',(0.00513447296463644,0.0035,-0.0260361746821962));
#16252=CARTESIAN_POINT('',(-1.09708762917642E-14,0.0035,5.90332186529951E-14));
#16253=CARTESIAN_POINT('',(-1.09708762917642E-14,-0.0035,5.90332186529951E-14));
#16254=CARTESIAN_POINT('',(0.00466064013533466,-0.0035,-0.0263287049683277));
#16255=CARTESIAN_POINT('',(0.00466064013533466,0.0035,-0.0263287049683277));
#16256=CARTESIAN_POINT('',(0.00466064013533466,0.0035,-0.0263287049683277));
#16257=CARTESIAN_POINT('',(-1.09708762917642E-14,0.0035,5.90332186529951E-14));
#16258=CARTESIAN_POINT('',(0.00461358223016365,0.0035,-0.0261335046197776));
#16259=CARTESIAN_POINT('',(0.00461358223016365,0.0035,-0.0261335046197776));
#16260=CARTESIAN_POINT('',(0.00461358223016365,-0.0035,-0.0261335046197776));
#16261=CARTESIAN_POINT('',(0.0071174421494751,0.0035,-0.0280683380426631));
#16262=CARTESIAN_POINT('',(0.0071174421494751,0.0035,-0.0280683380426631));
#16263=CARTESIAN_POINT('',(0.00648957251160723,0.0035,-0.0255922719402221));
#16264=CARTESIAN_POINT('',(0.00648957251160722,0.0035,-0.0255922719402221));
#16265=CARTESIAN_POINT('',(0.00648957251160723,-0.0035,-0.0255922719402221));
#16266=CARTESIAN_POINT('',(0.0071174421494751,-0.0035,-0.0280683380426631));
#16267=CARTESIAN_POINT('',(0.00767168263208606,0.0035,-0.0251853937525321));
#16268=CARTESIAN_POINT('',(0.00767168263208606,-0.0035,-0.0251853937525321));
#16269=CARTESIAN_POINT('',(0.00700205953843575,-0.0035,-0.0253893665753545));
#16270=CARTESIAN_POINT('',(0.00834130572573637,-0.0035,-0.0249814209297095));
#16271=CARTESIAN_POINT('',(0.00700205953843575,0.0035,-0.0253893665753545));
#16272=CARTESIAN_POINT('',(0.00700205953843575,0.0035,-0.0253893665753545));
#16273=CARTESIAN_POINT('',(0.00767168263208606,0.0035,-0.0251853937525321));
#16274=CARTESIAN_POINT('',(0.00834130572573637,0.0035,-0.0249814209297095));
#16275=CARTESIAN_POINT('',(0.00834130572573637,0.0035,-0.0249814209297095));
#16276=CARTESIAN_POINT('',(0.00704328891527216,0.0035,-0.0255858805977521));
#16277=CARTESIAN_POINT('',(0.00704328891527216,-0.0035,-0.0255858805977521));
#16278=CARTESIAN_POINT('',(0.00708451829210858,-0.0035,-0.0257823946201495));
#16279=CARTESIAN_POINT('',(0.00708451829210858,0.0035,-0.0257823946201495));
#16280=CARTESIAN_POINT('',(0.00708451829210858,0.0035,-0.0257823946201495));
#16281=CARTESIAN_POINT('',(0.00704328891527216,0.0035,-0.0255858805977521));
#16282=CARTESIAN_POINT('',(-1.5300669133306E-14,0.0035,5.8061782225614E-14));
#16283=CARTESIAN_POINT('',(-1.5300669133306E-14,-0.0035,5.8061782225614E-14));
#16284=CARTESIAN_POINT('',(0.00659235414226509,-0.0035,-0.0259126057864371));
#16285=CARTESIAN_POINT('',(0.00659235414226509,0.0035,-0.0259126057864371));
#16286=CARTESIAN_POINT('',(0.00659235414226509,0.0035,-0.0259126057864371));
#16287=CARTESIAN_POINT('',(-1.5300669133306E-14,0.0035,5.8061782225614E-14));
#16288=CARTESIAN_POINT('',(0.00653100870496953,0.0035,-0.0257214138414286));
#16289=CARTESIAN_POINT('',(0.00653100870496953,0.0035,-0.0257214138414286));
#16290=CARTESIAN_POINT('',(0.00653100870496953,-0.0035,-0.0257214138414286));
#16291=CARTESIAN_POINT('',(0.00917092335549802,0.0035,-0.0274660471862246));
#16292=CARTESIAN_POINT('',(0.00917092335549802,0.0035,-0.0274660471862246));
#16293=CARTESIAN_POINT('',(0.00836190458088737,0.0035,-0.0250431125506759));
#16294=CARTESIAN_POINT('',(0.00836190458088735,0.0035,-0.0250431125506759));
#16295=CARTESIAN_POINT('',(0.00836190458088737,-0.0035,-0.0250431125506759));
#16296=CARTESIAN_POINT('',(0.00917092335549802,-0.0035,-0.0274660471862246));
#16297=CARTESIAN_POINT('',(0.00951073758105295,0.0035,-0.0245500436566186));
#16298=CARTESIAN_POINT('',(0.00951073758105295,-0.0035,-0.0245500436566186));
#16299=CARTESIAN_POINT('',(0.00885800702046991,-0.0035,-0.0248029128229496));
#16300=CARTESIAN_POINT('',(0.010163468141636,-0.0035,-0.0242971744902875));
#16301=CARTESIAN_POINT('',(0.00885800702046991,0.0035,-0.0248029128229496));
#16302=CARTESIAN_POINT('',(0.00885800702046991,0.0035,-0.0248029128229496));
#16303=CARTESIAN_POINT('',(0.00951073758105295,0.0035,-0.0245500436566186));
#16304=CARTESIAN_POINT('',(0.010163468141636,0.0035,-0.0242971744902875));
#16305=CARTESIAN_POINT('',(0.010163468141636,0.0035,-0.0242971744902875));
#16306=CARTESIAN_POINT('',(0.00891363686426508,0.0035,-0.0249958453059391));
#16307=CARTESIAN_POINT('',(0.00891363686426508,-0.0035,-0.0249958453059391));
#16308=CARTESIAN_POINT('',(0.00896926670806025,-0.0035,-0.0251887777889285));
#16309=CARTESIAN_POINT('',(0.00896926670806025,0.0035,-0.0251887777889285));
#16310=CARTESIAN_POINT('',(0.00896926670806025,0.0035,-0.0251887777889285));
#16311=CARTESIAN_POINT('',(0.00891363686426508,0.0035,-0.0249958453059391));
#16312=CARTESIAN_POINT('',(-1.95468950258789E-14,0.0035,5.67732324778923E-14));
#16313=CARTESIAN_POINT('',(-1.95468950258789E-14,-0.0035,5.67732324778923E-14));
#16314=CARTESIAN_POINT('',(0.0084880629969115,-0.0035,-0.0253549809374962));
#16315=CARTESIAN_POINT('',(0.0084880629969115,0.0035,-0.0253549809374962));
#16316=CARTESIAN_POINT('',(0.0084880629969115,0.0035,-0.0253549809374962));
#16317=CARTESIAN_POINT('',(-1.95468950258789E-14,0.0035,5.67732324778923E-14));
#16318=CARTESIAN_POINT('',(0.00841276507499705,0.0035,-0.0251688416201328));
#16319=CARTESIAN_POINT('',(0.00841276507499705,0.0035,-0.0251688416201328));
#16320=CARTESIAN_POINT('',(0.00841276507499705,-0.0035,-0.0251688416201328));
#16321=CARTESIAN_POINT('',(0.0111743161583688,0.0035,-0.0267137463044993));
#16322=CARTESIAN_POINT('',(0.0111743161583688,0.0035,-0.0267137463044993));
#16323=CARTESIAN_POINT('',(0.0101885668270175,0.0035,-0.0243571763646175));
#16324=CARTESIAN_POINT('',(0.0101885668270175,0.0035,-0.0243571763646175));
#16325=CARTESIAN_POINT('',(0.0101885668270175,-0.0035,-0.0243571763646175));
#16326=CARTESIAN_POINT('',(0.0111743161583688,-0.0035,-0.0267137463044993));
#16327=CARTESIAN_POINT('',(0.0112978481794056,0.0035,-0.02378060973551));
#16328=CARTESIAN_POINT('',(0.0112978481794056,-0.0035,-0.02378060973551));
#16329=CARTESIAN_POINT('',(0.0106655751398633,-0.0035,-0.0240809941616508));
#16330=CARTESIAN_POINT('',(0.0119301212189479,-0.0035,-0.0234802253093692));
#16331=CARTESIAN_POINT('',(0.0106655751398633,0.0035,-0.0240809941616508));
#16332=CARTESIAN_POINT('',(0.0106655751398633,0.0035,-0.0240809941616508));
#16333=CARTESIAN_POINT('',(0.0112978481794056,0.0035,-0.02378060973551));
#16334=CARTESIAN_POINT('',(0.0119301212189479,0.0035,-0.0234802253093692));
#16335=CARTESIAN_POINT('',(0.0119301212189479,0.0035,-0.0234802253093692));
#16336=CARTESIAN_POINT('',(0.0107353016197013,0.0035,-0.0242692913749137));
#16337=CARTESIAN_POINT('',(0.0107353016197013,-0.0035,-0.0242692913749137));
#16338=CARTESIAN_POINT('',(0.0108050280995392,-0.0035,-0.0244575885881765));
#16339=CARTESIAN_POINT('',(0.0108050280995392,0.0035,-0.0244575885881765));
#16340=CARTESIAN_POINT('',(0.0108050280995392,0.0035,-0.0244575885881765));
#16341=CARTESIAN_POINT('',(0.0107353016197013,0.0035,-0.0242692913749137));
#16342=CARTESIAN_POINT('',(-2.36863625561279E-14,0.0035,5.51746070217196E-14));
#16343=CARTESIAN_POINT('',(-2.36863625561279E-14,-0.0035,5.51746070217196E-14));
#16344=CARTESIAN_POINT('',(0.0103374129948878,-0.0035,-0.0246588759750614));
#16345=CARTESIAN_POINT('',(0.0103374129948878,0.0035,-0.0246588759750614));
#16346=CARTESIAN_POINT('',(0.0103374129948878,0.0035,-0.0246588759750614));
#16347=CARTESIAN_POINT('',(-2.36863625561279E-14,0.0035,5.51746070217196E-14));
#16348=CARTESIAN_POINT('',(0.0102485738394927,0.0035,-0.0244788059137468));
#16349=CARTESIAN_POINT('',(0.0102485738394927,0.0035,-0.0244788059137468));
#16350=CARTESIAN_POINT('',(0.0102485738394927,-0.0035,-0.0244788059137468));
#16351=CARTESIAN_POINT('',(0.0131166787213177,0.0035,-0.0258155442040268));
#16352=CARTESIAN_POINT('',(0.0131166787213177,0.0035,-0.0258155442040268));
#16353=CARTESIAN_POINT('',(0.0119595826542437,0.0035,-0.0235382097276317));
#16354=CARTESIAN_POINT('',(0.0119595826542437,0.0035,-0.0235382097276317));
#16355=CARTESIAN_POINT('',(0.0119595826542437,-0.0035,-0.0235382097276317));
#16356=CARTESIAN_POINT('',(0.0131166787213177,-0.0035,-0.0258155442040268));
#16357=CARTESIAN_POINT('',(0.013023253848775,0.0035,-0.0228812943704656));
#16358=CARTESIAN_POINT('',(0.013023253848775,-0.0035,-0.0228812943704656));
#16359=CARTESIAN_POINT('',(0.0124148915863611,-0.0035,-0.0232275534608454));
#16360=CARTESIAN_POINT('',(0.0136316161111888,-0.0035,-0.0225350352800857));
#16361=CARTESIAN_POINT('',(0.0124148915863611,0.0035,-0.0232275534608454));
#16362=CARTESIAN_POINT('',(0.0124148915863611,0.0035,-0.0232275534608454));
#16363=CARTESIAN_POINT('',(0.013023253848775,0.0035,-0.0228812943704656));
#16364=CARTESIAN_POINT('',(0.0136316161111888,0.0035,-0.0225350352800857));
#16365=CARTESIAN_POINT('',(0.0136316161111888,0.0035,-0.0225350352800857));
#16366=CARTESIAN_POINT('',(0.0124983338803882,0.0035,-0.0234101869902989));
#16367=CARTESIAN_POINT('',(0.0124983338803882,-0.0035,-0.0234101869902989));
#16368=CARTESIAN_POINT('',(0.0125817761744152,-0.0035,-0.0235928205197525));
#16369=CARTESIAN_POINT('',(0.0125817761744152,0.0035,-0.0235928205197525));
#16370=CARTESIAN_POINT('',(0.0125817761744152,0.0035,-0.0235928205197525));
#16371=CARTESIAN_POINT('',(0.0124983338803882,0.0035,-0.0234101869902989));
#16372=CARTESIAN_POINT('',(-2.76964633878527E-14,0.0035,5.32746369949797E-14));
#16373=CARTESIAN_POINT('',(-2.76964633878527E-14,-0.0035,5.32746369949797E-14));
#16374=CARTESIAN_POINT('',(0.012130303627807,-0.0035,-0.0238280927830481));
#16375=CARTESIAN_POINT('',(0.012130303627807,0.0035,-0.0238280927830481));
#16376=CARTESIAN_POINT('',(0.012130303627807,0.0035,-0.0238280927830481));
#16377=CARTESIAN_POINT('',(-2.76964633878527E-14,0.0035,5.32746369949797E-14));
#16378=CARTESIAN_POINT('',(0.0120284084475912,0.0035,-0.023655075458014));
#16379=CARTESIAN_POINT('',(0.0120284084475912,0.0035,-0.023655075458014));
#16380=CARTESIAN_POINT('',(0.0120284084475912,-0.0035,-0.023655075458014));
#16381=CARTESIAN_POINT('',(0.0149874025335822,0.0035,-0.0247763465532089));
#16382=CARTESIAN_POINT('',(0.0149874025335822,0.0035,-0.0247763465532089));
#16383=CARTESIAN_POINT('',(0.0136652793882562,0.0035,-0.0225906855514965));
#16384=CARTESIAN_POINT('',(0.0136652793882561,0.0035,-0.0225906855514964));
#16385=CARTESIAN_POINT('',(0.0136652793882562,-0.0035,-0.0225906855514965));
#16386=CARTESIAN_POINT('',(0.0149874025335822,-0.0035,-0.0247763465532089));
#16387=CARTESIAN_POINT('',(0.0146775310217166,0.0035,-0.0218570093101522));
#16388=CARTESIAN_POINT('',(0.0146775310217166,-0.0035,-0.0218570093101522));
#16389=CARTESIAN_POINT('',(0.0140964022001457,-0.0035,-0.0222472519176922));
#16390=CARTESIAN_POINT('',(0.0152586598432874,-0.0035,-0.0214667667026122));
#16391=CARTESIAN_POINT('',(0.0140964022001457,0.0035,-0.0222472519176922));
#16392=CARTESIAN_POINT('',(0.0140964022001457,0.0035,-0.0222472519176922));
#16393=CARTESIAN_POINT('',(0.0146775310217166,0.0035,-0.0218570093101522));
#16394=CARTESIAN_POINT('',(0.0152586598432874,0.0035,-0.0214667667026122));
#16395=CARTESIAN_POINT('',(0.0152586598432874,0.0035,-0.0214667667026122));
#16396=CARTESIAN_POINT('',(0.0141931045754873,0.0035,-0.0224232242823307));
#16397=CARTESIAN_POINT('',(0.0141931045754873,-0.0035,-0.0224232242823307));
#16398=CARTESIAN_POINT('',(0.0142898069508288,-0.0035,-0.0225991966469691));
#16399=CARTESIAN_POINT('',(0.0142898069508288,0.0035,-0.0225991966469691));
#16400=CARTESIAN_POINT('',(0.0142898069508288,0.0035,-0.0225991966469691));
#16401=CARTESIAN_POINT('',(0.0141931045754873,0.0035,-0.0224232242823307));
#16402=CARTESIAN_POINT('',(-3.15552957408992E-14,0.0035,5.10836993751031E-14));
#16403=CARTESIAN_POINT('',(-3.15552957408992E-14,-0.0035,5.10836993751031E-14));
#16404=CARTESIAN_POINT('',(0.0138569427487556,-0.0035,-0.022867168811159));
#16405=CARTESIAN_POINT('',(0.0138569427487556,0.0035,-0.022867168811159));
#16406=CARTESIAN_POINT('',(0.0138569427487556,0.0035,-0.022867168811159));
#16407=CARTESIAN_POINT('',(-3.15552957408992E-14,0.0035,5.10836993751031E-14));
#16408=CARTESIAN_POINT('',(0.0137425480598591,0.0035,-0.0227021491830373));
#16409=CARTESIAN_POINT('',(0.0137425480598591,0.0035,-0.0227021491830373));
#16410=CARTESIAN_POINT('',(0.0137425480598591,-0.0035,-0.0227021491830373));
#16411=CARTESIAN_POINT('',(0.0167762703504135,0.0035,-0.0236018290892501));
#16412=CARTESIAN_POINT('',(0.0167762703504135,0.0035,-0.0236018290892501));
#16413=CARTESIAN_POINT('',(0.0152963411049802,0.0035,-0.0215197788846861));
#16414=CARTESIAN_POINT('',(0.0152963411049801,0.0035,-0.021519778884686));
#16415=CARTESIAN_POINT('',(0.0152963411049802,-0.0035,-0.0215197788846861));
#16416=CARTESIAN_POINT('',(0.0167762703504135,-0.0035,-0.0236018290892501));
#16417=CARTESIAN_POINT('',(0.0162516446099682,0.0035,-0.0207133488443763));
#16418=CARTESIAN_POINT('',(0.0162516446099682,-0.0035,-0.0207133488443763));
#16419=CARTESIAN_POINT('',(0.0157009231533447,-0.0035,-0.0211454435992792));
#16420=CARTESIAN_POINT('',(0.0168023660665916,-0.0035,-0.0202812540894734));
#16421=CARTESIAN_POINT('',(0.0157009231533447,0.0035,-0.0211454435992792));
#16422=CARTESIAN_POINT('',(0.0157009231533447,0.0035,-0.0211454435992792));
#16423=CARTESIAN_POINT('',(0.0162516446099682,0.0035,-0.0207133488443763));
#16424=CARTESIAN_POINT('',(0.0168023660665916,0.0035,-0.0202812540894734));
#16425=CARTESIAN_POINT('',(0.0168023660665916,0.0035,-0.0202812540894734));
#16426=CARTESIAN_POINT('',(0.0158103574551603,0.0035,-0.0213137936990691));
#16427=CARTESIAN_POINT('',(0.0158103574551603,-0.0035,-0.0213137936990691));
#16428=CARTESIAN_POINT('',(0.0159197917569759,-0.0035,-0.021482143798859));
#16429=CARTESIAN_POINT('',(0.0159197917569759,0.0035,-0.021482143798859));
#16430=CARTESIAN_POINT('',(0.0159197917569759,0.0035,-0.021482143798859));
#16431=CARTESIAN_POINT('',(0.0158103574551603,0.0035,-0.0213137936990691));
#16432=CARTESIAN_POINT('',(-3.52417840110886E-14,0.0035,4.86137603036147E-14));
#16433=CARTESIAN_POINT('',(-3.52417840110886E-14,-0.0035,4.86137603036147E-14));
#16434=CARTESIAN_POINT('',(0.0155079000536043,-0.0035,-0.0217813522929076));
#16435=CARTESIAN_POINT('',(0.0155079000536043,0.0035,-0.0217813522929076));
#16436=CARTESIAN_POINT('',(0.0155079000536043,0.0035,-0.0217813522929076));
#16437=CARTESIAN_POINT('',(-3.52417840110886E-14,0.0035,4.86137603036147E-14));
#16438=CARTESIAN_POINT('',(0.0153816306401491,0.0035,-0.0216252316416829));
#16439=CARTESIAN_POINT('',(0.0153816306401491,0.0035,-0.0216252316416829));
#16440=CARTESIAN_POINT('',(0.0153816306401491,-0.0035,-0.0216252316416829));
#16441=CARTESIAN_POINT('',(0.0184735119961245,0.0035,-0.0222984066192493));
#16442=CARTESIAN_POINT('',(0.0184735119961245,0.0035,-0.0222984066192493));
#16443=CARTESIAN_POINT('',(0.0168438595109252,0.0035,-0.0203313386480553));
#16444=CARTESIAN_POINT('',(0.0168438595109251,0.0035,-0.0203313386480552));
#16445=CARTESIAN_POINT('',(0.0168438595109252,-0.0035,-0.0203313386480553));
#16446=CARTESIAN_POINT('',(0.0184735119961245,-0.0035,-0.0222984066192493));
#16447=CARTESIAN_POINT('',(0.0177369973509684,0.0035,-0.0194565592500131));
#16448=CARTESIAN_POINT('',(0.0177369973509684,-0.0035,-0.0194565592500131));
#16449=CARTESIAN_POINT('',(0.017219691108914,-0.0035,-0.0199281462005657));
#16450=CARTESIAN_POINT('',(0.0182543035930229,-0.0035,-0.0189849722994604));
#16451=CARTESIAN_POINT('',(0.017219691108914,0.0035,-0.0199281462005657));
#16452=CARTESIAN_POINT('',(0.017219691108914,0.0035,-0.0199281462005657));
#16453=CARTESIAN_POINT('',(0.0177369973509684,0.0035,-0.0194565592500131));
#16454=CARTESIAN_POINT('',(0.0182543035930229,0.0035,-0.0189849722994604));
#16455=CARTESIAN_POINT('',(0.0182543035930229,0.0035,-0.0189849722994604));
#16456=CARTESIAN_POINT('',(0.0173412596449958,0.0035,-0.020087954565641));
#16457=CARTESIAN_POINT('',(0.0173412596449958,-0.0035,-0.020087954565641));
#16458=CARTESIAN_POINT('',(0.0174628281810777,-0.0035,-0.0202477629307165));
#16459=CARTESIAN_POINT('',(0.0174628281810777,0.0035,-0.0202477629307165));
#16460=CARTESIAN_POINT('',(0.0174628281810777,0.0035,-0.0202477629307165));
#16461=CARTESIAN_POINT('',(0.0173412596449958,0.0035,-0.020087954565641));
#16462=CARTESIAN_POINT('',(-3.87357938778585E-14,0.0035,4.58783097312181E-14));
#16463=CARTESIAN_POINT('',(-3.87357938778585E-14,-0.0035,4.58783097312181E-14));
#16464=CARTESIAN_POINT('',(0.0170741585860593,-0.0035,-0.0205765735815862));
#16465=CARTESIAN_POINT('',(0.0170741585860593,0.0035,-0.0205765735815862));
#16466=CARTESIAN_POINT('',(0.0170741585860593,0.0035,-0.0205765735815862));
#16467=CARTESIAN_POINT('',(-3.87357938778585E-14,0.0035,4.58783097312181E-14));
#16468=CARTESIAN_POINT('',(0.0169367040877949,0.0035,-0.0204302045841173));
#16469=CARTESIAN_POINT('',(0.0169367040877949,0.0035,-0.0204302045841173));
#16470=CARTESIAN_POINT('',(0.0169367040877949,-0.0035,-0.0204302045841173));
#16471=CARTESIAN_POINT('',(0.0200698577254015,0.0035,-0.0208731979847477));
#16472=CARTESIAN_POINT('',(0.0200698577254015,0.0035,-0.0208731979847477));
#16473=CARTESIAN_POINT('',(0.018299382597193,0.0035,-0.0190318556900589));
#16474=CARTESIAN_POINT('',(0.0182993825971927,0.0035,-0.0190318556900588));
#16475=CARTESIAN_POINT('',(0.018299382597193,-0.0035,-0.0190318556900589));
#16476=CARTESIAN_POINT('',(0.0200698577254015,-0.0035,-0.0208731979847477));
#16477=CARTESIAN_POINT('',(0.0191254767631244,0.0035,-0.018093504676008));
#16478=CARTESIAN_POINT('',(0.0191254767631244,-0.0035,-0.018093504676008));
#16479=CARTESIAN_POINT('',(0.0186444110829458,-0.0035,-0.0186020081778193));
#16480=CARTESIAN_POINT('',(0.0196065424433029,-0.0035,-0.0175850011741966));
#16481=CARTESIAN_POINT('',(0.0186444110829458,0.0035,-0.0186020081778193));
#16482=CARTESIAN_POINT('',(0.0186444110829458,0.0035,-0.0186020081778193));
#16483=CARTESIAN_POINT('',(0.0191254767631244,0.0035,-0.018093504676008));
#16484=CARTESIAN_POINT('',(0.0196065424433029,0.0035,-0.0175850011741966));
#16485=CARTESIAN_POINT('',(0.0196065424433029,0.0035,-0.0175850011741966));
#16486=CARTESIAN_POINT('',(0.0187774498881064,0.0035,-0.0187524019903071));
#16487=CARTESIAN_POINT('',(0.0187774498881064,-0.0035,-0.0187524019903071));
#16488=CARTESIAN_POINT('',(0.0189104886932668,-0.0035,-0.0189027958027949));
#16489=CARTESIAN_POINT('',(0.0189104886932668,0.0035,-0.0189027958027949));
#16490=CARTESIAN_POINT('',(0.0189104886932668,0.0035,-0.0189027958027949));
#16491=CARTESIAN_POINT('',(0.0187774498881064,0.0035,-0.0187524019903071));
#16492=CARTESIAN_POINT('',(-4.20182422709399E-14,0.0035,4.28922877403635E-14));
#16493=CARTESIAN_POINT('',(-4.20182422709399E-14,-0.0035,4.28922877403635E-14));
#16494=CARTESIAN_POINT('',(0.0185471639851501,-0.0035,-0.019259412760733));
#16495=CARTESIAN_POINT('',(0.0185471639851501,0.0035,-0.019259412760733));
#16496=CARTESIAN_POINT('',(0.0185471639851501,0.0035,-0.019259412760733));
#16497=CARTESIAN_POINT('',(-4.20182422709399E-14,0.0035,4.28922877403635E-14));
#16498=CARTESIAN_POINT('',(0.0183992751308808,0.0035,-0.0191235948337275));
#16499=CARTESIAN_POINT('',(0.0183992751308808,0.0035,-0.0191235948337275));
#16500=CARTESIAN_POINT('',(0.0183992751308808,-0.0035,-0.0191235948337275));
#16501=CARTESIAN_POINT('',(0.0215565888514386,0.0035,-0.0193339871810852));
#16502=CARTESIAN_POINT('',(0.0215565888514386,0.0035,-0.0193339871810852));
#16503=CARTESIAN_POINT('',(0.0196549608014211,0.0035,-0.0176284273359905));
#16504=CARTESIAN_POINT('',(0.0196549608014209,0.0035,-0.0176284273359904));
#16505=CARTESIAN_POINT('',(0.0196549608014211,-0.0035,-0.0176284273359905));
#16506=CARTESIAN_POINT('',(0.0215565888514386,-0.0035,-0.0193339871810852));
#16507=CARTESIAN_POINT('',(0.0204094994533718,0.0035,-0.0166316296537757));
#16508=CARTESIAN_POINT('',(0.0204094994533718,-0.0035,-0.0166316296537757));
#16509=CARTESIAN_POINT('',(0.0199673017489945,-0.0035,-0.0171742724370534));
#16510=CARTESIAN_POINT('',(0.0208516971577491,-0.0035,-0.0160889868704978));
#16511=CARTESIAN_POINT('',(0.0199673017489945,0.0035,-0.0171742724370534));
#16512=CARTESIAN_POINT('',(0.0199673017489945,0.0035,-0.0171742724370534));
#16513=CARTESIAN_POINT('',(0.0204094994533718,0.0035,-0.0166316296537757));
#16514=CARTESIAN_POINT('',(0.0208516971577491,0.0035,-0.0160889868704978));
#16515=CARTESIAN_POINT('',(0.0208516971577491,0.0035,-0.0160889868704978));
#16516=CARTESIAN_POINT('',(0.020111084211414,0.0035,-0.0173144302981021));
#16517=CARTESIAN_POINT('',(0.020111084211414,-0.0035,-0.0173144302981021));
#16518=CARTESIAN_POINT('',(0.0202548666738334,-0.0035,-0.0174545881591508));
#16519=CARTESIAN_POINT('',(0.0202548666738334,0.0035,-0.0174545881591508));
#16520=CARTESIAN_POINT('',(0.0202548666738334,0.0035,-0.0174545881591508));
#16521=CARTESIAN_POINT('',(0.020111084211414,0.0035,-0.0173144302981021));
#16522=CARTESIAN_POINT('',(-4.50712015954693E-14,0.0035,3.96720029476971E-14));
#16523=CARTESIAN_POINT('',(-4.50712015954693E-14,-0.0035,3.96720029476971E-14));
#16524=CARTESIAN_POINT('',(0.0199188712061832,-0.0035,-0.0178370637059976));
#16525=CARTESIAN_POINT('',(0.0199188712061832,0.0035,-0.0178370637059976));
#16526=CARTESIAN_POINT('',(0.0199188712061832,0.0035,-0.0178370637059976));
#16527=CARTESIAN_POINT('',(-4.50712015954693E-14,0.0035,3.96720029476971E-14));
#16528=CARTESIAN_POINT('',(0.0197613557135474,0.0035,-0.0177125386398751));
#16529=CARTESIAN_POINT('',(0.0197613557135474,0.0035,-0.0177125386398751));
#16530=CARTESIAN_POINT('',(0.0197613557135474,-0.0035,-0.0177125386398751));
#16531=CARTESIAN_POINT('',(0.0229255853643814,0.0035,-0.0176891808439168));
#16532=CARTESIAN_POINT('',(0.0229255853643814,0.0035,-0.0176891808439168));
#16533=CARTESIAN_POINT('',(0.0209031904255332,0.0035,-0.0161287186248501));
#16534=CARTESIAN_POINT('',(0.0209031904255331,0.0035,-0.01612871862485));
#16535=CARTESIAN_POINT('',(0.0209031904255332,-0.0035,-0.0161287186248501));
#16536=CARTESIAN_POINT('',(0.0229255853643814,-0.0035,-0.0176891808439168));
#16537=CARTESIAN_POINT('',(0.0215820525350391,0.0035,-0.0150789184377508));
#16538=CARTESIAN_POINT('',(0.0215820525350391,-0.0035,-0.0150789184377508));
#16539=CARTESIAN_POINT('',(0.0211811379369828,-0.0035,-0.0156527367757859));
#16540=CARTESIAN_POINT('',(0.0219829671330955,-0.0035,-0.0145051000997158));
#16541=CARTESIAN_POINT('',(0.0211811379369828,0.0035,-0.0156527367757859));
#16542=CARTESIAN_POINT('',(0.0211811379369828,0.0035,-0.0156527367757859));
#16543=CARTESIAN_POINT('',(0.0215820525350391,0.0035,-0.0150789184377508));
#16544=CARTESIAN_POINT('',(0.0219829671330955,0.0035,-0.0145051000997158));
#16545=CARTESIAN_POINT('',(0.0219829671330955,0.0035,-0.0145051000997158));
#16546=CARTESIAN_POINT('',(0.0213348787667111,0.0035,-0.0157818931917612));
#16547=CARTESIAN_POINT('',(0.0213348787667111,-0.0035,-0.0157818931917612));
#16548=CARTESIAN_POINT('',(0.0214886195964395,-0.0035,-0.0159110496077366));
#16549=CARTESIAN_POINT('',(0.0214886195964395,0.0035,-0.0159110496077366));
#16550=CARTESIAN_POINT('',(0.0214886195964395,0.0035,-0.0159110496077366));
#16551=CARTESIAN_POINT('',(0.0213348787667111,0.0035,-0.0157818931917612));
#16552=CARTESIAN_POINT('',(-4.7877997646296E-14,0.0035,3.62350434320535E-14));
#16553=CARTESIAN_POINT('',(-4.7877997646296E-14,-0.0035,3.62350434320535E-14));
#16554=CARTESIAN_POINT('',(0.0211817884599866,-0.0035,-0.0163172947946868));
#16555=CARTESIAN_POINT('',(0.0211817884599866,0.0035,-0.0163172947946868));
#16556=CARTESIAN_POINT('',(0.0211817884599866,0.0035,-0.0163172947946868));
#16557=CARTESIAN_POINT('',(-4.7877997646296E-14,0.0035,3.62350434320535E-14));
#16558=CARTESIAN_POINT('',(0.021015506623983,0.0035,-0.0162047427021766));
#16559=CARTESIAN_POINT('',(0.021015506623983,0.0035,-0.0162047427021766));
#16560=CARTESIAN_POINT('',(0.021015506623983,-0.0035,-0.0162047427021766));
#16561=CARTESIAN_POINT('',(0.0241693702800054,0.0035,-0.0159477623350841));
#16562=CARTESIAN_POINT('',(0.0241693702800054,0.0035,-0.0159477623350841));
#16563=CARTESIAN_POINT('',(0.0220372540721735,0.0035,-0.014540920445562));
#16564=CARTESIAN_POINT('',(0.0220372540721734,0.0035,-0.0145409204455619));
#16565=CARTESIAN_POINT('',(0.0220372540721735,-0.0035,-0.014540920445562));
#16566=CARTESIAN_POINT('',(0.0241693702800054,-0.0035,-0.0159477623350841));
#16567=CARTESIAN_POINT('',(0.0226367319298025,0.0035,-0.0134438513981593));
#16568=CARTESIAN_POINT('',(0.0226367319298025,-0.0035,-0.0134438513981593));
#16569=CARTESIAN_POINT('',(0.0222792900945759,-0.0035,-0.0140457112941732));
#16570=CARTESIAN_POINT('',(0.0229941737650291,-0.0035,-0.0128419915021455));
#16571=CARTESIAN_POINT('',(0.0222792900945759,0.0035,-0.0140457112941732));
#16572=CARTESIAN_POINT('',(0.0222792900945759,0.0035,-0.0140457112941732));
#16573=CARTESIAN_POINT('',(0.0226367319298025,0.0035,-0.0134438513981593));
#16574=CARTESIAN_POINT('',(0.0229941737650291,0.0035,-0.0128419915021455));
#16575=CARTESIAN_POINT('',(0.0229941737650291,0.0035,-0.0128419915021455));
#16576=CARTESIAN_POINT('',(0.022442149612514,0.0035,-0.0141631608575189));
#16577=CARTESIAN_POINT('',(0.022442149612514,-0.0035,-0.0141631608575189));
#16578=CARTESIAN_POINT('',(0.0226050091304522,-0.0035,-0.0142806104208645));
#16579=CARTESIAN_POINT('',(0.0226050091304522,0.0035,-0.0142806104208645));
#16580=CARTESIAN_POINT('',(0.0226050091304522,0.0035,-0.0142806104208645));
#16581=CARTESIAN_POINT('',(0.022442149612514,0.0035,-0.0141631608575189));
#16582=CARTESIAN_POINT('',(-5.04233006767073E-14,0.0035,3.26001806744671E-14));
#16583=CARTESIAN_POINT('',(-5.04233006767073E-14,-0.0035,3.26001806744671E-14));
#16584=CARTESIAN_POINT('',(0.0223290181304637,-0.0035,-0.0147084064775814));
#16585=CARTESIAN_POINT('',(0.0223290181304637,0.0035,-0.0147084064775814));
#16586=CARTESIAN_POINT('',(0.0223290181304637,0.0035,-0.0147084064775814));
#16587=CARTESIAN_POINT('',(-5.04233006767073E-14,0.0035,3.26001806744671E-14));
#16588=CARTESIAN_POINT('',(0.0221548781248189,0.0035,-0.0146084420791829));
#16589=CARTESIAN_POINT('',(0.0221548781248189,0.0035,-0.0146084420791829));
#16590=CARTESIAN_POINT('',(0.0221548781248189,-0.0035,-0.0146084420791829));
#16591=CARTESIAN_POINT('',(0.0252811504764105,0.0035,-0.0141192426786079));
#16592=CARTESIAN_POINT('',(0.0252811504764105,0.0035,-0.0141192426786079));
#16593=CARTESIAN_POINT('',(0.0230509578789644,0.0035,-0.0128737048011779));
#16594=CARTESIAN_POINT('',(0.0230509578789645,0.0035,-0.0128737048011779));
#16595=CARTESIAN_POINT('',(0.0230509578789644,-0.0035,-0.0128737048011779));
#16596=CARTESIAN_POINT('',(0.0252811504764105,-0.0035,-0.0141192426786079));
#16597=CARTESIAN_POINT('',(0.0235677773445405,0.0035,-0.0117353587041766));
#16598=CARTESIAN_POINT('',(0.0235677773445405,-0.0035,-0.0117353587041766));
#16599=CARTESIAN_POINT('',(0.0232557604954969,-0.0035,-0.0123619730081252));
#16600=CARTESIAN_POINT('',(0.0238797941935841,-0.0035,-0.0111087444002281));
#16601=CARTESIAN_POINT('',(0.0232557604954969,0.0035,-0.0123619730081252));
#16602=CARTESIAN_POINT('',(0.0232557604954969,0.0035,-0.0123619730081252));
#16603=CARTESIAN_POINT('',(0.0235677773445405,0.0035,-0.0117353587041766));
#16604=CARTESIAN_POINT('',(0.0238797941935841,0.0035,-0.0111087444002281));
#16605=CARTESIAN_POINT('',(0.0238797941935841,0.0035,-0.0111087444002281));
#16606=CARTESIAN_POINT('',(0.023426849219433,0.0035,-0.0124670742500543));
#16607=CARTESIAN_POINT('',(0.023426849219433,-0.0035,-0.0124670742500543));
#16608=CARTESIAN_POINT('',(0.0235979379433692,-0.0035,-0.0125721754919835));
#16609=CARTESIAN_POINT('',(0.0235979379433692,0.0035,-0.0125721754919835));
#16610=CARTESIAN_POINT('',(0.0235979379433692,0.0035,-0.0125721754919835));
#16611=CARTESIAN_POINT('',(0.023426849219433,0.0035,-0.0124670742500543));
#16612=CARTESIAN_POINT('',(-5.26932091241899E-14,0.0035,2.87872670348528E-14));
#16613=CARTESIAN_POINT('',(-5.26932091241899E-14,-0.0035,2.87872670348528E-14));
#16614=CARTESIAN_POINT('',(0.0233542944469811,-0.0035,-0.0130191859447527));
#16615=CARTESIAN_POINT('',(0.0233542944469811,0.0035,-0.0130191859447527));
#16616=CARTESIAN_POINT('',(0.0233542944469811,0.0035,-0.0130191859447527));
#16617=CARTESIAN_POINT('',(-5.26932091241899E-14,0.0035,2.87872670348528E-14));
#16618=CARTESIAN_POINT('',(0.023173247364019,0.0035,-0.0129323552113452));
#16619=CARTESIAN_POINT('',(0.023173247364019,0.0035,-0.0129323552113452));
#16620=CARTESIAN_POINT('',(0.023173247364019,-0.0035,-0.0129323552113452));
#16621=CARTESIAN_POINT('',(0.026254853795698,0.0035,-0.0122136086147731));
#16622=CARTESIAN_POINT('',(0.026254853795698,0.0035,-0.0122136086147731));
#16623=CARTESIAN_POINT('',(0.0239387653472383,0.0035,-0.0111361774454051));
#16624=CARTESIAN_POINT('',(0.0239387653472383,0.0035,-0.0111361774454051));
#16625=CARTESIAN_POINT('',(0.0239387653472383,-0.0035,-0.0111361774454051));
#16626=CARTESIAN_POINT('',(0.026254853795698,-0.0035,-0.0122136086147731));
#16627=CARTESIAN_POINT('',(0.0243701037320579,0.0035,-0.00996277155044054));
#16628=CARTESIAN_POINT('',(0.0243701037320579,-0.0035,-0.00996277155044054));
#16629=CARTESIAN_POINT('',(0.0241052159970283,-0.0035,-0.0106107179122876));
#16630=CARTESIAN_POINT('',(0.0246349914670876,-0.0035,-0.00931482518859345));
#16631=CARTESIAN_POINT('',(0.0241052159970283,0.0035,-0.0106107179122876));
#16632=CARTESIAN_POINT('',(0.0241052159970283,0.0035,-0.0106107179122876));
#16633=CARTESIAN_POINT('',(0.0243701037320579,0.0035,-0.00996277155044054));
#16634=CARTESIAN_POINT('',(0.0246349914670876,0.0035,-0.00931482518859345));
#16635=CARTESIAN_POINT('',(0.0246349914670876,0.0035,-0.00931482518859345));
#16636=CARTESIAN_POINT('',(0.024283599499681,0.0035,-0.010702896806263));
#16637=CARTESIAN_POINT('',(0.024283599499681,-0.0035,-0.010702896806263));
#16638=CARTESIAN_POINT('',(0.0244619830023336,-0.0035,-0.0107950757002384));
#16639=CARTESIAN_POINT('',(0.0244619830023336,0.0035,-0.0107950757002384));
#16640=CARTESIAN_POINT('',(0.0244619830023336,0.0035,-0.0107950757002384));
#16641=CARTESIAN_POINT('',(0.024283599499681,0.0035,-0.010702896806263));
#16642=CARTESIAN_POINT('',(-5.46753255359433E-14,0.0035,2.48171273253001E-14));
#16643=CARTESIAN_POINT('',(-5.46753255359433E-14,-0.0035,2.48171273253001E-14));
#16644=CARTESIAN_POINT('',(0.0242520177058344,-0.0035,-0.0112588591329774));
#16645=CARTESIAN_POINT('',(0.0242520177058344,0.0035,-0.0112588591329774));
#16646=CARTESIAN_POINT('',(0.0242520177058344,0.0035,-0.0112588591329774));
#16647=CARTESIAN_POINT('',(-5.46753255359433E-14,0.0035,2.48171273253001E-14));
#16648=CARTESIAN_POINT('',(0.0240650523619403,0.0035,-0.0111856363039163));
#16649=CARTESIAN_POINT('',(0.0240650523619403,0.0035,-0.0111856363039163));
#16650=CARTESIAN_POINT('',(0.0240650523619403,-0.0035,-0.0111856363039163));
#16651=CARTESIAN_POINT('',(0.0270851622079903,0.0035,-0.0102412680560167));
#16652=CARTESIAN_POINT('',(0.0270851622079903,0.0035,-0.0102412680560167));
#16653=CARTESIAN_POINT('',(0.0246958275804686,0.0035,-0.00933782815013516));
#16654=CARTESIAN_POINT('',(0.0246958275804685,0.0035,-0.00933782815013513));
#16655=CARTESIAN_POINT('',(0.0246958275804686,-0.0035,-0.00933782815013516));
#16656=CARTESIAN_POINT('',(0.0270851622079903,-0.0035,-0.0102412680560167));
#16657=CARTESIAN_POINT('',(0.0250393290638501,0.0035,-0.00813577119330195));
#16658=CARTESIAN_POINT('',(0.0250393290638501,-0.0035,-0.00813577119330195));
#16659=CARTESIAN_POINT('',(0.0248230171677877,-0.0035,-0.00880151075470856));
#16660=CARTESIAN_POINT('',(0.0252556409599126,-0.0035,-0.00747003163189535));
#16661=CARTESIAN_POINT('',(0.0248230171677877,0.0035,-0.00880151075470856));
#16662=CARTESIAN_POINT('',(0.0248230171677877,0.0035,-0.00880151075470856));
#16663=CARTESIAN_POINT('',(0.0250393290638501,0.0035,-0.00813577119330195));
#16664=CARTESIAN_POINT('',(0.0252556409599126,0.0035,-0.00747003163189535));
#16665=CARTESIAN_POINT('',(0.0252556409599126,0.0035,-0.00747003163189535));
#16666=CARTESIAN_POINT('',(0.0250077211803237,0.0035,-0.00888026385157631));
#16667=CARTESIAN_POINT('',(0.0250077211803237,-0.0035,-0.00888026385157631));
#16668=CARTESIAN_POINT('',(0.0251924251928596,-0.0035,-0.00895901694844407));
#16669=CARTESIAN_POINT('',(0.0251924251928596,0.0035,-0.00895901694844407));
#16670=CARTESIAN_POINT('',(0.0251924251928596,0.0035,-0.00895901694844407));
#16671=CARTESIAN_POINT('',(0.0250077211803237,0.0035,-0.00888026385157631));
#16672=CARTESIAN_POINT('',(-5.63588242794682E-14,0.0035,2.07114450721709E-14));
#16673=CARTESIAN_POINT('',(-5.63588242794682E-14,-0.0035,2.07114450721709E-14));
#16674=CARTESIAN_POINT('',(0.0250172848538889,-0.0035,-0.00943704033687019));
#16675=CARTESIAN_POINT('',(0.0250172848538889,0.0035,-0.00943704033687019));
#16676=CARTESIAN_POINT('',(0.0250172848538889,0.0035,-0.00943704033687019));
#16677=CARTESIAN_POINT('',(-5.63588242794682E-14,0.0035,2.07114450721709E-14));
#16678=CARTESIAN_POINT('',(0.0248254223889369,0.0035,-0.00937782532985624));
#16679=CARTESIAN_POINT('',(0.0248254223889369,0.0035,-0.00937782532985624));
#16680=CARTESIAN_POINT('',(0.0248254223889369,-0.0035,-0.00937782532985624));
#16681=CARTESIAN_POINT('',(0.027767540856667,0.0035,-0.00821299324251903));
#16682=CARTESIAN_POINT('',(0.027767540856667,0.0035,-0.00821299324251903));
#16683=CARTESIAN_POINT('',(0.0253180097672653,0.0035,-0.00748847887560251));
#16684=CARTESIAN_POINT('',(0.0253180097672653,0.0035,-0.00748847887560252));
#16685=CARTESIAN_POINT('',(0.0253180097672653,-0.0035,-0.00748847887560251));
#16686=CARTESIAN_POINT('',(0.027767540856667,-0.0035,-0.00821299324251903));
#16687=CARTESIAN_POINT('',(0.0255717982632231,0.0035,-0.00626433607515975));
#16688=CARTESIAN_POINT('',(0.0255717982632231,-0.0035,-0.00626433607515975));
#16689=CARTESIAN_POINT('',(0.0254052436266933,-0.0035,-0.00694423279750103));
#16690=CARTESIAN_POINT('',(0.025738352899753,-0.0035,-0.00558443935281847));
#16691=CARTESIAN_POINT('',(0.0254052436266933,0.0035,-0.00694423279750103));
#16692=CARTESIAN_POINT('',(0.0254052436266933,0.0035,-0.00694423279750103));
#16693=CARTESIAN_POINT('',(0.0255717982632231,0.0035,-0.00626433607515975));
#16694=CARTESIAN_POINT('',(0.025738352899753,0.0035,-0.00558443935281847));
#16695=CARTESIAN_POINT('',(0.025738352899753,0.0035,-0.00558443935281847));
#16696=CARTESIAN_POINT('',(0.0255952593598463,0.0035,-0.00700912997515537));
#16697=CARTESIAN_POINT('',(0.0255952593598463,-0.0035,-0.00700912997515537));
#16698=CARTESIAN_POINT('',(0.0257852750929993,-0.0035,-0.00707402715280972));
#16699=CARTESIAN_POINT('',(0.0257852750929993,0.0035,-0.00707402715280972));
#16700=CARTESIAN_POINT('',(0.0257852750929993,0.0035,-0.00707402715280972));
#16701=CARTESIAN_POINT('',(0.0255952593598463,0.0035,-0.00700912997515537));
#16702=CARTESIAN_POINT('',(-5.7734510668417E-14,0.0035,1.64926440881981E-14));
#16703=CARTESIAN_POINT('',(-5.7734510668417E-14,-0.0035,1.64926440881981E-14));
#16704=CARTESIAN_POINT('',(0.0256459162673548,-0.0035,-0.00756367969894029));
#16705=CARTESIAN_POINT('',(0.0256459162673548,0.0035,-0.00756367969894029));
#16706=CARTESIAN_POINT('',(0.0256459162673548,0.0035,-0.00756367969894029));
#16707=CARTESIAN_POINT('',(-5.7734510668417E-14,0.0035,1.64926440881981E-14));
#16708=CARTESIAN_POINT('',(0.0254502045675958,0.0035,-0.00751879592580774));
#16709=CARTESIAN_POINT('',(0.0254502045675958,0.0035,-0.00751879592580774));
#16710=CARTESIAN_POINT('',(0.0254502045675958,-0.0035,-0.00751879592580774));
#16711=CARTESIAN_POINT('',(0.0282982628261784,0.0035,-0.00613986190796334));
#16712=CARTESIAN_POINT('',(0.0282982628261784,0.0035,-0.00613986190796334));
#16713=CARTESIAN_POINT('',(0.0258019137642791,0.0035,-0.00559823012624291));
#16714=CARTESIAN_POINT('',(0.025801913764279,0.0035,-0.00559823012624289));
#16715=CARTESIAN_POINT('',(0.0258019137642791,-0.0035,-0.00559823012624291));
#16716=CARTESIAN_POINT('',(0.0282982628261784,-0.0035,-0.00613986190796334));
#16717=CARTESIAN_POINT('',(0.0259646031680552,0.0035,-0.0043586873256687));
#16718=CARTESIAN_POINT('',(0.0259646031680552,-0.0035,-0.0043586873256687));
#16719=CARTESIAN_POINT('',(0.0258487154547264,-0.0035,-0.00504902784881608));
#16720=CARTESIAN_POINT('',(0.0260804908813842,-0.0035,-0.00366834680252132));
#16721=CARTESIAN_POINT('',(0.0258487154547264,0.0035,-0.00504902784881608));
#16722=CARTESIAN_POINT('',(0.0258487154547264,0.0035,-0.00504902784881608));
#16723=CARTESIAN_POINT('',(0.0259646031680552,0.0035,-0.0043586873256687));
#16724=CARTESIAN_POINT('',(0.0260804908813842,0.0035,-0.00366834680252132));
#16725=CARTESIAN_POINT('',(0.0260804908813842,0.0035,-0.00366834680252132));
#16726=CARTESIAN_POINT('',(0.0260430051084539,0.0035,-0.00509971466137716));
#16727=CARTESIAN_POINT('',(0.0260430051084539,-0.0035,-0.00509971466137716));
#16728=CARTESIAN_POINT('',(0.0262372947621814,-0.0035,-0.00515040147393824));
#16729=CARTESIAN_POINT('',(0.0262372947621814,0.0035,-0.00515040147393824));
#16730=CARTESIAN_POINT('',(0.0262372947621814,0.0035,-0.00515040147393824));
#16731=CARTESIAN_POINT('',(0.0260430051084539,0.0035,-0.00509971466137716));
#16732=CARTESIAN_POINT('',(-5.87948711807821E-14,0.0035,1.21837660013956E-14));
#16733=CARTESIAN_POINT('',(-5.87948711807821E-14,-0.0035,1.21837660013956E-14));
#16734=CARTESIAN_POINT('',(0.0261344785794432,-0.0035,-0.0056490088653639));
#16735=CARTESIAN_POINT('',(0.0261344785794432,0.0035,-0.0056490088653639));
#16736=CARTESIAN_POINT('',(0.0261344785794432,0.0035,-0.0056490088653639));
#16737=CARTESIAN_POINT('',(-5.87948711807821E-14,0.0035,1.21837660013956E-14));
#16738=CARTESIAN_POINT('',(0.0259359865543142,0.0035,-0.00561870146571716));
#16739=CARTESIAN_POINT('',(0.0259359865543142,0.0035,-0.00561870146571716));
#16740=CARTESIAN_POINT('',(0.0259359865543142,-0.0035,-0.00561870146571716));
#16741=CARTESIAN_POINT('',(0.0286744294971665,0.0035,-0.00403319677679592));
#16742=CARTESIAN_POINT('',(0.0286744294971665,0.0035,-0.00403319677679592));
#16743=CARTESIAN_POINT('',(0.0261448966556833,0.0035,-0.00367740578524095));
#16744=CARTESIAN_POINT('',(0.0261448966556833,0.0035,-0.00367740578524095));
#16745=CARTESIAN_POINT('',(0.0261448966556833,-0.0035,-0.00367740578524095));
#16746=CARTESIAN_POINT('',(0.0286744294971665,-0.0035,-0.00403319677679592));
#16747=CARTESIAN_POINT('',(0.0262155984141699,0.0035,-0.00242923293747374));
#16748=CARTESIAN_POINT('',(0.0262155984141699,-0.0035,-0.00242923293747374));
#16749=CARTESIAN_POINT('',(0.0261510105625455,-0.0035,-0.00312624686088026));
#16750=CARTESIAN_POINT('',(0.0262801862657942,-0.0035,-0.00173221901406721));
#16751=CARTESIAN_POINT('',(0.0261510105625455,0.0035,-0.00312624686088026));
#16752=CARTESIAN_POINT('',(0.0261510105625455,0.0035,-0.00312624686088026));
#16753=CARTESIAN_POINT('',(0.0262155984141699,0.0035,-0.00242923293747374));
#16754=CARTESIAN_POINT('',(0.0262801862657942,0.0035,-0.00173221901406721));
#16755=CARTESIAN_POINT('',(0.0262801862657942,0.0035,-0.00173221901406721));
#16756=CARTESIAN_POINT('',(0.026348512994133,0.0035,-0.00316244647455461));
#16757=CARTESIAN_POINT('',(0.026348512994133,-0.0035,-0.00316244647455461));
#16758=CARTESIAN_POINT('',(0.0265460154257206,-0.0035,-0.00319864608822897));
#16759=CARTESIAN_POINT('',(0.0265460154257206,0.0035,-0.00319864608822897));
#16760=CARTESIAN_POINT('',(0.0265460154257206,0.0035,-0.00319864608822897));
#16761=CARTESIAN_POINT('',(0.026348512994133,0.0035,-0.00316244647455461));
#16762=CARTESIAN_POINT('',(-5.9534114495148E-14,0.0035,7.80834440967724E-15));
#16763=CARTESIAN_POINT('',(-5.9534114495148E-14,-0.0035,7.80834440967724E-15));
#16764=CARTESIAN_POINT('',(0.026480303432225,-0.0035,-0.00370348510428061));
#16765=CARTESIAN_POINT('',(0.026480303432225,0.0035,-0.00370348510428061));
#16766=CARTESIAN_POINT('',(0.026480303432225,0.0035,-0.00370348510428061));
#16767=CARTESIAN_POINT('',(-5.9534114495148E-14,0.0035,7.80834440967724E-15));
#16768=CARTESIAN_POINT('',(0.0262801151763359,0.0035,-0.00368791960662682));
#16769=CARTESIAN_POINT('',(0.0262801151763359,0.0035,-0.00368791960662682));
#16770=CARTESIAN_POINT('',(0.0262801151763359,-0.0035,-0.00368791960662682));
#16771=CARTESIAN_POINT('',(0.0288939863777182,0.0035,-0.00190450372343166));
#16772=CARTESIAN_POINT('',(0.0288939863777182,0.0035,-0.00190450372343166));
#16773=CARTESIAN_POINT('',(0.026345085187861,0.0035,-0.00173649672905978));
#16774=CARTESIAN_POINT('',(0.0263450851878609,0.0035,-0.00173649672905978));
#16775=CARTESIAN_POINT('',(0.026345085187861,-0.0035,-0.00173649672905978));
#16776=CARTESIAN_POINT('',(0.0288939863777182,-0.0035,-0.00190450372343166));
#16777=CARTESIAN_POINT('',(0.0263234131525706,0.0035,-0.000486510921363231));
#16778=CARTESIAN_POINT('',(0.0263234131525706,-0.0035,-0.000486510921363231));
#16779=CARTESIAN_POINT('',(0.0263104779190992,-0.0035,-0.00118639139668387));
#16780=CARTESIAN_POINT('',(0.026336348386042,-0.0035,0.000213369553957406));
#16781=CARTESIAN_POINT('',(0.0263104779190992,0.0035,-0.00118639139668387));
#16782=CARTESIAN_POINT('',(0.0263104779190992,0.0035,-0.00118639139668387));
#16783=CARTESIAN_POINT('',(0.0263234131525706,0.0035,-0.000486510921363231));
#16784=CARTESIAN_POINT('',(0.026336348386042,0.0035,0.000213369553957406));
#16785=CARTESIAN_POINT('',(0.026336348386042,0.0035,0.000213369553957406));
#16786=CARTESIAN_POINT('',(0.0265101144387536,0.0035,-0.0012079061017346));
#16787=CARTESIAN_POINT('',(0.0265101144387536,-0.0035,-0.0012079061017346));
#16788=CARTESIAN_POINT('',(0.026709750958408,-0.0035,-0.00122942080678534));
#16789=CARTESIAN_POINT('',(0.026709750958408,0.0035,-0.00122942080678534));
#16790=CARTESIAN_POINT('',(0.026709750958408,0.0035,-0.00122942080678534));
#16791=CARTESIAN_POINT('',(0.0265101144387536,0.0035,-0.0012079061017346));
#16792=CARTESIAN_POINT('',(-5.994820312088E-14,0.0035,3.39027634850517E-15));
#16793=CARTESIAN_POINT('',(-5.994820312088E-14,-0.0035,3.39027634850517E-15));
#16794=CARTESIAN_POINT('',(0.0266815020502765,-0.0035,-0.00173773419182112));
#16795=CARTESIAN_POINT('',(0.0266815020502765,0.0035,-0.00173773419182112));
#16796=CARTESIAN_POINT('',(0.0266815020502765,0.0035,-0.00173773419182112));
#16797=CARTESIAN_POINT('',(-5.994820312088E-14,0.0035,3.39027634850517E-15));
#16798=CARTESIAN_POINT('',(0.0264807109224613,0.0035,-0.00173699560951078));
#16799=CARTESIAN_POINT('',(0.0264807109224613,0.0035,-0.00173699560951078));
#16800=CARTESIAN_POINT('',(0.0264807109224613,-0.0035,-0.00173699560951078));
#16801=CARTESIAN_POINT('',(0.0289557343242881,0.0035,0.000234591068842215));
#16802=CARTESIAN_POINT('',(0.0289557343242881,0.0035,0.000234591068842215));
#16803=CARTESIAN_POINT('',(0.0264013860004691,0.0035,0.000213896470087817));
#16804=CARTESIAN_POINT('',(0.0264013860004691,0.0035,0.00021389647008782));
#16805=CARTESIAN_POINT('',(0.0264013860004691,-0.0035,0.000213896470087817));
#16806=CARTESIAN_POINT('',(0.0289557343242881,-0.0035,0.000234591068842215));
#16807=CARTESIAN_POINT('',(0.0262874585365434,0.0035,0.0014588682486916));
#16808=CARTESIAN_POINT('',(0.0262874585365434,-0.0035,0.0014588682486916));
#16809=CARTESIAN_POINT('',(0.0263262465689846,-0.0035,0.0007599437259144));
#16810=CARTESIAN_POINT('',(0.0262486705041023,-0.0035,0.00215779277146881));
#16811=CARTESIAN_POINT('',(0.0263262465689846,0.0035,0.0007599437259144));
#16812=CARTESIAN_POINT('',(0.0263262465689846,0.0035,0.0007599437259144));
#16813=CARTESIAN_POINT('',(0.0262874585365434,0.0035,0.0014588682486916));
#16814=CARTESIAN_POINT('',(0.0262486705041023,0.0035,0.00215779277146881));
#16815=CARTESIAN_POINT('',(0.0262486705041023,0.0035,0.00215779277146881));
#16816=CARTESIAN_POINT('',(0.0265269268312639,0.0035,0.00075323143534558));
#16817=CARTESIAN_POINT('',(0.0265269268312639,-0.0035,0.00075323143534558));
#16818=CARTESIAN_POINT('',(0.0267276070935431,-0.0035,0.000746519144776761));
#16819=CARTESIAN_POINT('',(0.0267276070935431,0.0035,0.000746519144776761));
#16820=CARTESIAN_POINT('',(0.0267276070935431,0.0035,0.000746519144776761));
#16821=CARTESIAN_POINT('',(0.0265269268312639,0.0035,0.00075323143534558));
#16822=CARTESIAN_POINT('',(-6.00348754494987E-14,0.0035,-1.04630822643097E-15));
#16823=CARTESIAN_POINT('',(-6.00348754494987E-14,-0.0035,-1.04630822643097E-15));
#16824=CARTESIAN_POINT('',(0.026736975556516,-0.0035,0.000237507622197281));
#16825=CARTESIAN_POINT('',(0.026736975556516,0.0035,0.000237507622197281));
#16826=CARTESIAN_POINT('',(0.026736975556516,0.0035,0.000237507622197281));
#16827=CARTESIAN_POINT('',(-6.00348754494987E-14,0.0035,-1.04630822643097E-15));
#16828=CARTESIAN_POINT('',(0.0265366782082861,0.0035,0.000223415255283701));
#16829=CARTESIAN_POINT('',(0.0265366782082861,0.0035,0.000223415255283701));
#16830=CARTESIAN_POINT('',(0.0265366782082861,-0.0035,0.000223415255283701));
#16831=CARTESIAN_POINT('',(0.0288593360910042,0.0035,0.00237240460604759));
#16832=CARTESIAN_POINT('',(0.0288593360910042,0.0035,0.00237240460604759));
#16833=CARTESIAN_POINT('',(0.026313491597993,0.0035,0.00216312144088901));
#16834=CARTESIAN_POINT('',(0.0263134915979931,0.0035,0.00216312144088901));
#16835=CARTESIAN_POINT('',(0.026313491597993,-0.0035,0.00216312144088901));
#16836=CARTESIAN_POINT('',(0.0288593360910042,-0.0035,0.00237240460604759));
#16837=CARTESIAN_POINT('',(0.0261079309377331,0.0035,0.00339627958626613));
#16838=CARTESIAN_POINT('',(0.0261079309377331,-0.0035,0.00339627958626613));
#16839=CARTESIAN_POINT('',(0.0261982303893043,-0.0035,0.0027021282994086));
#16840=CARTESIAN_POINT('',(0.026017631486162,-0.0035,0.00409043087312364));
#16841=CARTESIAN_POINT('',(0.0261982303893043,0.0035,0.0027021282994086));
#16842=CARTESIAN_POINT('',(0.0261982303893043,0.0035,0.0027021282994086));
#16843=CARTESIAN_POINT('',(0.0261079309377331,0.0035,0.00339627958626613));
#16844=CARTESIAN_POINT('',(0.026017631486162,0.0035,0.00409043087312364));
#16845=CARTESIAN_POINT('',(0.026017631486162,0.0035,0.00409043087312364));
#16846=CARTESIAN_POINT('',(0.026398858348206,0.0035,0.00271025508352516));
#16847=CARTESIAN_POINT('',(0.026398858348206,-0.0035,0.00271025508352516));
#16848=CARTESIAN_POINT('',(0.0265994863071077,-0.0035,0.00271838186764171));
#16849=CARTESIAN_POINT('',(0.0265994863071077,0.0035,0.00271838186764171));
#16850=CARTESIAN_POINT('',(0.0265994863071077,0.0035,0.00271838186764171));
#16851=CARTESIAN_POINT('',(0.026398858348206,0.0035,0.00271025508352516));
#16852=CARTESIAN_POINT('',(-5.97936581068007E-14,0.0035,-5.4771782286643E-15));
#16853=CARTESIAN_POINT('',(-5.97936581068007E-14,-0.0035,-5.4771782286643E-15));
#16854=CARTESIAN_POINT('',(0.0266464209738889,-0.0035,0.00221145225194413));
#16855=CARTESIAN_POINT('',(0.0266464209738889,0.0035,0.00221145225194413));
#16856=CARTESIAN_POINT('',(0.0266464209738889,0.0035,0.00221145225194413));
#16857=CARTESIAN_POINT('',(-5.97936581068007E-14,0.0035,-5.4771782286643E-15));
#16858=CARTESIAN_POINT('',(0.026447711359903,0.0035,0.00218260590342789));
#16859=CARTESIAN_POINT('',(0.026447711359903,0.0035,0.00218260590342789));
#16860=CARTESIAN_POINT('',(0.026447711359903,-0.0035,0.00218260590342789));
#16861=CARTESIAN_POINT('',(0.0286053181715887,0.0035,0.00449726089197722));
#16862=CARTESIAN_POINT('',(0.0286053181715887,0.0035,0.00449726089197722));
#16863=CARTESIAN_POINT('',(0.0260818820291794,0.0035,0.00410053219248906));
#16864=CARTESIAN_POINT('',(0.0260818820291793,0.0035,0.00410053219248905));
#16865=CARTESIAN_POINT('',(0.0260818820291794,-0.0035,0.00410053219248906));
#16866=CARTESIAN_POINT('',(0.0286053181715887,-0.0035,0.00449726089197722));
#16867=CARTESIAN_POINT('',(0.0257858108736293,0.0035,0.00531514162247371));
#16868=CARTESIAN_POINT('',(0.0257858108736293,-0.0035,0.00531514162247371));
#16869=CARTESIAN_POINT('',(0.0259271285600392,-0.0035,0.00462955478515276));
#16870=CARTESIAN_POINT('',(0.0256444931872194,-0.0035,0.00600072845979467));
#16871=CARTESIAN_POINT('',(0.0259271285600392,0.0035,0.00462955478515276));
#16872=CARTESIAN_POINT('',(0.0259271285600392,0.0035,0.00462955478515276));
#16873=CARTESIAN_POINT('',(0.0257858108736293,0.0035,0.00531514162247371));
#16874=CARTESIAN_POINT('',(0.0256444931872194,0.0035,0.00600072845979467));
#16875=CARTESIAN_POINT('',(0.0256444931872194,0.0035,0.00600072845979467));
#16876=CARTESIAN_POINT('',(0.026126608455224,0.0035,0.00465247625827797));
#16877=CARTESIAN_POINT('',(0.026126608455224,-0.0035,0.00465247625827797));
#16878=CARTESIAN_POINT('',(0.0263260883504087,-0.0035,0.00467539773140319));
#16879=CARTESIAN_POINT('',(0.0263260883504087,0.0035,0.00467539773140319));
#16880=CARTESIAN_POINT('',(0.0263260883504087,0.0035,0.00467539773140319));
#16881=CARTESIAN_POINT('',(0.026126608455224,0.0035,0.00465247625827797));
#16882=CARTESIAN_POINT('',(-5.92258685382643E-14,0.0035,-9.87813378274244E-15));
#16883=CARTESIAN_POINT('',(-5.92258685382643E-14,-0.0035,-9.87813378274244E-15));
#16884=CARTESIAN_POINT('',(0.0264103328801238,-0.0035,0.00417331869635967));
#16885=CARTESIAN_POINT('',(0.0264103328801238,0.0035,0.00417331869635967));
#16886=CARTESIAN_POINT('',(0.0264103328801238,0.0035,0.00417331869635967));
#16887=CARTESIAN_POINT('',(-5.92258685382643E-14,0.0035,-9.87813378274244E-15));
#16888=CARTESIAN_POINT('',(0.0262142962833866,0.0035,0.00412987591499325));
#16889=CARTESIAN_POINT('',(0.0262142962833866,0.0035,0.00412987591499325));
#16890=CARTESIAN_POINT('',(0.0262142962833866,-0.0035,0.00412987591499325));
#16891=CARTESIAN_POINT('',(0.0281950679238313,0.0035,0.00659755469843714));
#16892=CARTESIAN_POINT('',(0.0281950679238313,0.0035,0.00659755469843714));
#16893=CARTESIAN_POINT('',(0.0257078222651783,0.0035,0.00601554725920187));
#16894=CARTESIAN_POINT('',(0.0257078222651783,0.0035,0.00601554725920185));
#16895=CARTESIAN_POINT('',(0.0257078222651783,-0.0035,0.00601554725920187));
#16896=CARTESIAN_POINT('',(0.0281950679238313,-0.0035,0.00659755469843714));
#16897=CARTESIAN_POINT('',(0.0253228576523199,0.0035,0.00720497419827936));
#16898=CARTESIAN_POINT('',(0.0253228576523199,-0.0035,0.00720497419827936));
#16899=CARTESIAN_POINT('',(0.0255144217453704,-0.0035,0.00653169624805839));
#16900=CARTESIAN_POINT('',(0.0251312935592695,-0.0035,0.00787825214850033));
#16901=CARTESIAN_POINT('',(0.0255144217453704,0.0035,0.00653169624805839));
#16902=CARTESIAN_POINT('',(0.0255144217453704,0.0035,0.00653169624805839));
#16903=CARTESIAN_POINT('',(0.0253228576523199,0.0035,0.00720497419827936));
#16904=CARTESIAN_POINT('',(0.0251312935592695,0.0035,0.00787825214850033));
#16905=CARTESIAN_POINT('',(0.0251312935592695,0.0035,0.00787825214850033));
#16906=CARTESIAN_POINT('',(0.0257116640868247,0.0035,0.00656928722105457));
#16907=CARTESIAN_POINT('',(0.0257116640868247,-0.0035,0.00656928722105457));
#16908=CARTESIAN_POINT('',(0.0259089064282789,-0.0035,0.00660687819405076));
#16909=CARTESIAN_POINT('',(0.0259089064282789,0.0035,0.00660687819405076));
#16910=CARTESIAN_POINT('',(0.0259089064282789,0.0035,0.00660687819405076));
#16911=CARTESIAN_POINT('',(0.0257116640868247,0.0035,0.00656928722105457));
#16912=CARTESIAN_POINT('',(-5.83346078136198E-14,0.0035,-1.42251383955552E-14));
#16913=CARTESIAN_POINT('',(-5.83346078136198E-14,-0.0035,-1.42251383955552E-14));
#16914=CARTESIAN_POINT('',(0.0260300007065203,-0.0035,0.00611239192124397));
#16915=CARTESIAN_POINT('',(0.0260300007065203,0.0035,0.00611239192124397));
#16916=CARTESIAN_POINT('',(0.0260300007065203,0.0035,0.00611239192124397));
#16917=CARTESIAN_POINT('',(-5.83346078136198E-14,0.0035,-1.42251383955552E-14));
#16918=CARTESIAN_POINT('',(0.0258377078109433,0.0035,0.00605458997643449));
#16919=CARTESIAN_POINT('',(0.0258377078109433,0.0035,0.00605458997643449));
#16920=CARTESIAN_POINT('',(0.0258377078109433,-0.0035,0.00605458997643449));
#16921=CARTESIAN_POINT('',(0.0276308259923221,0.0035,0.00866181494897862));
#16922=CARTESIAN_POINT('',(0.0276308259923221,0.0035,0.00866181494897862));
#16923=CARTESIAN_POINT('',(0.0251933552907064,0.0035,0.00789770749280561));
#16924=CARTESIAN_POINT('',(0.0251933552907064,0.0035,0.00789770749280562));
#16925=CARTESIAN_POINT('',(0.0251933552907064,-0.0035,0.00789770749280561));
#16926=CARTESIAN_POINT('',(0.0276308259923221,-0.0035,0.00866181494897862));
#16927=CARTESIAN_POINT('',(0.0247215997637609,0.0035,0.00905545570349426));
#16928=CARTESIAN_POINT('',(0.0247215997637609,-0.0035,0.00905545570349426));
#16929=CARTESIAN_POINT('',(0.0249623640068047,-0.0035,0.00839816385106372));
#16930=CARTESIAN_POINT('',(0.0244808355207171,-0.0035,0.0097127475559248));
#16931=CARTESIAN_POINT('',(0.0249623640068047,0.0035,0.00839816385106372));
#16932=CARTESIAN_POINT('',(0.0249623640068047,0.0035,0.00839816385106372));
#16933=CARTESIAN_POINT('',(0.0247215997637609,0.0035,0.00905545570349426));
#16934=CARTESIAN_POINT('',(0.0244808355207171,0.0035,0.0097127475559248));
#16935=CARTESIAN_POINT('',(0.0244808355207171,0.0035,0.0097127475559248));
#16936=CARTESIAN_POINT('',(0.0251562915252574,0.0035,0.00845021901507186));
#16937=CARTESIAN_POINT('',(0.0251562915252574,-0.0035,0.00845021901507186));
#16938=CARTESIAN_POINT('',(0.0253502190437102,-0.0035,0.00850227417907999));
#16939=CARTESIAN_POINT('',(0.0253502190437102,0.0035,0.00850227417907999));
#16940=CARTESIAN_POINT('',(0.0253502190437102,0.0035,0.00850227417907999));
#16941=CARTESIAN_POINT('',(0.0251562915252574,0.0035,0.00845021901507186));
#16942=CARTESIAN_POINT('',(-5.71247436898811E-14,0.0035,-1.84944502353251E-14));
#16943=CARTESIAN_POINT('',(-5.71247436898811E-14,-0.0035,-1.84944502353251E-14));
#16944=CARTESIAN_POINT('',(0.0255075016955221,-0.0035,0.00801808138105821));
#16945=CARTESIAN_POINT('',(0.0255075016955221,0.0035,0.00801808138105821));
#16946=CARTESIAN_POINT('',(0.0255075016955221,0.0035,0.00801808138105821));
#16947=CARTESIAN_POINT('',(-5.71247436898811E-14,0.0035,-1.84944502353251E-14));
#16948=CARTESIAN_POINT('',(0.0253200027382192,0.0035,0.00794623596698415));
#16949=CARTESIAN_POINT('',(0.0253200027382192,0.0035,0.00794623596698415));
#16950=CARTESIAN_POINT('',(0.0253200027382192,-0.0035,0.00794623596698415));
#16951=CARTESIAN_POINT('',(0.0269156740708279,0.0035,0.01067876736994));
#16952=CARTESIAN_POINT('',(0.0269156740708279,0.0035,0.01067876736994));
#16953=CARTESIAN_POINT('',(0.0245412909459765,0.0035,0.00973673318678424));
#16954=CARTESIAN_POINT('',(0.0245412909459763,0.0035,0.00973673318678416));
#16955=CARTESIAN_POINT('',(0.0245412909459765,-0.0035,0.00973673318678424));
#16956=CARTESIAN_POINT('',(0.0269156740708279,-0.0035,0.01067876736994));
#16957=CARTESIAN_POINT('',(0.0239853210700403,0.0035,0.0108564794498313));
#16958=CARTESIAN_POINT('',(0.0239853210700403,-0.0035,0.0108564794498313));
#16959=CARTESIAN_POINT('',(0.0242739704922721,-0.0035,0.0102187635953591));
#16960=CARTESIAN_POINT('',(0.0236966716478086,-0.0035,0.0114941953043036));
#16961=CARTESIAN_POINT('',(0.0242739704922721,0.0035,0.0102187635953591));
#16962=CARTESIAN_POINT('',(0.0242739704922721,0.0035,0.0102187635953591));
#16963=CARTESIAN_POINT('',(0.0239853210700403,0.0035,0.0108564794498313));
#16964=CARTESIAN_POINT('',(0.0236966716478086,0.0035,0.0114941953043036));
#16965=CARTESIAN_POINT('',(0.0236966716478086,0.0035,0.0114941953043036));
#16966=CARTESIAN_POINT('',(0.0244635240228661,0.0035,0.0102849986431246));
#16967=CARTESIAN_POINT('',(0.0244635240228661,-0.0035,0.0102849986431246));
#16968=CARTESIAN_POINT('',(0.0246530775534601,-0.0035,0.0103512336908901));
#16969=CARTESIAN_POINT('',(0.0246530775534601,0.0035,0.0103512336908901));
#16970=CARTESIAN_POINT('',(0.0246530775534601,0.0035,0.0103512336908901));
#16971=CARTESIAN_POINT('',(0.0244635240228661,0.0035,0.0102849986431246));
#16972=CARTESIAN_POINT('',(-5.56028840253457E-14,0.0035,-2.26627518012594E-14));
#16973=CARTESIAN_POINT('',(-5.56028840253457E-14,-0.0035,-2.26627518012594E-14));
#16974=CARTESIAN_POINT('',(0.0248456895555395,-0.0035,0.00987997886081184));
#16975=CARTESIAN_POINT('',(0.0248456895555395,0.0035,0.00987997886081184));
#16976=CARTESIAN_POINT('',(0.0248456895555395,0.0035,0.00987997886081184));
#16977=CARTESIAN_POINT('',(-5.56028840253457E-14,0.0035,-2.26627518012594E-14));
#16978=CARTESIAN_POINT('',(0.0246640085907962,0.0035,0.00979448237221092));
#16979=CARTESIAN_POINT('',(0.0246640085907962,0.0035,0.00979448237221092));
#16980=CARTESIAN_POINT('',(0.0246640085907962,-0.0035,0.00979448237221092));
#16981=CARTESIAN_POINT('',(0.0260535180711496,0.0035,0.0126373960666197));
#16982=CARTESIAN_POINT('',(0.0260535180711496,0.0035,0.0126373960666197));
#16983=CARTESIAN_POINT('',(0.0237551905803212,0.0035,0.0115225802205187));
#16984=CARTESIAN_POINT('',(0.0237551905803211,0.0035,0.0115225802205186));
#16985=CARTESIAN_POINT('',(0.0237551905803212,-0.0035,0.0115225802205187));
#16986=CARTESIAN_POINT('',(0.0260535180711496,-0.0035,0.0126373960666197));
#16987=CARTESIAN_POINT('',(0.0231180428700627,0.0035,0.0125982088701319));
#16988=CARTESIAN_POINT('',(0.0231180428700627,-0.0035,0.0125982088701319));
#16989=CARTESIAN_POINT('',(0.0234530009684337,-0.0035,0.0119835519964733));
#16990=CARTESIAN_POINT('',(0.0227830847716919,-0.0035,0.0132128657437905));
#16991=CARTESIAN_POINT('',(0.0234530009684337,0.0035,0.0119835519964733));
#16992=CARTESIAN_POINT('',(0.0234530009684337,0.0035,0.0119835519964733));
#16993=CARTESIAN_POINT('',(0.0231180428700627,0.0035,0.0125982088701319));
#16994=CARTESIAN_POINT('',(0.0227830847716919,0.0035,0.0132128657437905));
#16995=CARTESIAN_POINT('',(0.0227830847716919,0.0035,0.0132128657437905));
#16996=CARTESIAN_POINT('',(0.0236371452355166,0.0035,0.0120636051751338));
#16997=CARTESIAN_POINT('',(0.0236371452355166,-0.0035,0.0120636051751338));
#16998=CARTESIAN_POINT('',(0.0238212895025995,-0.0035,0.0121436583537942));
#16999=CARTESIAN_POINT('',(0.0238212895025995,0.0035,0.0121436583537942));
#17000=CARTESIAN_POINT('',(0.0238212895025995,0.0035,0.0121436583537942));
#17001=CARTESIAN_POINT('',(0.0236371452355166,0.0035,0.0120636051751338));
#17002=CARTESIAN_POINT('',(-5.37773406897636E-14,0.0035,-2.67072772756533E-14));
#17003=CARTESIAN_POINT('',(-5.37773406897636E-14,-0.0035,-2.67072772756533E-14));
#17004=CARTESIAN_POINT('',(0.0240481788749836,-0.0035,0.0116879153221236));
#17005=CARTESIAN_POINT('',(0.0240481788749836,0.0035,0.0116879153221236));
#17006=CARTESIAN_POINT('',(0.0240481788749836,0.0035,0.0116879153221236));
#17007=CARTESIAN_POINT('',(-5.37773406897636E-14,0.0035,-2.67072772756533E-14));
#17008=CARTESIAN_POINT('',(0.0238733081812274,0.0035,0.0115892347111688));
#17009=CARTESIAN_POINT('',(0.0238733081812274,0.0035,0.0115892347111688));
#17010=CARTESIAN_POINT('',(0.0238733081812274,-0.0035,0.0115892347111688));
#17011=CARTESIAN_POINT('',(0.0250490667903861,0.0035,0.0145270036882734));
#17012=CARTESIAN_POINT('',(0.0250490667903861,0.0035,0.0145270036882734));
#17013=CARTESIAN_POINT('',(0.0228393476013416,0.0035,0.0132454949167922));
#17014=CARTESIAN_POINT('',(0.0228393476013417,0.0035,0.0132454949167923));
#17015=CARTESIAN_POINT('',(0.0228393476013416,-0.0035,0.0132454949167922));
#17016=CARTESIAN_POINT('',(0.0250490667903861,-0.0035,0.0145270036882734));
#17017=CARTESIAN_POINT('',(0.0221245019366091,0.0035,0.0142711312422846));
#17018=CARTESIAN_POINT('',(0.0221245019366091,-0.0035,0.0142711312422846));
#17019=CARTESIAN_POINT('',(0.0225039392861398,-0.0035,0.0136828903921381));
#17020=CARTESIAN_POINT('',(0.0217450645870784,-0.0035,0.0148593720924311));
#17021=CARTESIAN_POINT('',(0.0225039392861398,0.0035,0.0136828903921381));
#17022=CARTESIAN_POINT('',(0.0225039392861398,0.0035,0.0136828903921381));
#17023=CARTESIAN_POINT('',(0.0221245019366091,0.0035,0.0142711312422846));
#17024=CARTESIAN_POINT('',(0.0217450645870784,0.0035,0.0148593720924311));
#17025=CARTESIAN_POINT('',(0.0217450645870784,0.0035,0.0148593720924311));
#17026=CARTESIAN_POINT('',(0.0226816685575808,0.0035,0.0137763244789917));
#17027=CARTESIAN_POINT('',(0.0226816685575808,-0.0035,0.0137763244789917));
#17028=CARTESIAN_POINT('',(0.022859397829022,-0.0035,0.0138697585658454));
#17029=CARTESIAN_POINT('',(0.022859397829022,0.0035,0.0138697585658454));
#17030=CARTESIAN_POINT('',(0.022859397829022,0.0035,0.0138697585658454));
#17031=CARTESIAN_POINT('',(0.0226816685575808,0.0035,0.0137763244789917));
#17032=CARTESIAN_POINT('',(-5.16580841677872E-14,0.0035,-3.06059368628922E-14));
#17033=CARTESIAN_POINT('',(-5.16580841677872E-14,-0.0035,-3.06059368628922E-14));
#17034=CARTESIAN_POINT('',(0.0231193253806373,-0.0035,0.0134320164429827));
#17035=CARTESIAN_POINT('',(0.0231193253806373,0.0035,0.0134320164429827));
#17036=CARTESIAN_POINT('',(0.0231193253806373,0.0035,0.0134320164429827));
#17037=CARTESIAN_POINT('',(-5.16580841677872E-14,0.0035,-3.06059368628922E-14));
#17038=CARTESIAN_POINT('',(0.0229522200409575,0.0035,0.0133206906689514));
#17039=CARTESIAN_POINT('',(0.0229522200409575,0.0035,0.0133206906689514));
#17040=CARTESIAN_POINT('',(0.0229522200409575,-0.0035,0.0133206906689514));
#17041=CARTESIAN_POINT('',(0.023907806193118,0.0035,0.0163372698533336));
#17042=CARTESIAN_POINT('',(0.023907806193118,0.0035,0.0163372698533336));
#17043=CARTESIAN_POINT('',(0.0217987640258,0.0035,0.0148960673129914));
#17044=CARTESIAN_POINT('',(0.0217987640258,0.0035,0.0148960673129914));
#17045=CARTESIAN_POINT('',(0.0217987640258,-0.0035,0.0148960673129914));
#17046=CARTESIAN_POINT('',(0.023907806193118,-0.0035,0.0163372698533336));
#17047=CARTESIAN_POINT('',(0.0210101246457261,0.0035,0.0158661096444145));
#17048=CARTESIAN_POINT('',(0.0210101246457261,-0.0035,0.0158661096444145));
#17049=CARTESIAN_POINT('',(0.0214319688911916,-0.0035,0.0153074975853184));
#17050=CARTESIAN_POINT('',(0.0205882804002606,-0.0035,0.0164247217035107));
#17051=CARTESIAN_POINT('',(0.0214319688911916,0.0035,0.0153074975853184));
#17052=CARTESIAN_POINT('',(0.0214319688911916,0.0035,0.0153074975853184));
#17053=CARTESIAN_POINT('',(0.0210101246457261,0.0035,0.0158661096444145));
#17054=CARTESIAN_POINT('',(0.0205882804002606,0.0035,0.0164247217035107));
#17055=CARTESIAN_POINT('',(0.0205882804002606,0.0035,0.0164247217035107));
#17056=CARTESIAN_POINT('',(0.0216023124713416,0.0035,0.0154138022757833));
#17057=CARTESIAN_POINT('',(0.0216023124713416,-0.0035,0.0154138022757833));
#17058=CARTESIAN_POINT('',(0.0217726560514916,-0.0035,0.0155201069662481));
#17059=CARTESIAN_POINT('',(0.0217726560514916,0.0035,0.0155201069662481));
#17060=CARTESIAN_POINT('',(0.0217726560514916,0.0035,0.0155201069662481));
#17061=CARTESIAN_POINT('',(0.0216023124713416,0.0035,0.0154138022757833));
#17062=CARTESIAN_POINT('',(-4.92566891036416E-14,0.0035,-3.4337437436255E-14));
#17063=CARTESIAN_POINT('',(-4.92566891036416E-14,-0.0035,-3.4337437436255E-14));
#17064=CARTESIAN_POINT('',(0.0220642021481868,-0.0035,0.0151027565478717));
#17065=CARTESIAN_POINT('',(0.0220642021481868,0.0035,0.0151027565478717));
#17066=CARTESIAN_POINT('',(0.0220642021481868,0.0035,0.0151027565478717));
#17067=CARTESIAN_POINT('',(-4.92566891036416E-14,0.0035,-3.4337437436255E-14));
#17068=CARTESIAN_POINT('',(0.0219057748340014,0.0035,0.0149793936335371));
#17069=CARTESIAN_POINT('',(0.0219057748340014,0.0035,0.0149793936335371));
#17070=CARTESIAN_POINT('',(0.0219057748340014,-0.0035,0.0149793936335371));
#17071=CARTESIAN_POINT('',(0.0226359694489706,0.0035,0.0180583075157558));
#17072=CARTESIAN_POINT('',(0.0226359694489706,0.0035,0.0180583075157558));
#17073=CARTESIAN_POINT('',(0.020639123160341,0.0035,0.0164652825550595));
#17074=CARTESIAN_POINT('',(0.0206391231603411,0.0035,0.0164652825550596));
#17075=CARTESIAN_POINT('',(0.020639123160341,-0.0035,0.0164652825550595));
#17076=CARTESIAN_POINT('',(0.0226359694489706,-0.0035,0.0180583075157558));
#17077=CARTESIAN_POINT('',(0.0197809973397421,0.0035,0.0173744328575826));
#17078=CARTESIAN_POINT('',(0.0197809973397421,-0.0035,0.0173744328575826));
#17079=CARTESIAN_POINT('',(0.0202429445141572,-0.0035,0.0168485005348928));
#17080=CARTESIAN_POINT('',(0.019319050165327,-0.0035,0.0179003651802724));
#17081=CARTESIAN_POINT('',(0.0202429445141572,0.0035,0.0168485005348928));
#17082=CARTESIAN_POINT('',(0.0202429445141572,0.0035,0.0168485005348928));
#17083=CARTESIAN_POINT('',(0.0197809973397421,0.0035,0.0173744328575826));
#17084=CARTESIAN_POINT('',(0.019319050165327,0.0035,0.0179003651802724));
#17085=CARTESIAN_POINT('',(0.019319050165327,0.0035,0.0179003651802724));
#17086=CARTESIAN_POINT('',(0.0204049720454518,0.0035,0.0169670952296129));
#17087=CARTESIAN_POINT('',(0.0204049720454518,-0.0035,0.0169670952296129));
#17088=CARTESIAN_POINT('',(0.0205669995767463,-0.0035,0.017085689924333));
#17089=CARTESIAN_POINT('',(0.0205669995767463,0.0035,0.017085689924333));
#17090=CARTESIAN_POINT('',(0.0205669995767463,0.0035,0.017085689924333));
#17091=CARTESIAN_POINT('',(0.0204049720454518,0.0035,0.0169670952296129));
#17092=CARTESIAN_POINT('',(-4.65862710844316E-14,0.0035,-3.78813988335882E-14));
#17093=CARTESIAN_POINT('',(-4.65862710844316E-14,-0.0035,-3.78813988335882E-14));
#17094=CARTESIAN_POINT('',(0.0208885718948412,-0.0035,0.016691010633703));
#17095=CARTESIAN_POINT('',(0.0208885718948412,0.0035,0.016691010633703));
#17096=CARTESIAN_POINT('',(0.0208885718948412,0.0035,0.016691010633703));
#17097=CARTESIAN_POINT('',(-4.65862710844316E-14,0.0035,-3.78813988335882E-14));
#17098=CARTESIAN_POINT('',(0.020739687881202,0.0035,0.0165562843445244));
#17099=CARTESIAN_POINT('',(0.020739687881202,0.0035,0.0165562843445244));
#17100=CARTESIAN_POINT('',(0.020739687881202,-0.0035,0.0165562843445244));
#17101=CARTESIAN_POINT('',(0.0212405028892038,0.0035,0.0196807169646347));
#17102=CARTESIAN_POINT('',(0.0212405028892038,0.0035,0.0196807169646347));
#17103=CARTESIAN_POINT('',(0.0193667585612418,0.0035,0.0179445701335041));
#17104=CARTESIAN_POINT('',(0.0193667585612418,0.0035,0.0179445701335042));
#17105=CARTESIAN_POINT('',(0.0193667585612418,-0.0035,0.0179445701335041));
#17106=CARTESIAN_POINT('',(0.0212405028892038,-0.0035,0.0196807169646347));
#17107=CARTESIAN_POINT('',(0.0184438330857761,0.0035,0.018787862943442));
#17108=CARTESIAN_POINT('',(0.0184438330857761,-0.0035,0.018787862943442));
#17109=CARTESIAN_POINT('',(0.0189433601938644,-0.0035,0.0182974828171267));
#17110=CARTESIAN_POINT('',(0.0179443059776879,-0.0035,0.0192782430697573));
#17111=CARTESIAN_POINT('',(0.0189433601938644,0.0035,0.0182974828171267));
#17112=CARTESIAN_POINT('',(0.0189433601938644,0.0035,0.0182974828171267));
#17113=CARTESIAN_POINT('',(0.0184438330857761,0.0035,0.018787862943442));
#17114=CARTESIAN_POINT('',(0.0179443059776879,0.0035,0.0192782430697573));
#17115=CARTESIAN_POINT('',(0.0179443059776879,0.0035,0.0192782430697573));
#17116=CARTESIAN_POINT('',(0.019096186738114,0.0035,0.0184277197930048));
#17117=CARTESIAN_POINT('',(0.019096186738114,-0.0035,0.0184277197930048));
#17118=CARTESIAN_POINT('',(0.0192490132823637,-0.0035,0.0185579567688828));
#17119=CARTESIAN_POINT('',(0.0192490132823637,0.0035,0.0185579567688828));
#17120=CARTESIAN_POINT('',(0.0192490132823637,0.0035,0.0185579567688828));
#17121=CARTESIAN_POINT('',(0.019096186738114,0.0035,0.0184277197930048));
#17122=CARTESIAN_POINT('',(-4.36614150073531E-14,0.0035,-4.12184651666848E-14));
#17123=CARTESIAN_POINT('',(-4.36614150073531E-14,-0.0035,-4.12184651666848E-14));
#17124=CARTESIAN_POINT('',(0.0195988555053689,-0.0035,0.0181881042074209));
#17125=CARTESIAN_POINT('',(0.0195988555053689,0.0035,0.0181881042074209));
#17126=CARTESIAN_POINT('',(0.0195988555053689,0.0035,0.0181881042074209));
#17127=CARTESIAN_POINT('',(-4.36614150073531E-14,0.0035,-4.12184651666848E-14));
#17128=CARTESIAN_POINT('',(0.0194603279451298,0.0035,0.0180427503716706));
#17129=CARTESIAN_POINT('',(0.0194603279451298,0.0035,0.0180427503716706));
#17130=CARTESIAN_POINT('',(0.0194603279451298,-0.0035,0.0180427503716706));
#17131=CARTESIAN_POINT('',(0.0197290280682588,0.0035,0.0211956371621659));
#17132=CARTESIAN_POINT('',(0.0197290280682588,0.0035,0.0211956371621659));
#17133=CARTESIAN_POINT('',(0.017988619442722,0.0035,0.0193258506925461));
#17134=CARTESIAN_POINT('',(0.0179886194427222,0.0035,0.0193258506925462));
#17135=CARTESIAN_POINT('',(0.017988619442722,-0.0035,0.0193258506925461));
#17136=CARTESIAN_POINT('',(0.0197290280682588,-0.0035,0.0211956371621659));
#17137=CARTESIAN_POINT('',(0.0170059350112927,0.0035,0.0200986802370011));
#17138=CARTESIAN_POINT('',(0.0170059350112927,-0.0035,0.0200986802370011));
#17139=CARTESIAN_POINT('',(0.0175403138092114,-0.0035,0.0196465305932604));
#17140=CARTESIAN_POINT('',(0.0164715562133739,-0.0035,0.0205508298807419));
#17141=CARTESIAN_POINT('',(0.0175403138092114,0.0035,0.0196465305932604));
#17142=CARTESIAN_POINT('',(0.0175403138092114,0.0035,0.0196465305932604));
#17143=CARTESIAN_POINT('',(0.0170059350112927,0.0035,0.0200986802370011));
#17144=CARTESIAN_POINT('',(0.0164715562133739,0.0035,0.0205508298807419));
#17145=CARTESIAN_POINT('',(0.0164715562133739,0.0035,0.0205508298807419));
#17146=CARTESIAN_POINT('',(0.0176831046808274,0.0035,0.0197876985410966));
#17147=CARTESIAN_POINT('',(0.0176831046808274,-0.0035,0.0197876985410966));
#17148=CARTESIAN_POINT('',(0.0178258955524434,-0.0035,0.0199288664889329));
#17149=CARTESIAN_POINT('',(0.0178258955524434,0.0035,0.0199288664889329));
#17150=CARTESIAN_POINT('',(0.0178258955524434,0.0035,0.0199288664889329));
#17151=CARTESIAN_POINT('',(0.0176831046808274,0.0035,0.0197876985410966));
#17152=CARTESIAN_POINT('',(-4.04980954220421E-14,0.0035,-4.4330410536433E-14));
#17153=CARTESIAN_POINT('',(-4.04980954220421E-14,-0.0035,-4.4330410536433E-14));
#17154=CARTESIAN_POINT('',(0.0182020969634524,-0.0035,0.0195858606630757));
#17155=CARTESIAN_POINT('',(0.0182020969634524,0.0035,0.0195858606630757));
#17156=CARTESIAN_POINT('',(0.0182020969634524,0.0035,0.0195858606630757));
#17157=CARTESIAN_POINT('',(-4.04980954220421E-14,0.0035,-4.4330410536433E-14));
#17158=CARTESIAN_POINT('',(0.0180746824461098,0.0035,0.0194306731529999));
#17159=CARTESIAN_POINT('',(0.0180746824461098,0.0035,0.0194306731529999));
#17160=CARTESIAN_POINT('',(0.0180746824461098,-0.0035,0.0194306731529999));
#17161=CARTESIAN_POINT('',(0.0181098001374711,0.0035,0.022594794139562));
#17162=CARTESIAN_POINT('',(0.0181098001374711,0.0035,0.022594794139562));
#17163=CARTESIAN_POINT('',(0.0165122327227487,0.0035,0.0206015801567618));
#17164=CARTESIAN_POINT('',(0.0165122327227486,0.0035,0.0206015801567617));
#17165=CARTESIAN_POINT('',(0.0165122327227487,-0.0035,0.0206015801567618));
#17166=CARTESIAN_POINT('',(0.0181098001374711,-0.0035,0.022594794139562));
#17167=CARTESIAN_POINT('',(0.0154751564169525,0.0035,0.0212997255087568));
#17168=CARTESIAN_POINT('',(0.0154751564169525,-0.0035,0.0212997255087568));
#17169=CARTESIAN_POINT('',(0.0160414683130149,-0.0035,0.0208882758321521));
#17170=CARTESIAN_POINT('',(0.01490884452089,-0.0035,0.0217111751853616));
#17171=CARTESIAN_POINT('',(0.0160414683130149,0.0035,0.0208882758321521));
#17172=CARTESIAN_POINT('',(0.0160414683130149,0.0035,0.0208882758321521));
#17173=CARTESIAN_POINT('',(0.0154751564169525,0.0035,0.0212997255087568));
#17174=CARTESIAN_POINT('',(0.01490884452089,0.0035,0.0217111751853616));
#17175=CARTESIAN_POINT('',(0.01490884452089,0.0035,0.0217111751853616));
#17176=CARTESIAN_POINT('',(0.0161734436377723,0.0035,0.0210396037415685));
#17177=CARTESIAN_POINT('',(0.0161734436377723,-0.0035,0.0210396037415685));
#17178=CARTESIAN_POINT('',(0.0163054189625297,-0.0035,0.0211909316509849));
#17179=CARTESIAN_POINT('',(0.0163054189625297,0.0035,0.0211909316509849));
#17180=CARTESIAN_POINT('',(0.0163054189625297,0.0035,0.0211909316509849));
#17181=CARTESIAN_POINT('',(0.0161734436377723,0.0035,0.0210396037415685));
#17182=CARTESIAN_POINT('',(-3.71135892831244E-14,0.0035,-4.72002385763577E-14));
#17183=CARTESIAN_POINT('',(-3.71135892831244E-14,-0.0035,-4.72002385763577E-14));
#17184=CARTESIAN_POINT('',(0.0167059248798913,-0.0035,0.0208766459396083));
#17185=CARTESIAN_POINT('',(0.0167059248798913,0.0035,0.0208766459396083));
#17186=CARTESIAN_POINT('',(0.0167059248798913,0.0035,0.0208766459396083));
#17187=CARTESIAN_POINT('',(-3.71135892831244E-14,0.0035,-4.72002385763577E-14));
#17188=CARTESIAN_POINT('',(0.0165903192993553,0.0035,0.0207124723355725));
#17189=CARTESIAN_POINT('',(0.0165903192993553,0.0035,0.0207124723355725));
#17190=CARTESIAN_POINT('',(0.0165903192993553,-0.0035,0.0207124723355725));
#17191=CARTESIAN_POINT('',(0.0163916627582966,0.0035,0.0238705461866001));
#17192=CARTESIAN_POINT('',(0.0163916627582966,0.0035,0.0238705461866001));
#17193=CARTESIAN_POINT('',(0.0149456619136162,0.0035,0.021764790934203));
#17194=CARTESIAN_POINT('',(0.0149456619136162,0.0035,0.0217647909342028));
#17195=CARTESIAN_POINT('',(0.0149456619136162,-0.0035,0.021764790934203));
#17196=CARTESIAN_POINT('',(0.0163916627582966,-0.0035,0.0238705461866001));
#17197=CARTESIAN_POINT('',(0.0138598578846072,0.0035,0.022384439065923));
#17198=CARTESIAN_POINT('',(0.0138598578846072,-0.0035,0.022384439065923));
#17199=CARTESIAN_POINT('',(0.0144550098796179,-0.0035,0.0220159365519089));
#17200=CARTESIAN_POINT('',(0.0132647058895965,-0.0035,0.0227529415799372));
#17201=CARTESIAN_POINT('',(0.0144550098796179,0.0035,0.0220159365519089));
#17202=CARTESIAN_POINT('',(0.0144550098796179,0.0035,0.0220159365519089));
#17203=CARTESIAN_POINT('',(0.0138598578846072,0.0035,0.022384439065923));
#17204=CARTESIAN_POINT('',(0.0132647058895965,0.0035,0.0227529415799372));
#17205=CARTESIAN_POINT('',(0.0132647058895965,0.0035,0.0227529415799372));
#17206=CARTESIAN_POINT('',(0.0145754488540581,0.0035,0.0221765979223404));
#17207=CARTESIAN_POINT('',(0.0145754488540581,-0.0035,0.0221765979223404));
#17208=CARTESIAN_POINT('',(0.0146958878284983,-0.0035,0.022337259292772));
#17209=CARTESIAN_POINT('',(0.0146958878284983,0.0035,0.022337259292772));
#17210=CARTESIAN_POINT('',(0.0146958878284983,0.0035,0.022337259292772));
#17211=CARTESIAN_POINT('',(0.0145754488540581,0.0035,0.0221765979223404));
#17212=CARTESIAN_POINT('',(-3.352638158948E-14,0.0035,-4.98122752808793E-14));
#17213=CARTESIAN_POINT('',(-3.352638158948E-14,-0.0035,-4.98122752808793E-14));
#17214=CARTESIAN_POINT('',(0.0151185108277761,-0.0035,0.0220534102154464));
#17215=CARTESIAN_POINT('',(0.0151185108277761,0.0035,0.0220534102154464));
#17216=CARTESIAN_POINT('',(0.0151185108277761,0.0035,0.0220534102154464));
#17217=CARTESIAN_POINT('',(-3.352638158948E-14,0.0035,-4.98122752808793E-14));
#17218=CARTESIAN_POINT('',(0.0150153455816389,0.0035,0.021881147176745));
#17219=CARTESIAN_POINT('',(0.0150153455816389,0.0035,0.021881147176745));
#17220=CARTESIAN_POINT('',(0.0150153455816389,-0.0035,0.021881147176745));
#17221=CARTESIAN_POINT('',(0.0145839998012989,0.0035,0.0250159255879939));
#17222=CARTESIAN_POINT('',(0.0145839998012989,0.0035,0.0250159255879939));
#17223=CARTESIAN_POINT('',(0.0132974630818424,0.0035,0.0228091299709727));
#17224=CARTESIAN_POINT('',(0.0132974630818424,0.0035,0.0228091299709727));
#17225=CARTESIAN_POINT('',(0.0132974630818424,-0.0035,0.0228091299709727));
#17226=CARTESIAN_POINT('',(0.0145839998012989,-0.0035,0.0250159255879939));
#17227=CARTESIAN_POINT('',(0.012168861614701,0.0035,0.0233468965791984));
#17228=CARTESIAN_POINT('',(0.012168861614701,-0.0035,0.0233468965791984));
#17229=CARTESIAN_POINT('',(0.012789603194845,-0.0035,0.0230233538607202));
#17230=CARTESIAN_POINT('',(0.011548120034557,-0.0035,0.0236704392976767));
#17231=CARTESIAN_POINT('',(0.012789603194845,0.0035,0.0230233538607202));
#17232=CARTESIAN_POINT('',(0.012789603194845,0.0035,0.0230233538607202));
#17233=CARTESIAN_POINT('',(0.012168861614701,0.0035,0.0233468965791984));
#17234=CARTESIAN_POINT('',(0.011548120034557,0.0035,0.0236704392976767));
#17235=CARTESIAN_POINT('',(0.011548120034557,0.0035,0.0236704392976767));
#17236=CARTESIAN_POINT('',(0.0128978480230545,0.0035,0.0231924712154744));
#17237=CARTESIAN_POINT('',(0.0128978480230545,-0.0035,0.0231924712154744));
#17238=CARTESIAN_POINT('',(0.013006092851264,-0.0035,0.0233615885702286));
#17239=CARTESIAN_POINT('',(0.013006092851264,0.0035,0.0233615885702286));
#17240=CARTESIAN_POINT('',(0.013006092851264,0.0035,0.0233615885702286));
#17241=CARTESIAN_POINT('',(0.0128978480230545,0.0035,0.0231924712154744));
#17242=CARTESIAN_POINT('',(-2.97560644255901E-14,0.0035,-5.2152254611298E-14));
#17243=CARTESIAN_POINT('',(-2.97560644255901E-14,-0.0035,-5.2152254611298E-14));
#17244=CARTESIAN_POINT('',(0.0134485247121894,-0.0035,0.0231097264121834));
#17245=CARTESIAN_POINT('',(0.0134485247121894,0.0035,0.0231097264121834));
#17246=CARTESIAN_POINT('',(0.0134485247121894,0.0035,0.0231097264121834));
#17247=CARTESIAN_POINT('',(-2.97560644255901E-14,0.0035,-5.2152254611298E-14));
#17248=CARTESIAN_POINT('',(0.0133583632532507,0.0035,0.022930314779798));
#17249=CARTESIAN_POINT('',(0.0133583632532507,0.0035,0.022930314779798));
#17250=CARTESIAN_POINT('',(0.0133583632532507,-0.0035,0.022930314779798));
#17251=CARTESIAN_POINT('',(0.0126966840947031,0.0035,0.0260246766786381));
#17252=CARTESIAN_POINT('',(0.0126966840947031,0.0035,0.0260246766786381));
#17253=CARTESIAN_POINT('',(0.0115766381178977,0.0035,0.0237288934493986));
#17254=CARTESIAN_POINT('',(0.0115766381178977,0.0035,0.0237288934493986));
#17255=CARTESIAN_POINT('',(0.0115766381178977,-0.0035,0.0237288934493986));
#17256=CARTESIAN_POINT('',(0.0126966840947031,-0.0035,0.0260246766786381));
#17257=CARTESIAN_POINT('',(0.0104114032424706,0.0035,0.0241818414393984));
#17258=CARTESIAN_POINT('',(0.0104114032424706,-0.0035,0.0241818414393984));
#17259=CARTESIAN_POINT('',(0.0110543441324928,-0.0035,0.023905025594589));
#17260=CARTESIAN_POINT('',(0.00976846235244847,-0.0035,0.0244586572842077));
#17261=CARTESIAN_POINT('',(0.0110543441324928,0.0035,0.023905025594589));
#17262=CARTESIAN_POINT('',(0.0110543441324928,0.0035,0.023905025594589));
#17263=CARTESIAN_POINT('',(0.0104114032424706,0.0035,0.0241818414393984));
#17264=CARTESIAN_POINT('',(0.00976846235244847,0.0035,0.0244586572842077));
#17265=CARTESIAN_POINT('',(0.00976846235244847,0.0035,0.0244586572842077));
#17266=CARTESIAN_POINT('',(0.011149803618756,0.0035,0.0240816752733192));
#17267=CARTESIAN_POINT('',(0.011149803618756,-0.0035,0.0240816752733192));
#17268=CARTESIAN_POINT('',(0.0112452631050193,-0.0035,0.0242583249520495));
#17269=CARTESIAN_POINT('',(0.0112452631050193,0.0035,0.0242583249520495));
#17270=CARTESIAN_POINT('',(0.0112452631050193,0.0035,0.0242583249520495));
#17271=CARTESIAN_POINT('',(0.011149803618756,0.0035,0.0240816752733192));
#17272=CARTESIAN_POINT('',(-2.5823229956365E-14,0.0035,-5.42073964119493E-14));
#17273=CARTESIAN_POINT('',(-2.5823229956365E-14,-0.0035,-5.42073964119493E-14));
#17274=CARTESIAN_POINT('',(0.0117050874181909,-0.0035,0.0240398252970533));
#17275=CARTESIAN_POINT('',(0.0117050874181909,0.0035,0.0240398252970533));
#17276=CARTESIAN_POINT('',(0.0117050874181909,0.0035,0.0240398252970533));
#17277=CARTESIAN_POINT('',(-2.5823229956365E-14,0.0035,-5.42073964119493E-14));
#17278=CARTESIAN_POINT('',(0.0116284221770738,0.0035,0.0238542449551051));
#17279=CARTESIAN_POINT('',(0.0116284221770738,0.0035,0.0238542449551051));
#17280=CARTESIAN_POINT('',(0.0116284221770738,-0.0035,0.0238542449551051));
#17281=CARTESIAN_POINT('',(0.0107400235024312,0.0035,0.0268912900098816));
#17282=CARTESIAN_POINT('',(0.0107400235024312,0.0035,0.0268912900098816));
#17283=CARTESIAN_POINT('',(0.00979258557100224,0.0035,0.02451905794031));
#17284=CARTESIAN_POINT('',(0.00979258557100226,0.0035,0.0245190579403101));
#17285=CARTESIAN_POINT('',(0.00979258557100224,-0.0035,0.02451905794031));
#17286=CARTESIAN_POINT('',(0.0107400235024312,-0.0035,0.0268912900098816));
#17287=CARTESIAN_POINT('',(0.00859708139610858,0.0035,0.0248847134672316));
#17288=CARTESIAN_POINT('',(0.00859708139610858,-0.0035,0.0248847134672316));
#17289=CARTESIAN_POINT('',(0.00925871007582115,-0.0035,0.0246561363682435));
#17290=CARTESIAN_POINT('',(0.007935452716396,-0.0035,0.0251132905662196));
#17291=CARTESIAN_POINT('',(0.00925871007582115,0.0035,0.0246561363682435));
#17292=CARTESIAN_POINT('',(0.00925871007582115,0.0035,0.0246561363682435));
#17293=CARTESIAN_POINT('',(0.00859708139610858,0.0035,0.0248847134672316));
#17294=CARTESIAN_POINT('',(0.007935452716396,0.0035,0.0251132905662196));
#17295=CARTESIAN_POINT('',(0.007935452716396,0.0035,0.0251132905662196));
#17296=CARTESIAN_POINT('',(0.00934086285352691,0.0035,0.0248393535716617));
#17297=CARTESIAN_POINT('',(0.00934086285352691,-0.0035,0.0248393535716617));
#17298=CARTESIAN_POINT('',(0.00942301563123266,-0.0035,0.0250225707750798));
#17299=CARTESIAN_POINT('',(0.00942301563123266,0.0035,0.0250225707750798));
#17300=CARTESIAN_POINT('',(0.00942301563123266,0.0035,0.0250225707750798));
#17301=CARTESIAN_POINT('',(0.00934086285352691,0.0035,0.0248393535716617));
#17302=CARTESIAN_POINT('',(-2.17493579598803E-14,0.0035,-5.59664762109829E-14));
#17303=CARTESIAN_POINT('',(-2.17493579598803E-14,-0.0035,-5.59664762109829E-14));
#17304=CARTESIAN_POINT('',(0.00989772099570582,-0.0035,0.0248386269924789));
#17305=CARTESIAN_POINT('',(0.00989772099570582,0.0035,0.0248386269924789));
#17306=CARTESIAN_POINT('',(0.00989772099570582,0.0035,0.0248386269924789));
#17307=CARTESIAN_POINT('',(-2.17493579598803E-14,0.0035,-5.59664762109829E-14));
#17308=CARTESIAN_POINT('',(0.00983497069137213,0.0035,0.0246478915164416));
#17309=CARTESIAN_POINT('',(0.00983497069137213,0.0035,0.0246478915164416));
#17310=CARTESIAN_POINT('',(0.00983497069137213,-0.0035,0.0246478915164416));
#17311=CARTESIAN_POINT('',(0.00872470462612396,0.0035,0.0276110324402262));
#17312=CARTESIAN_POINT('',(0.00872470462612396,0.0035,0.0276110324402262));
#17313=CARTESIAN_POINT('',(0.00795504931750823,0.0035,0.0251753078392637));
#17314=CARTESIAN_POINT('',(0.00795504931750824,0.0035,0.0251753078392638));
#17315=CARTESIAN_POINT('',(0.00795504931750823,-0.0035,0.0251753078392637));
#17316=CARTESIAN_POINT('',(0.00872470462612396,-0.0035,0.0276110324402262));
#17317=CARTESIAN_POINT('',(0.00673580527238446,0.0035,0.025451673819418));
#17318=CARTESIAN_POINT('',(0.00673580527238446,-0.0035,0.025451673819418));
#17319=CARTESIAN_POINT('',(0.00741250815537289,-0.0035,0.0252725838751019));
#17320=CARTESIAN_POINT('',(0.00605910238939603,-0.0035,0.0256307637637341));
#17321=CARTESIAN_POINT('',(0.00741250815537289,0.0035,0.0252725838751019));
#17322=CARTESIAN_POINT('',(0.00741250815537289,0.0035,0.0252725838751019));
#17323=CARTESIAN_POINT('',(0.00673580527238446,0.0035,0.025451673819418));
#17324=CARTESIAN_POINT('',(0.00605910238939603,0.0035,0.0256307637637341));
#17325=CARTESIAN_POINT('',(0.00605910238939603,0.0035,0.0256307637637341));
#17326=CARTESIAN_POINT('',(0.00748090553453755,0.0035,0.0254613679343775));
#17327=CARTESIAN_POINT('',(0.00748090553453755,-0.0035,0.0254613679343775));
#17328=CARTESIAN_POINT('',(0.0075493029137022,-0.0035,0.0256501519936531));
#17329=CARTESIAN_POINT('',(0.0075493029137022,0.0035,0.0256501519936531));
#17330=CARTESIAN_POINT('',(0.0075493029137022,0.0035,0.0256501519936531));
#17331=CARTESIAN_POINT('',(0.00748090553453755,0.0035,0.0254613679343775));
#17332=CARTESIAN_POINT('',(-1.75566985122781E-14,0.0035,-5.74198865245352E-14));
#17333=CARTESIAN_POINT('',(-1.75566985122781E-14,-0.0035,-5.74198865245352E-14));
#17334=CARTESIAN_POINT('',(0.00803629665339052,-0.0035,0.0255017687206013));
#17335=CARTESIAN_POINT('',(0.00803629665339052,0.0035,0.0255017687206013));
#17336=CARTESIAN_POINT('',(0.00803629665339052,0.0035,0.0255017687206013));
#17337=CARTESIAN_POINT('',(-1.75566985122781E-14,0.0035,-5.74198865245352E-14));
#17338=CARTESIAN_POINT('',(0.00798780400624243,0.0035,0.0253069198415034));
#17339=CARTESIAN_POINT('',(0.00798780400624243,0.0035,0.0253069198415034));
#17340=CARTESIAN_POINT('',(0.00798780400624243,-0.0035,0.0253069198415034));
#17341=CARTESIAN_POINT('',(0.00666173443862836,0.0035,0.0281799729861036));
#17342=CARTESIAN_POINT('',(0.00666173443862836,0.0035,0.0281799729861036));
#17343=CARTESIAN_POINT('',(0.00607406534322698,0.0035,0.0256940589368806));
#17344=CARTESIAN_POINT('',(0.00607406534322694,0.0035,0.0256940589368804));
#17345=CARTESIAN_POINT('',(0.00607406534322698,-0.0035,0.0256940589368806));
#17346=CARTESIAN_POINT('',(0.00666173443862836,-0.0035,0.0281799729861036));
#17347=CARTESIAN_POINT('',(0.00483774051604838,0.0035,0.0258796259551199));
#17348=CARTESIAN_POINT('',(0.00483774051604838,-0.0035,0.0258796259551199));
#17349=CARTESIAN_POINT('',(0.00552582168582711,-0.0035,0.0257510012926483));
#17350=CARTESIAN_POINT('',(0.00414965934626965,-0.0035,0.0260082506175915));
#17351=CARTESIAN_POINT('',(0.00552582168582711,0.0035,0.0257510012926483));
#17352=CARTESIAN_POINT('',(0.00552582168582711,0.0035,0.0257510012926483));
#17353=CARTESIAN_POINT('',(0.00483774051604838,0.0035,0.0258796259551199));
#17354=CARTESIAN_POINT('',(0.00414965934626965,0.0035,0.0260082506175915));
#17355=CARTESIAN_POINT('',(0.00414965934626965,0.0035,0.0260082506175915));
#17356=CARTESIAN_POINT('',(0.00558009010368393,0.0035,0.0259443211347144));
#17357=CARTESIAN_POINT('',(0.00558009010368393,-0.0035,0.0259443211347144));
#17358=CARTESIAN_POINT('',(0.00563435852154075,-0.0035,0.0261376409767805));
#17359=CARTESIAN_POINT('',(0.00563435852154075,0.0035,0.0261376409767805));
#17360=CARTESIAN_POINT('',(0.00563435852154075,0.0035,0.0261376409767805));
#17361=CARTESIAN_POINT('',(0.00558009010368393,0.0035,0.0259443211347144));
#17362=CARTESIAN_POINT('',(-1.32681504655656E-14,0.0035,-5.85596893294751E-14));
#17363=CARTESIAN_POINT('',(-1.32681504655656E-14,-0.0035,-5.85596893294751E-14));
#17364=CARTESIAN_POINT('',(0.00613098084551364,-0.0035,0.0260256286312604));
#17365=CARTESIAN_POINT('',(0.00613098084551364,0.0035,0.0260256286312604));
#17366=CARTESIAN_POINT('',(0.00613098084551364,0.0035,0.0260256286312604));
#17367=CARTESIAN_POINT('',(-1.32681504655656E-14,0.0035,-5.85596893294751E-14));
#17368=CARTESIAN_POINT('',(0.00609701070557401,0.0035,0.0258277305461114));
#17369=CARTESIAN_POINT('',(0.00609701070557401,0.0035,0.0258277305461114));
#17370=CARTESIAN_POINT('',(0.00609701070557401,-0.0035,0.0258277305461114));
#17371=CARTESIAN_POINT('',(0.00456238016772912,0.0035,0.0285950042915444));
#17372=CARTESIAN_POINT('',(0.00456238016772912,0.0035,0.0285950042915444));
#17373=CARTESIAN_POINT('',(0.00415990693035425,0.0035,0.0260724779945536));
#17374=CARTESIAN_POINT('',(0.00415990693035423,0.0035,0.0260724779945535));
#17375=CARTESIAN_POINT('',(0.00415990693035425,-0.0035,0.0260724779945536));
#17376=CARTESIAN_POINT('',(0.00456238016772912,-0.0035,0.0285950042915444));
#17377=CARTESIAN_POINT('',(0.00291325369860456,0.0035,0.0261662325481735));
#17378=CARTESIAN_POINT('',(0.00291325369860456,-0.0035,0.0261662325481735));
#17379=CARTESIAN_POINT('',(0.00360895509443125,-0.0035,0.0260887756708495));
#17380=CARTESIAN_POINT('',(0.00221755230277786,-0.0035,0.0262436894254976));
#17381=CARTESIAN_POINT('',(0.00360895509443125,0.0035,0.0260887756708495));
#17382=CARTESIAN_POINT('',(0.00360895509443125,0.0035,0.0260887756708495));
#17383=CARTESIAN_POINT('',(0.00291325369860456,0.0035,0.0261662325481735));
#17384=CARTESIAN_POINT('',(0.00221755230277786,0.0035,0.0262436894254976));
#17385=CARTESIAN_POINT('',(0.00221755230277786,0.0035,0.0262436894254976));
#17386=CARTESIAN_POINT('',(0.00364879815570065,0.0035,0.0262855754497666));
#17387=CARTESIAN_POINT('',(0.00364879815570065,-0.0035,0.0262855754497666));
#17388=CARTESIAN_POINT('',(0.00368864121697005,-0.0035,0.0264823752286838));
#17389=CARTESIAN_POINT('',(0.00368864121697005,0.0035,0.0264823752286838));
#17390=CARTESIAN_POINT('',(0.00368864121697005,0.0035,0.0264823752286838));
#17391=CARTESIAN_POINT('',(0.00364879815570065,0.0035,0.0262855754497666));
#17392=CARTESIAN_POINT('',(-8.90713638202775E-15,0.0035,-5.93796594181331E-14));
#17393=CARTESIAN_POINT('',(-8.90713638202775E-15,-0.0035,-5.93796594181331E-14));
#17394=CARTESIAN_POINT('',(0.00419217974630847,-0.0035,0.0264073455832837));
#17395=CARTESIAN_POINT('',(0.00419217974630847,0.0035,0.0264073455832837));
#17396=CARTESIAN_POINT('',(0.00419217974630847,0.0035,0.0264073455832837));
#17397=CARTESIAN_POINT('',(-8.90713638202775E-15,0.0035,-5.93796594181331E-14));
#17398=CARTESIAN_POINT('',(0.00417291764670176,0.0035,0.0262074791427994));
#17399=CARTESIAN_POINT('',(0.00417291764670176,0.0035,0.0262074791427994));
#17400=CARTESIAN_POINT('',(0.00417291764670176,-0.0035,0.0262074791427994));
#17401=CARTESIAN_POINT('',(0.00243810775845752,0.0035,0.0288538595994796));
#17402=CARTESIAN_POINT('',(0.00243810775845752,0.0035,0.0288538595994796));
#17403=CARTESIAN_POINT('',(0.00222302854836536,0.0035,0.0263084982186142));
#17404=CARTESIAN_POINT('',(0.00222302854836536,0.0035,0.0263084982186142));
#17405=CARTESIAN_POINT('',(0.00222302854836536,-0.0035,0.0263084982186142));
#17406=CARTESIAN_POINT('',(0.00243810775845752,-0.0035,0.0288538595994796));
#17407=CARTESIAN_POINT('',(0.000972855699692517,0.0035,0.0263099282527548));
#17408=CARTESIAN_POINT('',(0.000972855699692517,-0.0035,0.0263099282527548));
#17409=CARTESIAN_POINT('',(0.00167237764179264,-0.0035,0.0262840622031824));
#17410=CARTESIAN_POINT('',(0.000273333757592401,-0.0035,0.0263357943023272));
#17411=CARTESIAN_POINT('',(0.00167237764179264,0.0035,0.0262840622031824));
#17412=CARTESIAN_POINT('',(0.00167237764179264,0.0035,0.0262840622031824));
#17413=CARTESIAN_POINT('',(0.000972855699692517,0.0035,0.0263099282527548));
#17414=CARTESIAN_POINT('',(0.000273333757592401,0.0035,0.0263357943023272));
#17415=CARTESIAN_POINT('',(0.000273333757592401,0.0035,0.0263357943023272));
#17416=CARTESIAN_POINT('',(0.0016975777374904,0.0035,0.0264832670668027));
#17417=CARTESIAN_POINT('',(0.0016975777374904,-0.0035,0.0264832670668027));
#17418=CARTESIAN_POINT('',(0.00172277783318817,-0.0035,0.026682471930423));
#17419=CARTESIAN_POINT('',(0.00172277783318817,0.0035,0.026682471930423));
#17420=CARTESIAN_POINT('',(0.00172277783318817,0.0035,0.026682471930423));
#17421=CARTESIAN_POINT('',(0.0016975777374904,0.0035,0.0264832670668027));
#17422=CARTESIAN_POINT('',(-4.49747460831294E-15,0.0035,-5.98753183982274E-14));
#17423=CARTESIAN_POINT('',(-4.49747460831294E-15,-0.0035,-5.98753183982274E-14));
#17424=CARTESIAN_POINT('',(0.00223048241505773,-0.0035,0.0266448347710481));
#17425=CARTESIAN_POINT('',(0.00223048241505773,0.0035,0.0266448347710481));
#17426=CARTESIAN_POINT('',(0.00223048241505773,0.0035,0.0266448347710481));
#17427=CARTESIAN_POINT('',(-4.49747460831294E-15,0.0035,-5.98753183982274E-14));
#17428=CARTESIAN_POINT('',(0.00222603355869245,0.0035,0.0264440915764182));
#17429=CARTESIAN_POINT('',(0.00222603355869245,0.0035,0.0264440915764182));
#17430=CARTESIAN_POINT('',(0.00222603355869245,-0.0035,0.0264440915764182));
#17431=CARTESIAN_POINT('',(0.00030051925007567,0.0035,0.0289551251319808));
#17432=CARTESIAN_POINT('',(0.00030051925007567,0.0035,0.0289551251319808));
#17433=CARTESIAN_POINT('',(0.00027400875532844,0.0035,0.0264008305484447));
#17434=CARTESIAN_POINT('',(0.000274008755328444,0.0035,0.0264008305484447));
#17435=CARTESIAN_POINT('',(0.00027400875532844,-0.0035,0.0264008305484447));
#17436=CARTESIAN_POINT('',(0.00030051925007567,-0.0035,0.0289551251319808));
#17437=CARTESIAN_POINT('',(-0.000972855699692524,0.0035,0.0263099282527548));
#17438=CARTESIAN_POINT('',(-0.000972855699692524,-0.0035,0.0263099282527548));
#17439=CARTESIAN_POINT('',(-0.000273333757592408,-0.0035,0.0263357943023272));
#17440=CARTESIAN_POINT('',(-0.00167237764179264,-0.0035,0.0262840622031824));
#17441=CARTESIAN_POINT('',(-0.000273333757592408,0.0035,0.0263357943023272));
#17442=CARTESIAN_POINT('',(-0.000273333757592408,0.0035,0.0263357943023272));
#17443=CARTESIAN_POINT('',(-0.000972855699692524,0.0035,0.0263099282527548));
#17444=CARTESIAN_POINT('',(-0.00167237764179264,0.0035,0.0262840622031824));
#17445=CARTESIAN_POINT('',(-0.00167237764179264,0.0035,0.0262840622031824));
#17446=CARTESIAN_POINT('',(-0.000262914261650296,0.0035,0.0265363162627642));
#17447=CARTESIAN_POINT('',(-0.000262914261650296,-0.0035,0.0265363162627642));
#17448=CARTESIAN_POINT('',(-0.000252494765708185,-0.0035,0.0267368382232011));
#17449=CARTESIAN_POINT('',(-0.000252494765708185,0.0035,0.0267368382232011));
#17450=CARTESIAN_POINT('',(-0.000252494765708185,0.0035,0.0267368382232011));
#17451=CARTESIAN_POINT('',(-0.000262914261650296,0.0035,0.0265363162627642));
#17452=CARTESIAN_POINT('',(-6.32491878839175E-17,0.0035,-6.00439591522891E-14));
#17453=CARTESIAN_POINT('',(-6.32491878839175E-17,-0.0035,-6.00439591522891E-14));
#17454=CARTESIAN_POINT('',(0.000256602962323856,-0.0035,0.0267367991109643));
#17455=CARTESIAN_POINT('',(0.000256602962323856,0.0035,0.0267367991109643));
#17456=CARTESIAN_POINT('',(0.000256602962323856,0.0035,0.0267367991109643));
#17457=CARTESIAN_POINT('',(-6.32491878839175E-17,0.0035,-6.00439591522891E-14));
#17458=CARTESIAN_POINT('',(0.000266991647310736,0.0035,0.0265362755519061));
#17459=CARTESIAN_POINT('',(0.000266991647310736,0.0035,0.0265362755519061));
#17460=CARTESIAN_POINT('',(0.000266991647310736,-0.0035,0.0265362755519061));
#17461=CARTESIAN_POINT('',(-0.00183871059023854,0.0035,0.0288982478118255));
#17462=CARTESIAN_POINT('',(-0.00183871059023854,0.0035,0.0288982478118255));
#17463=CARTESIAN_POINT('',(-0.00167650757851164,0.0035,0.0263489706968769));
#17464=CARTESIAN_POINT('',(-0.00167650757851161,0.0035,0.0263489706968767));
#17465=CARTESIAN_POINT('',(-0.00167650757851164,-0.0035,0.0263489706968769));
#17466=CARTESIAN_POINT('',(-0.00183871059023854,-0.0035,0.0288982478118255));
#17467=CARTESIAN_POINT('',(-0.00291325369860456,0.0035,0.0261662325481735));
#17468=CARTESIAN_POINT('',(-0.00291325369860456,-0.0035,0.0261662325481735));
#17469=CARTESIAN_POINT('',(-0.00221755230277787,-0.0035,0.0262436894254976));
#17470=CARTESIAN_POINT('',(-0.00360895509443125,-0.0035,0.0260887756708495));
#17471=CARTESIAN_POINT('',(-0.00221755230277787,0.0035,0.0262436894254976));
#17472=CARTESIAN_POINT('',(-0.00221755230277787,0.0035,0.0262436894254976));
#17473=CARTESIAN_POINT('',(-0.00291325369860456,0.0035,0.0261662325481735));
#17474=CARTESIAN_POINT('',(-0.00360895509443125,0.0035,0.0260887756708495));
#17475=CARTESIAN_POINT('',(-0.00360895509443125,0.0035,0.0260887756708495));
#17476=CARTESIAN_POINT('',(-0.00222197031426506,0.0035,0.0264444333013386));
#17477=CARTESIAN_POINT('',(-0.00222197031426506,-0.0035,0.0264444333013386));
#17478=CARTESIAN_POINT('',(-0.00222638832575227,-0.0035,0.0266451771771796));
#17479=CARTESIAN_POINT('',(-0.00222638832575227,0.0035,0.0266451771771796));
#17480=CARTESIAN_POINT('',(-0.00222638832575227,0.0035,0.0266451771771796));
#17481=CARTESIAN_POINT('',(-0.00222197031426506,0.0035,0.0264444333013386));
#17482=CARTESIAN_POINT('',(4.37132167767634E-15,0.0035,-5.98846606229993E-14));
#17483=CARTESIAN_POINT('',(4.37132167767634E-15,-0.0035,-5.98846606229993E-14));
#17484=CARTESIAN_POINT('',(-0.00171867796680763,-0.0035,0.0266827363256984));
#17485=CARTESIAN_POINT('',(-0.00171867796680763,0.0035,0.0266827363256984));
#17486=CARTESIAN_POINT('',(-0.00171867796680763,0.0035,0.0266827363256984));
#17487=CARTESIAN_POINT('',(4.37132167767634E-15,0.0035,-5.98846606229993E-14));
#17488=CARTESIAN_POINT('',(-0.00169350847986349,0.0035,0.0264835275923554));
#17489=CARTESIAN_POINT('',(-0.00169350847986349,0.0035,0.0264835275923554));
#17490=CARTESIAN_POINT('',(-0.00169350847986349,-0.0035,0.0264835275923554));
#17491=CARTESIAN_POINT('',(-0.00396789803092145,0.0035,0.028683538283213));
#17492=CARTESIAN_POINT('',(-0.00396789803092145,0.0035,0.028683538283213));
#17493=CARTESIAN_POINT('',(-0.00361786740932305,0.0035,0.0261532019044369));
#17494=CARTESIAN_POINT('',(-0.00361786740932305,0.0035,0.0261532019044369));
#17495=CARTESIAN_POINT('',(-0.00361786740932305,-0.0035,0.0261532019044369));
#17496=CARTESIAN_POINT('',(-0.00396789803092145,-0.0035,0.028683538283213));
#17497=CARTESIAN_POINT('',(-0.00483774051604838,0.0035,0.0258796259551199));
#17498=CARTESIAN_POINT('',(-0.00483774051604838,-0.0035,0.0258796259551199));
#17499=CARTESIAN_POINT('',(-0.00414965934626965,-0.0035,0.0260082506175915));
#17500=CARTESIAN_POINT('',(-0.00552582168582711,-0.0035,0.0257510012926483));
#17501=CARTESIAN_POINT('',(-0.00414965934626965,0.0035,0.0260082506175915));
#17502=CARTESIAN_POINT('',(-0.00414965934626965,0.0035,0.0260082506175915));
#17503=CARTESIAN_POINT('',(-0.00483774051604838,0.0035,0.0258796259551199));
#17504=CARTESIAN_POINT('',(-0.00552582168582711,0.0035,0.0257510012926483));
#17505=CARTESIAN_POINT('',(-0.00552582168582711,0.0035,0.0257510012926483));
#17506=CARTESIAN_POINT('',(-0.00416889073553946,0.0035,0.0262081200153989));
#17507=CARTESIAN_POINT('',(-0.00416889073553946,-0.0035,0.0262081200153989));
#17508=CARTESIAN_POINT('',(-0.00418812212480926,-0.0035,0.0264079894132064));
#17509=CARTESIAN_POINT('',(-0.00418812212480926,0.0035,0.0264079894132064));
#17510=CARTESIAN_POINT('',(-0.00418812212480926,0.0035,0.0264079894132064));
#17511=CARTESIAN_POINT('',(-0.00416889073553946,0.0035,0.0262081200153989));
#17512=CARTESIAN_POINT('',(8.7820179000832E-15,0.0035,-5.93982928436849E-14));
#17513=CARTESIAN_POINT('',(8.7820179000832E-15,-0.0035,-5.93982928436849E-14));
#17514=CARTESIAN_POINT('',(-0.00368457207287306,-0.0035,0.0264829416874361));
#17515=CARTESIAN_POINT('',(-0.00368457207287306,0.0035,0.0264829416874361));
#17516=CARTESIAN_POINT('',(-0.00368457207287306,0.0035,0.0264829416874361));
#17517=CARTESIAN_POINT('',(8.7820179000832E-15,0.0035,-5.93982928436849E-14));
#17518=CARTESIAN_POINT('',(-0.00364475925098128,0.0035,0.02628613578883));
#17519=CARTESIAN_POINT('',(-0.00364475925098128,0.0035,0.02628613578883));
#17520=CARTESIAN_POINT('',(-0.00364475925098128,-0.0035,0.02628613578883));
#17521=CARTESIAN_POINT('',(-0.00607541418851371,0.0035,0.0283121692151332));
#17522=CARTESIAN_POINT('',(-0.00607541418851371,0.0035,0.0283121692151332));
#17523=CARTESIAN_POINT('',(-0.00553946770291832,0.0035,0.0258145933923818));
#17524=CARTESIAN_POINT('',(-0.0055394677029183,0.0035,0.0258145933923818));
#17525=CARTESIAN_POINT('',(-0.00553946770291832,-0.0035,0.0258145933923818));
#17526=CARTESIAN_POINT('',(-0.00607541418851371,-0.0035,0.0283121692151332));
#17527=CARTESIAN_POINT('',(-0.00673580527238446,0.0035,0.025451673819418));
#17528=CARTESIAN_POINT('',(-0.00673580527238446,-0.0035,0.025451673819418));
#17529=CARTESIAN_POINT('',(-0.00605910238939603,-0.0035,0.0256307637637341));
#17530=CARTESIAN_POINT('',(-0.0074125081553729,-0.0035,0.0252725838751019));
#17531=CARTESIAN_POINT('',(-0.00605910238939603,0.0035,0.0256307637637341));
#17532=CARTESIAN_POINT('',(-0.00605910238939603,0.0035,0.0256307637637341));
#17533=CARTESIAN_POINT('',(-0.00673580527238446,0.0035,0.025451673819418));
#17534=CARTESIAN_POINT('',(-0.0074125081553729,0.0035,0.0252725838751019));
#17535=CARTESIAN_POINT('',(-0.0074125081553729,0.0035,0.0252725838751019));
#17536=CARTESIAN_POINT('',(-0.00609304212126915,0.0035,0.0258286670661662));
#17537=CARTESIAN_POINT('',(-0.00609304212126915,-0.0035,0.0258286670661662));
#17538=CARTESIAN_POINT('',(-0.00612698185314227,-0.0035,0.0260265703685983));
#17539=CARTESIAN_POINT('',(-0.00612698185314227,0.0035,0.0260265703685983));
#17540=CARTESIAN_POINT('',(-0.00612698185314227,0.0035,0.0260265703685983));
#17541=CARTESIAN_POINT('',(-0.00609304212126915,0.0035,0.0258286670661662));
#17542=CARTESIAN_POINT('',(1.3144749786074E-14,0.0035,-5.85875121864978E-14));
#17543=CARTESIAN_POINT('',(1.3144749786074E-14,-0.0035,-5.85875121864978E-14));
#17544=CARTESIAN_POINT('',(-0.00563034232398134,-0.0035,0.0261385064052084));
#17545=CARTESIAN_POINT('',(-0.00563034232398134,0.0035,0.0261385064052084));
#17546=CARTESIAN_POINT('',(-0.00563034232398134,0.0035,0.0261385064052084));
#17547=CARTESIAN_POINT('',(1.3144749786074E-14,0.0035,-5.85875121864978E-14));
#17548=CARTESIAN_POINT('',(-0.00557610361096915,0.0035,0.0259451782269106));
#17549=CARTESIAN_POINT('',(-0.00557610361096915,0.0035,0.0259451782269106));
#17550=CARTESIAN_POINT('',(-0.00557610361096915,-0.0035,0.0259451782269106));
#17551=CARTESIAN_POINT('',(-0.00814974854058927,0.0035,0.0277861688966561));
#17552=CARTESIAN_POINT('',(-0.00814974854058927,0.0035,0.0277861688966561));
#17553=CARTESIAN_POINT('',(-0.00743081334485026,0.0035,0.0253349945229851));
#17554=CARTESIAN_POINT('',(-0.00743081334485022,0.0035,0.025334994522985));
#17555=CARTESIAN_POINT('',(-0.00743081334485026,-0.0035,0.0253349945229851));
#17556=CARTESIAN_POINT('',(-0.00814974854058927,-0.0035,0.0277861688966561));
#17557=CARTESIAN_POINT('',(-0.00859708139610858,0.0035,0.0248847134672316));
#17558=CARTESIAN_POINT('',(-0.00859708139610858,-0.0035,0.0248847134672316));
#17559=CARTESIAN_POINT('',(-0.00793545271639601,-0.0035,0.0251132905662196));
#17560=CARTESIAN_POINT('',(-0.00925871007582115,-0.0035,0.0246561363682435));
#17561=CARTESIAN_POINT('',(-0.00793545271639601,0.0035,0.0251132905662196));
#17562=CARTESIAN_POINT('',(-0.00793545271639601,0.0035,0.0251132905662196));
#17563=CARTESIAN_POINT('',(-0.00859708139610858,0.0035,0.0248847134672316));
#17564=CARTESIAN_POINT('',(-0.00925871007582115,0.0035,0.0246561363682435));
#17565=CARTESIAN_POINT('',(-0.00925871007582115,0.0035,0.0246561363682435));
#17566=CARTESIAN_POINT('',(-0.00798391542382628,0.0035,0.0253081468940658));
#17567=CARTESIAN_POINT('',(-0.00798391542382628,-0.0035,0.0253081468940658));
#17568=CARTESIAN_POINT('',(-0.00803237813125656,-0.0035,0.0255030032219118));
#17569=CARTESIAN_POINT('',(-0.00803237813125656,0.0035,0.0255030032219118));
#17570=CARTESIAN_POINT('',(-0.00803237813125656,0.0035,0.0255030032219118));
#17571=CARTESIAN_POINT('',(-0.00798391542382628,0.0035,0.0253081468940658));
#17572=CARTESIAN_POINT('',(1.74356896069589E-14,0.0035,-5.74567468542321E-14));
#17573=CARTESIAN_POINT('',(1.74356896069589E-14,-0.0035,-5.74567468542321E-14));
#17574=CARTESIAN_POINT('',(-0.0075453615977587,-0.0035,0.0256513116650865));
#17575=CARTESIAN_POINT('',(-0.0075453615977587,0.0035,0.0256513116650865));
#17576=CARTESIAN_POINT('',(-0.0075453615977587,0.0035,0.0256513116650865));
#17577=CARTESIAN_POINT('',(1.74356896069589E-14,0.0035,-5.74567468542321E-14));
#17578=CARTESIAN_POINT('',(-0.00747699322666812,0.0035,0.0254625170985662));
#17579=CARTESIAN_POINT('',(-0.00747699322666812,0.0035,0.0254625170985662));
#17580=CARTESIAN_POINT('',(-0.00747699322666812,-0.0035,0.0254625170985662));
#17581=CARTESIAN_POINT('',(-0.0101795717922373,0.0035,0.0271084101591189));
#17582=CARTESIAN_POINT('',(-0.0101795717922373,0.0035,0.0271084101591189));
#17583=CARTESIAN_POINT('',(-0.00928157446108746,0.0035,0.0247170246989596));
#17584=CARTESIAN_POINT('',(-0.00928157446108734,0.0035,0.0247170246989594));
#17585=CARTESIAN_POINT('',(-0.00928157446108746,-0.0035,0.0247170246989596));
#17586=CARTESIAN_POINT('',(-0.0101795717922373,-0.0035,0.0271084101591189));
#17587=CARTESIAN_POINT('',(-0.0104114032424706,0.0035,0.0241818414393984));
#17588=CARTESIAN_POINT('',(-0.0104114032424706,-0.0035,0.0241818414393984));
#17589=CARTESIAN_POINT('',(-0.00976846235244848,-0.0035,0.0244586572842077));
#17590=CARTESIAN_POINT('',(-0.0110543441324928,-0.0035,0.023905025594589));
#17591=CARTESIAN_POINT('',(-0.00976846235244848,0.0035,0.0244586572842077));
#17592=CARTESIAN_POINT('',(-0.00976846235244848,0.0035,0.0244586572842077));
#17593=CARTESIAN_POINT('',(-0.0104114032424706,0.0035,0.0241818414393984));
#17594=CARTESIAN_POINT('',(-0.0110543441324928,0.0035,0.023905025594589));
#17595=CARTESIAN_POINT('',(-0.0110543441324928,0.0035,0.023905025594589));
#17596=CARTESIAN_POINT('',(-0.00983118334893342,0.0035,0.0246494023997759));
#17597=CARTESIAN_POINT('',(-0.00983118334893342,-0.0035,0.0246494023997759));
#17598=CARTESIAN_POINT('',(-0.00989390434541836,-0.0035,0.0248401475153439));
#17599=CARTESIAN_POINT('',(-0.00989390434541836,0.0035,0.0248401475153439));
#17600=CARTESIAN_POINT('',(-0.00989390434541836,0.0035,0.0248401475153439));
#17601=CARTESIAN_POINT('',(-0.00983118334893342,0.0035,0.0246494023997759));
#17602=CARTESIAN_POINT('',(2.16314017374121E-14,0.0035,-5.60121726950152E-14));
#17603=CARTESIAN_POINT('',(2.16314017374121E-14,-0.0035,-5.60121726950152E-14));
#17604=CARTESIAN_POINT('',(-0.00941917072300605,-0.0035,0.0250240183557957));
#17605=CARTESIAN_POINT('',(-0.00941917072300605,0.0035,0.0250240183557957));
#17606=CARTESIAN_POINT('',(-0.00941917072300605,0.0035,0.0250240183557957));
#17607=CARTESIAN_POINT('',(2.16314017374121E-14,0.0035,-5.60121726950152E-14));
#17608=CARTESIAN_POINT('',(-0.00933704609817177,0.0035,0.0248407885315067));
#17609=CARTESIAN_POINT('',(-0.00933704609817177,0.0035,0.0248407885315067));
#17610=CARTESIAN_POINT('',(-0.00933704609817177,-0.0035,0.0248407885315067));
#17611=CARTESIAN_POINT('',(-0.0121537977527422,0.0035,0.0262825946857188));
#17612=CARTESIAN_POINT('',(-0.0121537977527422,0.0035,0.0262825946857188));
#17613=CARTESIAN_POINT('',(-0.0110816428362044,0.0035,0.0239640590571901));
#17614=CARTESIAN_POINT('',(-0.0110816428362043,0.0035,0.0239640590571899));
#17615=CARTESIAN_POINT('',(-0.0110816428362044,-0.0035,0.0239640590571901));
#17616=CARTESIAN_POINT('',(-0.0121537977527422,-0.0035,0.0262825946857188));
#17617=CARTESIAN_POINT('',(-0.012168861614701,0.0035,0.0233468965791984));
#17618=CARTESIAN_POINT('',(-0.012168861614701,-0.0035,0.0233468965791984));
#17619=CARTESIAN_POINT('',(-0.011548120034557,-0.0035,0.0236704392976767));
#17620=CARTESIAN_POINT('',(-0.012789603194845,-0.0035,0.0230233538607202));
#17621=CARTESIAN_POINT('',(-0.011548120034557,0.0035,0.0236704392976767));
#17622=CARTESIAN_POINT('',(-0.011548120034557,0.0035,0.0236704392976767));
#17623=CARTESIAN_POINT('',(-0.012168861614701,0.0035,0.0233468965791984));
#17624=CARTESIAN_POINT('',(-0.012789603194845,0.0035,0.0230233538607202));
#17625=CARTESIAN_POINT('',(-0.012789603194845,0.0035,0.0230233538607202));
#17626=CARTESIAN_POINT('',(-0.0116247567597636,0.0035,0.0238560314172905));
#17627=CARTESIAN_POINT('',(-0.0116247567597636,-0.0035,0.0238560314172905));
#17628=CARTESIAN_POINT('',(-0.0117013934849703,-0.0035,0.0240416235369043));
#17629=CARTESIAN_POINT('',(-0.0117013934849703,0.0035,0.0240416235369043));
#17630=CARTESIAN_POINT('',(-0.0117013934849703,0.0035,0.0240416235369043));
#17631=CARTESIAN_POINT('',(-0.0116247567597636,0.0035,0.0238560314172905));
#17632=CARTESIAN_POINT('',(2.57089706527309E-14,0.0035,-5.42616794719676E-14));
#17633=CARTESIAN_POINT('',(2.57089706527309E-14,-0.0035,-5.42616794719676E-14));
#17634=CARTESIAN_POINT('',(-0.011241535604065,-0.0035,0.0242600525358639));
#17635=CARTESIAN_POINT('',(-0.011241535604065,0.0035,0.0242600525358639));
#17636=CARTESIAN_POINT('',(-0.011241535604065,0.0035,0.0242600525358639));
#17637=CARTESIAN_POINT('',(2.57089706527309E-14,0.0035,-5.42616794719676E-14));
#17638=CARTESIAN_POINT('',(-0.0111461032617094,0.0035,0.0240833881915675));
#17639=CARTESIAN_POINT('',(-0.0111461032617094,0.0035,0.0240833881915675));
#17640=CARTESIAN_POINT('',(-0.0111461032617094,-0.0035,0.0240833881915675));
#17641=CARTESIAN_POINT('',(-0.0140616438845133,0.0035,0.025313232794202));
#17642=CARTESIAN_POINT('',(-0.0140616438845133,0.0035,0.025313232794202));
#17643=CARTESIAN_POINT('',(-0.0128211871209486,0.0035,0.0230802100349044));
#17644=CARTESIAN_POINT('',(-0.0128211871209485,0.0035,0.0230802100349043));
#17645=CARTESIAN_POINT('',(-0.0128211871209486,-0.0035,0.0230802100349044));
#17646=CARTESIAN_POINT('',(-0.0140616438845133,-0.0035,0.025313232794202));
#17647=CARTESIAN_POINT('',(-0.0138598578846072,0.0035,0.022384439065923));
#17648=CARTESIAN_POINT('',(-0.0138598578846072,-0.0035,0.022384439065923));
#17649=CARTESIAN_POINT('',(-0.0132647058895965,-0.0035,0.0227529415799372));
#17650=CARTESIAN_POINT('',(-0.0144550098796179,-0.0035,0.0220159365519089));
#17651=CARTESIAN_POINT('',(-0.0132647058895965,0.0035,0.0227529415799372));
#17652=CARTESIAN_POINT('',(-0.0132647058895965,0.0035,0.0227529415799372));
#17653=CARTESIAN_POINT('',(-0.0138598578846072,0.0035,0.022384439065923));
#17654=CARTESIAN_POINT('',(-0.0144550098796179,0.0035,0.0220159365519089));
#17655=CARTESIAN_POINT('',(-0.0144550098796179,0.0035,0.0220159365519089));
#17656=CARTESIAN_POINT('',(-0.0133548397803072,0.0035,0.0229323670637975));
#17657=CARTESIAN_POINT('',(-0.0133548397803072,-0.0035,0.0229323670637975));
#17658=CARTESIAN_POINT('',(-0.013444973671018,-0.0035,0.0231117925476577));
#17659=CARTESIAN_POINT('',(-0.013444973671018,0.0035,0.0231117925476577));
#17660=CARTESIAN_POINT('',(-0.013444973671018,0.0035,0.0231117925476577));
#17661=CARTESIAN_POINT('',(-0.0133548397803072,0.0035,0.0229323670637975));
#17662=CARTESIAN_POINT('',(2.96461260854847E-14,0.0035,-5.22148277720521E-14));
#17663=CARTESIAN_POINT('',(2.96461260854847E-14,-0.0035,-5.22148277720521E-14));
#17664=CARTESIAN_POINT('',(-0.0130025031158996,-0.0035,0.0233635867216778));
#17665=CARTESIAN_POINT('',(-0.0130025031158996,0.0035,0.0233635867216778));
#17666=CARTESIAN_POINT('',(-0.0130025031158996,0.0035,0.0233635867216778));
#17667=CARTESIAN_POINT('',(2.96461260854847E-14,0.0035,-5.22148277720521E-14));
#17668=CARTESIAN_POINT('',(-0.0128942842743834,0.0035,0.0231944527367604));
#17669=CARTESIAN_POINT('',(-0.0128942842743834,0.0035,0.0231944527367604));
#17670=CARTESIAN_POINT('',(-0.0128942842743834,-0.0035,0.0231944527367604));
#17671=CARTESIAN_POINT('',(-0.0158926901935656,0.0035,0.0242056188030729));
#17672=CARTESIAN_POINT('',(-0.0158926901935656,0.0035,0.0242056188030729));
#17673=CARTESIAN_POINT('',(-0.0144907065276616,0.0035,0.0220703049089691));
#17674=CARTESIAN_POINT('',(-0.0144907065276616,0.0035,0.0220703049089691));
#17675=CARTESIAN_POINT('',(-0.0144907065276616,-0.0035,0.0220703049089691));
#17676=CARTESIAN_POINT('',(-0.0158926901935656,-0.0035,0.0242056188030729));
#17677=CARTESIAN_POINT('',(-0.0154751564169525,0.0035,0.0212997255087568));
#17678=CARTESIAN_POINT('',(-0.0154751564169525,-0.0035,0.0212997255087568));
#17679=CARTESIAN_POINT('',(-0.01490884452089,-0.0035,0.0217111751853616));
#17680=CARTESIAN_POINT('',(-0.0160414683130149,-0.0035,0.0208882758321521));
#17681=CARTESIAN_POINT('',(-0.01490884452089,0.0035,0.0217111751853616));
#17682=CARTESIAN_POINT('',(-0.01490884452089,0.0035,0.0217111751853616));
#17683=CARTESIAN_POINT('',(-0.0154751564169525,0.0035,0.0212997255087568));
#17684=CARTESIAN_POINT('',(-0.0160414683130149,0.0035,0.0208882758321521));
#17685=CARTESIAN_POINT('',(-0.0160414683130149,0.0035,0.0208882758321521));
#17686=CARTESIAN_POINT('',(-0.0150119832970496,0.0035,0.0218834540736951));
#17687=CARTESIAN_POINT('',(-0.0150119832970496,-0.0035,0.0218834540736951));
#17688=CARTESIAN_POINT('',(-0.0151151220732093,-0.0035,0.0220557329620286));
#17689=CARTESIAN_POINT('',(-0.0151151220732093,0.0035,0.0220557329620286));
#17690=CARTESIAN_POINT('',(-0.0151151220732093,0.0035,0.0220557329620286));
#17691=CARTESIAN_POINT('',(-0.0150119832970496,0.0035,0.0218834540736951));
#17692=CARTESIAN_POINT('',(3.34213646579935E-14,0.0035,-4.98827967894639E-14));
#17693=CARTESIAN_POINT('',(3.34213646579935E-14,-0.0035,-4.98827967894639E-14));
#17694=CARTESIAN_POINT('',(-0.0146924554646136,-0.0035,0.0223395170986457));
#17695=CARTESIAN_POINT('',(-0.0146924554646136,0.0035,0.0223395170986457));
#17696=CARTESIAN_POINT('',(-0.0146924554646136,0.0035,0.0223395170986457));
#17697=CARTESIAN_POINT('',(3.34213646579935E-14,0.0035,-4.98827967894639E-14));
#17698=CARTESIAN_POINT('',(-0.0145720411777219,0.0035,0.022178837224282));
#17699=CARTESIAN_POINT('',(-0.0145720411777219,0.0035,0.022178837224282));
#17700=CARTESIAN_POINT('',(-0.0145720411777219,-0.0035,0.022178837224282));
#17701=CARTESIAN_POINT('',(-0.0176369361399139,0.0035,0.022965802115862));
#17702=CARTESIAN_POINT('',(-0.0176369361399139,0.0035,0.022965802115862));
#17703=CARTESIAN_POINT('',(-0.0160810827202855,0.0035,0.0209398594309753));
#17704=CARTESIAN_POINT('',(-0.0160810827202855,0.0035,0.0209398594309754));
#17705=CARTESIAN_POINT('',(-0.0160810827202855,-0.0035,0.0209398594309753));
#17706=CARTESIAN_POINT('',(-0.0176369361399139,-0.0035,0.022965802115862));
#17707=CARTESIAN_POINT('',(-0.0170059350112927,0.0035,0.0200986802370011));
#17708=CARTESIAN_POINT('',(-0.0170059350112927,-0.0035,0.0200986802370011));
#17709=CARTESIAN_POINT('',(-0.0164715562133739,-0.0035,0.0205508298807419));
#17710=CARTESIAN_POINT('',(-0.0175403138092114,-0.0035,0.0196465305932604));
#17711=CARTESIAN_POINT('',(-0.0164715562133739,0.0035,0.0205508298807419));
#17712=CARTESIAN_POINT('',(-0.0164715562133739,0.0035,0.0205508298807419));
#17713=CARTESIAN_POINT('',(-0.0170059350112927,0.0035,0.0200986802370011));
#17714=CARTESIAN_POINT('',(-0.0175403138092114,0.0035,0.0196465305932604));
#17715=CARTESIAN_POINT('',(-0.0175403138092114,0.0035,0.0196465305932604));
#17716=CARTESIAN_POINT('',(-0.0165871365667527,0.0035,0.0207150212460021));
#17717=CARTESIAN_POINT('',(-0.0165871365667527,-0.0035,0.0207150212460021));
#17718=CARTESIAN_POINT('',(-0.0167027169201313,-0.0035,0.0208792126112623));
#17719=CARTESIAN_POINT('',(-0.0167027169201313,0.0035,0.0208792126112623));
#17720=CARTESIAN_POINT('',(-0.0167027169201313,0.0035,0.0208792126112623));
#17721=CARTESIAN_POINT('',(-0.0165871365667527,0.0035,0.0207150212460021));
#17722=CARTESIAN_POINT('',(3.70140673263196E-14,0.0035,-4.72783232687477E-14));
#17723=CARTESIAN_POINT('',(3.70140673263196E-14,-0.0035,-4.72783232687477E-14));
#17724=CARTESIAN_POINT('',(-0.0163021627165059,-0.0035,0.0211934367799303));
#17725=CARTESIAN_POINT('',(-0.0163021627165059,0.0035,0.0211934367799303));
#17726=CARTESIAN_POINT('',(-0.0163021627165059,0.0035,0.0211934367799303));
#17727=CARTESIAN_POINT('',(3.70140673263196E-14,0.0035,-4.72783232687477E-14));
#17728=CARTESIAN_POINT('',(-0.0161702106453174,0.0035,0.0210420885938749));
#17729=CARTESIAN_POINT('',(-0.0161702106453174,0.0035,0.0210420885938749));
#17730=CARTESIAN_POINT('',(-0.0161702106453174,-0.0035,0.0210420885938749));
#17731=CARTESIAN_POINT('',(-0.019284855257054,0.0035,0.0216005541813817));
#17732=CARTESIAN_POINT('',(-0.019284855257054,0.0035,0.0216005541813817));
#17733=CARTESIAN_POINT('',(-0.0175836296155539,0.0035,0.019695047702118));
#17734=CARTESIAN_POINT('',(-0.0175836296155538,0.0035,0.019695047702118));
#17735=CARTESIAN_POINT('',(-0.0175836296155539,-0.0035,0.019695047702118));
#17736=CARTESIAN_POINT('',(-0.019284855257054,-0.0035,0.0216005541813817));
#17737=CARTESIAN_POINT('',(-0.0184438330857761,0.0035,0.018787862943442));
#17738=CARTESIAN_POINT('',(-0.0184438330857761,-0.0035,0.018787862943442));
#17739=CARTESIAN_POINT('',(-0.0179443059776879,-0.0035,0.0192782430697573));
#17740=CARTESIAN_POINT('',(-0.0189433601938644,-0.0035,0.0182974828171267));
#17741=CARTESIAN_POINT('',(-0.0179443059776879,0.0035,0.0192782430697573));
#17742=CARTESIAN_POINT('',(-0.0179443059776879,0.0035,0.0192782430697573));
#17743=CARTESIAN_POINT('',(-0.0184438330857761,0.0035,0.018787862943442));
#17744=CARTESIAN_POINT('',(-0.0189433601938644,0.0035,0.0182974828171267));
#17745=CARTESIAN_POINT('',(-0.0189433601938644,0.0035,0.0182974828171267));
#17746=CARTESIAN_POINT('',(-0.0180716966484755,0.0035,0.019433450155644));
#17747=CARTESIAN_POINT('',(-0.0180716966484755,-0.0035,0.019433450155644));
#17748=CARTESIAN_POINT('',(-0.0181990873192632,-0.0035,0.0195886572415306));
#17749=CARTESIAN_POINT('',(-0.0181990873192632,0.0035,0.0195886572415306));
#17750=CARTESIAN_POINT('',(-0.0181990873192632,0.0035,0.0195886572415306));
#17751=CARTESIAN_POINT('',(-0.0180716966484755,0.0035,0.019433450155644));
#17752=CARTESIAN_POINT('',(4.04046119943358E-14,0.0035,-4.44156319411162E-14));
#17753=CARTESIAN_POINT('',(4.04046119943358E-14,-0.0035,-4.44156319411162E-14));
#17754=CARTESIAN_POINT('',(-0.0178228332087672,-0.0035,0.0199316052588044));
#17755=CARTESIAN_POINT('',(-0.0178228332087672,0.0035,0.0199316052588044));
#17756=CARTESIAN_POINT('',(-0.0178228332087672,0.0035,0.0199316052588044));
#17757=CARTESIAN_POINT('',(4.04046119943358E-14,0.0035,-4.44156319411162E-14));
#17758=CARTESIAN_POINT('',(-0.0176800640297377,0.0035,0.0197904153723664));
#17759=CARTESIAN_POINT('',(-0.0176800640297377,0.0035,0.0197904153723664));
#17760=CARTESIAN_POINT('',(-0.0176800640297377,-0.0035,0.0197904153723664));
#17761=CARTESIAN_POINT('',(-0.0208274471822198,0.0035,0.020117331510421));
#17762=CARTESIAN_POINT('',(-0.0208274471822198,0.0035,0.020117331510421));
#17763=CARTESIAN_POINT('',(-0.0189901408233649,0.0035,0.0183426684523942));
#17764=CARTESIAN_POINT('',(-0.0189901408233649,0.0035,0.0183426684523941));
#17765=CARTESIAN_POINT('',(-0.0189901408233649,-0.0035,0.0183426684523942));
#17766=CARTESIAN_POINT('',(-0.0208274471822198,-0.0035,0.020117331510421));
#17767=CARTESIAN_POINT('',(-0.0197809973397421,0.0035,0.0173744328575826));
#17768=CARTESIAN_POINT('',(-0.0197809973397421,-0.0035,0.0173744328575826));
#17769=CARTESIAN_POINT('',(-0.019319050165327,-0.0035,0.0179003651802724));
#17770=CARTESIAN_POINT('',(-0.0202429445141572,-0.0035,0.0168485005348928));
#17771=CARTESIAN_POINT('',(-0.019319050165327,0.0035,0.0179003651802724));
#17772=CARTESIAN_POINT('',(-0.019319050165327,0.0035,0.0179003651802724));
#17773=CARTESIAN_POINT('',(-0.0197809973397421,0.0035,0.0173744328575826));
#17774=CARTESIAN_POINT('',(-0.0202429445141572,0.0035,0.0168485005348928));
#17775=CARTESIAN_POINT('',(-0.0202429445141572,0.0035,0.0168485005348928));
#17776=CARTESIAN_POINT('',(-0.0194575553898552,0.0035,0.0180457402995038));
#17777=CARTESIAN_POINT('',(-0.0194575553898552,-0.0035,0.0180457402995038));
#17778=CARTESIAN_POINT('',(-0.0195960606143834,-0.0035,0.0181911154187352));
#17779=CARTESIAN_POINT('',(-0.0195960606143834,0.0035,0.0181911154187352));
#17780=CARTESIAN_POINT('',(-0.0195960606143834,0.0035,0.0181911154187352));
#17781=CARTESIAN_POINT('',(-0.0194575553898552,0.0035,0.0180457402995038));
#17782=CARTESIAN_POINT('',(4.35744806828099E-14,0.0035,-4.13103578339011E-14));
#17783=CARTESIAN_POINT('',(4.35744806828099E-14,-0.0035,-4.13103578339011E-14));
#17784=CARTESIAN_POINT('',(-0.0192461615664942,-0.0035,0.0185609142214691));
#17785=CARTESIAN_POINT('',(-0.0192461615664942,0.0035,0.0185609142214691));
#17786=CARTESIAN_POINT('',(-0.0192461615664942,0.0035,0.0185609142214691));
#17787=CARTESIAN_POINT('',(4.35744806828099E-14,0.0035,-4.13103578339011E-14));
#17788=CARTESIAN_POINT('',(-0.0190933550353711,0.0035,0.0184306537648475));
#17789=CARTESIAN_POINT('',(-0.0190933550353711,0.0035,0.0184306537648475));
#17790=CARTESIAN_POINT('',(-0.0190933550353711,-0.0035,0.0184306537648475));
#17791=CARTESIAN_POINT('',(-0.022256286813243,0.0035,0.018524234950869));
#17792=CARTESIAN_POINT('',(-0.022256286813243,0.0035,0.018524234950869));
#17793=CARTESIAN_POINT('',(-0.0202929344672397,0.0035,0.0168901079082994));
#17794=CARTESIAN_POINT('',(-0.0202929344672396,0.0035,0.0168901079082993));
#17795=CARTESIAN_POINT('',(-0.0202929344672397,-0.0035,0.0168901079082994));
#17796=CARTESIAN_POINT('',(-0.022256286813243,-0.0035,0.018524234950869));
#17797=CARTESIAN_POINT('',(-0.0210101246457261,0.0035,0.0158661096444145));
#17798=CARTESIAN_POINT('',(-0.0210101246457261,-0.0035,0.0158661096444145));
#17799=CARTESIAN_POINT('',(-0.0205882804002606,-0.0035,0.0164247217035107));
#17800=CARTESIAN_POINT('',(-0.0214319688911916,-0.0035,0.0153074975853184));
#17801=CARTESIAN_POINT('',(-0.0205882804002606,0.0035,0.0164247217035107));
#17802=CARTESIAN_POINT('',(-0.0205882804002606,0.0035,0.0164247217035107));
#17803=CARTESIAN_POINT('',(-0.0210101246457261,0.0035,0.0158661096444145));
#17804=CARTESIAN_POINT('',(-0.0214319688911916,0.0035,0.0153074975853184));
#17805=CARTESIAN_POINT('',(-0.0214319688911916,0.0035,0.0153074975853184));
#17806=CARTESIAN_POINT('',(-0.0207371437110227,0.0035,0.0165594708675976));
#17807=CARTESIAN_POINT('',(-0.0207371437110227,-0.0035,0.0165594708675976));
#17808=CARTESIAN_POINT('',(-0.0208860070217847,-0.0035,0.0166942200316845));
#17809=CARTESIAN_POINT('',(-0.0208860070217847,0.0035,0.0166942200316845));
#17810=CARTESIAN_POINT('',(-0.0208860070217847,0.0035,0.0166942200316845));
#17811=CARTESIAN_POINT('',(-0.0207371437110227,0.0035,0.0165594708675976));
#17812=CARTESIAN_POINT('',(4.65063606681859E-14,0.0035,-3.79794608774551E-14));
#17813=CARTESIAN_POINT('',(4.65063606681859E-14,-0.0035,-3.79794608774551E-14));
#17814=CARTESIAN_POINT('',(-0.0205643740637669,-0.0035,0.0170888499070537));
#17815=CARTESIAN_POINT('',(-0.0205643740637669,0.0035,0.0170888499070537));
#17816=CARTESIAN_POINT('',(-0.0205643740637669,0.0035,0.0170888499070537));
#17817=CARTESIAN_POINT('',(4.65063606681859E-14,0.0035,-3.79794608774551E-14));
#17818=CARTESIAN_POINT('',(-0.0204023647568342,0.0035,0.0169702303176919));
#17819=CARTESIAN_POINT('',(-0.0204023647568342,0.0035,0.0169702303176919));
#17820=CARTESIAN_POINT('',(-0.0204023647568342,-0.0035,0.0169702303176919));
#17821=CARTESIAN_POINT('',(-0.02356357032354,0.0035,0.0168299654436935));
#17822=CARTESIAN_POINT('',(-0.02356357032354,0.0035,0.0168299654436935));
#17823=CARTESIAN_POINT('',(-0.0214848951400675,0.0035,0.0153452994518189));
#17824=CARTESIAN_POINT('',(-0.0214848951400674,0.0035,0.0153452994518189));
#17825=CARTESIAN_POINT('',(-0.0214848951400675,-0.0035,0.0153452994518189));
#17826=CARTESIAN_POINT('',(-0.02356357032354,-0.0035,0.0168299654436935));
#17827=CARTESIAN_POINT('',(-0.0221245019366091,0.0035,0.0142711312422846));
#17828=CARTESIAN_POINT('',(-0.0221245019366091,-0.0035,0.0142711312422846));
#17829=CARTESIAN_POINT('',(-0.0217450645870784,-0.0035,0.0148593720924311));
#17830=CARTESIAN_POINT('',(-0.0225039392861398,-0.0035,0.0136828903921381));
#17831=CARTESIAN_POINT('',(-0.0217450645870784,0.0035,0.0148593720924311));
#17832=CARTESIAN_POINT('',(-0.0217450645870784,0.0035,0.0148593720924311));
#17833=CARTESIAN_POINT('',(-0.0221245019366091,0.0035,0.0142711312422846));
#17834=CARTESIAN_POINT('',(-0.0225039392861398,0.0035,0.0136828903921381));
#17835=CARTESIAN_POINT('',(-0.0225039392861398,0.0035,0.0136828903921381));
#17836=CARTESIAN_POINT('',(-0.0219034729442925,0.0035,0.0149827593481664));
#17837=CARTESIAN_POINT('',(-0.0219034729442925,-0.0035,0.0149827593481664));
#17838=CARTESIAN_POINT('',(-0.0220618813015065,-0.0035,0.0151061466039017));
#17839=CARTESIAN_POINT('',(-0.0220618813015065,0.0035,0.0151061466039017));
#17840=CARTESIAN_POINT('',(-0.0220618813015065,0.0035,0.0151061466039017));
#17841=CARTESIAN_POINT('',(-0.0219034729442925,0.0035,0.0149827593481664));
#17842=CARTESIAN_POINT('',(4.91842390386762E-14,0.0035,-3.44411332758939E-14));
#17843=CARTESIAN_POINT('',(4.91842390386762E-14,-0.0035,-3.44411332758939E-14));
#17844=CARTESIAN_POINT('',(-0.0217702710810436,-0.0035,0.0155234522203732));
#17845=CARTESIAN_POINT('',(-0.0217702710810436,0.0035,0.0155234522203732));
#17846=CARTESIAN_POINT('',(-0.0217702710810436,0.0035,0.0155234522203732));
#17847=CARTESIAN_POINT('',(4.91842390386762E-14,0.0035,-3.44411332758939E-14));
#17848=CARTESIAN_POINT('',(-0.0215999438369557,0.0035,0.0154171213573345));
#17849=CARTESIAN_POINT('',(-0.0215999438369557,0.0035,0.0154171213573345));
#17850=CARTESIAN_POINT('',(-0.0215999438369557,-0.0035,0.0154171213573345));
#17851=CARTESIAN_POINT('',(-0.0247421577839061,0.0035,0.0150437765014183));
#17852=CARTESIAN_POINT('',(-0.0247421577839061,0.0035,0.0150437765014183));
#17853=CARTESIAN_POINT('',(-0.0225595127659907,0.0035,0.013716680291046));
#17854=CARTESIAN_POINT('',(-0.0225595127659908,0.0035,0.0137166802910461));
#17855=CARTESIAN_POINT('',(-0.0225595127659907,-0.0035,0.013716680291046));
#17856=CARTESIAN_POINT('',(-0.0247421577839061,-0.0035,0.0150437765014183));
#17857=CARTESIAN_POINT('',(-0.0231180428700628,0.0035,0.0125982088701319));
#17858=CARTESIAN_POINT('',(-0.0231180428700628,-0.0035,0.0125982088701319));
#17859=CARTESIAN_POINT('',(-0.0227830847716919,-0.0035,0.0132128657437905));
#17860=CARTESIAN_POINT('',(-0.0234530009684337,-0.0035,0.0119835519964733));
#17861=CARTESIAN_POINT('',(-0.0227830847716919,0.0035,0.0132128657437905));
#17862=CARTESIAN_POINT('',(-0.0227830847716919,0.0035,0.0132128657437905));
#17863=CARTESIAN_POINT('',(-0.0231180428700628,0.0035,0.0125982088701319));
#17864=CARTESIAN_POINT('',(-0.0234530009684337,0.0035,0.0119835519964733));
#17865=CARTESIAN_POINT('',(-0.0234530009684337,0.0035,0.0119835519964733));
#17866=CARTESIAN_POINT('',(-0.0229501730038424,0.0035,0.0133242171927706));
#17867=CARTESIAN_POINT('',(-0.0229501730038424,-0.0035,0.0133242171927706));
#17868=CARTESIAN_POINT('',(-0.023117261235993,-0.0035,0.0134355686417506));
#17869=CARTESIAN_POINT('',(-0.023117261235993,0.0035,0.0134355686417506));
#17870=CARTESIAN_POINT('',(-0.023117261235993,0.0035,0.0134355686417506));
#17871=CARTESIAN_POINT('',(-0.0229501730038424,0.0035,0.0133242171927706));
#17872=CARTESIAN_POINT('',(5.15934901512334E-14,0.0035,-3.07147001475858E-14));
#17873=CARTESIAN_POINT('',(5.15934901512334E-14,-0.0035,-3.07147001475858E-14));
#17874=CARTESIAN_POINT('',(-0.0228572664269869,-0.0035,0.0138732708207572));
#17875=CARTESIAN_POINT('',(-0.0228572664269869,0.0035,0.0138732708207572));
#17876=CARTESIAN_POINT('',(-0.0228572664269869,0.0035,0.0138732708207572));
#17877=CARTESIAN_POINT('',(5.15934901512334E-14,0.0035,-3.07147001475858E-14));
#17878=CARTESIAN_POINT('',(-0.0226795515140863,0.0035,0.0137798094263428));
#17879=CARTESIAN_POINT('',(-0.0226795515140863,0.0035,0.0137798094263428));
#17880=CARTESIAN_POINT('',(-0.0226795515140863,-0.0035,0.0137798094263428));
#17881=CARTESIAN_POINT('',(-0.0257856121583337,0.0035,0.0131754236686463));
#17882=CARTESIAN_POINT('',(-0.0257856121583337,0.0035,0.0131754236686463));
#17883=CARTESIAN_POINT('',(-0.0235109181561844,0.0035,0.0120131453790786));
#17884=CARTESIAN_POINT('',(-0.0235109181561844,0.0035,0.0120131453790786));
#17885=CARTESIAN_POINT('',(-0.0235109181561844,-0.0035,0.0120131453790786));
#17886=CARTESIAN_POINT('',(-0.0257856121583337,-0.0035,0.0131754236686463));
#17887=CARTESIAN_POINT('',(-0.0239853210700403,0.0035,0.0108564794498313));
#17888=CARTESIAN_POINT('',(-0.0239853210700403,-0.0035,0.0108564794498313));
#17889=CARTESIAN_POINT('',(-0.0236966716478086,-0.0035,0.0114941953043036));
#17890=CARTESIAN_POINT('',(-0.0242739704922721,-0.0035,0.0102187635953591));
#17891=CARTESIAN_POINT('',(-0.0236966716478086,0.0035,0.0114941953043036));
#17892=CARTESIAN_POINT('',(-0.0236966716478086,0.0035,0.0114941953043036));
#17893=CARTESIAN_POINT('',(-0.0239853210700403,0.0035,0.0108564794498313));
#17894=CARTESIAN_POINT('',(-0.0242739704922721,0.0035,0.0102187635953591));
#17895=CARTESIAN_POINT('',(-0.0242739704922721,0.0035,0.0102187635953591));
#17896=CARTESIAN_POINT('',(-0.0238715271769131,0.0035,0.0115929027835276));
#17897=CARTESIAN_POINT('',(-0.0238715271769131,-0.0035,0.0115929027835276));
#17898=CARTESIAN_POINT('',(-0.0240463827060175,-0.0035,0.0116916102627517));
#17899=CARTESIAN_POINT('',(-0.0240463827060175,0.0035,0.0116916102627517));
#17900=CARTESIAN_POINT('',(-0.0240463827060175,0.0035,0.0116916102627517));
#17901=CARTESIAN_POINT('',(-0.0238715271769131,0.0035,0.0115929027835276));
#17902=CARTESIAN_POINT('',(5.37209555117404E-14,0.0035,-2.68205139780566E-14));
#17903=CARTESIAN_POINT('',(5.37209555117404E-14,-0.0035,-2.68205139780566E-14));
#17904=CARTESIAN_POINT('',(-0.0238194233099563,-0.0035,0.0121473184267741));
#17905=CARTESIAN_POINT('',(-0.0238194233099563,0.0035,0.0121473184267741));
#17906=CARTESIAN_POINT('',(-0.0238194233099563,0.0035,0.0121473184267741));
#17907=CARTESIAN_POINT('',(5.37209555117404E-14,0.0035,-2.68205139780566E-14));
#17908=CARTESIAN_POINT('',(-0.0236352913454707,0.0035,0.0120672369547107));
#17909=CARTESIAN_POINT('',(-0.0236352913454707,0.0035,0.0120672369547107));
#17910=CARTESIAN_POINT('',(-0.0236352913454707,-0.0035,0.0120672369547107));
#17911=CARTESIAN_POINT('',(-0.0266882344608698,0.0035,0.0112351112406587));
#17912=CARTESIAN_POINT('',(-0.0266882344608698,0.0035,0.0112351112406587));
#17913=CARTESIAN_POINT('',(-0.0243339150643273,0.0035,0.010243998832868));
#17914=CARTESIAN_POINT('',(-0.0243339150643271,0.0035,0.0102439988328679));
#17915=CARTESIAN_POINT('',(-0.0243339150643273,-0.0035,0.010243998832868));
#17916=CARTESIAN_POINT('',(-0.0266882344608698,-0.0035,0.0112351112406587));
#17917=CARTESIAN_POINT('',(-0.0247215997637609,0.0035,0.00905545570349426));
#17918=CARTESIAN_POINT('',(-0.0247215997637609,-0.0035,0.00905545570349426));
#17919=CARTESIAN_POINT('',(-0.0244808355207171,-0.0035,0.0097127475559248));
#17920=CARTESIAN_POINT('',(-0.0249623640068047,-0.0035,0.00839816385106372));
#17921=CARTESIAN_POINT('',(-0.0244808355207171,0.0035,0.0097127475559248));
#17922=CARTESIAN_POINT('',(-0.0244808355207171,0.0035,0.0097127475559248));
#17923=CARTESIAN_POINT('',(-0.0247215997637609,0.0035,0.00905545570349426));
#17924=CARTESIAN_POINT('',(-0.0249623640068047,0.0035,0.00839816385106372));
#17925=CARTESIAN_POINT('',(-0.0249623640068047,0.0035,0.00839816385106372));
#17926=CARTESIAN_POINT('',(-0.0246625033465104,0.0035,0.00979827195937024));
#17927=CARTESIAN_POINT('',(-0.0246625033465104,-0.0035,0.00979827195937024));
#17928=CARTESIAN_POINT('',(-0.0248441711723037,-0.0035,0.00988379636281567));
#17929=CARTESIAN_POINT('',(-0.0248441711723037,0.0035,0.00988379636281567));
#17930=CARTESIAN_POINT('',(-0.0248441711723037,0.0035,0.00988379636281567));
#17931=CARTESIAN_POINT('',(-0.0246625033465104,0.0035,0.00979827195937024));
#17932=CARTESIAN_POINT('',(5.55550156421427E-14,0.0035,-2.27798434617713E-14));
#17933=CARTESIAN_POINT('',(5.55550156421427E-14,-0.0035,-2.27798434617713E-14));
#17934=CARTESIAN_POINT('',(-0.0246514867627056,-0.0035,0.0103550215918888));
#17935=CARTESIAN_POINT('',(-0.0246514867627056,0.0035,0.0103550215918888));
#17936=CARTESIAN_POINT('',(-0.0246514867627056,0.0035,0.0103550215918888));
#17937=CARTESIAN_POINT('',(5.55550156421427E-14,0.0035,-2.27798434617713E-14));
#17938=CARTESIAN_POINT('',(-0.0244619434115734,0.0035,0.0102887574194068));
#17939=CARTESIAN_POINT('',(-0.0244619434115734,0.0035,0.0102887574194068));
#17940=CARTESIAN_POINT('',(-0.0244619434115734,-0.0035,0.0102887574194068));
#17941=CARTESIAN_POINT('',(-0.0274450948815017,0.0035,0.00923343653109181));
#17942=CARTESIAN_POINT('',(-0.0274450948815017,0.0035,0.00923343653109181));
#17943=CARTESIAN_POINT('',(-0.0250240085666984,0.0035,0.00841890311735969));
#17944=CARTESIAN_POINT('',(-0.0250240085666984,0.0035,0.00841890311735967));
#17945=CARTESIAN_POINT('',(-0.0250240085666984,-0.0035,0.00841890311735969));
#17946=CARTESIAN_POINT('',(-0.0274450948815017,-0.0035,0.00923343653109181));
#17947=CARTESIAN_POINT('',(-0.0253228576523199,0.0035,0.00720497419827935));
#17948=CARTESIAN_POINT('',(-0.0253228576523199,-0.0035,0.00720497419827935));
#17949=CARTESIAN_POINT('',(-0.0251312935592695,-0.0035,0.00787825214850032));
#17950=CARTESIAN_POINT('',(-0.0255144217453704,-0.0035,0.00653169624805837));
#17951=CARTESIAN_POINT('',(-0.0251312935592695,0.0035,0.00787825214850032));
#17952=CARTESIAN_POINT('',(-0.0251312935592695,0.0035,0.00787825214850032));
#17953=CARTESIAN_POINT('',(-0.0253228576523199,0.0035,0.00720497419827935));
#17954=CARTESIAN_POINT('',(-0.0255144217453704,0.0035,0.00653169624805837));
#17955=CARTESIAN_POINT('',(-0.0255144217453704,0.0035,0.00653169624805837));
#17956=CARTESIAN_POINT('',(-0.0253187814750844,0.0035,0.00795012637153297));
#17957=CARTESIAN_POINT('',(-0.0253187814750844,-0.0035,0.00795012637153297));
#17958=CARTESIAN_POINT('',(-0.0255062693908992,-0.0035,0.00802200059456561));
#17959=CARTESIAN_POINT('',(-0.0255062693908992,0.0035,0.00802200059456561));
#17960=CARTESIAN_POINT('',(-0.0255062693908992,0.0035,0.00802200059456561));
#17961=CARTESIAN_POINT('',(-0.0253187814750844,0.0035,0.00795012637153297));
#17962=CARTESIAN_POINT('',(5.7085653542008E-14,0.0035,-1.86147573398999E-14));
#17963=CARTESIAN_POINT('',(5.7085653542008E-14,-0.0035,-1.86147573398999E-14));
#17964=CARTESIAN_POINT('',(-0.025348912343192,-0.0035,0.0085061692198957));
#17965=CARTESIAN_POINT('',(-0.025348912343192,0.0035,0.0085061692198957));
#17966=CARTESIAN_POINT('',(-0.025348912343192,0.0035,0.0085061692198957));
#17967=CARTESIAN_POINT('',(5.7085653542008E-14,0.0035,-1.86147573398999E-14));
#17968=CARTESIAN_POINT('',(-0.0251549928254689,0.0035,0.00845408425892665));
#17969=CARTESIAN_POINT('',(-0.0251549928254689,0.0035,0.00845408425892665));
#17970=CARTESIAN_POINT('',(-0.0251549928254689,-0.0035,0.00845408425892665));
#17971=CARTESIAN_POINT('',(-0.0280520597110697,0.0035,0.00718133199308544));
#17972=CARTESIAN_POINT('',(-0.0280520597110697,0.0035,0.00718133199308544));
#17973=CARTESIAN_POINT('',(-0.0255774296118932,0.0035,0.00654782627246074));
#17974=CARTESIAN_POINT('',(-0.0255774296118933,0.0035,0.00654782627246074));
#17975=CARTESIAN_POINT('',(-0.0255774296118932,-0.0035,0.00654782627246074));
#17976=CARTESIAN_POINT('',(-0.0280520597110697,-0.0035,0.00718133199308544));
#17977=CARTESIAN_POINT('',(-0.0257858108736293,0.0035,0.00531514162247369));
#17978=CARTESIAN_POINT('',(-0.0257858108736293,-0.0035,0.00531514162247369));
#17979=CARTESIAN_POINT('',(-0.0256444931872194,-0.0035,0.00600072845979465));
#17980=CARTESIAN_POINT('',(-0.0259271285600392,-0.0035,0.00462955478515274));
#17981=CARTESIAN_POINT('',(-0.0256444931872194,0.0035,0.00600072845979465));
#17982=CARTESIAN_POINT('',(-0.0256444931872194,0.0035,0.00600072845979465));
#17983=CARTESIAN_POINT('',(-0.0257858108736293,0.0035,0.00531514162247369));
#17984=CARTESIAN_POINT('',(-0.0259271285600392,0.0035,0.00462955478515274));
#17985=CARTESIAN_POINT('',(-0.0259271285600392,0.0035,0.00462955478515274));
#17986=CARTESIAN_POINT('',(-0.0258367771990752,0.0035,0.00605855995033224));
#17987=CARTESIAN_POINT('',(-0.0258367771990752,-0.0035,0.00605855995033224));
#17988=CARTESIAN_POINT('',(-0.0260290612109309,-0.0035,0.00611639144086982));
#17989=CARTESIAN_POINT('',(-0.0260290612109309,0.0035,0.00611639144086982));
#17990=CARTESIAN_POINT('',(-0.0260290612109309,0.0035,0.00611639144086982));
#17991=CARTESIAN_POINT('',(-0.0258367771990752,0.0035,0.00605855995033224));
#17992=CARTESIAN_POINT('',(5.83045093979089E-14,0.0035,-1.43480038685067E-14));
#17993=CARTESIAN_POINT('',(5.83045093979089E-14,-0.0035,-1.43480038685067E-14));
#17994=CARTESIAN_POINT('',(-0.0259078909547422,-0.0035,0.00661085910132125));
#17995=CARTESIAN_POINT('',(-0.0259078909547422,0.0035,0.00661085910132125));
#17996=CARTESIAN_POINT('',(-0.0259078909547422,0.0035,0.00661085910132125));
#17997=CARTESIAN_POINT('',(5.83045093979089E-14,0.0035,-1.43480038685067E-14));
#17998=CARTESIAN_POINT('',(-0.025710654391588,0.0035,0.00657323782186039));
#17999=CARTESIAN_POINT('',(-0.025710654391588,0.0035,0.00657323782186039));
#18000=CARTESIAN_POINT('',(-0.025710654391588,-0.0035,0.00657323782186039));
#18001=CARTESIAN_POINT('',(-0.0285058139181528,0.0035,0.00509000551001465));
#18002=CARTESIAN_POINT('',(-0.0285058139181528,0.0035,0.00509000551001465));
#18003=CARTESIAN_POINT('',(-0.0259911556060736,0.0035,0.00464098747106168));
#18004=CARTESIAN_POINT('',(-0.0259911556060736,0.0035,0.00464098747106169));
#18005=CARTESIAN_POINT('',(-0.0259911556060736,-0.0035,0.00464098747106168));
#18006=CARTESIAN_POINT('',(-0.0285058139181528,-0.0035,0.00509000551001465));
#18007=CARTESIAN_POINT('',(-0.0261079309377331,0.0035,0.00339627958626613));
#18008=CARTESIAN_POINT('',(-0.0261079309377331,-0.0035,0.00339627958626613));
#18009=CARTESIAN_POINT('',(-0.026017631486162,-0.0035,0.00409043087312365));
#18010=CARTESIAN_POINT('',(-0.0261982303893043,-0.0035,0.00270212829940861));
#18011=CARTESIAN_POINT('',(-0.026017631486162,0.0035,0.00409043087312365));
#18012=CARTESIAN_POINT('',(-0.026017631486162,0.0035,0.00409043087312365));
#18013=CARTESIAN_POINT('',(-0.0261079309377331,0.0035,0.00339627958626613));
#18014=CARTESIAN_POINT('',(-0.0261982303893043,0.0035,0.00270212829940861));
#18015=CARTESIAN_POINT('',(-0.0261982303893043,0.0035,0.00270212829940861));
#18016=CARTESIAN_POINT('',(-0.0262136614054646,0.0035,0.00413390377561918));
#18017=CARTESIAN_POINT('',(-0.0262136614054646,-0.0035,0.00413390377561918));
#18018=CARTESIAN_POINT('',(-0.0264096913247671,-0.0035,0.00417737667811471));
#18019=CARTESIAN_POINT('',(-0.0264096913247671,0.0035,0.00417737667811471));
#18020=CARTESIAN_POINT('',(-0.0264096913247671,0.0035,0.00417737667811471));
#18021=CARTESIAN_POINT('',(-0.0262136614054646,0.0035,0.00413390377561918));
#18022=CARTESIAN_POINT('',(5.9204926241825E-14,0.0035,-1.00028865754636E-14));
#18023=CARTESIAN_POINT('',(5.9204926241825E-14,-0.0035,-1.00028865754636E-14));
#18024=CARTESIAN_POINT('',(-0.0263253696500177,-0.0035,0.00467944276279343));
#18025=CARTESIAN_POINT('',(-0.0263253696500177,0.0035,0.00467944276279343));
#18026=CARTESIAN_POINT('',(-0.0263253696500177,0.0035,0.00467944276279343));
#18027=CARTESIAN_POINT('',(5.9204926241825E-14,0.0035,-1.00028865754636E-14));
#18028=CARTESIAN_POINT('',(-0.0261258932791445,0.0035,0.00465649063922317));
#18029=CARTESIAN_POINT('',(-0.0261258932791445,0.0035,0.00465649063922317));
#18030=CARTESIAN_POINT('',(-0.0261258932791445,-0.0035,0.00465649063922317));
#18031=CARTESIAN_POINT('',(-0.028803879254621,0.0035,0.0029708791819174));
#18032=CARTESIAN_POINT('',(-0.028803879254621,0.0035,0.0029708791819174));
#18033=CARTESIAN_POINT('',(-0.0262629269213275,0.0035,0.0027088012054582));
#18034=CARTESIAN_POINT('',(-0.0262629269213275,0.0035,0.00270880120545821));
#18035=CARTESIAN_POINT('',(-0.0262629269213275,-0.0035,0.0027088012054582));
#18036=CARTESIAN_POINT('',(-0.028803879254621,-0.0035,0.0029708791819174));
#18037=CARTESIAN_POINT('',(-0.0262874585365434,0.0035,0.0014588682486916));
#18038=CARTESIAN_POINT('',(-0.0262874585365434,-0.0035,0.0014588682486916));
#18039=CARTESIAN_POINT('',(-0.0262486705041023,-0.0035,0.00215779277146881));
#18040=CARTESIAN_POINT('',(-0.0263262465689846,-0.0035,0.000759943725914399));
#18041=CARTESIAN_POINT('',(-0.0262486705041023,0.0035,0.00215779277146881));
#18042=CARTESIAN_POINT('',(-0.0262486705041023,0.0035,0.00215779277146881));
#18043=CARTESIAN_POINT('',(-0.0262874585365434,0.0035,0.0014588682486916));
#18044=CARTESIAN_POINT('',(-0.0263262465689846,0.0035,0.000759943725914399));
#18045=CARTESIAN_POINT('',(-0.0263262465689846,0.0035,0.000759943725914399));
#18046=CARTESIAN_POINT('',(-0.0264473756834099,0.0035,0.00218666965200402));
#18047=CARTESIAN_POINT('',(-0.0264473756834099,-0.0035,0.00218666965200402));
#18048=CARTESIAN_POINT('',(-0.0266460808627176,-0.0035,0.00221554653253922));
#18049=CARTESIAN_POINT('',(-0.0266460808627176,0.0035,0.00221554653253922));
#18050=CARTESIAN_POINT('',(-0.0266460808627176,0.0035,0.00221554653253922));
#18051=CARTESIAN_POINT('',(-0.0264473756834099,0.0035,0.00218666965200402));
#18052=CARTESIAN_POINT('',(5.97819863091938E-14,0.0035,-5.60313698466215E-15));
#18053=CARTESIAN_POINT('',(5.97819863091938E-14,-0.0035,-5.60313698466215E-15));
#18054=CARTESIAN_POINT('',(-0.0265990683051548,-0.0035,0.00272246893059296));
#18055=CARTESIAN_POINT('',(-0.0265990683051548,0.0035,0.00272246893059296));
#18056=CARTESIAN_POINT('',(-0.0265990683051548,0.0035,0.00272246893059296));
#18057=CARTESIAN_POINT('',(5.97819863091938E-14,0.0035,-5.60313698466215E-15));
#18058=CARTESIAN_POINT('',(-0.0263984415973275,0.0035,0.00271431131945311));
#18059=CARTESIAN_POINT('',(-0.0263984415973275,0.0035,0.00271431131945311));
#18060=CARTESIAN_POINT('',(-0.0263984415973275,-0.0035,0.00271431131945311));
#18061=CARTESIAN_POINT('',(-0.0289446277909669,0.0035,0.000835526941944967));
#18062=CARTESIAN_POINT('',(-0.0289446277909669,0.0035,0.000835526941944967));
#18063=CARTESIAN_POINT('',(-0.0263912592369737,0.0035,0.000761820407005785));
#18064=CARTESIAN_POINT('',(-0.0263912592369737,0.0035,0.000761820407005788));
#18065=CARTESIAN_POINT('',(-0.0263912592369737,-0.0035,0.000761820407005785));
#18066=CARTESIAN_POINT('',(-0.0289446277909669,-0.0035,0.000835526941944967));
#18067=CARTESIAN_POINT('',(-0.0263234131525706,0.0035,-0.000486510921363237));
#18068=CARTESIAN_POINT('',(-0.0263234131525706,-0.0035,-0.000486510921363237));
#18069=CARTESIAN_POINT('',(-0.026336348386042,-0.0035,0.0002133695539574));
#18070=CARTESIAN_POINT('',(-0.0263104779190992,-0.0035,-0.00118639139668387));
#18071=CARTESIAN_POINT('',(-0.026336348386042,0.0035,0.0002133695539574));
#18072=CARTESIAN_POINT('',(-0.026336348386042,0.0035,0.0002133695539574));
#18073=CARTESIAN_POINT('',(-0.0263234131525706,0.0035,-0.000486510921363237));
#18074=CARTESIAN_POINT('',(-0.0263104779190992,0.0035,-0.00118639139668387));
#18075=CARTESIAN_POINT('',(-0.0263104779190992,0.0035,-0.00118639139668387));
#18076=CARTESIAN_POINT('',(-0.0265366435665707,0.0035,0.000227492697024484));
#18077=CARTESIAN_POINT('',(-0.0265366435665707,-0.0035,0.000227492697024484));
#18078=CARTESIAN_POINT('',(-0.0267369387470996,-0.0035,0.000241615840091568));
#18079=CARTESIAN_POINT('',(-0.0267369387470996,0.0035,0.000241615840091568));
#18080=CARTESIAN_POINT('',(-0.0267369387470996,0.0035,0.000241615840091568));
#18081=CARTESIAN_POINT('',(-0.0265366435665707,0.0035,0.000227492697024484));
#18082=CARTESIAN_POINT('',(6.00325378980355E-14,0.0035,-1.17278500265909E-15));
#18083=CARTESIAN_POINT('',(6.00325378980355E-14,-0.0035,-1.17278500265909E-15));
#18084=CARTESIAN_POINT('',(-0.0267274920730099,-0.0035,0.000750625917168436));
#18085=CARTESIAN_POINT('',(-0.0267274920730099,0.0035,0.000750625917168436));
#18086=CARTESIAN_POINT('',(-0.0267274920730099,0.0035,0.000750625917168436));
#18087=CARTESIAN_POINT('',(6.00325378980355E-14,0.0035,-1.17278500265909E-15));
#18088=CARTESIAN_POINT('',(-0.026526810781735,0.0035,0.000757307372502208));
#18089=CARTESIAN_POINT('',(-0.026526810781735,0.0035,0.000757307372502208));
#18090=CARTESIAN_POINT('',(-0.026526810781735,-0.0035,0.000757307372502208));
#18091=CARTESIAN_POINT('',(-0.028927290807493,0.0035,-0.00130438865644738));
#18092=CARTESIAN_POINT('',(-0.028927290807493,0.0035,-0.00130438865644738));
#18093=CARTESIAN_POINT('',(-0.0263754516464064,0.0035,-0.00118932119033207));
#18094=CARTESIAN_POINT('',(-0.0263754516464061,0.0035,-0.00118932119033203));
#18095=CARTESIAN_POINT('',(-0.0263754516464064,-0.0035,-0.00118932119033207));
#18096=CARTESIAN_POINT('',(-0.028927290807493,-0.0035,-0.00130438865644738));
#18097=CARTESIAN_POINT('',(-0.0262155984141698,0.0035,-0.00242923293747375));
#18098=CARTESIAN_POINT('',(-0.0262155984141698,-0.0035,-0.00242923293747375));
#18099=CARTESIAN_POINT('',(-0.0262801862657942,-0.0035,-0.00173221901406723));
#18100=CARTESIAN_POINT('',(-0.0261510105625455,-0.0035,-0.00312624686088028));
#18101=CARTESIAN_POINT('',(-0.0262801862657942,0.0035,-0.00173221901406723));
#18102=CARTESIAN_POINT('',(-0.0262801862657942,0.0035,-0.00173221901406723));
#18103=CARTESIAN_POINT('',(-0.0262155984141698,0.0035,-0.00242923293747375));
#18104=CARTESIAN_POINT('',(-0.0261510105625455,0.0035,-0.00312624686088028));
#18105=CARTESIAN_POINT('',(-0.0261510105625455,0.0035,-0.00312624686088028));
#18106=CARTESIAN_POINT('',(-0.0264809775047247,0.0035,-0.00173292674417819));
#18107=CARTESIAN_POINT('',(-0.0264809775047247,-0.0035,-0.00173292674417819));
#18108=CARTESIAN_POINT('',(-0.0266817687436551,-0.0035,-0.00173363447428916));
#18109=CARTESIAN_POINT('',(-0.0266817687436551,0.0035,-0.00173363447428916));
#18110=CARTESIAN_POINT('',(-0.0266817687436551,0.0035,-0.00173363447428916));
#18111=CARTESIAN_POINT('',(-0.0264809775047247,0.0035,-0.00173292674417819));
#18112=CARTESIAN_POINT('',(5.99552125824558E-14,0.0035,3.26397232434E-15));
#18113=CARTESIAN_POINT('',(5.99552125824558E-14,-0.0035,3.26397232434E-15));
#18114=CARTESIAN_POINT('',(-0.0267099395474969,-0.0035,-0.00122531675471993));
#18115=CARTESIAN_POINT('',(-0.0267099395474969,0.0035,-0.00122531675471993));
#18116=CARTESIAN_POINT('',(-0.0267099395474969,0.0035,-0.00122531675471993));
#18117=CARTESIAN_POINT('',(5.99552125824558E-14,0.0035,3.26397232434E-15));
#18118=CARTESIAN_POINT('',(-0.0265102997243967,0.0035,-0.00120383272470463));
#18119=CARTESIAN_POINT('',(-0.0265102997243967,0.0035,-0.00120383272470463));
#18120=CARTESIAN_POINT('',(-0.0265102997243967,-0.0035,-0.00120383272470463));
#18121=CARTESIAN_POINT('',(-0.0287519629927906,0.0035,-0.00343718013632312));
#18122=CARTESIAN_POINT('',(-0.0287519629927906,0.0035,-0.00343718013632312));
#18123=CARTESIAN_POINT('',(-0.0262155904852027,0.0035,-0.00313396712775104));
#18124=CARTESIAN_POINT('',(-0.0262155904852028,0.0035,-0.00313396712775105));
#18125=CARTESIAN_POINT('',(-0.0262155904852027,-0.0035,-0.00313396712775104));
#18126=CARTESIAN_POINT('',(-0.0287519629927906,-0.0035,-0.00343718013632312));
#18127=CARTESIAN_POINT('',(-0.0259646031680552,0.0035,-0.00435868732566871));
#18128=CARTESIAN_POINT('',(-0.0259646031680552,-0.0035,-0.00435868732566871));
#18129=CARTESIAN_POINT('',(-0.0260804908813842,-0.0035,-0.00366834680252134));
#18130=CARTESIAN_POINT('',(-0.0258487154547263,-0.0035,-0.0050490278488161));
#18131=CARTESIAN_POINT('',(-0.0260804908813842,0.0035,-0.00366834680252134));
#18132=CARTESIAN_POINT('',(-0.0260804908813842,0.0035,-0.00366834680252134));
#18133=CARTESIAN_POINT('',(-0.0259646031680552,0.0035,-0.00435868732566871));
#18134=CARTESIAN_POINT('',(-0.0258487154547263,0.0035,-0.0050490278488161));
#18135=CARTESIAN_POINT('',(-0.0258487154547263,0.0035,-0.0050490278488161));
#18136=CARTESIAN_POINT('',(-0.026280681526598,0.0035,-0.00368388154043391));
#18137=CARTESIAN_POINT('',(-0.026280681526598,-0.0035,-0.00368388154043391));
#18138=CARTESIAN_POINT('',(-0.0264808721718119,-0.0035,-0.00369941627834648));
#18139=CARTESIAN_POINT('',(-0.0264808721718119,0.0035,-0.00369941627834648));
#18140=CARTESIAN_POINT('',(-0.0264808721718119,0.0035,-0.00369941627834648));
#18141=CARTESIAN_POINT('',(-0.026280681526598,0.0035,-0.00368388154043391));
#18142=CARTESIAN_POINT('',(5.95504326865144E-14,0.0035,7.68290296635637E-15));
#18143=CARTESIAN_POINT('',(5.95504326865144E-14,-0.0035,7.68290296635637E-15));
#18144=CARTESIAN_POINT('',(-0.0265465065944232,-0.0035,-0.00319456717139903));
#18145=CARTESIAN_POINT('',(-0.0265465065944232,0.0035,-0.00319456717139903));
#18146=CARTESIAN_POINT('',(-0.0265465065944232,0.0035,-0.00319456717139903));
#18147=CARTESIAN_POINT('',(5.95504326865144E-14,0.0035,7.68290296635637E-15));
#18148=CARTESIAN_POINT('',(-0.0263489986029822,0.0035,-0.0031583979050241));
#18149=CARTESIAN_POINT('',(-0.0263489986029822,0.0035,-0.0031583979050241));
#18150=CARTESIAN_POINT('',(-0.0263489986029822,-0.0035,-0.0031583979050241));
#18151=CARTESIAN_POINT('',(-0.0284196019265852,0.0035,-0.00555119893021063));
#18152=CARTESIAN_POINT('',(-0.0284196019265852,0.0035,-0.00555119893021063));
#18153=CARTESIAN_POINT('',(-0.0259125488595911,0.0035,-0.00506149642348905));
#18154=CARTESIAN_POINT('',(-0.025912548859591,0.0035,-0.005061496423489));
#18155=CARTESIAN_POINT('',(-0.0259125488595911,-0.0035,-0.00506149642348905));
#18156=CARTESIAN_POINT('',(-0.0284196019265852,-0.0035,-0.00555119893021063));
#18157=CARTESIAN_POINT('',(-0.0255717982632231,0.0035,-0.00626433607515975));
#18158=CARTESIAN_POINT('',(-0.0255717982632231,-0.0035,-0.00626433607515975));
#18159=CARTESIAN_POINT('',(-0.025738352899753,-0.0035,-0.00558443935281847));
#18160=CARTESIAN_POINT('',(-0.0254052436266933,-0.0035,-0.00694423279750103));
#18161=CARTESIAN_POINT('',(-0.025738352899753,0.0035,-0.00558443935281847));
#18162=CARTESIAN_POINT('',(-0.025738352899753,0.0035,-0.00558443935281847));
#18163=CARTESIAN_POINT('',(-0.0255717982632231,0.0035,-0.00626433607515975));
#18164=CARTESIAN_POINT('',(-0.0254052436266933,0.0035,-0.00694423279750103));
#18165=CARTESIAN_POINT('',(-0.0254052436266933,0.0035,-0.00694423279750103));
#18166=CARTESIAN_POINT('',(-0.0259368495793665,0.0035,-0.00561471625318118));
#18167=CARTESIAN_POINT('',(-0.0259368495793665,-0.0035,-0.00561471625318118));
#18168=CARTESIAN_POINT('',(-0.0261353462589799,-0.0035,-0.00564499315354388));
#18169=CARTESIAN_POINT('',(-0.0261353462589799,0.0035,-0.00564499315354388));
#18170=CARTESIAN_POINT('',(-0.0261353462589799,0.0035,-0.00564499315354388));
#18171=CARTESIAN_POINT('',(-0.0259368495793665,0.0035,-0.00561471625318118));
#18172=CARTESIAN_POINT('',(5.88204089776366E-14,0.0035,1.20598722565829E-14));
#18173=CARTESIAN_POINT('',(5.88204089776366E-14,-0.0035,1.20598722565829E-14));
#18174=CARTESIAN_POINT('',(-0.0262380858279047,-0.0035,-0.00514636996997305));
#18175=CARTESIAN_POINT('',(-0.0262380858279047,0.0035,-0.00514636996997305));
#18176=CARTESIAN_POINT('',(-0.0262380858279047,0.0035,-0.00514636996997305));
#18177=CARTESIAN_POINT('',(5.88204089776366E-14,0.0035,1.20598722565829E-14));
#18178=CARTESIAN_POINT('',(-0.026043788388282,0.0035,-0.00509571301122895));
#18179=CARTESIAN_POINT('',(-0.026043788388282,0.0035,-0.00509571301122895));
#18180=CARTESIAN_POINT('',(-0.026043788388282,-0.0035,-0.00509571301122895));
#18181=CARTESIAN_POINT('',(-0.0279320228497669,0.0035,-0.00763489900053933));
#18182=CARTESIAN_POINT('',(-0.0279320228497669,0.0035,-0.00763489900053933));
#18183=CARTESIAN_POINT('',(-0.0254679818778433,0.0035,-0.00696138158094491));
#18184=CARTESIAN_POINT('',(-0.0254679818778434,0.0035,-0.00696138158094495));
#18185=CARTESIAN_POINT('',(-0.0254679818778433,-0.0035,-0.00696138158094491));
#18186=CARTESIAN_POINT('',(-0.0279320228497669,-0.0035,-0.00763489900053933));
#18187=CARTESIAN_POINT('',(-0.0250393290638501,0.0035,-0.00813577119330196));
#18188=CARTESIAN_POINT('',(-0.0250393290638501,-0.0035,-0.00813577119330196));
#18189=CARTESIAN_POINT('',(-0.0252556409599126,-0.0035,-0.00747003163189535));
#18190=CARTESIAN_POINT('',(-0.0248230171677877,-0.0035,-0.00880151075470857));
#18191=CARTESIAN_POINT('',(-0.0252556409599126,0.0035,-0.00747003163189535));
#18192=CARTESIAN_POINT('',(-0.0252556409599126,0.0035,-0.00747003163189535));
#18193=CARTESIAN_POINT('',(-0.0250393290638501,0.0035,-0.00813577119330196));
#18194=CARTESIAN_POINT('',(-0.0248230171677877,0.0035,-0.00880151075470857));
#18195=CARTESIAN_POINT('',(-0.0248230171677877,0.0035,-0.00880151075470857));
#18196=CARTESIAN_POINT('',(-0.0254513595538946,0.0035,-0.00751488533277758));
#18197=CARTESIAN_POINT('',(-0.0254513595538946,-0.0035,-0.00751488533277758));
#18198=CARTESIAN_POINT('',(-0.0256470781478768,-0.0035,-0.0075597390336598));
#18199=CARTESIAN_POINT('',(-0.0256470781478768,0.0035,-0.0075597390336598));
#18200=CARTESIAN_POINT('',(-0.0256470781478768,0.0035,-0.0075597390336598));
#18201=CARTESIAN_POINT('',(-0.0254513595538946,0.0035,-0.00751488533277758));
#18202=CARTESIAN_POINT('',(5.77691285921688E-14,0.0035,1.63709747065648E-14));
#18203=CARTESIAN_POINT('',(5.77691285921688E-14,-0.0035,1.63709747065648E-14));
#18204=CARTESIAN_POINT('',(-0.0257863617352166,-0.0035,-0.00707006508038591));
#18205=CARTESIAN_POINT('',(-0.0257863617352166,0.0035,-0.00707006508038591));
#18206=CARTESIAN_POINT('',(-0.0257863617352166,0.0035,-0.00707006508038591));
#18207=CARTESIAN_POINT('',(5.77691285921688E-14,0.0035,1.63709747065648E-14));
#18208=CARTESIAN_POINT('',(-0.0255963360326505,0.0035,-0.0070051971000149));
#18209=CARTESIAN_POINT('',(-0.0255963360326505,0.0035,-0.0070051971000149));
#18210=CARTESIAN_POINT('',(-0.0255963360326505,-0.0035,-0.0070051971000149));
#18211=CARTESIAN_POINT('',(-0.0272918887501747,0.0035,-0.00967689990009305));
#18212=CARTESIAN_POINT('',(-0.0272918887501747,0.0035,-0.00967689990009305));
#18213=CARTESIAN_POINT('',(-0.0248843176106515,0.0035,-0.00882324608621513));
#18214=CARTESIAN_POINT('',(-0.0248843176106513,0.0035,-0.00882324608621504));
#18215=CARTESIAN_POINT('',(-0.0248843176106515,-0.0035,-0.00882324608621513));
#18216=CARTESIAN_POINT('',(-0.0272918887501747,-0.0035,-0.00967689990009305));
#18217=CARTESIAN_POINT('',(-0.0243701037320579,0.0035,-0.00996277155044055));
#18218=CARTESIAN_POINT('',(-0.0243701037320579,-0.0035,-0.00996277155044055));
#18219=CARTESIAN_POINT('',(-0.0246349914670876,-0.0035,-0.00931482518859346));
#18220=CARTESIAN_POINT('',(-0.0241052159970283,-0.0035,-0.0106107179122876));
#18221=CARTESIAN_POINT('',(-0.0246349914670876,0.0035,-0.00931482518859346));
#18222=CARTESIAN_POINT('',(-0.0246349914670876,0.0035,-0.00931482518859346));
#18223=CARTESIAN_POINT('',(-0.0243701037320579,0.0035,-0.00996277155044055));
#18224=CARTESIAN_POINT('',(-0.0241052159970283,0.0035,-0.0106107179122876));
#18225=CARTESIAN_POINT('',(-0.0241052159970283,0.0035,-0.0106107179122876));
#18226=CARTESIAN_POINT('',(-0.0248268630283475,0.0035,-0.00937401071463498));
#18227=CARTESIAN_POINT('',(-0.0248268630283475,-0.0035,-0.00937401071463498));
#18228=CARTESIAN_POINT('',(-0.0250187345896075,-0.0035,-0.0094331962406765));
#18229=CARTESIAN_POINT('',(-0.0250187345896075,0.0035,-0.0094331962406765));
#18230=CARTESIAN_POINT('',(-0.0250187345896075,0.0035,-0.0094331962406765));
#18231=CARTESIAN_POINT('',(-0.0248268630283475,0.0035,-0.00937401071463498));
#18232=CARTESIAN_POINT('',(5.64023332590225E-14,0.0035,2.05926645696882E-14));
#18233=CARTESIAN_POINT('',(5.64023332590225E-14,-0.0035,2.05926645696882E-14));
#18234=CARTESIAN_POINT('',(-0.025193801476708,-0.0035,-0.0089551459470273));
#18235=CARTESIAN_POINT('',(-0.025193801476708,0.0035,-0.0089551459470273));
#18236=CARTESIAN_POINT('',(-0.025193801476708,0.0035,-0.0089551459470273));
#18237=CARTESIAN_POINT('',(5.64023332590225E-14,0.0035,2.05926645696882E-14));
#18238=CARTESIAN_POINT('',(-0.0250090853656905,0.0035,-0.00887642123144381));
#18239=CARTESIAN_POINT('',(-0.0250090853656905,0.0035,-0.00887642123144381));
#18240=CARTESIAN_POINT('',(-0.0250090853656905,-0.0035,-0.00887642123144381));
#18241=CARTESIAN_POINT('',(-0.0265026958182804,0.0035,-0.0116660489280663));
#18242=CARTESIAN_POINT('',(-0.0265026958182804,0.0035,-0.0116660489280663));
#18243=CARTESIAN_POINT('',(-0.0241647438298439,0.0035,-0.0106369210810132));
#18244=CARTESIAN_POINT('',(-0.0241647438298438,0.0035,-0.0106369210810132));
#18245=CARTESIAN_POINT('',(-0.0241647438298439,-0.0035,-0.0106369210810132));
#18246=CARTESIAN_POINT('',(-0.0265026958182804,-0.0035,-0.0116660489280663));
#18247=CARTESIAN_POINT('',(-0.0235677773445405,0.0035,-0.0117353587041766));
#18248=CARTESIAN_POINT('',(-0.0235677773445405,-0.0035,-0.0117353587041766));
#18249=CARTESIAN_POINT('',(-0.0238797941935841,-0.0035,-0.0111087444002281));
#18250=CARTESIAN_POINT('',(-0.0232557604954969,-0.0035,-0.0123619730081252));
#18251=CARTESIAN_POINT('',(-0.0238797941935841,0.0035,-0.0111087444002281));
#18252=CARTESIAN_POINT('',(-0.0238797941935841,0.0035,-0.0111087444002281));
#18253=CARTESIAN_POINT('',(-0.0235677773445405,0.0035,-0.0117353587041766));
#18254=CARTESIAN_POINT('',(-0.0232557604954969,0.0035,-0.0123619730081252));
#18255=CARTESIAN_POINT('',(-0.0232557604954969,0.0035,-0.0123619730081252));
#18256=CARTESIAN_POINT('',(-0.02406677078619,0.0035,-0.0111819385006095));
#18257=CARTESIAN_POINT('',(-0.02406677078619,-0.0035,-0.0111819385006095));
#18258=CARTESIAN_POINT('',(-0.0242537473787958,-0.0035,-0.0112551326009909));
#18259=CARTESIAN_POINT('',(-0.0242537473787958,0.0035,-0.0112551326009909));
#18260=CARTESIAN_POINT('',(-0.0242537473787958,0.0035,-0.0112551326009909));
#18261=CARTESIAN_POINT('',(-0.02406677078619,0.0035,-0.0111819385006095));
#18262=CARTESIAN_POINT('',(5.47274879403413E-14,0.0035,2.47018844398827E-14));
#18263=CARTESIAN_POINT('',(5.47274879403413E-14,-0.0035,2.47018844398827E-14));
#18264=CARTESIAN_POINT('',(-0.0244636414110279,-0.0035,-0.0107913169118961));
#18265=CARTESIAN_POINT('',(-0.0244636414110279,0.0035,-0.0107913169118961));
#18266=CARTESIAN_POINT('',(-0.0244636414110279,0.0035,-0.0107913169118961));
#18267=CARTESIAN_POINT('',(5.47274879403413E-14,0.0035,2.47018844398827E-14));
#18268=CARTESIAN_POINT('',(-0.024285243746903,0.0035,-0.0106991654281971));
#18269=CARTESIAN_POINT('',(-0.024285243746903,0.0035,-0.0106991654281971));
#18270=CARTESIAN_POINT('',(-0.024285243746903,-0.0035,-0.0106991654281971));
#18271=CARTESIAN_POINT('',(-0.0255687543522082,0.0035,-0.0135914820422486));
#18272=CARTESIAN_POINT('',(-0.0255687543522082,0.0035,-0.0135914820422486));
#18273=CARTESIAN_POINT('',(-0.0233131905978842,0.0035,-0.0123925009014488));
#18274=CARTESIAN_POINT('',(-0.0233131905978841,0.0035,-0.0123925009014487));
#18275=CARTESIAN_POINT('',(-0.0233131905978842,-0.0035,-0.0123925009014488));
#18276=CARTESIAN_POINT('',(-0.0255687543522082,-0.0035,-0.0135914820422486));
#18277=CARTESIAN_POINT('',(-0.0226367319298025,0.0035,-0.0134438513981593));
#18278=CARTESIAN_POINT('',(-0.0226367319298025,-0.0035,-0.0134438513981593));
#18279=CARTESIAN_POINT('',(-0.0229941737650291,-0.0035,-0.0128419915021455));
#18280=CARTESIAN_POINT('',(-0.0222792900945759,-0.0035,-0.0140457112941732));
#18281=CARTESIAN_POINT('',(-0.0229941737650291,0.0035,-0.0128419915021455));
#18282=CARTESIAN_POINT('',(-0.0229941737650291,0.0035,-0.0128419915021455));
#18283=CARTESIAN_POINT('',(-0.0226367319298025,0.0035,-0.0134438513981593));
#18284=CARTESIAN_POINT('',(-0.0222792900945759,0.0035,-0.0140457112941732));
#18285=CARTESIAN_POINT('',(-0.0222792900945759,0.0035,-0.0140457112941732));
#18286=CARTESIAN_POINT('',(-0.0231752341876703,0.0035,-0.0129287944160722));
#18287=CARTESIAN_POINT('',(-0.0231752341876703,-0.0035,-0.0129287944160722));
#18288=CARTESIAN_POINT('',(-0.0233562946103115,-0.0035,-0.0130155973299988));
#18289=CARTESIAN_POINT('',(-0.0233562946103115,0.0035,-0.0130155973299988));
#18290=CARTESIAN_POINT('',(-0.0233562946103115,0.0035,-0.0130155973299988));
#18291=CARTESIAN_POINT('',(-0.0231752341876703,0.0035,-0.0129287944160722));
#18292=CARTESIAN_POINT('',(5.27537400604673E-14,0.0035,2.8676191183178E-14));
#18293=CARTESIAN_POINT('',(5.27537400604673E-14,-0.0035,2.8676191183178E-14));
#18294=CARTESIAN_POINT('',(-0.0235998694192563,-0.0035,-0.0125685494459141));
#18295=CARTESIAN_POINT('',(-0.0235998694192563,0.0035,-0.0125685494459141));
#18296=CARTESIAN_POINT('',(-0.0235998694192563,0.0035,-0.0125685494459141));
#18297=CARTESIAN_POINT('',(5.27537400604673E-14,0.0035,2.8676191183178E-14));
#18298=CARTESIAN_POINT('',(-0.0234287645482022,0.0035,-0.0124634744935481));
#18299=CARTESIAN_POINT('',(-0.0234287645482022,0.0035,-0.0124634744935481));
#18300=CARTESIAN_POINT('',(-0.0234287645482022,-0.0035,-0.0124634744935481));
#18301=CARTESIAN_POINT('',(-0.0244951652163815,0.0035,-0.0154426831946558));
#18302=CARTESIAN_POINT('',(-0.0244951652163815,0.0035,-0.0154426831946558));
#18303=CARTESIAN_POINT('',(-0.0223343088032306,0.0035,-0.0140803971793276));
#18304=CARTESIAN_POINT('',(-0.0223343088032306,0.0035,-0.0140803971793276));
#18305=CARTESIAN_POINT('',(-0.0223343088032306,-0.0035,-0.0140803971793276));
#18306=CARTESIAN_POINT('',(-0.0244951652163815,-0.0035,-0.0154426831946558));
#18307=CARTESIAN_POINT('',(-0.0215820525350391,0.0035,-0.0150789184377508));
#18308=CARTESIAN_POINT('',(-0.0215820525350391,-0.0035,-0.0150789184377508));
#18309=CARTESIAN_POINT('',(-0.0219829671330955,-0.0035,-0.0145051000997158));
#18310=CARTESIAN_POINT('',(-0.0211811379369828,-0.0035,-0.0156527367757859));
#18311=CARTESIAN_POINT('',(-0.0219829671330955,0.0035,-0.0145051000997158));
#18312=CARTESIAN_POINT('',(-0.0219829671330955,0.0035,-0.0145051000997158));
#18313=CARTESIAN_POINT('',(-0.0215820525350391,0.0035,-0.0150789184377508));
#18314=CARTESIAN_POINT('',(-0.0211811379369828,0.0035,-0.0156527367757859));
#18315=CARTESIAN_POINT('',(-0.0211811379369828,0.0035,-0.0156527367757859));
#18316=CARTESIAN_POINT('',(-0.0221571224965301,0.0035,-0.0146050377397726));
#18317=CARTESIAN_POINT('',(-0.0221571224965301,-0.0035,-0.0146050377397726));
#18318=CARTESIAN_POINT('',(-0.0223312778599646,-0.0035,-0.0147049753798295));
#18319=CARTESIAN_POINT('',(-0.0223312778599646,0.0035,-0.0147049753798295));
#18320=CARTESIAN_POINT('',(-0.0223312778599646,0.0035,-0.0147049753798295));
#18321=CARTESIAN_POINT('',(-0.0221571224965301,0.0035,-0.0146050377397726));
#18322=CARTESIAN_POINT('',(5.04918695458805E-14,0.0035,3.24938785143188E-14));
#18323=CARTESIAN_POINT('',(5.04918695458805E-14,-0.0035,3.24938785143188E-14));
#18324=CARTESIAN_POINT('',(-0.0226072031244806,-0.0035,-0.0142771369212742));
#18325=CARTESIAN_POINT('',(-0.0226072031244806,0.0035,-0.0142771369212742));
#18326=CARTESIAN_POINT('',(-0.0226072031244806,0.0035,-0.0142771369212742));
#18327=CARTESIAN_POINT('',(5.04918695458805E-14,0.0035,3.24938785143188E-14));
#18328=CARTESIAN_POINT('',(-0.0224443255619687,0.0035,-0.0141597123831941));
#18329=CARTESIAN_POINT('',(-0.0224443255619687,0.0035,-0.0141597123831941));
#18330=CARTESIAN_POINT('',(-0.0224443255619687,-0.0035,-0.0141597123831941));
#18331=CARTESIAN_POINT('',(-0.02328779198237,0.0035,-0.0172095417665374));
#18332=CARTESIAN_POINT('',(-0.02328779198237,0.0035,-0.0172095417665374));
#18333=CARTESIAN_POINT('',(-0.0212334447587973,0.0035,-0.0156913912104945));
#18334=CARTESIAN_POINT('',(-0.0212334447587973,0.0035,-0.0156913912104945));
#18335=CARTESIAN_POINT('',(-0.0212334447587973,-0.0035,-0.0156913912104945));
#18336=CARTESIAN_POINT('',(-0.02328779198237,-0.0035,-0.0172095417665374));
#18337=CARTESIAN_POINT('',(-0.0204094994533718,0.0035,-0.0166316296537757));
#18338=CARTESIAN_POINT('',(-0.0204094994533718,-0.0035,-0.0166316296537757));
#18339=CARTESIAN_POINT('',(-0.0208516971577491,-0.0035,-0.0160889868704978));
#18340=CARTESIAN_POINT('',(-0.0199673017489944,-0.0035,-0.0171742724370535));
#18341=CARTESIAN_POINT('',(-0.0208516971577491,0.0035,-0.0160889868704978));
#18342=CARTESIAN_POINT('',(-0.0208516971577491,0.0035,-0.0160889868704978));
#18343=CARTESIAN_POINT('',(-0.0204094994533718,0.0035,-0.0166316296537757));
#18344=CARTESIAN_POINT('',(-0.0199673017489944,0.0035,-0.0171742724370535));
#18345=CARTESIAN_POINT('',(-0.0199673017489944,0.0035,-0.0171742724370535));
#18346=CARTESIAN_POINT('',(-0.021017996285774,0.0035,-0.0162015134119504));
#18347=CARTESIAN_POINT('',(-0.021017996285774,-0.0035,-0.0162015134119504));
#18348=CARTESIAN_POINT('',(-0.021184295413799,-0.0035,-0.016314039953403));
#18349=CARTESIAN_POINT('',(-0.021184295413799,0.0035,-0.016314039953403));
#18350=CARTESIAN_POINT('',(-0.021184295413799,0.0035,-0.016314039953403));
#18351=CARTESIAN_POINT('',(-0.021017996285774,0.0035,-0.0162015134119504));
#18352=CARTESIAN_POINT('',(4.79542299489794E-14,0.0035,3.61340955489678E-14));
#18353=CARTESIAN_POINT('',(4.79542299489794E-14,-0.0035,3.61340955489678E-14));
#18354=CARTESIAN_POINT('',(-0.0214910641257744,-0.0035,-0.0159077476256756));
#18355=CARTESIAN_POINT('',(-0.0214910641257744,0.0035,-0.0159077476256756));
#18356=CARTESIAN_POINT('',(-0.0214910641257744,0.0035,-0.0159077476256756));
#18357=CARTESIAN_POINT('',(4.79542299489794E-14,0.0035,3.61340955489678E-14));
#18358=CARTESIAN_POINT('',(-0.0213373034525699,0.0035,-0.0157786148339887));
#18359=CARTESIAN_POINT('',(-0.0213373034525699,0.0035,-0.0157786148339887));
#18360=CARTESIAN_POINT('',(-0.0213373034525699,-0.0035,-0.0157786148339887));
#18361=CARTESIAN_POINT('',(-0.0219532289040952,0.0035,-0.0188824077890701));
#18362=CARTESIAN_POINT('',(-0.0219532289040952,0.0035,-0.0188824077890701));
#18363=CARTESIAN_POINT('',(-0.0200166110022466,0.0035,-0.0172166843041982));
#18364=CARTESIAN_POINT('',(-0.0200166110022466,0.0035,-0.0172166843041982));
#18365=CARTESIAN_POINT('',(-0.0200166110022466,-0.0035,-0.0172166843041982));
#18366=CARTESIAN_POINT('',(-0.0219532289040952,-0.0035,-0.0188824077890701));
#18367=CARTESIAN_POINT('',(-0.0191254767631244,0.0035,-0.018093504676008));
#18368=CARTESIAN_POINT('',(-0.0191254767631244,-0.0035,-0.018093504676008));
#18369=CARTESIAN_POINT('',(-0.0196065424433028,-0.0035,-0.0175850011741966));
#18370=CARTESIAN_POINT('',(-0.0186444110829458,-0.0035,-0.0186020081778193));
#18371=CARTESIAN_POINT('',(-0.0196065424433028,0.0035,-0.0175850011741966));
#18372=CARTESIAN_POINT('',(-0.0196065424433028,0.0035,-0.0175850011741966));
#18373=CARTESIAN_POINT('',(-0.0191254767631244,0.0035,-0.018093504676008));
#18374=CARTESIAN_POINT('',(-0.0186444110829458,0.0035,-0.0186020081778193));
#18375=CARTESIAN_POINT('',(-0.0186444110829458,0.0035,-0.0186020081778193));
#18376=CARTESIAN_POINT('',(-0.0197640770677488,0.0035,-0.0177095020360965));
#18377=CARTESIAN_POINT('',(-0.0197640770677488,-0.0035,-0.0177095020360965));
#18378=CARTESIAN_POINT('',(-0.0199216116921948,-0.0035,-0.0178340028979963));
#18379=CARTESIAN_POINT('',(-0.0199216116921948,0.0035,-0.0178340028979963));
#18380=CARTESIAN_POINT('',(-0.0199216116921948,0.0035,-0.0178340028979963));
#18381=CARTESIAN_POINT('',(-0.0197640770677488,0.0035,-0.0177095020360965));
#18382=CARTESIAN_POINT('',(4.51546809772608E-14,0.0035,3.95769606840056E-14));
#18383=CARTESIAN_POINT('',(4.51546809772608E-14,-0.0035,3.95769606840056E-14));
#18384=CARTESIAN_POINT('',(-0.0202575483873034,-0.0035,-0.0174514757289003));
#18385=CARTESIAN_POINT('',(-0.0202575483873034,0.0035,-0.0174514757289003));
#18386=CARTESIAN_POINT('',(-0.0202575483873034,0.0035,-0.0174514757289003));
#18387=CARTESIAN_POINT('',(4.51546809772608E-14,0.0035,3.95769606840056E-14));
#18388=CARTESIAN_POINT('',(-0.0201137443908834,0.0035,-0.0173113399621354));
#18389=CARTESIAN_POINT('',(-0.0201137443908834,0.0035,-0.0173113399621354));
#18390=CARTESIAN_POINT('',(-0.0201137443908834,-0.0035,-0.0173113399621354));
#18391=CARTESIAN_POINT('',(-0.0204987649023019,0.0035,-0.0204521446481412));
#18392=CARTESIAN_POINT('',(-0.0204987649023019,0.0035,-0.0204521446481412));
#18393=CARTESIAN_POINT('',(-0.0186904534575932,0.0035,-0.018647945838489));
#18394=CARTESIAN_POINT('',(-0.0186904534575932,0.0035,-0.0186479458384891));
#18395=CARTESIAN_POINT('',(-0.0186904534575932,-0.0035,-0.018647945838489));
#18396=CARTESIAN_POINT('',(-0.0204987649023019,-0.0035,-0.0204521446481412));
#18397=CARTESIAN_POINT('',(-0.0177369973509685,0.0035,-0.0194565592500131));
#18398=CARTESIAN_POINT('',(-0.0177369973509685,-0.0035,-0.0194565592500131));
#18399=CARTESIAN_POINT('',(-0.0182543035930229,-0.0035,-0.0189849722994604));
#18400=CARTESIAN_POINT('',(-0.017219691108914,-0.0035,-0.0199281462005657));
#18401=CARTESIAN_POINT('',(-0.0182543035930229,0.0035,-0.0189849722994604));
#18402=CARTESIAN_POINT('',(-0.0182543035930229,0.0035,-0.0189849722994604));
#18403=CARTESIAN_POINT('',(-0.0177369973509685,0.0035,-0.0194565592500131));
#18404=CARTESIAN_POINT('',(-0.017219691108914,0.0035,-0.0199281462005657));
#18405=CARTESIAN_POINT('',(-0.017219691108914,0.0035,-0.0199281462005657));
#18406=CARTESIAN_POINT('',(-0.0184022133143997,0.0035,-0.0191207675012733));
#18407=CARTESIAN_POINT('',(-0.0184022133143997,-0.0035,-0.0191207675012733));
#18408=CARTESIAN_POINT('',(-0.0185501230357765,-0.0035,-0.0192565627030861));
#18409=CARTESIAN_POINT('',(-0.0185501230357765,0.0035,-0.0192565627030861));
#18410=CARTESIAN_POINT('',(-0.0185501230357765,0.0035,-0.0192565627030861));
#18411=CARTESIAN_POINT('',(-0.0184022133143997,0.0035,-0.0191207675012733));
#18412=CARTESIAN_POINT('',(4.21085127964044E-14,0.0035,4.28036701839525E-14));
#18413=CARTESIAN_POINT('',(4.21085127964044E-14,-0.0035,4.28036701839525E-14));
#18414=CARTESIAN_POINT('',(-0.018913392944283,-0.0035,-0.0188998899233694));
#18415=CARTESIAN_POINT('',(-0.018913392944283,0.0035,-0.0188998899233694));
#18416=CARTESIAN_POINT('',(-0.018913392944283,0.0035,-0.0188998899233694));
#18417=CARTESIAN_POINT('',(4.21085127964044E-14,0.0035,4.28036701839525E-14));
#18418=CARTESIAN_POINT('',(-0.0187803310322089,0.0035,-0.0187495165544894));
#18419=CARTESIAN_POINT('',(-0.0187803310322089,0.0035,-0.0187495165544894));
#18420=CARTESIAN_POINT('',(-0.0187803310322089,-0.0035,-0.0187495165544894));
#18421=CARTESIAN_POINT('',(-0.0189323437550012,0.0035,-0.0219101789853666));
#18422=CARTESIAN_POINT('',(-0.0189323437550012,0.0035,-0.0219101789853666));
#18423=CARTESIAN_POINT('',(-0.0172622151374728,0.0035,-0.0199773587591879));
#18424=CARTESIAN_POINT('',(-0.0172622151374726,0.0035,-0.0199773587591877));
#18425=CARTESIAN_POINT('',(-0.0172622151374728,-0.0035,-0.0199773587591879));
#18426=CARTESIAN_POINT('',(-0.0189323437550012,-0.0035,-0.0219101789853666));
#18427=CARTESIAN_POINT('',(-0.0162516446099682,0.0035,-0.0207133488443763));
#18428=CARTESIAN_POINT('',(-0.0162516446099682,-0.0035,-0.0207133488443763));
#18429=CARTESIAN_POINT('',(-0.0168023660665916,-0.0035,-0.0202812540894734));
#18430=CARTESIAN_POINT('',(-0.0157009231533447,-0.0035,-0.0211454435992792));
#18431=CARTESIAN_POINT('',(-0.0168023660665916,0.0035,-0.0202812540894734));
#18432=CARTESIAN_POINT('',(-0.0168023660665916,0.0035,-0.0202812540894734));
#18433=CARTESIAN_POINT('',(-0.0162516446099682,0.0035,-0.0207133488443763));
#18434=CARTESIAN_POINT('',(-0.0157009231533447,0.0035,-0.0211454435992792));
#18435=CARTESIAN_POINT('',(-0.0157009231533447,0.0035,-0.0211454435992792));
#18436=CARTESIAN_POINT('',(-0.0169398430532919,0.0035,-0.0204276019648969));
#18437=CARTESIAN_POINT('',(-0.0169398430532919,-0.0035,-0.0204276019648969));
#18438=CARTESIAN_POINT('',(-0.0170773200399922,-0.0035,-0.0205739498403203));
#18439=CARTESIAN_POINT('',(-0.0170773200399922,0.0035,-0.0205739498403203));
#18440=CARTESIAN_POINT('',(-0.0170773200399922,0.0035,-0.0205739498403203));
#18441=CARTESIAN_POINT('',(-0.0169398430532919,0.0035,-0.0204276019648969));
#18442=CARTESIAN_POINT('',(3.88323625206892E-14,0.0035,4.57966008804507E-14));
#18443=CARTESIAN_POINT('',(3.88323625206892E-14,-0.0035,4.57966008804507E-14));
#18444=CARTESIAN_POINT('',(-0.017465939107628,-0.0035,-0.0202450794730218));
#18445=CARTESIAN_POINT('',(-0.017465939107628,0.0035,-0.0202450794730218));
#18446=CARTESIAN_POINT('',(-0.017465939107628,0.0035,-0.0202450794730218));
#18447=CARTESIAN_POINT('',(3.88323625206892E-14,0.0035,4.57966008804507E-14));
#18448=CARTESIAN_POINT('',(-0.0173443460179214,0.0035,-0.0200852897892222));
#18449=CARTESIAN_POINT('',(-0.0173443460179214,0.0035,-0.0200852897892222));
#18450=CARTESIAN_POINT('',(-0.0173443460179214,-0.0035,-0.0200852897892222));
#18451=CARTESIAN_POINT('',(-0.0172625207113095,0.0035,-0.0232485475228012));
#18452=CARTESIAN_POINT('',(-0.0172625207113095,0.0035,-0.0232485475228012));
#18453=CARTESIAN_POINT('',(-0.0157396965843166,0.0035,-0.0211976622739238));
#18454=CARTESIAN_POINT('',(-0.0157396965843166,0.0035,-0.0211976622739238));
#18455=CARTESIAN_POINT('',(-0.0157396965843166,-0.0035,-0.0211976622739238));
#18456=CARTESIAN_POINT('',(-0.0172625207113095,-0.0035,-0.0232485475228012));
#18457=CARTESIAN_POINT('',(-0.0146775310217166,0.0035,-0.0218570093101522));
#18458=CARTESIAN_POINT('',(-0.0146775310217166,-0.0035,-0.0218570093101522));
#18459=CARTESIAN_POINT('',(-0.0152586598432874,-0.0035,-0.0214667667026122));
#18460=CARTESIAN_POINT('',(-0.0140964022001457,-0.0035,-0.0222472519176922));
#18461=CARTESIAN_POINT('',(-0.0152586598432874,0.0035,-0.0214667667026122));
#18462=CARTESIAN_POINT('',(-0.0152586598432874,0.0035,-0.0214667667026122));
#18463=CARTESIAN_POINT('',(-0.0146775310217166,0.0035,-0.0218570093101522));
#18464=CARTESIAN_POINT('',(-0.0140964022001457,0.0035,-0.0222472519176922));
#18465=CARTESIAN_POINT('',(-0.0140964022001457,0.0035,-0.0222472519176922));
#18466=CARTESIAN_POINT('',(-0.0153849532436831,0.0035,-0.0216228679502999));
#18467=CARTESIAN_POINT('',(-0.0153849532436831,-0.0035,-0.0216228679502999));
#18468=CARTESIAN_POINT('',(-0.0155112466440787,-0.0035,-0.0217789691979876));
#18469=CARTESIAN_POINT('',(-0.0155112466440787,0.0035,-0.0217789691979876));
#18470=CARTESIAN_POINT('',(-0.0155112466440787,0.0035,-0.0217789691979876));
#18471=CARTESIAN_POINT('',(-0.0153849532436831,0.0035,-0.0216228679502999));
#18472=CARTESIAN_POINT('',(3.53441233468457E-14,0.0035,4.85394064238994E-14));
#18473=CARTESIAN_POINT('',(3.53441233468457E-14,-0.0035,4.85394064238994E-14));
#18474=CARTESIAN_POINT('',(-0.0159230923682583,-0.0035,-0.0214796974190106));
#18475=CARTESIAN_POINT('',(-0.0159230923682583,0.0035,-0.0214796974190106));
#18476=CARTESIAN_POINT('',(-0.0159230923682583,0.0035,-0.0214796974190106));
#18477=CARTESIAN_POINT('',(3.53441233468457E-14,0.0035,4.85394064238994E-14));
#18478=CARTESIAN_POINT('',(-0.0158136322002102,0.0035,-0.0213113641361339));
#18479=CARTESIAN_POINT('',(-0.0158136322002102,0.0035,-0.0213113641361339));
#18480=CARTESIAN_POINT('',(-0.0158136322002102,-0.0035,-0.0213113641361339));
#18481=CARTESIAN_POINT('',(-0.0154984157656441,0.0035,-0.0244599405556017));
#18482=CARTESIAN_POINT('',(-0.0154984157656441,0.0035,-0.0244599405556017));
#18483=CARTESIAN_POINT('',(-0.0141312132664964,0.0035,-0.0223021915080665));
#18484=CARTESIAN_POINT('',(-0.0141312132664964,0.0035,-0.0223021915080665));
#18485=CARTESIAN_POINT('',(-0.0141312132664964,-0.0035,-0.0223021915080665));
#18486=CARTESIAN_POINT('',(-0.0154984157656441,-0.0035,-0.0244599405556017));
#18487=CARTESIAN_POINT('',(-0.013023253848775,0.0035,-0.0228812943704656));
#18488=CARTESIAN_POINT('',(-0.013023253848775,-0.0035,-0.0228812943704656));
#18489=CARTESIAN_POINT('',(-0.0136316161111888,-0.0035,-0.0225350352800857));
#18490=CARTESIAN_POINT('',(-0.0124148915863611,-0.0035,-0.0232275534608454));
#18491=CARTESIAN_POINT('',(-0.0136316161111888,0.0035,-0.0225350352800857));
#18492=CARTESIAN_POINT('',(-0.0136316161111888,0.0035,-0.0225350352800857));
#18493=CARTESIAN_POINT('',(-0.013023253848775,0.0035,-0.0228812943704656));
#18494=CARTESIAN_POINT('',(-0.0124148915863611,0.0035,-0.0232275534608454));
#18495=CARTESIAN_POINT('',(-0.0124148915863611,0.0035,-0.0232275534608454));
#18496=CARTESIAN_POINT('',(-0.0137460361545217,0.0035,-0.0227000373291544));
#18497=CARTESIAN_POINT('',(-0.0137460361545217,-0.0035,-0.0227000373291544));
#18498=CARTESIAN_POINT('',(-0.0138604561978546,-0.0035,-0.0228650393782231));
#18499=CARTESIAN_POINT('',(-0.0138604561978546,0.0035,-0.0228650393782231));
#18500=CARTESIAN_POINT('',(-0.0138604561978546,0.0035,-0.0228650393782231));
#18501=CARTESIAN_POINT('',(-0.0137460361545217,0.0035,-0.0227000373291544));
#18502=CARTESIAN_POINT('',(3.1662846827619E-14,0.0035,5.10171065615472E-14));
#18503=CARTESIAN_POINT('',(3.1662846827619E-14,-0.0035,5.10171065615472E-14));
#18504=CARTESIAN_POINT('',(-0.014293279220049,-0.0035,-0.0225970007062453));
#18505=CARTESIAN_POINT('',(-0.014293279220049,0.0035,-0.0225970007062453));
#18506=CARTESIAN_POINT('',(-0.014293279220049,0.0035,-0.0225970007062453));
#18507=CARTESIAN_POINT('',(3.1662846827619E-14,0.0035,5.10171065615472E-14));
#18508=CARTESIAN_POINT('',(-0.0141965498071397,0.0035,-0.0224210432023094));
#18509=CARTESIAN_POINT('',(-0.0141965498071397,0.0035,-0.0224210432023094));
#18510=CARTESIAN_POINT('',(-0.0141965498071397,-0.0035,-0.0224210432023094));
#18511=CARTESIAN_POINT('',(-0.0136496638474768,0.0035,-0.0255377418750996));
#18512=CARTESIAN_POINT('',(-0.0136496638474768,0.0035,-0.0255377418750996));
#18513=CARTESIAN_POINT('',(-0.0124455501621179,0.0035,-0.0232849139059584));
#18514=CARTESIAN_POINT('',(-0.0124455501621178,0.0035,-0.0232849139059583));
#18515=CARTESIAN_POINT('',(-0.0124455501621179,-0.0035,-0.0232849139059584));
#18516=CARTESIAN_POINT('',(-0.0136496638474768,-0.0035,-0.0255377418750996));
#18517=CARTESIAN_POINT('',(-0.0112978481794056,0.0035,-0.02378060973551));
#18518=CARTESIAN_POINT('',(-0.0112978481794056,-0.0035,-0.02378060973551));
#18519=CARTESIAN_POINT('',(-0.0119301212189479,-0.0035,-0.0234802253093692));
#18520=CARTESIAN_POINT('',(-0.0106655751398633,-0.0035,-0.0240809941616508));
#18521=CARTESIAN_POINT('',(-0.0119301212189479,0.0035,-0.0234802253093692));
#18522=CARTESIAN_POINT('',(-0.0119301212189479,0.0035,-0.0234802253093692));
#18523=CARTESIAN_POINT('',(-0.0112978481794056,0.0035,-0.02378060973551));
#18524=CARTESIAN_POINT('',(-0.0106655751398633,0.0035,-0.0240809941616508));
#18525=CARTESIAN_POINT('',(-0.0106655751398633,0.0035,-0.0240809941616508));
#18526=CARTESIAN_POINT('',(-0.012032042982619,0.0035,-0.0236532269758448));
#18527=CARTESIAN_POINT('',(-0.012032042982619,-0.0035,-0.0236532269758448));
#18528=CARTESIAN_POINT('',(-0.01213396474629,-0.0035,-0.0238262286423203));
#18529=CARTESIAN_POINT('',(-0.01213396474629,0.0035,-0.0238262286423203));
#18530=CARTESIAN_POINT('',(-0.01213396474629,0.0035,-0.0238262286423203));
#18531=CARTESIAN_POINT('',(-0.012032042982619,0.0035,-0.0236532269758448));
#18532=CARTESIAN_POINT('',(2.78086388187952E-14,0.0035,5.32161689544383E-14));
#18533=CARTESIAN_POINT('',(2.78086388187952E-14,-0.0035,5.32161689544383E-14));
#18534=CARTESIAN_POINT('',(-0.0125854011372428,-0.0035,-0.02359088701162));
#18535=CARTESIAN_POINT('',(-0.0125854011372428,0.0035,-0.02359088701162));
#18536=CARTESIAN_POINT('',(-0.0125854011372428,0.0035,-0.02359088701162));
#18537=CARTESIAN_POINT('',(2.78086388187952E-14,0.0035,5.32161689544383E-14));
#18538=CARTESIAN_POINT('',(-0.0125019307819824,0.0035,-0.0234082663054943));
#18539=CARTESIAN_POINT('',(-0.0125019307819824,0.0035,-0.0234082663054943));
#18540=CARTESIAN_POINT('',(-0.0125019307819824,-0.0035,-0.0234082663054943));
#18541=CARTESIAN_POINT('',(-0.01172636219869,0.0035,-0.0264760649042388));
#18542=CARTESIAN_POINT('',(-0.01172636219869,0.0035,-0.0264760649042388));
#18543=CARTESIAN_POINT('',(-0.0106919137785168,0.0035,-0.0241404621786421));
#18544=CARTESIAN_POINT('',(-0.0106919137785167,0.0035,-0.0241404621786419));
#18545=CARTESIAN_POINT('',(-0.0106919137785168,-0.0035,-0.0241404621786421));
#18546=CARTESIAN_POINT('',(-0.01172636219869,-0.0035,-0.0264760649042388));
#18547=CARTESIAN_POINT('',(-0.00951073758105295,0.0035,-0.0245500436566186));
#18548=CARTESIAN_POINT('',(-0.00951073758105295,-0.0035,-0.0245500436566186));
#18549=CARTESIAN_POINT('',(-0.010163468141636,-0.0035,-0.0242971744902875));
#18550=CARTESIAN_POINT('',(-0.0088580070204699,-0.0035,-0.0248029128229496));
#18551=CARTESIAN_POINT('',(-0.010163468141636,0.0035,-0.0242971744902875));
#18552=CARTESIAN_POINT('',(-0.010163468141636,0.0035,-0.0242971744902875));
#18553=CARTESIAN_POINT('',(-0.00951073758105295,0.0035,-0.0245500436566186));
#18554=CARTESIAN_POINT('',(-0.0088580070204699,0.0035,-0.0248029128229496));
#18555=CARTESIAN_POINT('',(-0.0088580070204699,0.0035,-0.0248029128229496));
#18556=CARTESIAN_POINT('',(-0.0102523349643157,0.0035,-0.0244772308990599));
#18557=CARTESIAN_POINT('',(-0.0102523349643157,-0.0035,-0.0244772308990599));
#18558=CARTESIAN_POINT('',(-0.0103412017869954,-0.0035,-0.0246572873078321));
#18559=CARTESIAN_POINT('',(-0.0103412017869954,0.0035,-0.0246572873078321));
#18560=CARTESIAN_POINT('',(-0.0103412017869954,0.0035,-0.0246572873078321));
#18561=CARTESIAN_POINT('',(-0.0102523349643157,0.0035,-0.0244772308990599));
#18562=CARTESIAN_POINT('',(2.38025496679886E-14,0.0035,5.5124583086355E-14));
#18563=CARTESIAN_POINT('',(2.38025496679886E-14,-0.0035,5.5124583086355E-14));
#18564=CARTESIAN_POINT('',(-0.0108087859576844,-0.0035,-0.0244559280727863));
#18565=CARTESIAN_POINT('',(-0.0108087859576844,0.0035,-0.0244559280727863));
#18566=CARTESIAN_POINT('',(-0.0108087859576844,0.0035,-0.0244559280727863));
#18567=CARTESIAN_POINT('',(2.38025496679886E-14,0.0035,5.5124583086355E-14));
#18568=CARTESIAN_POINT('',(-0.0107390305462083,0.0035,-0.02426764157544));
#18569=CARTESIAN_POINT('',(-0.0107390305462083,0.0035,-0.02426764157544));
#18570=CARTESIAN_POINT('',(-0.0107390305462083,-0.0035,-0.02426764157544));
#18571=CARTESIAN_POINT('',(-0.00973901522594311,0.0035,-0.0272697848480178));
#18572=CARTESIAN_POINT('',(-0.00973901522594311,0.0035,-0.0272697848480178));
#18573=CARTESIAN_POINT('',(-0.00887988186950915,0.0035,-0.0248641636181321));
#18574=CARTESIAN_POINT('',(-0.00887988186950915,0.0035,-0.0248641636181321));
#18575=CARTESIAN_POINT('',(-0.00887988186950915,-0.0035,-0.0248641636181321));
#18576=CARTESIAN_POINT('',(-0.00973901522594311,-0.0035,-0.0272697848480178));
#18577=CARTESIAN_POINT('',(-0.00767168263208605,0.0035,-0.0251853937525321));
#18578=CARTESIAN_POINT('',(-0.00767168263208605,-0.0035,-0.0251853937525321));
#18579=CARTESIAN_POINT('',(-0.00834130572573636,-0.0035,-0.0249814209297095));
#18580=CARTESIAN_POINT('',(-0.00700205953843574,-0.0035,-0.0253893665753545));
#18581=CARTESIAN_POINT('',(-0.00834130572573636,0.0035,-0.0249814209297095));
#18582=CARTESIAN_POINT('',(-0.00834130572573636,0.0035,-0.0249814209297095));
#18583=CARTESIAN_POINT('',(-0.00767168263208605,0.0035,-0.0251853937525321));
#18584=CARTESIAN_POINT('',(-0.00700205953843574,0.0035,-0.0253893665753545));
#18585=CARTESIAN_POINT('',(-0.00700205953843574,0.0035,-0.0253893665753545));
#18586=CARTESIAN_POINT('',(-0.00841663224765567,0.0035,-0.0251675486751122));
#18587=CARTESIAN_POINT('',(-0.00841663224765567,-0.0035,-0.0251675486751122));
#18588=CARTESIAN_POINT('',(-0.00849195876957498,-0.0035,-0.0253536764205149));
#18589=CARTESIAN_POINT('',(-0.00849195876957498,0.0035,-0.0253536764205149));
#18590=CARTESIAN_POINT('',(-0.00849195876957498,0.0035,-0.0253536764205149));
#18591=CARTESIAN_POINT('',(-0.00841663224765567,0.0035,-0.0251675486751122));
#18592=CARTESIAN_POINT('',(1.96664592449432E-14,0.0035,5.67319258610927E-14));
#18593=CARTESIAN_POINT('',(1.96664592449432E-14,-0.0035,5.67319258610927E-14));
#18594=CARTESIAN_POINT('',(-0.00897313693740484,-0.0035,-0.0251873993354398));
#18595=CARTESIAN_POINT('',(-0.00897313693740484,0.0035,-0.0251873993354398));
#18596=CARTESIAN_POINT('',(-0.00897313693740484,0.0035,-0.0251873993354398));
#18597=CARTESIAN_POINT('',(1.96664592449432E-14,0.0035,5.67319258610927E-14));
#18598=CARTESIAN_POINT('',(-0.00891747744958129,0.0035,-0.024994475402429));
#18599=CARTESIAN_POINT('',(-0.00891747744958129,0.0035,-0.024994475402429));
#18600=CARTESIAN_POINT('',(-0.00891747744958129,-0.0035,-0.024994475402429));
#18601=CARTESIAN_POINT('',(-0.00769847712924575,0.0035,-0.0279145666833432));
#18602=CARTESIAN_POINT('',(-0.00769847712924575,0.0035,-0.0279145666833432));
#18603=CARTESIAN_POINT('',(-0.00701935112502102,0.0035,-0.0254520656181253));
#18604=CARTESIAN_POINT('',(-0.00701935112502098,0.0035,-0.0254520656181251));
#18605=CARTESIAN_POINT('',(-0.00701935112502102,-0.0035,-0.0254520656181253));
#18606=CARTESIAN_POINT('',(-0.00769847712924575,-0.0035,-0.0279145666833432));
#18607=CARTESIAN_POINT('',(-0.00579072761290417,0.0035,-0.0256831899613479));
#18608=CARTESIAN_POINT('',(-0.00579072761290417,-0.0035,-0.0256831899613479));
#18609=CARTESIAN_POINT('',(-0.00647358599049048,-0.0035,-0.0255292275108601));
#18610=CARTESIAN_POINT('',(-0.00510786923531786,-0.0035,-0.0258371524118357));
#18611=CARTESIAN_POINT('',(-0.00647358599049048,0.0035,-0.0255292275108601));
#18612=CARTESIAN_POINT('',(-0.00647358599049048,0.0035,-0.0255292275108601));
#18613=CARTESIAN_POINT('',(-0.00579072761290417,0.0035,-0.0256831899613479));
#18614=CARTESIAN_POINT('',(-0.00510786923531786,0.0035,-0.0258371524118357));
#18615=CARTESIAN_POINT('',(-0.00510786923531786,0.0035,-0.0258371524118357));
#18616=CARTESIAN_POINT('',(-0.00653496080430779,0.0035,-0.0257204100276917));
#18617=CARTESIAN_POINT('',(-0.00653496080430779,-0.0035,-0.0257204100276917));
#18618=CARTESIAN_POINT('',(-0.0065963356181251,-0.0035,-0.0259115925445232));
#18619=CARTESIAN_POINT('',(-0.0065963356181251,0.0035,-0.0259115925445232));
#18620=CARTESIAN_POINT('',(-0.0065963356181251,0.0035,-0.0259115925445232));
#18621=CARTESIAN_POINT('',(-0.00653496080430779,0.0035,-0.0257204100276917));
#18622=CARTESIAN_POINT('',(1.54229574412709E-14,0.0035,5.80294185297963E-14));
#18623=CARTESIAN_POINT('',(1.54229574412709E-14,-0.0035,5.80294185297963E-14));
#18624=CARTESIAN_POINT('',(-0.00708847975480201,-0.0035,-0.0257813057571974));
#18625=CARTESIAN_POINT('',(-0.00708847975480201,0.0035,-0.0257813057571974));
#18626=CARTESIAN_POINT('',(-0.00708847975480201,0.0035,-0.0257813057571974));
#18627=CARTESIAN_POINT('',(1.54229574412709E-14,0.0035,5.80294185297963E-14));
#18628=CARTESIAN_POINT('',(-0.00704722018345239,0.0035,-0.0255847980721436));
#18629=CARTESIAN_POINT('',(-0.00704722018345239,0.0035,-0.0255847980721436));
#18630=CARTESIAN_POINT('',(-0.00704722018345239,-0.0035,-0.0255847980721436));
#18631=CARTESIAN_POINT('',(-0.0056158926200815,0.0035,-0.0284068888354224));
#18632=CARTESIAN_POINT('',(-0.0056158926200815,0.0035,-0.0284068888354224));
#18633=CARTESIAN_POINT('',(-0.00512048311879944,0.0035,-0.0259009572617651));
#18634=CARTESIAN_POINT('',(-0.0051204831187994,0.0035,-0.0259009572617649));
#18635=CARTESIAN_POINT('',(-0.00512048311879944,-0.0035,-0.0259009572617651));
#18636=CARTESIAN_POINT('',(-0.0056158926200815,-0.0035,-0.0284068888354224));
#18637=CARTESIAN_POINT('',(-0.00387814564756035,0.0035,-0.026040713492795));
#18638=CARTESIAN_POINT('',(-0.00387814564756035,-0.0035,-0.026040713492795));
#18639=CARTESIAN_POINT('',(-0.00457050977342015,-0.0035,-0.0259376023041568));
#18640=CARTESIAN_POINT('',(-0.00318578152170055,-0.0035,-0.0261438246814333));
#18641=CARTESIAN_POINT('',(-0.00457050977342015,0.0035,-0.0259376023041568));
#18642=CARTESIAN_POINT('',(-0.00457050977342015,0.0035,-0.0259376023041568));
#18643=CARTESIAN_POINT('',(-0.00387814564756035,0.0035,-0.026040713492795));
#18644=CARTESIAN_POINT('',(-0.00318578152170055,0.0035,-0.0261438246814333));
#18645=CARTESIAN_POINT('',(-0.00318578152170055,0.0035,-0.0261438246814333));
#18646=CARTESIAN_POINT('',(-0.00461759767118543,0.0035,-0.0261327954198069));
#18647=CARTESIAN_POINT('',(-0.00461759767118543,-0.0035,-0.0261327954198069));
#18648=CARTESIAN_POINT('',(-0.00466468556895071,-0.0035,-0.0263279885354571));
#18649=CARTESIAN_POINT('',(-0.00466468556895071,0.0035,-0.0263279885354571));
#18650=CARTESIAN_POINT('',(-0.00466468556895071,0.0035,-0.0263279885354571));
#18651=CARTESIAN_POINT('',(-0.00461759767118543,0.0035,-0.0261327954198069));
#18652=CARTESIAN_POINT('',(1.10952207922977E-14,0.0035,5.90099746374432E-14));
#18653=CARTESIAN_POINT('',(1.10952207922977E-14,-0.0035,5.90099746374432E-14));
#18654=CARTESIAN_POINT('',(-0.00516510775386175,-0.0035,-0.0262344036271331));
#18655=CARTESIAN_POINT('',(-0.00516510775386175,0.0035,-0.0262344036271331));
#18656=CARTESIAN_POINT('',(-0.00516510775386175,0.0035,-0.0262344036271331));
#18657=CARTESIAN_POINT('',(1.10952207922977E-14,0.0035,5.90099746374432E-14));
#18658=CARTESIAN_POINT('',(-0.00513847344445712,0.0035,-0.0260353854468688));
#18659=CARTESIAN_POINT('',(-0.00513847344445712,0.0035,-0.0260353854468688));
#18660=CARTESIAN_POINT('',(-0.00513847344445712,-0.0035,-0.0260353854468688));
#18661=CARTESIAN_POINT('',(-0.0035026360528583,0.0035,-0.0287440624113842));
#18662=CARTESIAN_POINT('',(-0.0035026360528583,0.0035,-0.0287440624113842));
#18663=CARTESIAN_POINT('',(-0.00319364880942093,0.0035,-0.0262083868585566));
#18664=CARTESIAN_POINT('',(-0.00319364880942094,0.0035,-0.0262083868585566));
#18665=CARTESIAN_POINT('',(-0.00319364880942093,-0.0035,-0.0262083868585566));
#18666=CARTESIAN_POINT('',(-0.0035026360528583,-0.0035,-0.0287440624113842));
#18667=CARTESIAN_POINT('',(-0.00194438259552023,0.0035,-0.0262560116773239));
#18668=CARTESIAN_POINT('',(-0.00194438259552023,-0.0035,-0.0262560116773239));
#18669=CARTESIAN_POINT('',(-0.00264247101689028,-0.0035,-0.0262043149080915));
#18670=CARTESIAN_POINT('',(-0.00124629417415018,-0.0035,-0.0263077084465563));
#18671=CARTESIAN_POINT('',(-0.00264247101689028,0.0035,-0.0262043149080915));
#18672=CARTESIAN_POINT('',(-0.00264247101689028,0.0035,-0.0262043149080915));
#18673=CARTESIAN_POINT('',(-0.00194438259552023,0.0035,-0.0262560116773239));
#18674=CARTESIAN_POINT('',(-0.00124629417415018,0.0035,-0.0263077084465563));
#18675=CARTESIAN_POINT('',(-0.00124629417415018,0.0035,-0.0263077084465563));
#18676=CARTESIAN_POINT('',(-0.00267501482083468,0.0035,-0.0264024525454499));
#18677=CARTESIAN_POINT('',(-0.00267501482083468,-0.0035,-0.0264024525454499));
#18678=CARTESIAN_POINT('',(-0.00270755862477908,-0.0035,-0.0266005901828084));
#18679=CARTESIAN_POINT('',(-0.00270755862477908,0.0035,-0.0266005901828084));
#18680=CARTESIAN_POINT('',(-0.00270755862477908,0.0035,-0.0266005901828084));
#18681=CARTESIAN_POINT('',(-0.00267501482083468,0.0035,-0.0264024525454499));
#18682=CARTESIAN_POINT('',(6.70688589486415E-15,0.0035,5.96682387266023E-14));
#18683=CARTESIAN_POINT('',(6.70688589486415E-15,-0.0035,5.96682387266023E-14));
#18684=CARTESIAN_POINT('',(-0.00321352572548245,-0.0035,-0.0265442182818028));
#18685=CARTESIAN_POINT('',(-0.00321352572548245,0.0035,-0.0265442182818028));
#18686=CARTESIAN_POINT('',(-0.00321352572548245,0.0035,-0.0265442182818028));
#18687=CARTESIAN_POINT('',(6.70688589486415E-15,0.0035,5.96682387266023E-14));
#18688=CARTESIAN_POINT('',(-0.00320166214538477,0.0035,-0.0263437765746149));
#18689=CARTESIAN_POINT('',(-0.00320166214538477,0.0035,-0.0263437765746149));
#18690=CARTESIAN_POINT('',(-0.00320166214538477,-0.0035,-0.0263437765746149));
#18691=CARTESIAN_POINT('',(-0.00137024930212901,0.0035,-0.0289242458860789));
#18692=CARTESIAN_POINT('',(-0.00137024930212901,0.0035,-0.0289242458860789));
#18693=CARTESIAN_POINT('',(-0.00124937189771204,0.0035,-0.0263726753346507));
#18694=CARTESIAN_POINT('',(-0.00124937189771204,0.0035,-0.0263726753346506));
#18695=CARTESIAN_POINT('',(-0.00124937189771204,-0.0035,-0.0263726753346507));
#18696=CARTESIAN_POINT('',(-0.00137024930212901,-0.0035,-0.0289242458860789));
#18697=CARTESIAN_POINT('',(0.,-0.000527984970715555,0.));
#18698=CARTESIAN_POINT('',(0.,-0.0085,0.));
#18699=CARTESIAN_POINT('',(0.,-0.0085,-0.02765));
#18700=CARTESIAN_POINT('',(0.,-0.0035,0.));
#18701=CARTESIAN_POINT('',(0.,-0.0035,-0.02765));
#18702=CARTESIAN_POINT('',(0.,-0.0085,0.));
#18703=CARTESIAN_POINT('',(0.,-0.0085,0.));
#18704=CARTESIAN_POINT('',(0.00462551684875501,-0.0085,-0.0221726654663322));
#18705=CARTESIAN_POINT('',(0.00594481378563405,-0.0085,-0.0218559302948681));
#18706=CARTESIAN_POINT('',(0.00577464864679985,0.0085,-0.021332215848477));
#18707=CARTESIAN_POINT('',(0.00583137206827814,0.00283333351243021,-0.021506792588933));
#18708=CARTESIAN_POINT('',(0.0058880937396361,-0.00283333315859577,-0.0216813639430725));
#18709=CARTESIAN_POINT('',(0.00594481378563405,-0.00849999999999999,-0.0218559302948681));
#18710=CARTESIAN_POINT('',(0.00577464864679985,0.0085,-0.021332215848477));
#18711=CARTESIAN_POINT('',(0.,0.0085,0.));
#18712=CARTESIAN_POINT('',(0.00453937371440776,0.0085,-0.0216287791213684));
#18713=CARTESIAN_POINT('',(0.00453937371440776,0.0085,-0.0216287791213685));
#18714=CARTESIAN_POINT('',(0.00456808895743883,0.00283333351243021,-0.0218100800305502));
#18715=CARTESIAN_POINT('',(0.00459680331450201,-0.00283333315859578,-0.0219913753459507));
#18716=CARTESIAN_POINT('',(0.00462551684875501,-0.00849999999999999,-0.0221726654663323));
#18717=CARTESIAN_POINT('',(0.00242121142786255,0.0165,-0.0223186258636652));
#18718=CARTESIAN_POINT('',(0.00236645936509847,0.0085,-0.021972934944457));
#18719=CARTESIAN_POINT('',(0.00239517460812954,0.00283333351243021,-0.0221542358536387));
#18720=CARTESIAN_POINT('',(0.00242388896519272,-0.00283333315859578,-0.0223355311690392));
#18721=CARTESIAN_POINT('',(0.00245260249944572,-0.00849999999999999,-0.0225168212894208));
#18722=CARTESIAN_POINT('',(0.00236645936509847,0.0085,-0.0219729349444569));
#18723=CARTESIAN_POINT('',(0.00245260249944572,-0.0085,-0.0225168212894208));
#18724=CARTESIAN_POINT('',(0.00242121142786255,-0.0085,-0.0223186258636652));
#18725=CARTESIAN_POINT('',(0.00247596349062663,-0.0085,-0.0226643167828735));
#18726=CARTESIAN_POINT('',(0.00247596349062663,0.0165,-0.0226643167828735));
#18727=CARTESIAN_POINT('',(0.00247596349062663,0.0085,-0.0226643167828735));
#18728=CARTESIAN_POINT('',(-0.0049777644925304,0.0085,0.0243966695607598));
#18729=CARTESIAN_POINT('',(0.00356242066528128,0.0165,-0.0224922388713293));
#18730=CARTESIAN_POINT('',(0.00356242066528128,-0.0085,-0.0224922388713293));
#18731=CARTESIAN_POINT('',(0.00464887783993593,-0.0085,-0.022320160959785));
#18732=CARTESIAN_POINT('',(0.00464887783993593,0.0165,-0.022320160959785));
#18733=CARTESIAN_POINT('',(0.00464887783993593,0.0085,-0.022320160959785));
#18734=CARTESIAN_POINT('',(0.00356242066528128,0.0085,-0.0224922388713293));
#18735=CARTESIAN_POINT('',(0.00459412577717184,0.0165,-0.0219744700405767));
#18736=CARTESIAN_POINT('',(-0.0028048501432211,0.0085,0.0247408253838483));
#18737=CARTESIAN_POINT('',(0.00459412577717184,-0.0085,-0.0219744700405767));
#18738=CARTESIAN_POINT('',(0.,-0.0085,0.));
#18739=CARTESIAN_POINT('',(0.,-0.0085,0.));
#18740=CARTESIAN_POINT('',(0.00803713812148338,-0.0085,-0.0211760929072433));
#18741=CARTESIAN_POINT('',(0.00929064402671427,-0.0085,-0.0206568737607819));
#18742=CARTESIAN_POINT('',(0.00904064691385692,0.0085,-0.0201662268007421));
#18743=CARTESIAN_POINT('',(0.0091239817948914,0.00283333351243021,-0.0203297807137354));
#18744=CARTESIAN_POINT('',(0.00920731410474688,-0.0028333331585958,-0.0204933295805058));
#18745=CARTESIAN_POINT('',(0.00929064402671426,-0.00850000000000002,-0.0206568737607819));
#18746=CARTESIAN_POINT('',(0.00904064691385693,0.0085,-0.0201662268007421));
#18747=CARTESIAN_POINT('',(0.,0.0085,0.));
#18748=CARTESIAN_POINT('',(0.00786697298264917,0.0085,-0.0206523784608521));
#18749=CARTESIAN_POINT('',(0.00786697298264918,0.0085,-0.0206523784608521));
#18750=CARTESIAN_POINT('',(0.00792369640412748,0.00283333351243021,-0.0208269552013081));
#18751=CARTESIAN_POINT('',(0.00798041807548544,-0.00283333315859578,-0.0210015265554476));
#18752=CARTESIAN_POINT('',(0.00803713812148338,-0.00849999999999999,-0.0211760929072433));
#18753=CARTESIAN_POINT('',(0.00588280459483108,0.0165,-0.0216650856291803));
#18754=CARTESIAN_POINT('',(0.00588280459483108,-0.0085,-0.0216650856291803));
#18755=CARTESIAN_POINT('',(0.00599096054286231,-0.0085,-0.0219979554098836));
#18756=CARTESIAN_POINT('',(0.00599096054286231,0.0165,-0.0219979554098836));
#18757=CARTESIAN_POINT('',(0.00599096054286231,0.0085,-0.0219979554098836));
#18758=CARTESIAN_POINT('',(-0.00873295990300149,0.0085,0.0233176121490295));
#18759=CARTESIAN_POINT('',(0.00703712271078698,0.0165,-0.0216580367160712));
#18760=CARTESIAN_POINT('',(0.00703712271078698,-0.0085,-0.0216580367160712));
#18761=CARTESIAN_POINT('',(0.00808328487871164,-0.0085,-0.0213181180222587));
#18762=CARTESIAN_POINT('',(0.00808328487871164,0.0165,-0.0213181180222587));
#18763=CARTESIAN_POINT('',(0.00808328487871164,0.0085,-0.0213181180222587));
#18764=CARTESIAN_POINT('',(0.00703712271078698,0.0085,-0.0216580367160712));
#18765=CARTESIAN_POINT('',(0.00797512893068041,0.0165,-0.0209852482415554));
#18766=CARTESIAN_POINT('',(-0.00664063556715216,0.0085,0.0239974495366544));
#18767=CARTESIAN_POINT('',(0.00797512893068041,-0.0085,-0.0209852482415554));
#18768=CARTESIAN_POINT('',(0.,-0.0085,0.));
#18769=CARTESIAN_POINT('',(0.,-0.0085,0.));
#18770=CARTESIAN_POINT('',(0.0112508583799287,-0.0085,-0.0196580946613549));
#18771=CARTESIAN_POINT('',(0.012407707777977,-0.0085,-0.0189491764384716));
#18772=CARTESIAN_POINT('',(0.012084034449708,0.0085,-0.0185036783213033));
#18773=CARTESIAN_POINT('',(0.0121919288089549,0.00283333351243021,-0.0186521821666917));
#18774=CARTESIAN_POINT('',(0.0122998198392752,-0.0028333331585958,-0.0188006814302056));
#18775=CARTESIAN_POINT('',(0.012407707777977,-0.00850000000000002,-0.0189491764384716));
#18776=CARTESIAN_POINT('',(0.012084034449708,0.0085,-0.0185036783213034));
#18777=CARTESIAN_POINT('',(0.,0.0085,0.));
#18778=CARTESIAN_POINT('',(0.0110008612670713,0.0085,-0.0191674477013151));
#18779=CARTESIAN_POINT('',(0.0110008612670713,0.0085,-0.0191674477013151));
#18780=CARTESIAN_POINT('',(0.0110841961481058,0.00283333351243021,-0.0193310016143084));
#18781=CARTESIAN_POINT('',(0.0111675284579613,-0.0028333331585958,-0.0194945504810788));
#18782=CARTESIAN_POINT('',(0.0112508583799287,-0.00850000000000002,-0.0196580946613549));
#18783=CARTESIAN_POINT('',(0.00919954358876577,0.0165,-0.020478079084208));
#18784=CARTESIAN_POINT('',(0.00919954358876577,-0.0085,-0.020478079084208));
#18785=CARTESIAN_POINT('',(0.00935844026367462,-0.0085,-0.0207899313676739));
#18786=CARTESIAN_POINT('',(0.00935844026367462,0.0165,-0.0207899313676739));
#18787=CARTESIAN_POINT('',(0.00935844026367462,0.0085,-0.0207899313676739));
#18788=CARTESIAN_POINT('',(-0.0122731208576284,0.0085,0.0216643977394722));
#18789=CARTESIAN_POINT('',(0.0103385474402818,0.0165,-0.0202905418179604));
#18790=CARTESIAN_POINT('',(0.0103385474402818,-0.0085,-0.0202905418179604));
#18791=CARTESIAN_POINT('',(0.011318654616889,-0.0085,-0.019791152268247));
#18792=CARTESIAN_POINT('',(0.011318654616889,0.0165,-0.019791152268247));
#18793=CARTESIAN_POINT('',(0.011318654616889,0.0085,-0.019791152268247));
#18794=CARTESIAN_POINT('',(0.0103385474402818,0.0085,-0.0202905418179604));
#18795=CARTESIAN_POINT('',(0.0111597579419802,0.0165,-0.0194792999847811));
#18796=CARTESIAN_POINT('',(-0.010312906504414,0.0085,0.0226631768388992));
#18797=CARTESIAN_POINT('',(0.0111597579419802,-0.0085,-0.0194792999847811));
#18798=CARTESIAN_POINT('',(0.,-0.0085,0.));
#18799=CARTESIAN_POINT('',(0.,-0.0085,0.));
#18800=CARTESIAN_POINT('',(0.0141875451656019,-0.0085,-0.0176560488834282));
#18801=CARTESIAN_POINT('',(0.0152192525849248,-0.0085,-0.0167748875035352));
#18802=CARTESIAN_POINT('',(0.0148298729527961,0.0085,-0.0163855078714065));
#18803=CARTESIAN_POINT('',(0.0149596700730501,0.00283333351243021,-0.0165153049916605));
#18804=CARTESIAN_POINT('',(0.0150894631885989,-0.0028333331585958,-0.0166450981072093));
#18805=CARTESIAN_POINT('',(0.0152192525849248,-0.00850000000000002,-0.0167748875035352));
#18806=CARTESIAN_POINT('',(0.0148298729527961,0.0085,-0.0163855078714065));
#18807=CARTESIAN_POINT('',(0.,0.0085,0.));
#18808=CARTESIAN_POINT('',(0.0138638718373328,0.0085,-0.0172105507662599));
#18809=CARTESIAN_POINT('',(0.0138638718373328,0.0085,-0.0172105507662599));
#18810=CARTESIAN_POINT('',(0.0139717661965798,0.00283333351243021,-0.0173590546116483));
#18811=CARTESIAN_POINT('',(0.0140796572269001,-0.00283333315859577,-0.0175075538751621));
#18812=CARTESIAN_POINT('',(0.0141875451656019,-0.00849999999999999,-0.0176560488834282));
#18813=CARTESIAN_POINT('',(0.0122897592880103,0.0165,-0.0187868342693346));
#18814=CARTESIAN_POINT('',(0.0122897592880103,-0.0085,-0.0187868342693346));
#18815=CARTESIAN_POINT('',(0.0124954841263127,-0.0085,-0.0190699902173658));
#18816=CARTESIAN_POINT('',(0.0124954841263127,0.0165,-0.0190699902173658));
#18817=CARTESIAN_POINT('',(0.0124954841263127,0.0085,-0.0190699902173658));
#18818=CARTESIAN_POINT('',(-0.0155110768445877,0.0085,0.0194777339575551));
#18819=CARTESIAN_POINT('',(0.0133854028201251,0.0165,-0.0184234264398441));
#18820=CARTESIAN_POINT('',(0.0133854028201251,-0.0085,-0.0184234264398441));
#18821=CARTESIAN_POINT('',(0.0142753215139376,-0.0085,-0.0177768626623224));
#18822=CARTESIAN_POINT('',(0.0142753215139376,0.0165,-0.0177768626623224));
#18823=CARTESIAN_POINT('',(0.0142753215139376,0.0085,-0.0177768626623224));
#18824=CARTESIAN_POINT('',(0.0133854028201251,0.0085,-0.0184234264398441));
#18825=CARTESIAN_POINT('',(0.0140695966756352,0.0165,-0.0174937067142912));
#18826=CARTESIAN_POINT('',(-0.0137312394569628,0.0085,0.0207708615125985));
#18827=CARTESIAN_POINT('',(0.0140695966756352,-0.0085,-0.0174937067142912));
#18828=CARTESIAN_POINT('',(0.,-0.0085,0.));
#18829=CARTESIAN_POINT('',(0.,-0.0085,0.));
#18830=CARTESIAN_POINT('',(0.0167748875035352,-0.0085,-0.0152192525849248));
#18831=CARTESIAN_POINT('',(0.0176560488834282,-0.0085,-0.0141875451656019));
#18832=CARTESIAN_POINT('',(0.0172105507662599,0.0085,-0.0138638718373328));
#18833=CARTESIAN_POINT('',(0.0173590546116483,0.00283333351243021,-0.0139717661965798));
#18834=CARTESIAN_POINT('',(0.0175075538751621,-0.00283333315859577,-0.0140796572269001));
#18835=CARTESIAN_POINT('',(0.0176560488834282,-0.00849999999999999,-0.0141875451656019));
#18836=CARTESIAN_POINT('',(0.0172105507662599,0.0085,-0.0138638718373328));
#18837=CARTESIAN_POINT('',(0.,0.0085,0.));
#18838=CARTESIAN_POINT('',(0.0163855078714065,0.0085,-0.0148298729527961));
#18839=CARTESIAN_POINT('',(0.0163855078714065,0.0085,-0.0148298729527961));
#18840=CARTESIAN_POINT('',(0.0165153049916605,0.00283333351243021,-0.0149596700730501));
#18841=CARTESIAN_POINT('',(0.0166450981072093,-0.0028333331585958,-0.0150894631885989));
#18842=CARTESIAN_POINT('',(0.0167748875035352,-0.00850000000000002,-0.0152192525849248));
#18843=CARTESIAN_POINT('',(0.0150773603262114,0.0165,-0.0166329952448219));
#18844=CARTESIAN_POINT('',(0.0150773603262114,-0.0085,-0.0166329952448219));
#18845=CARTESIAN_POINT('',(0.0153248476996268,-0.0085,-0.0168804826182371));
#18846=CARTESIAN_POINT('',(0.0153248476996268,0.0165,-0.0168804826182371));
#18847=CARTESIAN_POINT('',(0.0153248476996268,0.0085,-0.0168804826182371));
#18848=CARTESIAN_POINT('',(-0.0183670986413206,0.0085,0.0168114637227102));
#18849=CARTESIAN_POINT('',(0.0161026651589319,0.0165,-0.0161026651589319));
#18850=CARTESIAN_POINT('',(0.0161026651589319,-0.0085,-0.0161026651589319));
#18851=CARTESIAN_POINT('',(0.0168804826182372,-0.0085,-0.0153248476996267));
#18852=CARTESIAN_POINT('',(0.0168804826182372,0.0165,-0.0153248476996267));
#18853=CARTESIAN_POINT('',(0.0168804826182372,0.0085,-0.0153248476996267));
#18854=CARTESIAN_POINT('',(0.0161026651589319,0.0085,-0.0161026651589319));
#18855=CARTESIAN_POINT('',(0.0166329952448219,0.0165,-0.0150773603262114));
#18856=CARTESIAN_POINT('',(-0.0168114637227102,0.0085,0.0183670986413206));
#18857=CARTESIAN_POINT('',(0.0166329952448219,-0.0085,-0.0150773603262114));
#18858=CARTESIAN_POINT('',(0.,-0.0085,0.));
#18859=CARTESIAN_POINT('',(0.,-0.0085,0.));
#18860=CARTESIAN_POINT('',(0.0189491764384716,-0.0085,-0.012407707777977));
#18861=CARTESIAN_POINT('',(0.0196580946613549,-0.0085,-0.0112508583799287));
#18862=CARTESIAN_POINT('',(0.0191674477013151,0.0085,-0.0110008612670713));
#18863=CARTESIAN_POINT('',(0.0193310016143084,0.00283333351243021,-0.0110841961481058));
#18864=CARTESIAN_POINT('',(0.0194945504810788,-0.0028333331585958,-0.0111675284579613));
#18865=CARTESIAN_POINT('',(0.0196580946613549,-0.00850000000000002,-0.0112508583799287));
#18866=CARTESIAN_POINT('',(0.0191674477013151,0.0085,-0.0110008612670713));
#18867=CARTESIAN_POINT('',(0.,0.0085,0.));
#18868=CARTESIAN_POINT('',(0.0185036783213034,0.0085,-0.012084034449708));
#18869=CARTESIAN_POINT('',(0.0185036783213034,0.0085,-0.0120840344497079));
#18870=CARTESIAN_POINT('',(0.0186521821666917,0.00283333351243021,-0.0121919288089549));
#18871=CARTESIAN_POINT('',(0.0188006814302056,-0.0028333331585958,-0.0122998198392752));
#18872=CARTESIAN_POINT('',(0.0189491764384716,-0.00850000000000002,-0.012407707777977));
#18873=CARTESIAN_POINT('',(0.0174937067142912,0.0165,-0.0140695966756352));
#18874=CARTESIAN_POINT('',(0.0174937067142912,-0.0085,-0.0140695966756352));
#18875=CARTESIAN_POINT('',(0.0177768626623224,-0.0085,-0.0142753215139376));
#18876=CARTESIAN_POINT('',(0.0177768626623224,0.0165,-0.0142753215139376));
#18877=CARTESIAN_POINT('',(0.0177768626623224,0.0085,-0.0142753215139376));
#18878=CARTESIAN_POINT('',(-0.0207708615125985,0.0085,0.0137312394569628));
#18879=CARTESIAN_POINT('',(0.0184234264398441,0.0165,-0.0133854028201251));
#18880=CARTESIAN_POINT('',(0.0184234264398441,-0.0085,-0.0133854028201251));
#18881=CARTESIAN_POINT('',(0.0190699902173658,-0.0085,-0.0124954841263127));
#18882=CARTESIAN_POINT('',(0.0190699902173658,0.0165,-0.0124954841263127));
#18883=CARTESIAN_POINT('',(0.0190699902173658,0.0085,-0.0124954841263127));
#18884=CARTESIAN_POINT('',(0.0184234264398441,0.0085,-0.0133854028201251));
#18885=CARTESIAN_POINT('',(0.0187868342693346,0.0165,-0.0122897592880103));
#18886=CARTESIAN_POINT('',(-0.0194777339575551,0.0085,0.0155110768445877));
#18887=CARTESIAN_POINT('',(0.0187868342693346,-0.0085,-0.0122897592880103));
#18888=CARTESIAN_POINT('',(0.,-0.0085,0.));
#18889=CARTESIAN_POINT('',(0.,-0.0085,0.));
#18890=CARTESIAN_POINT('',(0.0206568737607819,-0.0085,-0.00929064402671426));
#18891=CARTESIAN_POINT('',(0.0211760929072433,-0.0085,-0.00803713812148337));
#18892=CARTESIAN_POINT('',(0.0206523784608521,0.0085,-0.00786697298264918));
#18893=CARTESIAN_POINT('',(0.0208269552013081,0.00283333351243021,-0.00792369640412748));
#18894=CARTESIAN_POINT('',(0.0210015265554476,-0.00283333315859578,-0.00798041807548544));
#18895=CARTESIAN_POINT('',(0.0211760929072433,-0.00849999999999999,-0.00803713812148338));
#18896=CARTESIAN_POINT('',(0.0206523784608521,0.0085,-0.00786697298264917));
#18897=CARTESIAN_POINT('',(0.,0.0085,0.));
#18898=CARTESIAN_POINT('',(0.0201662268007421,0.0085,-0.00904064691385694));
#18899=CARTESIAN_POINT('',(0.0201662268007421,0.0085,-0.00904064691385692));
#18900=CARTESIAN_POINT('',(0.0203297807137354,0.00283333351243021,-0.0091239817948914));
#18901=CARTESIAN_POINT('',(0.0204933295805058,-0.0028333331585958,-0.00920731410474688));
#18902=CARTESIAN_POINT('',(0.0206568737607819,-0.00850000000000002,-0.00929064402671426));
#18903=CARTESIAN_POINT('',(0.0194792999847811,0.0165,-0.0111597579419802));
#18904=CARTESIAN_POINT('',(0.0194792999847811,-0.0085,-0.0111597579419802));
#18905=CARTESIAN_POINT('',(0.019791152268247,-0.0085,-0.011318654616889));
#18906=CARTESIAN_POINT('',(0.019791152268247,0.0165,-0.011318654616889));
#18907=CARTESIAN_POINT('',(0.019791152268247,0.0085,-0.011318654616889));
#18908=CARTESIAN_POINT('',(-0.0226631768388992,0.0085,0.010312906504414));
#18909=CARTESIAN_POINT('',(0.0202905418179604,0.0165,-0.0103385474402818));
#18910=CARTESIAN_POINT('',(0.0202905418179604,-0.0085,-0.0103385474402818));
#18911=CARTESIAN_POINT('',(0.0207899313676739,-0.0085,-0.00935844026367461));
#18912=CARTESIAN_POINT('',(0.0207899313676739,0.0165,-0.00935844026367461));
#18913=CARTESIAN_POINT('',(0.0207899313676739,0.0085,-0.00935844026367461));
#18914=CARTESIAN_POINT('',(0.0202905418179604,0.0085,-0.0103385474402818));
#18915=CARTESIAN_POINT('',(0.020478079084208,0.0165,-0.00919954358876577));
#18916=CARTESIAN_POINT('',(-0.0216643977394722,0.0085,0.0122731208576284));
#18917=CARTESIAN_POINT('',(0.020478079084208,-0.0085,-0.00919954358876577));
#18918=CARTESIAN_POINT('',(0.,-0.0085,0.));
#18919=CARTESIAN_POINT('',(0.,-0.0085,0.));
#18920=CARTESIAN_POINT('',(0.0218559302948681,-0.0085,-0.00594481378563404));
#18921=CARTESIAN_POINT('',(0.0221726654663322,-0.0085,-0.00462551684875501));
#18922=CARTESIAN_POINT('',(0.0216287791213685,0.0085,-0.00453937371440776));
#18923=CARTESIAN_POINT('',(0.0218100800305502,0.00283333351243021,-0.00456808895743883));
#18924=CARTESIAN_POINT('',(0.0219913753459507,-0.00283333315859578,-0.00459680331450201));
#18925=CARTESIAN_POINT('',(0.0221726654663323,-0.00849999999999999,-0.00462551684875501));
#18926=CARTESIAN_POINT('',(0.0216287791213684,0.0085,-0.00453937371440776));
#18927=CARTESIAN_POINT('',(0.,0.0085,0.));
#18928=CARTESIAN_POINT('',(0.021332215848477,0.0085,-0.00577464864679985));
#18929=CARTESIAN_POINT('',(0.021332215848477,0.0085,-0.00577464864679984));
#18930=CARTESIAN_POINT('',(0.021506792588933,0.00283333351243021,-0.00583137206827813));
#18931=CARTESIAN_POINT('',(0.0216813639430725,-0.00283333315859577,-0.00588809373963609));
#18932=CARTESIAN_POINT('',(0.0218559302948681,-0.00849999999999999,-0.00594481378563404));
#18933=CARTESIAN_POINT('',(0.0209852482415554,0.0165,-0.00797512893068041));
#18934=CARTESIAN_POINT('',(0.0209852482415554,-0.0085,-0.00797512893068041));
#18935=CARTESIAN_POINT('',(0.0213181180222587,-0.0085,-0.00808328487871164));
#18936=CARTESIAN_POINT('',(0.0213181180222587,0.0165,-0.00808328487871164));
#18937=CARTESIAN_POINT('',(0.0213181180222587,0.0085,-0.00808328487871164));
#18938=CARTESIAN_POINT('',(-0.0239974495366544,0.0085,0.00664063556715215));
#18939=CARTESIAN_POINT('',(0.0216580367160712,0.0165,-0.00703712271078697));
#18940=CARTESIAN_POINT('',(0.0216580367160712,-0.0085,-0.00703712271078697));
#18941=CARTESIAN_POINT('',(0.0219979554098836,-0.0085,-0.00599096054286231));
#18942=CARTESIAN_POINT('',(0.0219979554098836,0.0165,-0.00599096054286231));
#18943=CARTESIAN_POINT('',(0.0219979554098836,0.0085,-0.00599096054286231));
#18944=CARTESIAN_POINT('',(0.0216580367160712,0.0085,-0.00703712271078697));
#18945=CARTESIAN_POINT('',(0.0216650856291803,0.0165,-0.00588280459483107));
#18946=CARTESIAN_POINT('',(-0.0233176121490295,0.0085,0.00873295990300148));
#18947=CARTESIAN_POINT('',(0.0216650856291803,-0.0085,-0.00588280459483107));
#18948=CARTESIAN_POINT('',(0.,-0.0085,0.));
#18949=CARTESIAN_POINT('',(0.,-0.0085,0.));
#18950=CARTESIAN_POINT('',(0.0225168212894208,-0.0085,-0.00245260249944571));
#18951=CARTESIAN_POINT('',(0.0226232734147824,-0.0085,-0.0011));
#18952=CARTESIAN_POINT('',(0.0220726074581142,0.0085,-0.0011));
#18953=CARTESIAN_POINT('',(0.0222561683059344,0.00283333351243021,-0.0011));
#18954=CARTESIAN_POINT('',(0.0224397234902461,-0.00283333315859578,-0.0011));
#18955=CARTESIAN_POINT('',(0.0226232734147824,-0.00849999999999999,-0.0011));
#18956=CARTESIAN_POINT('',(0.0220726074581142,0.0085,-0.0011));
#18957=CARTESIAN_POINT('',(0.,0.0085,0.));
#18958=CARTESIAN_POINT('',(0.0219729349444569,0.0085,-0.00236645936509847));
#18959=CARTESIAN_POINT('',(0.021972934944457,0.0085,-0.00236645936509846));
#18960=CARTESIAN_POINT('',(0.0221542358536387,0.00283333351243021,-0.00239517460812953));
#18961=CARTESIAN_POINT('',(0.0223355311690392,-0.00283333315859578,-0.00242388896519271));
#18962=CARTESIAN_POINT('',(0.0225168212894208,-0.00849999999999999,-0.00245260249944571));
#18963=CARTESIAN_POINT('',(0.0219744700405767,0.0165,-0.00459412577717184));
#18964=CARTESIAN_POINT('',(0.0219744700405767,-0.0085,-0.00459412577717184));
#18965=CARTESIAN_POINT('',(0.022320160959785,-0.0085,-0.00464887783993592));
#18966=CARTESIAN_POINT('',(0.022320160959785,0.0165,-0.00464887783993592));
#18967=CARTESIAN_POINT('',(0.022320160959785,0.0085,-0.00464887783993592));
#18968=CARTESIAN_POINT('',(-0.0247408253838483,0.0085,0.00280485014322109));
#18969=CARTESIAN_POINT('',(0.0224922388713293,0.0165,-0.00356242066528127));
#18970=CARTESIAN_POINT('',(0.0224922388713293,-0.0085,-0.00356242066528127));
#18971=CARTESIAN_POINT('',(0.0226643167828735,-0.0085,-0.00247596349062662));
#18972=CARTESIAN_POINT('',(0.0226643167828735,0.0165,-0.00247596349062662));
#18973=CARTESIAN_POINT('',(0.0226643167828735,0.0085,-0.00247596349062662));
#18974=CARTESIAN_POINT('',(0.0224922388713293,0.0085,-0.00356242066528127));
#18975=CARTESIAN_POINT('',(0.0223186258636652,0.0165,-0.00242121142786254));
#18976=CARTESIAN_POINT('',(-0.0243966695607598,0.0085,0.00497776449253039));
#18977=CARTESIAN_POINT('',(0.0223186258636652,-0.0085,-0.00242121142786254));
#18978=CARTESIAN_POINT('',(0.,-0.0085,0.));
#18979=CARTESIAN_POINT('',(0.,-0.0085,0.));
#18980=CARTESIAN_POINT('',(0.0226232734147824,-0.0085,0.0011));
#18981=CARTESIAN_POINT('',(0.0225168212894208,-0.0085,0.00245260249944572));
#18982=CARTESIAN_POINT('',(0.021972934944457,0.0085,0.00236645936509847));
#18983=CARTESIAN_POINT('',(0.0221542358536387,0.00283333351243021,0.00239517460812954));
#18984=CARTESIAN_POINT('',(0.0223355311690392,-0.00283333315859578,0.00242388896519272));
#18985=CARTESIAN_POINT('',(0.0225168212894208,-0.00849999999999999,0.00245260249944572));
#18986=CARTESIAN_POINT('',(0.0219729349444569,0.0085,0.00236645936509847));
#18987=CARTESIAN_POINT('',(0.,0.0085,0.));
#18988=CARTESIAN_POINT('',(0.0220726074581142,0.0085,0.0011));
#18989=CARTESIAN_POINT('',(0.0220726074581142,0.0085,0.0011));
#18990=CARTESIAN_POINT('',(0.0222561683059344,0.00283333351243021,0.0011));
#18991=CARTESIAN_POINT('',(0.0224397234902461,-0.00283333315859578,0.0011));
#18992=CARTESIAN_POINT('',(0.0226232734147824,-0.00849999999999999,0.0011));
#18993=CARTESIAN_POINT('',(0.0224226074581142,0.0165,-0.0011));
#18994=CARTESIAN_POINT('',(0.0224226074581142,-0.0085,-0.0011));
#18995=CARTESIAN_POINT('',(0.0227726074581142,-0.0085,-0.0011));
#18996=CARTESIAN_POINT('',(0.0227726074581142,0.0165,-0.0011));
#18997=CARTESIAN_POINT('',(0.0227726074581142,0.0085,-0.0011));
#18998=CARTESIAN_POINT('',(-0.024875,0.0085,-0.0011));
#18999=CARTESIAN_POINT('',(0.0227726074581142,0.0165,4.18326012477281E-18));
#19000=CARTESIAN_POINT('',(0.0227726074581142,-0.0085,4.18326012477281E-18));
#19001=CARTESIAN_POINT('',(0.0227726074581142,-0.0085,0.0011));
#19002=CARTESIAN_POINT('',(0.0227726074581142,0.0165,0.0011));
#19003=CARTESIAN_POINT('',(0.0227726074581142,0.0085,0.0011));
#19004=CARTESIAN_POINT('',(0.0227726074581142,0.0085,4.18326012477281E-18));
#19005=CARTESIAN_POINT('',(0.0224226074581142,0.0165,0.0011));
#19006=CARTESIAN_POINT('',(-0.024875,0.0085,0.0011));
#19007=CARTESIAN_POINT('',(0.0224226074581142,-0.0085,0.0011));
#19008=CARTESIAN_POINT('',(0.,-0.0085,0.));
#19009=CARTESIAN_POINT('',(0.,-0.0085,0.));
#19010=CARTESIAN_POINT('',(0.0221726654663322,-0.0085,0.00462551684875501));
#19011=CARTESIAN_POINT('',(0.0218559302948681,-0.0085,0.00594481378563405));
#19012=CARTESIAN_POINT('',(0.021332215848477,0.0085,0.00577464864679985));
#19013=CARTESIAN_POINT('',(0.021506792588933,0.00283333351243021,0.00583137206827814));
#19014=CARTESIAN_POINT('',(0.0216813639430725,-0.00283333315859577,0.0058880937396361));
#19015=CARTESIAN_POINT('',(0.0218559302948681,-0.00849999999999999,0.00594481378563405));
#19016=CARTESIAN_POINT('',(0.021332215848477,0.0085,0.00577464864679985));
#19017=CARTESIAN_POINT('',(0.,0.0085,0.));
#19018=CARTESIAN_POINT('',(0.0216287791213684,0.0085,0.00453937371440775));
#19019=CARTESIAN_POINT('',(0.0216287791213685,0.0085,0.00453937371440776));
#19020=CARTESIAN_POINT('',(0.0218100800305502,0.00283333351243021,0.00456808895743883));
#19021=CARTESIAN_POINT('',(0.0219913753459507,-0.00283333315859578,0.00459680331450201));
#19022=CARTESIAN_POINT('',(0.0221726654663323,-0.00849999999999999,0.00462551684875501));
#19023=CARTESIAN_POINT('',(0.0223186258636652,0.0165,0.00242121142786255));
#19024=CARTESIAN_POINT('',(0.0223186258636652,-0.0085,0.00242121142786255));
#19025=CARTESIAN_POINT('',(0.0226643167828735,-0.0085,0.00247596349062663));
#19026=CARTESIAN_POINT('',(0.0226643167828735,0.0165,0.00247596349062663));
#19027=CARTESIAN_POINT('',(0.0226643167828735,0.0085,0.00247596349062663));
#19028=CARTESIAN_POINT('',(-0.0243966695607598,0.0085,-0.0049777644925304));
#19029=CARTESIAN_POINT('',(0.0224922388713293,0.0165,0.00356242066528128));
#19030=CARTESIAN_POINT('',(0.0224922388713293,-0.0085,0.00356242066528128));
#19031=CARTESIAN_POINT('',(0.022320160959785,-0.0085,0.00464887783993592));
#19032=CARTESIAN_POINT('',(0.022320160959785,0.0165,0.00464887783993592));
#19033=CARTESIAN_POINT('',(0.022320160959785,0.0085,0.00464887783993592));
#19034=CARTESIAN_POINT('',(0.0224922388713293,0.0085,0.00356242066528128));
#19035=CARTESIAN_POINT('',(0.0219744700405767,0.0165,0.00459412577717184));
#19036=CARTESIAN_POINT('',(-0.0247408253838483,0.0085,-0.0028048501432211));
#19037=CARTESIAN_POINT('',(0.0219744700405767,-0.0085,0.00459412577717184));
#19038=CARTESIAN_POINT('',(0.,-0.0085,0.));
#19039=CARTESIAN_POINT('',(0.,-0.0085,0.));
#19040=CARTESIAN_POINT('',(0.0211760929072433,-0.0085,0.00803713812148338));
#19041=CARTESIAN_POINT('',(0.0206568737607819,-0.0085,0.00929064402671427));
#19042=CARTESIAN_POINT('',(0.0201662268007421,0.0085,0.00904064691385692));
#19043=CARTESIAN_POINT('',(0.0203297807137354,0.00283333351243021,0.0091239817948914));
#19044=CARTESIAN_POINT('',(0.0204933295805058,-0.0028333331585958,0.00920731410474688));
#19045=CARTESIAN_POINT('',(0.0206568737607819,-0.00850000000000002,0.00929064402671426));
#19046=CARTESIAN_POINT('',(0.0201662268007421,0.0085,0.00904064691385693));
#19047=CARTESIAN_POINT('',(0.,0.0085,0.));
#19048=CARTESIAN_POINT('',(0.0206523784608521,0.0085,0.00786697298264917));
#19049=CARTESIAN_POINT('',(0.0206523784608521,0.0085,0.00786697298264918));
#19050=CARTESIAN_POINT('',(0.0208269552013081,0.00283333351243021,0.00792369640412748));
#19051=CARTESIAN_POINT('',(0.0210015265554476,-0.00283333315859578,0.00798041807548544));
#19052=CARTESIAN_POINT('',(0.0211760929072433,-0.00849999999999999,0.00803713812148338));
#19053=CARTESIAN_POINT('',(0.0216650856291803,0.0165,0.00588280459483108));
#19054=CARTESIAN_POINT('',(0.0216650856291803,-0.0085,0.00588280459483108));
#19055=CARTESIAN_POINT('',(0.0219979554098836,-0.0085,0.00599096054286231));
#19056=CARTESIAN_POINT('',(0.0219979554098836,0.0165,0.00599096054286231));
#19057=CARTESIAN_POINT('',(0.0219979554098836,0.0085,0.00599096054286231));
#19058=CARTESIAN_POINT('',(-0.0233176121490295,0.0085,-0.00873295990300149));
#19059=CARTESIAN_POINT('',(0.0216580367160712,0.0165,0.00703712271078698));
#19060=CARTESIAN_POINT('',(0.0216580367160712,-0.0085,0.00703712271078698));
#19061=CARTESIAN_POINT('',(0.0213181180222587,-0.0085,0.00808328487871164));
#19062=CARTESIAN_POINT('',(0.0213181180222587,0.0165,0.00808328487871164));
#19063=CARTESIAN_POINT('',(0.0213181180222587,0.0085,0.00808328487871164));
#19064=CARTESIAN_POINT('',(0.0216580367160712,0.0085,0.00703712271078698));
#19065=CARTESIAN_POINT('',(0.0209852482415554,0.0165,0.00797512893068041));
#19066=CARTESIAN_POINT('',(-0.0239974495366544,0.0085,-0.00664063556715216));
#19067=CARTESIAN_POINT('',(0.0209852482415554,-0.0085,0.00797512893068041));
#19068=CARTESIAN_POINT('',(0.,-0.0085,0.));
#19069=CARTESIAN_POINT('',(0.,-0.0085,0.));
#19070=CARTESIAN_POINT('',(0.0196580946613549,-0.0085,0.0112508583799287));
#19071=CARTESIAN_POINT('',(0.0189491764384716,-0.0085,0.012407707777977));
#19072=CARTESIAN_POINT('',(0.0185036783213034,0.0085,0.0120840344497079));
#19073=CARTESIAN_POINT('',(0.0186521821666917,0.00283333351243021,0.0121919288089549));
#19074=CARTESIAN_POINT('',(0.0188006814302056,-0.0028333331585958,0.0122998198392752));
#19075=CARTESIAN_POINT('',(0.0189491764384716,-0.00850000000000002,0.012407707777977));
#19076=CARTESIAN_POINT('',(0.0185036783213034,0.0085,0.012084034449708));
#19077=CARTESIAN_POINT('',(0.,0.0085,0.));
#19078=CARTESIAN_POINT('',(0.0191674477013151,0.0085,0.0110008612670713));
#19079=CARTESIAN_POINT('',(0.0191674477013151,0.0085,0.0110008612670713));
#19080=CARTESIAN_POINT('',(0.0193310016143084,0.00283333351243021,0.0110841961481058));
#19081=CARTESIAN_POINT('',(0.0194945504810788,-0.0028333331585958,0.0111675284579613));
#19082=CARTESIAN_POINT('',(0.0196580946613549,-0.00850000000000002,0.0112508583799287));
#19083=CARTESIAN_POINT('',(0.020478079084208,0.0165,0.00919954358876577));
#19084=CARTESIAN_POINT('',(0.020478079084208,-0.0085,0.00919954358876577));
#19085=CARTESIAN_POINT('',(0.0207899313676739,-0.0085,0.00935844026367462));
#19086=CARTESIAN_POINT('',(0.0207899313676739,0.0165,0.00935844026367462));
#19087=CARTESIAN_POINT('',(0.0207899313676739,0.0085,0.00935844026367462));
#19088=CARTESIAN_POINT('',(-0.0216643977394722,0.0085,-0.0122731208576284));
#19089=CARTESIAN_POINT('',(0.0202905418179604,0.0165,0.0103385474402818));
#19090=CARTESIAN_POINT('',(0.0202905418179604,-0.0085,0.0103385474402818));
#19091=CARTESIAN_POINT('',(0.019791152268247,-0.0085,0.011318654616889));
#19092=CARTESIAN_POINT('',(0.019791152268247,0.0165,0.011318654616889));
#19093=CARTESIAN_POINT('',(0.019791152268247,0.0085,0.011318654616889));
#19094=CARTESIAN_POINT('',(0.0202905418179604,0.0085,0.0103385474402818));
#19095=CARTESIAN_POINT('',(0.0194792999847811,0.0165,0.0111597579419802));
#19096=CARTESIAN_POINT('',(-0.0226631768388992,0.0085,-0.010312906504414));
#19097=CARTESIAN_POINT('',(0.0194792999847811,-0.0085,0.0111597579419802));
#19098=CARTESIAN_POINT('',(0.,-0.0085,0.));
#19099=CARTESIAN_POINT('',(0.,-0.0085,0.));
#19100=CARTESIAN_POINT('',(0.0176560488834282,-0.0085,0.0141875451656019));
#19101=CARTESIAN_POINT('',(0.0167748875035352,-0.0085,0.0152192525849248));
#19102=CARTESIAN_POINT('',(0.0163855078714065,0.0085,0.0148298729527961));
#19103=CARTESIAN_POINT('',(0.0165153049916605,0.00283333351243021,0.0149596700730501));
#19104=CARTESIAN_POINT('',(0.0166450981072093,-0.0028333331585958,0.0150894631885989));
#19105=CARTESIAN_POINT('',(0.0167748875035352,-0.00850000000000002,0.0152192525849248));
#19106=CARTESIAN_POINT('',(0.0163855078714065,0.0085,0.0148298729527961));
#19107=CARTESIAN_POINT('',(0.,0.0085,0.));
#19108=CARTESIAN_POINT('',(0.0172105507662599,0.0085,0.0138638718373328));
#19109=CARTESIAN_POINT('',(0.0172105507662599,0.0085,0.0138638718373328));
#19110=CARTESIAN_POINT('',(0.0173590546116483,0.00283333351243021,0.0139717661965798));
#19111=CARTESIAN_POINT('',(0.0175075538751621,-0.00283333315859577,0.0140796572269001));
#19112=CARTESIAN_POINT('',(0.0176560488834282,-0.00849999999999999,0.0141875451656019));
#19113=CARTESIAN_POINT('',(0.0187868342693346,0.0165,0.0122897592880103));
#19114=CARTESIAN_POINT('',(0.0187868342693346,-0.0085,0.0122897592880103));
#19115=CARTESIAN_POINT('',(0.0190699902173658,-0.0085,0.0124954841263127));
#19116=CARTESIAN_POINT('',(0.0190699902173658,0.0165,0.0124954841263127));
#19117=CARTESIAN_POINT('',(0.0190699902173658,0.0085,0.0124954841263127));
#19118=CARTESIAN_POINT('',(-0.0194777339575551,0.0085,-0.0155110768445877));
#19119=CARTESIAN_POINT('',(0.0184234264398441,0.0165,0.0133854028201251));
#19120=CARTESIAN_POINT('',(0.0184234264398441,-0.0085,0.0133854028201251));
#19121=CARTESIAN_POINT('',(0.0177768626623224,-0.0085,0.0142753215139376));
#19122=CARTESIAN_POINT('',(0.0177768626623224,0.0165,0.0142753215139376));
#19123=CARTESIAN_POINT('',(0.0177768626623224,0.0085,0.0142753215139376));
#19124=CARTESIAN_POINT('',(0.0184234264398441,0.0085,0.0133854028201251));
#19125=CARTESIAN_POINT('',(0.0174937067142912,0.0165,0.0140695966756352));
#19126=CARTESIAN_POINT('',(-0.0207708615125985,0.0085,-0.0137312394569628));
#19127=CARTESIAN_POINT('',(0.0174937067142912,-0.0085,0.0140695966756352));
#19128=CARTESIAN_POINT('',(0.,-0.0085,0.));
#19129=CARTESIAN_POINT('',(0.,-0.0085,0.));
#19130=CARTESIAN_POINT('',(0.0152192525849248,-0.0085,0.0167748875035352));
#19131=CARTESIAN_POINT('',(0.0141875451656019,-0.0085,0.0176560488834282));
#19132=CARTESIAN_POINT('',(0.0138638718373328,0.0085,0.0172105507662599));
#19133=CARTESIAN_POINT('',(0.0139717661965798,0.00283333351243021,0.0173590546116483));
#19134=CARTESIAN_POINT('',(0.0140796572269001,-0.00283333315859577,0.0175075538751621));
#19135=CARTESIAN_POINT('',(0.0141875451656019,-0.00849999999999999,0.0176560488834282));
#19136=CARTESIAN_POINT('',(0.0138638718373328,0.0085,0.0172105507662599));
#19137=CARTESIAN_POINT('',(0.,0.0085,0.));
#19138=CARTESIAN_POINT('',(0.0148298729527961,0.0085,0.0163855078714065));
#19139=CARTESIAN_POINT('',(0.0148298729527961,0.0085,0.0163855078714065));
#19140=CARTESIAN_POINT('',(0.0149596700730501,0.00283333351243021,0.0165153049916605));
#19141=CARTESIAN_POINT('',(0.0150894631885989,-0.0028333331585958,0.0166450981072093));
#19142=CARTESIAN_POINT('',(0.0152192525849248,-0.00850000000000002,0.0167748875035352));
#19143=CARTESIAN_POINT('',(0.0166329952448219,0.0165,0.0150773603262114));
#19144=CARTESIAN_POINT('',(0.0166329952448219,-0.0085,0.0150773603262114));
#19145=CARTESIAN_POINT('',(0.0168804826182372,-0.0085,0.0153248476996268));
#19146=CARTESIAN_POINT('',(0.0168804826182372,0.0165,0.0153248476996268));
#19147=CARTESIAN_POINT('',(0.0168804826182372,0.0085,0.0153248476996268));
#19148=CARTESIAN_POINT('',(-0.0168114637227102,0.0085,-0.0183670986413206));
#19149=CARTESIAN_POINT('',(0.0161026651589319,0.0165,0.0161026651589319));
#19150=CARTESIAN_POINT('',(0.0161026651589319,-0.0085,0.0161026651589319));
#19151=CARTESIAN_POINT('',(0.0153248476996268,-0.0085,0.0168804826182372));
#19152=CARTESIAN_POINT('',(0.0153248476996268,0.0165,0.0168804826182372));
#19153=CARTESIAN_POINT('',(0.0153248476996268,0.0085,0.0168804826182372));
#19154=CARTESIAN_POINT('',(0.0161026651589319,0.0085,0.0161026651589319));
#19155=CARTESIAN_POINT('',(0.0150773603262114,0.0165,0.0166329952448219));
#19156=CARTESIAN_POINT('',(-0.0183670986413206,0.0085,-0.0168114637227102));
#19157=CARTESIAN_POINT('',(0.0150773603262114,-0.0085,0.0166329952448219));
#19158=CARTESIAN_POINT('',(0.,-0.0085,0.));
#19159=CARTESIAN_POINT('',(0.,-0.0085,0.));
#19160=CARTESIAN_POINT('',(0.012407707777977,-0.0085,0.0189491764384716));
#19161=CARTESIAN_POINT('',(0.0112508583799287,-0.0085,0.0196580946613549));
#19162=CARTESIAN_POINT('',(0.0110008612670713,0.0085,0.0191674477013151));
#19163=CARTESIAN_POINT('',(0.0110841961481058,0.00283333351243021,0.0193310016143084));
#19164=CARTESIAN_POINT('',(0.0111675284579613,-0.0028333331585958,0.0194945504810788));
#19165=CARTESIAN_POINT('',(0.0112508583799287,-0.00850000000000002,0.0196580946613549));
#19166=CARTESIAN_POINT('',(0.0110008612670713,0.0085,0.0191674477013151));
#19167=CARTESIAN_POINT('',(0.,0.0085,0.));
#19168=CARTESIAN_POINT('',(0.012084034449708,0.0085,0.0185036783213034));
#19169=CARTESIAN_POINT('',(0.0120840344497079,0.0085,0.0185036783213034));
#19170=CARTESIAN_POINT('',(0.0121919288089549,0.00283333351243021,0.0186521821666917));
#19171=CARTESIAN_POINT('',(0.0122998198392752,-0.0028333331585958,0.0188006814302056));
#19172=CARTESIAN_POINT('',(0.012407707777977,-0.00850000000000002,0.0189491764384716));
#19173=CARTESIAN_POINT('',(0.0140695966756352,0.0165,0.0174937067142912));
#19174=CARTESIAN_POINT('',(0.0140695966756352,-0.0085,0.0174937067142912));
#19175=CARTESIAN_POINT('',(0.0142753215139376,-0.0085,0.0177768626623224));
#19176=CARTESIAN_POINT('',(0.0142753215139376,0.0165,0.0177768626623224));
#19177=CARTESIAN_POINT('',(0.0142753215139376,0.0085,0.0177768626623224));
#19178=CARTESIAN_POINT('',(-0.0137312394569628,0.0085,-0.0207708615125985));
#19179=CARTESIAN_POINT('',(0.0133854028201251,0.0165,0.0184234264398441));
#19180=CARTESIAN_POINT('',(0.0133854028201251,-0.0085,0.0184234264398441));
#19181=CARTESIAN_POINT('',(0.0124954841263127,-0.0085,0.0190699902173658));
#19182=CARTESIAN_POINT('',(0.0124954841263127,0.0165,0.0190699902173658));
#19183=CARTESIAN_POINT('',(0.0124954841263127,0.0085,0.0190699902173658));
#19184=CARTESIAN_POINT('',(0.0133854028201251,0.0085,0.0184234264398441));
#19185=CARTESIAN_POINT('',(0.0122897592880103,0.0165,0.0187868342693346));
#19186=CARTESIAN_POINT('',(-0.0155110768445877,0.0085,-0.0194777339575551));
#19187=CARTESIAN_POINT('',(0.0122897592880103,-0.0085,0.0187868342693346));
#19188=CARTESIAN_POINT('',(0.,-0.0085,0.));
#19189=CARTESIAN_POINT('',(0.,-0.0085,0.));
#19190=CARTESIAN_POINT('',(0.00929064402671426,-0.0085,0.0206568737607819));
#19191=CARTESIAN_POINT('',(0.00803713812148338,-0.0085,0.0211760929072433));
#19192=CARTESIAN_POINT('',(0.00786697298264918,0.0085,0.0206523784608521));
#19193=CARTESIAN_POINT('',(0.00792369640412748,0.00283333351243021,0.0208269552013081));
#19194=CARTESIAN_POINT('',(0.00798041807548544,-0.00283333315859578,0.0210015265554476));
#19195=CARTESIAN_POINT('',(0.00803713812148338,-0.00849999999999999,0.0211760929072433));
#19196=CARTESIAN_POINT('',(0.00786697298264917,0.0085,0.0206523784608521));
#19197=CARTESIAN_POINT('',(0.,0.0085,0.));
#19198=CARTESIAN_POINT('',(0.00904064691385694,0.0085,0.0201662268007421));
#19199=CARTESIAN_POINT('',(0.00904064691385692,0.0085,0.0201662268007421));
#19200=CARTESIAN_POINT('',(0.0091239817948914,0.00283333351243021,0.0203297807137354));
#19201=CARTESIAN_POINT('',(0.00920731410474688,-0.0028333331585958,0.0204933295805058));
#19202=CARTESIAN_POINT('',(0.00929064402671426,-0.00850000000000002,0.0206568737607819));
#19203=CARTESIAN_POINT('',(0.0111597579419802,0.0165,0.0194792999847811));
#19204=CARTESIAN_POINT('',(0.0111597579419802,-0.0085,0.0194792999847811));
#19205=CARTESIAN_POINT('',(0.011318654616889,-0.0085,0.019791152268247));
#19206=CARTESIAN_POINT('',(0.011318654616889,0.0165,0.019791152268247));
#19207=CARTESIAN_POINT('',(0.011318654616889,0.0085,0.019791152268247));
#19208=CARTESIAN_POINT('',(-0.010312906504414,0.0085,-0.0226631768388992));
#19209=CARTESIAN_POINT('',(0.0103385474402818,0.0165,0.0202905418179604));
#19210=CARTESIAN_POINT('',(0.0103385474402818,-0.0085,0.0202905418179604));
#19211=CARTESIAN_POINT('',(0.00935844026367461,-0.0085,0.0207899313676739));
#19212=CARTESIAN_POINT('',(0.00935844026367461,0.0165,0.0207899313676739));
#19213=CARTESIAN_POINT('',(0.00935844026367461,0.0085,0.0207899313676739));
#19214=CARTESIAN_POINT('',(0.0103385474402818,0.0085,0.0202905418179604));
#19215=CARTESIAN_POINT('',(0.00919954358876577,0.0165,0.020478079084208));
#19216=CARTESIAN_POINT('',(-0.0122731208576284,0.0085,-0.0216643977394722));
#19217=CARTESIAN_POINT('',(0.00919954358876577,-0.0085,0.020478079084208));
#19218=CARTESIAN_POINT('',(0.,-0.0085,0.));
#19219=CARTESIAN_POINT('',(0.,-0.0085,0.));
#19220=CARTESIAN_POINT('',(0.00594481378563404,-0.0085,0.0218559302948681));
#19221=CARTESIAN_POINT('',(0.00462551684875501,-0.0085,0.0221726654663322));
#19222=CARTESIAN_POINT('',(0.00453937371440776,0.0085,0.0216287791213685));
#19223=CARTESIAN_POINT('',(0.00456808895743883,0.00283333351243021,0.0218100800305502));
#19224=CARTESIAN_POINT('',(0.00459680331450201,-0.00283333315859578,0.0219913753459507));
#19225=CARTESIAN_POINT('',(0.00462551684875501,-0.00849999999999999,0.0221726654663323));
#19226=CARTESIAN_POINT('',(0.00453937371440776,0.0085,0.0216287791213684));
#19227=CARTESIAN_POINT('',(0.,0.0085,0.));
#19228=CARTESIAN_POINT('',(0.00577464864679985,0.0085,0.021332215848477));
#19229=CARTESIAN_POINT('',(0.00577464864679985,0.0085,0.021332215848477));
#19230=CARTESIAN_POINT('',(0.00583137206827814,0.00283333351243021,0.021506792588933));
#19231=CARTESIAN_POINT('',(0.0058880937396361,-0.00283333315859577,0.0216813639430725));
#19232=CARTESIAN_POINT('',(0.00594481378563405,-0.00849999999999999,0.0218559302948681));
#19233=CARTESIAN_POINT('',(0.00797512893068041,0.0165,0.0209852482415554));
#19234=CARTESIAN_POINT('',(0.00797512893068041,-0.0085,0.0209852482415554));
#19235=CARTESIAN_POINT('',(0.00808328487871164,-0.0085,0.0213181180222587));
#19236=CARTESIAN_POINT('',(0.00808328487871164,0.0165,0.0213181180222587));
#19237=CARTESIAN_POINT('',(0.00808328487871164,0.0085,0.0213181180222587));
#19238=CARTESIAN_POINT('',(-0.00664063556715215,0.0085,-0.0239974495366544));
#19239=CARTESIAN_POINT('',(0.00703712271078697,0.0165,0.0216580367160712));
#19240=CARTESIAN_POINT('',(0.00703712271078697,-0.0085,0.0216580367160712));
#19241=CARTESIAN_POINT('',(0.00599096054286231,-0.0085,0.0219979554098836));
#19242=CARTESIAN_POINT('',(0.00599096054286231,0.0165,0.0219979554098836));
#19243=CARTESIAN_POINT('',(0.00599096054286231,0.0085,0.0219979554098836));
#19244=CARTESIAN_POINT('',(0.00703712271078697,0.0085,0.0216580367160712));
#19245=CARTESIAN_POINT('',(0.00588280459483108,0.0165,0.0216650856291803));
#19246=CARTESIAN_POINT('',(-0.00873295990300148,0.0085,-0.0233176121490295));
#19247=CARTESIAN_POINT('',(0.00588280459483108,-0.0085,0.0216650856291803));
#19248=CARTESIAN_POINT('',(0.,-0.0085,0.));
#19249=CARTESIAN_POINT('',(0.,-0.0085,0.));
#19250=CARTESIAN_POINT('',(0.00245260249944571,-0.0085,0.0225168212894208));
#19251=CARTESIAN_POINT('',(0.0011,-0.0085,0.0226232734147824));
#19252=CARTESIAN_POINT('',(0.0011,0.0085,0.0220726074581142));
#19253=CARTESIAN_POINT('',(0.0011,0.00283333351243021,0.0222561683059344));
#19254=CARTESIAN_POINT('',(0.0011,-0.00283333315859578,0.0224397234902461));
#19255=CARTESIAN_POINT('',(0.0011,-0.00849999999999999,0.0226232734147824));
#19256=CARTESIAN_POINT('',(0.0011,0.0085,0.0220726074581142));
#19257=CARTESIAN_POINT('',(0.,0.0085,0.));
#19258=CARTESIAN_POINT('',(0.00236645936509847,0.0085,0.0219729349444569));
#19259=CARTESIAN_POINT('',(0.00236645936509846,0.0085,0.021972934944457));
#19260=CARTESIAN_POINT('',(0.00239517460812953,0.00283333351243021,0.0221542358536387));
#19261=CARTESIAN_POINT('',(0.00242388896519271,-0.00283333315859578,0.0223355311690392));
#19262=CARTESIAN_POINT('',(0.00245260249944571,-0.00849999999999999,0.0225168212894208));
#19263=CARTESIAN_POINT('',(0.00459412577717184,0.0165,0.0219744700405767));
#19264=CARTESIAN_POINT('',(0.00459412577717184,-0.0085,0.0219744700405767));
#19265=CARTESIAN_POINT('',(0.00464887783993592,-0.0085,0.022320160959785));
#19266=CARTESIAN_POINT('',(0.00464887783993592,0.0165,0.022320160959785));
#19267=CARTESIAN_POINT('',(0.00464887783993592,0.0085,0.022320160959785));
#19268=CARTESIAN_POINT('',(-0.00280485014322109,0.0085,-0.0247408253838483));
#19269=CARTESIAN_POINT('',(0.00356242066528127,0.0165,0.0224922388713293));
#19270=CARTESIAN_POINT('',(0.00356242066528127,-0.0085,0.0224922388713293));
#19271=CARTESIAN_POINT('',(0.00247596349062663,-0.0085,0.0226643167828735));
#19272=CARTESIAN_POINT('',(0.00247596349062663,0.0165,0.0226643167828735));
#19273=CARTESIAN_POINT('',(0.00247596349062663,0.0085,0.0226643167828735));
#19274=CARTESIAN_POINT('',(0.00356242066528127,0.0085,0.0224922388713293));
#19275=CARTESIAN_POINT('',(0.00242121142786254,0.0165,0.0223186258636652));
#19276=CARTESIAN_POINT('',(-0.00497776449253039,0.0085,-0.0243966695607598));
#19277=CARTESIAN_POINT('',(0.00242121142786254,-0.0085,0.0223186258636652));
#19278=CARTESIAN_POINT('',(0.,-0.0085,0.));
#19279=CARTESIAN_POINT('',(0.,-0.0085,0.));
#19280=CARTESIAN_POINT('',(-0.0011,-0.0085,0.0226232734147824));
#19281=CARTESIAN_POINT('',(-0.00245260249944572,-0.0085,0.0225168212894208));
#19282=CARTESIAN_POINT('',(-0.00236645936509847,0.0085,0.021972934944457));
#19283=CARTESIAN_POINT('',(-0.00239517460812954,0.00283333351243021,0.0221542358536387));
#19284=CARTESIAN_POINT('',(-0.00242388896519271,-0.00283333315859578,0.0223355311690392));
#19285=CARTESIAN_POINT('',(-0.00245260249944572,-0.00849999999999999,0.0225168212894208));
#19286=CARTESIAN_POINT('',(-0.00236645936509846,0.0085,0.0219729349444569));
#19287=CARTESIAN_POINT('',(0.,0.0085,0.));
#19288=CARTESIAN_POINT('',(-0.0011,0.0085,0.0220726074581142));
#19289=CARTESIAN_POINT('',(-0.0011,0.0085,0.0220726074581142));
#19290=CARTESIAN_POINT('',(-0.0011,0.00283333351243021,0.0222561683059344));
#19291=CARTESIAN_POINT('',(-0.0011,-0.00283333315859578,0.0224397234902461));
#19292=CARTESIAN_POINT('',(-0.0011,-0.00849999999999999,0.0226232734147824));
#19293=CARTESIAN_POINT('',(0.0011,0.0165,0.0224226074581142));
#19294=CARTESIAN_POINT('',(0.0011,-0.0085,0.0224226074581142));
#19295=CARTESIAN_POINT('',(0.0011,-0.0085,0.0227726074581142));
#19296=CARTESIAN_POINT('',(0.0011,0.0165,0.0227726074581142));
#19297=CARTESIAN_POINT('',(0.0011,0.0085,0.0227726074581142));
#19298=CARTESIAN_POINT('',(0.0011,0.0085,-0.024875));
#19299=CARTESIAN_POINT('',(-2.78884008318187E-18,0.0165,0.0227726074581142));
#19300=CARTESIAN_POINT('',(-2.78884008318187E-18,-0.0085,0.0227726074581142));
#19301=CARTESIAN_POINT('',(-0.0011,-0.0085,0.0227726074581142));
#19302=CARTESIAN_POINT('',(-0.0011,0.0165,0.0227726074581142));
#19303=CARTESIAN_POINT('',(-0.0011,0.0085,0.0227726074581142));
#19304=CARTESIAN_POINT('',(-2.78884008318187E-18,0.0085,0.0227726074581142));
#19305=CARTESIAN_POINT('',(-0.0011,0.0165,0.0224226074581142));
#19306=CARTESIAN_POINT('',(-0.0011,0.0085,-0.024875));
#19307=CARTESIAN_POINT('',(-0.0011,-0.0085,0.0224226074581142));
#19308=CARTESIAN_POINT('',(0.,-0.0085,0.));
#19309=CARTESIAN_POINT('',(0.,-0.0085,0.));
#19310=CARTESIAN_POINT('',(-0.00462551684875501,-0.0085,0.0221726654663322));
#19311=CARTESIAN_POINT('',(-0.00594481378563405,-0.0085,0.0218559302948681));
#19312=CARTESIAN_POINT('',(-0.00577464864679985,0.0085,0.021332215848477));
#19313=CARTESIAN_POINT('',(-0.00583137206827814,0.00283333351243021,0.021506792588933));
#19314=CARTESIAN_POINT('',(-0.0058880937396361,-0.00283333315859577,0.0216813639430725));
#19315=CARTESIAN_POINT('',(-0.00594481378563405,-0.00849999999999999,0.0218559302948681));
#19316=CARTESIAN_POINT('',(-0.00577464864679985,0.0085,0.021332215848477));
#19317=CARTESIAN_POINT('',(0.,0.0085,0.));
#19318=CARTESIAN_POINT('',(-0.00453937371440775,0.0085,0.0216287791213684));
#19319=CARTESIAN_POINT('',(-0.00453937371440776,0.0085,0.0216287791213685));
#19320=CARTESIAN_POINT('',(-0.00456808895743883,0.00283333351243021,0.0218100800305502));
#19321=CARTESIAN_POINT('',(-0.00459680331450201,-0.00283333315859578,0.0219913753459507));
#19322=CARTESIAN_POINT('',(-0.00462551684875501,-0.00849999999999999,0.0221726654663323));
#19323=CARTESIAN_POINT('',(-0.00242121142786254,0.0165,0.0223186258636652));
#19324=CARTESIAN_POINT('',(-0.00242121142786254,-0.0085,0.0223186258636652));
#19325=CARTESIAN_POINT('',(-0.00247596349062663,-0.0085,0.0226643167828735));
#19326=CARTESIAN_POINT('',(-0.00247596349062663,0.0165,0.0226643167828735));
#19327=CARTESIAN_POINT('',(-0.00247596349062663,0.0085,0.0226643167828735));
#19328=CARTESIAN_POINT('',(0.0049777644925304,0.0085,-0.0243966695607598));
#19329=CARTESIAN_POINT('',(-0.00356242066528128,0.0165,0.0224922388713293));
#19330=CARTESIAN_POINT('',(-0.00356242066528128,-0.0085,0.0224922388713293));
#19331=CARTESIAN_POINT('',(-0.00464887783993592,-0.0085,0.022320160959785));
#19332=CARTESIAN_POINT('',(-0.00464887783993592,0.0165,0.022320160959785));
#19333=CARTESIAN_POINT('',(-0.00464887783993592,0.0085,0.022320160959785));
#19334=CARTESIAN_POINT('',(-0.00356242066528128,0.0085,0.0224922388713293));
#19335=CARTESIAN_POINT('',(-0.00459412577717184,0.0165,0.0219744700405767));
#19336=CARTESIAN_POINT('',(0.0028048501432211,0.0085,-0.0247408253838483));
#19337=CARTESIAN_POINT('',(-0.00459412577717184,-0.0085,0.0219744700405767));
#19338=CARTESIAN_POINT('',(0.,-0.0085,0.));
#19339=CARTESIAN_POINT('',(0.,-0.0085,0.));
#19340=CARTESIAN_POINT('',(-0.00803713812148338,-0.0085,0.0211760929072433));
#19341=CARTESIAN_POINT('',(-0.00929064402671427,-0.0085,0.0206568737607819));
#19342=CARTESIAN_POINT('',(-0.00904064691385692,0.0085,0.0201662268007421));
#19343=CARTESIAN_POINT('',(-0.0091239817948914,0.00283333351243021,0.0203297807137354));
#19344=CARTESIAN_POINT('',(-0.00920731410474688,-0.0028333331585958,0.0204933295805058));
#19345=CARTESIAN_POINT('',(-0.00929064402671426,-0.00850000000000002,0.0206568737607819));
#19346=CARTESIAN_POINT('',(-0.00904064691385693,0.0085,0.0201662268007421));
#19347=CARTESIAN_POINT('',(0.,0.0085,0.));
#19348=CARTESIAN_POINT('',(-0.00786697298264917,0.0085,0.0206523784608521));
#19349=CARTESIAN_POINT('',(-0.00786697298264918,0.0085,0.0206523784608521));
#19350=CARTESIAN_POINT('',(-0.00792369640412748,0.00283333351243021,0.0208269552013081));
#19351=CARTESIAN_POINT('',(-0.00798041807548544,-0.00283333315859578,0.0210015265554476));
#19352=CARTESIAN_POINT('',(-0.00803713812148338,-0.00849999999999999,0.0211760929072433));
#19353=CARTESIAN_POINT('',(-0.00588280459483108,0.0165,0.0216650856291803));
#19354=CARTESIAN_POINT('',(-0.00588280459483108,-0.0085,0.0216650856291803));
#19355=CARTESIAN_POINT('',(-0.00599096054286231,-0.0085,0.0219979554098836));
#19356=CARTESIAN_POINT('',(-0.00599096054286231,0.0165,0.0219979554098836));
#19357=CARTESIAN_POINT('',(-0.00599096054286231,0.0085,0.0219979554098836));
#19358=CARTESIAN_POINT('',(0.00873295990300149,0.0085,-0.0233176121490295));
#19359=CARTESIAN_POINT('',(-0.00703712271078698,0.0165,0.0216580367160712));
#19360=CARTESIAN_POINT('',(-0.00703712271078698,-0.0085,0.0216580367160712));
#19361=CARTESIAN_POINT('',(-0.00808328487871164,-0.0085,0.0213181180222587));
#19362=CARTESIAN_POINT('',(-0.00808328487871164,0.0165,0.0213181180222587));
#19363=CARTESIAN_POINT('',(-0.00808328487871164,0.0085,0.0213181180222587));
#19364=CARTESIAN_POINT('',(-0.00703712271078698,0.0085,0.0216580367160712));
#19365=CARTESIAN_POINT('',(-0.00797512893068041,0.0165,0.0209852482415554));
#19366=CARTESIAN_POINT('',(0.00664063556715216,0.0085,-0.0239974495366544));
#19367=CARTESIAN_POINT('',(-0.00797512893068041,-0.0085,0.0209852482415554));
#19368=CARTESIAN_POINT('',(0.,-0.0085,0.));
#19369=CARTESIAN_POINT('',(0.,-0.0085,0.));
#19370=CARTESIAN_POINT('',(-0.0112508583799287,-0.0085,0.0196580946613549));
#19371=CARTESIAN_POINT('',(-0.012407707777977,-0.0085,0.0189491764384716));
#19372=CARTESIAN_POINT('',(-0.0120840344497079,0.0085,0.0185036783213034));
#19373=CARTESIAN_POINT('',(-0.0121919288089549,0.00283333351243021,0.0186521821666917));
#19374=CARTESIAN_POINT('',(-0.0122998198392752,-0.0028333331585958,0.0188006814302056));
#19375=CARTESIAN_POINT('',(-0.012407707777977,-0.00850000000000002,0.0189491764384716));
#19376=CARTESIAN_POINT('',(-0.012084034449708,0.0085,0.0185036783213034));
#19377=CARTESIAN_POINT('',(0.,0.0085,0.));
#19378=CARTESIAN_POINT('',(-0.0110008612670713,0.0085,0.0191674477013151));
#19379=CARTESIAN_POINT('',(-0.0110008612670713,0.0085,0.0191674477013151));
#19380=CARTESIAN_POINT('',(-0.0110841961481058,0.00283333351243021,0.0193310016143084));
#19381=CARTESIAN_POINT('',(-0.0111675284579613,-0.0028333331585958,0.0194945504810788));
#19382=CARTESIAN_POINT('',(-0.0112508583799287,-0.00850000000000002,0.0196580946613549));
#19383=CARTESIAN_POINT('',(-0.00919954358876577,0.0165,0.020478079084208));
#19384=CARTESIAN_POINT('',(-0.00919954358876577,-0.0085,0.020478079084208));
#19385=CARTESIAN_POINT('',(-0.00935844026367461,-0.0085,0.0207899313676739));
#19386=CARTESIAN_POINT('',(-0.00935844026367461,0.0165,0.0207899313676739));
#19387=CARTESIAN_POINT('',(-0.00935844026367461,0.0085,0.0207899313676739));
#19388=CARTESIAN_POINT('',(0.0122731208576284,0.0085,-0.0216643977394722));
#19389=CARTESIAN_POINT('',(-0.0103385474402818,0.0165,0.0202905418179604));
#19390=CARTESIAN_POINT('',(-0.0103385474402818,-0.0085,0.0202905418179604));
#19391=CARTESIAN_POINT('',(-0.011318654616889,-0.0085,0.019791152268247));
#19392=CARTESIAN_POINT('',(-0.011318654616889,0.0165,0.019791152268247));
#19393=CARTESIAN_POINT('',(-0.011318654616889,0.0085,0.019791152268247));
#19394=CARTESIAN_POINT('',(-0.0103385474402818,0.0085,0.0202905418179604));
#19395=CARTESIAN_POINT('',(-0.0111597579419802,0.0165,0.0194792999847811));
#19396=CARTESIAN_POINT('',(0.010312906504414,0.0085,-0.0226631768388992));
#19397=CARTESIAN_POINT('',(-0.0111597579419802,-0.0085,0.0194792999847811));
#19398=CARTESIAN_POINT('',(0.,-0.0085,0.));
#19399=CARTESIAN_POINT('',(0.,-0.0085,0.));
#19400=CARTESIAN_POINT('',(-0.0141875451656019,-0.0085,0.0176560488834282));
#19401=CARTESIAN_POINT('',(-0.0152192525849248,-0.0085,0.0167748875035352));
#19402=CARTESIAN_POINT('',(-0.0148298729527961,0.0085,0.0163855078714065));
#19403=CARTESIAN_POINT('',(-0.0149596700730501,0.00283333351243021,0.0165153049916605));
#19404=CARTESIAN_POINT('',(-0.0150894631885989,-0.0028333331585958,0.0166450981072093));
#19405=CARTESIAN_POINT('',(-0.0152192525849248,-0.00850000000000002,0.0167748875035352));
#19406=CARTESIAN_POINT('',(-0.0148298729527961,0.0085,0.0163855078714065));
#19407=CARTESIAN_POINT('',(0.,0.0085,0.));
#19408=CARTESIAN_POINT('',(-0.0138638718373328,0.0085,0.0172105507662599));
#19409=CARTESIAN_POINT('',(-0.0138638718373328,0.0085,0.0172105507662599));
#19410=CARTESIAN_POINT('',(-0.0139717661965798,0.00283333351243021,0.0173590546116483));
#19411=CARTESIAN_POINT('',(-0.0140796572269001,-0.00283333315859577,0.0175075538751621));
#19412=CARTESIAN_POINT('',(-0.0141875451656019,-0.00849999999999999,0.0176560488834282));
#19413=CARTESIAN_POINT('',(-0.0122897592880103,0.0165,0.0187868342693346));
#19414=CARTESIAN_POINT('',(-0.0122897592880103,-0.0085,0.0187868342693346));
#19415=CARTESIAN_POINT('',(-0.0124954841263127,-0.0085,0.0190699902173658));
#19416=CARTESIAN_POINT('',(-0.0124954841263127,0.0165,0.0190699902173658));
#19417=CARTESIAN_POINT('',(-0.0124954841263127,0.0085,0.0190699902173658));
#19418=CARTESIAN_POINT('',(0.0155110768445877,0.0085,-0.0194777339575551));
#19419=CARTESIAN_POINT('',(-0.0133854028201251,0.0165,0.0184234264398441));
#19420=CARTESIAN_POINT('',(-0.0133854028201251,-0.0085,0.0184234264398441));
#19421=CARTESIAN_POINT('',(-0.0142753215139376,-0.0085,0.0177768626623224));
#19422=CARTESIAN_POINT('',(-0.0142753215139376,0.0165,0.0177768626623224));
#19423=CARTESIAN_POINT('',(-0.0142753215139376,0.0085,0.0177768626623224));
#19424=CARTESIAN_POINT('',(-0.0133854028201251,0.0085,0.0184234264398441));
#19425=CARTESIAN_POINT('',(-0.0140695966756352,0.0165,0.0174937067142912));
#19426=CARTESIAN_POINT('',(0.0137312394569628,0.0085,-0.0207708615125985));
#19427=CARTESIAN_POINT('',(-0.0140695966756352,-0.0085,0.0174937067142912));
#19428=CARTESIAN_POINT('',(0.,-0.0085,0.));
#19429=CARTESIAN_POINT('',(0.,-0.0085,0.));
#19430=CARTESIAN_POINT('',(-0.0167748875035352,-0.0085,0.0152192525849248));
#19431=CARTESIAN_POINT('',(-0.0176560488834282,-0.0085,0.0141875451656019));
#19432=CARTESIAN_POINT('',(-0.0172105507662599,0.0085,0.0138638718373328));
#19433=CARTESIAN_POINT('',(-0.0173590546116483,0.00283333351243021,0.0139717661965798));
#19434=CARTESIAN_POINT('',(-0.0175075538751621,-0.00283333315859577,0.0140796572269001));
#19435=CARTESIAN_POINT('',(-0.0176560488834282,-0.00849999999999999,0.0141875451656019));
#19436=CARTESIAN_POINT('',(-0.0172105507662599,0.0085,0.0138638718373328));
#19437=CARTESIAN_POINT('',(0.,0.0085,0.));
#19438=CARTESIAN_POINT('',(-0.0163855078714065,0.0085,0.0148298729527961));
#19439=CARTESIAN_POINT('',(-0.0163855078714065,0.0085,0.0148298729527961));
#19440=CARTESIAN_POINT('',(-0.0165153049916605,0.00283333351243021,0.0149596700730501));
#19441=CARTESIAN_POINT('',(-0.0166450981072093,-0.0028333331585958,0.0150894631885989));
#19442=CARTESIAN_POINT('',(-0.0167748875035352,-0.00850000000000002,0.0152192525849248));
#19443=CARTESIAN_POINT('',(-0.0150773603262114,0.0165,0.0166329952448219));
#19444=CARTESIAN_POINT('',(-0.0150773603262114,-0.0085,0.0166329952448219));
#19445=CARTESIAN_POINT('',(-0.0153248476996268,-0.0085,0.0168804826182372));
#19446=CARTESIAN_POINT('',(-0.0153248476996268,0.0165,0.0168804826182372));
#19447=CARTESIAN_POINT('',(-0.0153248476996268,0.0085,0.0168804826182372));
#19448=CARTESIAN_POINT('',(0.0183670986413206,0.0085,-0.0168114637227102));
#19449=CARTESIAN_POINT('',(-0.0161026651589319,0.0165,0.0161026651589319));
#19450=CARTESIAN_POINT('',(-0.0161026651589319,-0.0085,0.0161026651589319));
#19451=CARTESIAN_POINT('',(-0.0168804826182372,-0.0085,0.0153248476996268));
#19452=CARTESIAN_POINT('',(-0.0168804826182372,0.0165,0.0153248476996268));
#19453=CARTESIAN_POINT('',(-0.0168804826182372,0.0085,0.0153248476996268));
#19454=CARTESIAN_POINT('',(-0.0161026651589319,0.0085,0.0161026651589319));
#19455=CARTESIAN_POINT('',(-0.0166329952448219,0.0165,0.0150773603262114));
#19456=CARTESIAN_POINT('',(0.0168114637227102,0.0085,-0.0183670986413206));
#19457=CARTESIAN_POINT('',(-0.0166329952448219,-0.0085,0.0150773603262114));
#19458=CARTESIAN_POINT('',(0.,-0.0085,0.));
#19459=CARTESIAN_POINT('',(0.,-0.0085,0.));
#19460=CARTESIAN_POINT('',(-0.0189491764384716,-0.0085,0.012407707777977));
#19461=CARTESIAN_POINT('',(-0.0196580946613549,-0.0085,0.0112508583799287));
#19462=CARTESIAN_POINT('',(-0.0191674477013151,0.0085,0.0110008612670713));
#19463=CARTESIAN_POINT('',(-0.0193310016143084,0.00283333351243021,0.0110841961481058));
#19464=CARTESIAN_POINT('',(-0.0194945504810788,-0.0028333331585958,0.0111675284579613));
#19465=CARTESIAN_POINT('',(-0.0196580946613549,-0.00850000000000002,0.0112508583799287));
#19466=CARTESIAN_POINT('',(-0.0191674477013151,0.0085,0.0110008612670713));
#19467=CARTESIAN_POINT('',(0.,0.0085,0.));
#19468=CARTESIAN_POINT('',(-0.0185036783213034,0.0085,0.012084034449708));
#19469=CARTESIAN_POINT('',(-0.0185036783213034,0.0085,0.0120840344497079));
#19470=CARTESIAN_POINT('',(-0.0186521821666917,0.00283333351243021,0.0121919288089549));
#19471=CARTESIAN_POINT('',(-0.0188006814302056,-0.0028333331585958,0.0122998198392752));
#19472=CARTESIAN_POINT('',(-0.0189491764384716,-0.00850000000000002,0.012407707777977));
#19473=CARTESIAN_POINT('',(-0.0174937067142912,0.0165,0.0140695966756352));
#19474=CARTESIAN_POINT('',(-0.0174937067142912,-0.0085,0.0140695966756352));
#19475=CARTESIAN_POINT('',(-0.0177768626623224,-0.0085,0.0142753215139376));
#19476=CARTESIAN_POINT('',(-0.0177768626623224,0.0165,0.0142753215139376));
#19477=CARTESIAN_POINT('',(-0.0177768626623224,0.0085,0.0142753215139376));
#19478=CARTESIAN_POINT('',(0.0207708615125985,0.0085,-0.0137312394569628));
#19479=CARTESIAN_POINT('',(-0.0184234264398441,0.0165,0.0133854028201251));
#19480=CARTESIAN_POINT('',(-0.0184234264398441,-0.0085,0.0133854028201251));
#19481=CARTESIAN_POINT('',(-0.0190699902173658,-0.0085,0.0124954841263127));
#19482=CARTESIAN_POINT('',(-0.0190699902173658,0.0165,0.0124954841263127));
#19483=CARTESIAN_POINT('',(-0.0190699902173658,0.0085,0.0124954841263127));
#19484=CARTESIAN_POINT('',(-0.0184234264398441,0.0085,0.0133854028201251));
#19485=CARTESIAN_POINT('',(-0.0187868342693346,0.0165,0.0122897592880103));
#19486=CARTESIAN_POINT('',(0.0194777339575551,0.0085,-0.0155110768445877));
#19487=CARTESIAN_POINT('',(-0.0187868342693346,-0.0085,0.0122897592880103));
#19488=CARTESIAN_POINT('',(0.,-0.0085,0.));
#19489=CARTESIAN_POINT('',(0.,-0.0085,0.));
#19490=CARTESIAN_POINT('',(-0.0206568737607819,-0.0085,0.00929064402671426));
#19491=CARTESIAN_POINT('',(-0.0211760929072433,-0.0085,0.00803713812148338));
#19492=CARTESIAN_POINT('',(-0.0206523784608521,0.0085,0.00786697298264918));
#19493=CARTESIAN_POINT('',(-0.0208269552013081,0.00283333351243021,0.00792369640412748));
#19494=CARTESIAN_POINT('',(-0.0210015265554476,-0.00283333315859578,0.00798041807548544));
#19495=CARTESIAN_POINT('',(-0.0211760929072433,-0.00849999999999999,0.00803713812148338));
#19496=CARTESIAN_POINT('',(-0.0206523784608521,0.0085,0.00786697298264918));
#19497=CARTESIAN_POINT('',(0.,0.0085,0.));
#19498=CARTESIAN_POINT('',(-0.0201662268007421,0.0085,0.00904064691385694));
#19499=CARTESIAN_POINT('',(-0.0201662268007421,0.0085,0.00904064691385692));
#19500=CARTESIAN_POINT('',(-0.0203297807137354,0.00283333351243021,0.0091239817948914));
#19501=CARTESIAN_POINT('',(-0.0204933295805058,-0.0028333331585958,0.00920731410474688));
#19502=CARTESIAN_POINT('',(-0.0206568737607819,-0.00850000000000002,0.00929064402671426));
#19503=CARTESIAN_POINT('',(-0.0194792999847811,0.0165,0.0111597579419802));
#19504=CARTESIAN_POINT('',(-0.0194792999847811,-0.0085,0.0111597579419802));
#19505=CARTESIAN_POINT('',(-0.019791152268247,-0.0085,0.011318654616889));
#19506=CARTESIAN_POINT('',(-0.019791152268247,0.0165,0.011318654616889));
#19507=CARTESIAN_POINT('',(-0.019791152268247,0.0085,0.011318654616889));
#19508=CARTESIAN_POINT('',(0.0226631768388992,0.0085,-0.010312906504414));
#19509=CARTESIAN_POINT('',(-0.0202905418179604,0.0165,0.0103385474402818));
#19510=CARTESIAN_POINT('',(-0.0202905418179604,-0.0085,0.0103385474402818));
#19511=CARTESIAN_POINT('',(-0.0207899313676739,-0.0085,0.00935844026367461));
#19512=CARTESIAN_POINT('',(-0.0207899313676739,0.0165,0.00935844026367461));
#19513=CARTESIAN_POINT('',(-0.0207899313676739,0.0085,0.00935844026367461));
#19514=CARTESIAN_POINT('',(-0.0202905418179604,0.0085,0.0103385474402818));
#19515=CARTESIAN_POINT('',(-0.020478079084208,0.0165,0.00919954358876577));
#19516=CARTESIAN_POINT('',(0.0216643977394722,0.0085,-0.0122731208576284));
#19517=CARTESIAN_POINT('',(-0.020478079084208,-0.0085,0.00919954358876577));
#19518=CARTESIAN_POINT('',(0.,-0.0085,0.));
#19519=CARTESIAN_POINT('',(0.,-0.0085,0.));
#19520=CARTESIAN_POINT('',(-0.0218559302948681,-0.0085,0.00594481378563404));
#19521=CARTESIAN_POINT('',(-0.0221726654663322,-0.0085,0.00462551684875501));
#19522=CARTESIAN_POINT('',(-0.0216287791213685,0.0085,0.00453937371440776));
#19523=CARTESIAN_POINT('',(-0.0218100800305502,0.00283333351243021,0.00456808895743883));
#19524=CARTESIAN_POINT('',(-0.0219913753459507,-0.00283333315859578,0.00459680331450201));
#19525=CARTESIAN_POINT('',(-0.0221726654663323,-0.00849999999999999,0.00462551684875501));
#19526=CARTESIAN_POINT('',(-0.0216287791213684,0.0085,0.00453937371440776));
#19527=CARTESIAN_POINT('',(0.,0.0085,0.));
#19528=CARTESIAN_POINT('',(-0.021332215848477,0.0085,0.00577464864679985));
#19529=CARTESIAN_POINT('',(-0.021332215848477,0.0085,0.00577464864679985));
#19530=CARTESIAN_POINT('',(-0.021506792588933,0.00283333351243021,0.00583137206827814));
#19531=CARTESIAN_POINT('',(-0.0216813639430725,-0.00283333315859577,0.0058880937396361));
#19532=CARTESIAN_POINT('',(-0.0218559302948681,-0.00849999999999999,0.00594481378563405));
#19533=CARTESIAN_POINT('',(-0.0209852482415554,0.0165,0.00797512893068041));
#19534=CARTESIAN_POINT('',(-0.0209852482415554,-0.0085,0.00797512893068041));
#19535=CARTESIAN_POINT('',(-0.0213181180222587,-0.0085,0.00808328487871164));
#19536=CARTESIAN_POINT('',(-0.0213181180222587,0.0165,0.00808328487871164));
#19537=CARTESIAN_POINT('',(-0.0213181180222587,0.0085,0.00808328487871164));
#19538=CARTESIAN_POINT('',(0.0239974495366544,0.0085,-0.00664063556715215));
#19539=CARTESIAN_POINT('',(-0.0216580367160712,0.0165,0.00703712271078697));
#19540=CARTESIAN_POINT('',(-0.0216580367160712,-0.0085,0.00703712271078697));
#19541=CARTESIAN_POINT('',(-0.0219979554098836,-0.0085,0.00599096054286231));
#19542=CARTESIAN_POINT('',(-0.0219979554098836,0.0165,0.00599096054286231));
#19543=CARTESIAN_POINT('',(-0.0219979554098836,0.0085,0.00599096054286231));
#19544=CARTESIAN_POINT('',(-0.0216580367160712,0.0085,0.00703712271078697));
#19545=CARTESIAN_POINT('',(-0.0216650856291803,0.0165,0.00588280459483108));
#19546=CARTESIAN_POINT('',(0.0233176121490295,0.0085,-0.00873295990300148));
#19547=CARTESIAN_POINT('',(-0.0216650856291803,-0.0085,0.00588280459483108));
#19548=CARTESIAN_POINT('',(0.,-0.0085,0.));
#19549=CARTESIAN_POINT('',(0.,-0.0085,0.));
#19550=CARTESIAN_POINT('',(-0.0225168212894208,-0.0085,0.00245260249944572));
#19551=CARTESIAN_POINT('',(-0.0226232734147824,-0.0085,0.0011));
#19552=CARTESIAN_POINT('',(-0.0220726074581142,0.0085,0.0011));
#19553=CARTESIAN_POINT('',(-0.0222561683059344,0.00283333351243021,0.0011));
#19554=CARTESIAN_POINT('',(-0.0224397234902461,-0.00283333315859578,0.0011));
#19555=CARTESIAN_POINT('',(-0.0226232734147824,-0.00849999999999999,0.0011));
#19556=CARTESIAN_POINT('',(-0.0220726074581142,0.0085,0.0011));
#19557=CARTESIAN_POINT('',(0.,0.0085,0.));
#19558=CARTESIAN_POINT('',(-0.0219729349444569,0.0085,0.00236645936509847));
#19559=CARTESIAN_POINT('',(-0.021972934944457,0.0085,0.00236645936509847));
#19560=CARTESIAN_POINT('',(-0.0221542358536387,0.00283333351243021,0.00239517460812954));
#19561=CARTESIAN_POINT('',(-0.0223355311690392,-0.00283333315859578,0.00242388896519271));
#19562=CARTESIAN_POINT('',(-0.0225168212894208,-0.00849999999999999,0.00245260249944572));
#19563=CARTESIAN_POINT('',(-0.0219744700405767,0.0165,0.00459412577717184));
#19564=CARTESIAN_POINT('',(-0.0219744700405767,-0.0085,0.00459412577717184));
#19565=CARTESIAN_POINT('',(-0.022320160959785,-0.0085,0.00464887783993592));
#19566=CARTESIAN_POINT('',(-0.022320160959785,0.0165,0.00464887783993592));
#19567=CARTESIAN_POINT('',(-0.022320160959785,0.0085,0.00464887783993592));
#19568=CARTESIAN_POINT('',(0.0247408253838483,0.0085,-0.00280485014322109));
#19569=CARTESIAN_POINT('',(-0.0224922388713293,0.0165,0.00356242066528127));
#19570=CARTESIAN_POINT('',(-0.0224922388713293,-0.0085,0.00356242066528127));
#19571=CARTESIAN_POINT('',(-0.0226643167828735,-0.0085,0.00247596349062663));
#19572=CARTESIAN_POINT('',(-0.0226643167828735,0.0165,0.00247596349062663));
#19573=CARTESIAN_POINT('',(-0.0226643167828735,0.0085,0.00247596349062663));
#19574=CARTESIAN_POINT('',(-0.0224922388713293,0.0085,0.00356242066528127));
#19575=CARTESIAN_POINT('',(-0.0223186258636652,0.0165,0.00242121142786254));
#19576=CARTESIAN_POINT('',(0.0243966695607598,0.0085,-0.00497776449253039));
#19577=CARTESIAN_POINT('',(-0.0223186258636652,-0.0085,0.00242121142786254));
#19578=CARTESIAN_POINT('',(0.,-0.0085,0.));
#19579=CARTESIAN_POINT('',(0.,-0.0085,0.));
#19580=CARTESIAN_POINT('',(-0.0226232734147824,-0.0085,-0.0011));
#19581=CARTESIAN_POINT('',(-0.0225168212894208,-0.0085,-0.00245260249944572));
#19582=CARTESIAN_POINT('',(-0.021972934944457,0.0085,-0.00236645936509847));
#19583=CARTESIAN_POINT('',(-0.0221542358536387,0.00283333351243021,-0.00239517460812954));
#19584=CARTESIAN_POINT('',(-0.0223355311690392,-0.00283333315859578,-0.00242388896519271));
#19585=CARTESIAN_POINT('',(-0.0225168212894208,-0.00849999999999999,-0.00245260249944572));
#19586=CARTESIAN_POINT('',(-0.0219729349444569,0.0085,-0.00236645936509846));
#19587=CARTESIAN_POINT('',(0.,0.0085,0.));
#19588=CARTESIAN_POINT('',(-0.0220726074581142,0.0085,-0.00109999999999999));
#19589=CARTESIAN_POINT('',(-0.0220726074581142,0.0085,-0.0011));
#19590=CARTESIAN_POINT('',(-0.0222561683059344,0.00283333351243021,-0.0011));
#19591=CARTESIAN_POINT('',(-0.0224397234902461,-0.00283333315859578,-0.0011));
#19592=CARTESIAN_POINT('',(-0.0226232734147824,-0.00849999999999999,-0.0011));
#19593=CARTESIAN_POINT('',(-0.0224226074581142,0.0165,0.0011));
#19594=CARTESIAN_POINT('',(-0.0224226074581142,-0.0085,0.0011));
#19595=CARTESIAN_POINT('',(-0.0227726074581142,-0.0085,0.0011));
#19596=CARTESIAN_POINT('',(-0.0227726074581142,0.0165,0.0011));
#19597=CARTESIAN_POINT('',(-0.0227726074581142,0.0085,0.0011));
#19598=CARTESIAN_POINT('',(0.024875,0.0085,0.0011));
#19599=CARTESIAN_POINT('',(-0.0227726074581142,0.0165,-1.39442004159094E-18));
#19600=CARTESIAN_POINT('',(-0.0227726074581142,-0.0085,-1.39442004159094E-18));
#19601=CARTESIAN_POINT('',(-0.0227726074581142,-0.0085,-0.0011));
#19602=CARTESIAN_POINT('',(-0.0227726074581142,0.0165,-0.0011));
#19603=CARTESIAN_POINT('',(-0.0227726074581142,0.0085,-0.0011));
#19604=CARTESIAN_POINT('',(-0.0227726074581142,0.0085,-1.39442004159094E-18));
#19605=CARTESIAN_POINT('',(-0.0224226074581142,0.0165,-0.0011));
#19606=CARTESIAN_POINT('',(0.024875,0.0085,-0.0011));
#19607=CARTESIAN_POINT('',(-0.0224226074581142,-0.0085,-0.0011));
#19608=CARTESIAN_POINT('',(0.,-0.0085,0.));
#19609=CARTESIAN_POINT('',(0.,-0.0085,0.));
#19610=CARTESIAN_POINT('',(-0.0221726654663322,-0.0085,-0.00462551684875501));
#19611=CARTESIAN_POINT('',(-0.0218559302948681,-0.0085,-0.00594481378563405));
#19612=CARTESIAN_POINT('',(-0.021332215848477,0.0085,-0.00577464864679985));
#19613=CARTESIAN_POINT('',(-0.021506792588933,0.00283333351243021,-0.00583137206827814));
#19614=CARTESIAN_POINT('',(-0.0216813639430725,-0.00283333315859577,-0.0058880937396361));
#19615=CARTESIAN_POINT('',(-0.0218559302948681,-0.00849999999999999,-0.00594481378563405));
#19616=CARTESIAN_POINT('',(-0.021332215848477,0.0085,-0.00577464864679985));
#19617=CARTESIAN_POINT('',(0.,0.0085,0.));
#19618=CARTESIAN_POINT('',(-0.0216287791213684,0.0085,-0.00453937371440775));
#19619=CARTESIAN_POINT('',(-0.0216287791213685,0.0085,-0.00453937371440776));
#19620=CARTESIAN_POINT('',(-0.0218100800305502,0.00283333351243021,-0.00456808895743883));
#19621=CARTESIAN_POINT('',(-0.0219913753459507,-0.00283333315859578,-0.00459680331450201));
#19622=CARTESIAN_POINT('',(-0.0221726654663323,-0.00849999999999999,-0.00462551684875501));
#19623=CARTESIAN_POINT('',(-0.0223186258636652,0.0165,-0.00242121142786254));
#19624=CARTESIAN_POINT('',(-0.0223186258636652,-0.0085,-0.00242121142786254));
#19625=CARTESIAN_POINT('',(-0.0226643167828735,-0.0085,-0.00247596349062663));
#19626=CARTESIAN_POINT('',(-0.0226643167828735,0.0165,-0.00247596349062663));
#19627=CARTESIAN_POINT('',(-0.0226643167828735,0.0085,-0.00247596349062663));
#19628=CARTESIAN_POINT('',(0.0243966695607598,0.0085,0.00497776449253039));
#19629=CARTESIAN_POINT('',(-0.0224922388713293,0.0165,-0.00356242066528128));
#19630=CARTESIAN_POINT('',(-0.0224922388713293,-0.0085,-0.00356242066528128));
#19631=CARTESIAN_POINT('',(-0.022320160959785,-0.0085,-0.00464887783993592));
#19632=CARTESIAN_POINT('',(-0.022320160959785,0.0165,-0.00464887783993592));
#19633=CARTESIAN_POINT('',(-0.022320160959785,0.0085,-0.00464887783993592));
#19634=CARTESIAN_POINT('',(-0.0224922388713293,0.0085,-0.00356242066528128));
#19635=CARTESIAN_POINT('',(-0.0219744700405767,0.0165,-0.00459412577717184));
#19636=CARTESIAN_POINT('',(0.0247408253838483,0.0085,0.0028048501432211));
#19637=CARTESIAN_POINT('',(-0.0219744700405767,-0.0085,-0.00459412577717184));
#19638=CARTESIAN_POINT('',(0.,-0.0085,0.));
#19639=CARTESIAN_POINT('',(0.,-0.0085,0.));
#19640=CARTESIAN_POINT('',(-0.0211760929072433,-0.0085,-0.00803713812148338));
#19641=CARTESIAN_POINT('',(-0.0206568737607819,-0.0085,-0.00929064402671427));
#19642=CARTESIAN_POINT('',(-0.0201662268007421,0.0085,-0.00904064691385692));
#19643=CARTESIAN_POINT('',(-0.0203297807137354,0.00283333351243021,-0.0091239817948914));
#19644=CARTESIAN_POINT('',(-0.0204933295805058,-0.0028333331585958,-0.00920731410474688));
#19645=CARTESIAN_POINT('',(-0.0206568737607819,-0.00850000000000002,-0.00929064402671426));
#19646=CARTESIAN_POINT('',(-0.0201662268007421,0.0085,-0.00904064691385693));
#19647=CARTESIAN_POINT('',(0.,0.0085,0.));
#19648=CARTESIAN_POINT('',(-0.0206523784608521,0.0085,-0.00786697298264917));
#19649=CARTESIAN_POINT('',(-0.0206523784608521,0.0085,-0.00786697298264918));
#19650=CARTESIAN_POINT('',(-0.0208269552013081,0.00283333351243021,-0.00792369640412748));
#19651=CARTESIAN_POINT('',(-0.0210015265554476,-0.00283333315859578,-0.00798041807548544));
#19652=CARTESIAN_POINT('',(-0.0211760929072433,-0.00849999999999999,-0.00803713812148338));
#19653=CARTESIAN_POINT('',(-0.0216650856291803,0.0165,-0.00588280459483108));
#19654=CARTESIAN_POINT('',(-0.0216650856291803,-0.0085,-0.00588280459483108));
#19655=CARTESIAN_POINT('',(-0.0219979554098836,-0.0085,-0.00599096054286231));
#19656=CARTESIAN_POINT('',(-0.0219979554098836,0.0165,-0.00599096054286231));
#19657=CARTESIAN_POINT('',(-0.0219979554098836,0.0085,-0.00599096054286231));
#19658=CARTESIAN_POINT('',(0.0233176121490295,0.0085,0.00873295990300149));
#19659=CARTESIAN_POINT('',(-0.0216580367160712,0.0165,-0.00703712271078698));
#19660=CARTESIAN_POINT('',(-0.0216580367160712,-0.0085,-0.00703712271078698));
#19661=CARTESIAN_POINT('',(-0.0213181180222587,-0.0085,-0.00808328487871164));
#19662=CARTESIAN_POINT('',(-0.0213181180222587,0.0165,-0.00808328487871164));
#19663=CARTESIAN_POINT('',(-0.0213181180222587,0.0085,-0.00808328487871164));
#19664=CARTESIAN_POINT('',(-0.0216580367160712,0.0085,-0.00703712271078698));
#19665=CARTESIAN_POINT('',(-0.0209852482415554,0.0165,-0.00797512893068041));
#19666=CARTESIAN_POINT('',(0.0239974495366544,0.0085,0.00664063556715216));
#19667=CARTESIAN_POINT('',(-0.0209852482415554,-0.0085,-0.00797512893068041));
#19668=CARTESIAN_POINT('',(0.,-0.0085,0.));
#19669=CARTESIAN_POINT('',(0.,-0.0085,0.));
#19670=CARTESIAN_POINT('',(-0.0196580946613549,-0.0085,-0.0112508583799287));
#19671=CARTESIAN_POINT('',(-0.0189491764384716,-0.0085,-0.012407707777977));
#19672=CARTESIAN_POINT('',(-0.0185036783213034,0.0085,-0.0120840344497079));
#19673=CARTESIAN_POINT('',(-0.0186521821666917,0.00283333351243021,-0.0121919288089549));
#19674=CARTESIAN_POINT('',(-0.0188006814302056,-0.0028333331585958,-0.0122998198392752));
#19675=CARTESIAN_POINT('',(-0.0189491764384716,-0.00850000000000002,-0.012407707777977));
#19676=CARTESIAN_POINT('',(-0.0185036783213034,0.0085,-0.012084034449708));
#19677=CARTESIAN_POINT('',(0.,0.0085,0.));
#19678=CARTESIAN_POINT('',(-0.0191674477013151,0.0085,-0.0110008612670713));
#19679=CARTESIAN_POINT('',(-0.0191674477013151,0.0085,-0.0110008612670713));
#19680=CARTESIAN_POINT('',(-0.0193310016143084,0.00283333351243021,-0.0110841961481058));
#19681=CARTESIAN_POINT('',(-0.0194945504810788,-0.0028333331585958,-0.0111675284579613));
#19682=CARTESIAN_POINT('',(-0.0196580946613549,-0.00850000000000002,-0.0112508583799287));
#19683=CARTESIAN_POINT('',(-0.020478079084208,0.0165,-0.00919954358876577));
#19684=CARTESIAN_POINT('',(-0.020478079084208,-0.0085,-0.00919954358876577));
#19685=CARTESIAN_POINT('',(-0.0207899313676739,-0.0085,-0.00935844026367461));
#19686=CARTESIAN_POINT('',(-0.0207899313676739,0.0165,-0.00935844026367461));
#19687=CARTESIAN_POINT('',(-0.0207899313676739,0.0085,-0.00935844026367461));
#19688=CARTESIAN_POINT('',(0.0216643977394722,0.0085,0.0122731208576284));
#19689=CARTESIAN_POINT('',(-0.0202905418179604,0.0165,-0.0103385474402818));
#19690=CARTESIAN_POINT('',(-0.0202905418179604,-0.0085,-0.0103385474402818));
#19691=CARTESIAN_POINT('',(-0.019791152268247,-0.0085,-0.011318654616889));
#19692=CARTESIAN_POINT('',(-0.019791152268247,0.0165,-0.011318654616889));
#19693=CARTESIAN_POINT('',(-0.019791152268247,0.0085,-0.011318654616889));
#19694=CARTESIAN_POINT('',(-0.0202905418179604,0.0085,-0.0103385474402818));
#19695=CARTESIAN_POINT('',(-0.0194792999847811,0.0165,-0.0111597579419802));
#19696=CARTESIAN_POINT('',(0.0226631768388992,0.0085,0.010312906504414));
#19697=CARTESIAN_POINT('',(-0.0194792999847811,-0.0085,-0.0111597579419802));
#19698=CARTESIAN_POINT('',(0.,-0.0085,0.));
#19699=CARTESIAN_POINT('',(0.,-0.0085,0.));
#19700=CARTESIAN_POINT('',(-0.0176560488834282,-0.0085,-0.0141875451656019));
#19701=CARTESIAN_POINT('',(-0.0167748875035352,-0.0085,-0.0152192525849248));
#19702=CARTESIAN_POINT('',(-0.0163855078714065,0.0085,-0.0148298729527961));
#19703=CARTESIAN_POINT('',(-0.0165153049916605,0.00283333351243021,-0.0149596700730501));
#19704=CARTESIAN_POINT('',(-0.0166450981072093,-0.0028333331585958,-0.0150894631885989));
#19705=CARTESIAN_POINT('',(-0.0167748875035352,-0.00850000000000002,-0.0152192525849248));
#19706=CARTESIAN_POINT('',(-0.0163855078714065,0.0085,-0.0148298729527961));
#19707=CARTESIAN_POINT('',(0.,0.0085,0.));
#19708=CARTESIAN_POINT('',(-0.0172105507662599,0.0085,-0.0138638718373328));
#19709=CARTESIAN_POINT('',(-0.0172105507662599,0.0085,-0.0138638718373328));
#19710=CARTESIAN_POINT('',(-0.0173590546116483,0.00283333351243021,-0.0139717661965798));
#19711=CARTESIAN_POINT('',(-0.0175075538751621,-0.00283333315859577,-0.0140796572269001));
#19712=CARTESIAN_POINT('',(-0.0176560488834282,-0.00849999999999999,-0.0141875451656019));
#19713=CARTESIAN_POINT('',(-0.0187868342693346,0.0165,-0.0122897592880103));
#19714=CARTESIAN_POINT('',(-0.0187868342693346,-0.0085,-0.0122897592880103));
#19715=CARTESIAN_POINT('',(-0.0190699902173658,-0.0085,-0.0124954841263127));
#19716=CARTESIAN_POINT('',(-0.0190699902173658,0.0165,-0.0124954841263127));
#19717=CARTESIAN_POINT('',(-0.0190699902173658,0.0085,-0.0124954841263127));
#19718=CARTESIAN_POINT('',(0.0194777339575551,0.0085,0.0155110768445877));
#19719=CARTESIAN_POINT('',(-0.0184234264398441,0.0165,-0.0133854028201251));
#19720=CARTESIAN_POINT('',(-0.0184234264398441,-0.0085,-0.0133854028201251));
#19721=CARTESIAN_POINT('',(-0.0177768626623224,-0.0085,-0.0142753215139376));
#19722=CARTESIAN_POINT('',(-0.0177768626623224,0.0165,-0.0142753215139376));
#19723=CARTESIAN_POINT('',(-0.0177768626623224,0.0085,-0.0142753215139376));
#19724=CARTESIAN_POINT('',(-0.0184234264398441,0.0085,-0.0133854028201251));
#19725=CARTESIAN_POINT('',(-0.0174937067142912,0.0165,-0.0140695966756352));
#19726=CARTESIAN_POINT('',(0.0207708615125985,0.0085,0.0137312394569628));
#19727=CARTESIAN_POINT('',(-0.0174937067142912,-0.0085,-0.0140695966756352));
#19728=CARTESIAN_POINT('',(0.,-0.0085,0.));
#19729=CARTESIAN_POINT('',(0.,-0.0085,0.));
#19730=CARTESIAN_POINT('',(-0.0152192525849248,-0.0085,-0.0167748875035352));
#19731=CARTESIAN_POINT('',(-0.0141875451656019,-0.0085,-0.0176560488834282));
#19732=CARTESIAN_POINT('',(-0.0138638718373328,0.0085,-0.0172105507662599));
#19733=CARTESIAN_POINT('',(-0.0139717661965798,0.00283333351243021,-0.0173590546116483));
#19734=CARTESIAN_POINT('',(-0.0140796572269001,-0.00283333315859577,-0.0175075538751621));
#19735=CARTESIAN_POINT('',(-0.0141875451656019,-0.00849999999999999,-0.0176560488834282));
#19736=CARTESIAN_POINT('',(-0.0138638718373328,0.0085,-0.0172105507662599));
#19737=CARTESIAN_POINT('',(0.,0.0085,0.));
#19738=CARTESIAN_POINT('',(-0.0148298729527961,0.0085,-0.0163855078714065));
#19739=CARTESIAN_POINT('',(-0.0148298729527961,0.0085,-0.0163855078714065));
#19740=CARTESIAN_POINT('',(-0.0149596700730501,0.00283333351243021,-0.0165153049916605));
#19741=CARTESIAN_POINT('',(-0.0150894631885989,-0.0028333331585958,-0.0166450981072093));
#19742=CARTESIAN_POINT('',(-0.0152192525849248,-0.00850000000000002,-0.0167748875035352));
#19743=CARTESIAN_POINT('',(-0.0166329952448219,0.0165,-0.0150773603262114));
#19744=CARTESIAN_POINT('',(-0.0166329952448219,-0.0085,-0.0150773603262114));
#19745=CARTESIAN_POINT('',(-0.0168804826182372,-0.0085,-0.0153248476996268));
#19746=CARTESIAN_POINT('',(-0.0168804826182372,0.0165,-0.0153248476996268));
#19747=CARTESIAN_POINT('',(-0.0168804826182372,0.0085,-0.0153248476996268));
#19748=CARTESIAN_POINT('',(0.0168114637227102,0.0085,0.0183670986413206));
#19749=CARTESIAN_POINT('',(-0.0161026651589319,0.0165,-0.0161026651589319));
#19750=CARTESIAN_POINT('',(-0.0161026651589319,-0.0085,-0.0161026651589319));
#19751=CARTESIAN_POINT('',(-0.0153248476996268,-0.0085,-0.0168804826182372));
#19752=CARTESIAN_POINT('',(-0.0153248476996268,0.0165,-0.0168804826182372));
#19753=CARTESIAN_POINT('',(-0.0153248476996268,0.0085,-0.0168804826182372));
#19754=CARTESIAN_POINT('',(-0.0161026651589319,0.0085,-0.0161026651589319));
#19755=CARTESIAN_POINT('',(-0.0150773603262114,0.0165,-0.0166329952448219));
#19756=CARTESIAN_POINT('',(0.0183670986413206,0.0085,0.0168114637227102));
#19757=CARTESIAN_POINT('',(-0.0150773603262114,-0.0085,-0.0166329952448219));
#19758=CARTESIAN_POINT('',(0.,-0.0085,0.));
#19759=CARTESIAN_POINT('',(0.,-0.0085,0.));
#19760=CARTESIAN_POINT('',(-0.012407707777977,-0.0085,-0.0189491764384716));
#19761=CARTESIAN_POINT('',(-0.0112508583799287,-0.0085,-0.0196580946613549));
#19762=CARTESIAN_POINT('',(-0.0110008612670713,0.0085,-0.0191674477013151));
#19763=CARTESIAN_POINT('',(-0.0110841961481058,0.00283333351243021,-0.0193310016143084));
#19764=CARTESIAN_POINT('',(-0.0111675284579613,-0.0028333331585958,-0.0194945504810788));
#19765=CARTESIAN_POINT('',(-0.0112508583799287,-0.00850000000000002,-0.0196580946613549));
#19766=CARTESIAN_POINT('',(-0.0110008612670713,0.0085,-0.0191674477013151));
#19767=CARTESIAN_POINT('',(0.,0.0085,0.));
#19768=CARTESIAN_POINT('',(-0.012084034449708,0.0085,-0.0185036783213034));
#19769=CARTESIAN_POINT('',(-0.0120840344497079,0.0085,-0.0185036783213034));
#19770=CARTESIAN_POINT('',(-0.0121919288089549,0.00283333351243021,-0.0186521821666917));
#19771=CARTESIAN_POINT('',(-0.0122998198392752,-0.0028333331585958,-0.0188006814302056));
#19772=CARTESIAN_POINT('',(-0.012407707777977,-0.00850000000000002,-0.0189491764384716));
#19773=CARTESIAN_POINT('',(-0.0140695966756352,0.0165,-0.0174937067142912));
#19774=CARTESIAN_POINT('',(-0.0140695966756352,-0.0085,-0.0174937067142912));
#19775=CARTESIAN_POINT('',(-0.0142753215139376,-0.0085,-0.0177768626623224));
#19776=CARTESIAN_POINT('',(-0.0142753215139376,0.0165,-0.0177768626623224));
#19777=CARTESIAN_POINT('',(-0.0142753215139376,0.0085,-0.0177768626623224));
#19778=CARTESIAN_POINT('',(0.0137312394569628,0.0085,0.0207708615125985));
#19779=CARTESIAN_POINT('',(-0.0133854028201251,0.0165,-0.0184234264398441));
#19780=CARTESIAN_POINT('',(-0.0133854028201251,-0.0085,-0.0184234264398441));
#19781=CARTESIAN_POINT('',(-0.0124954841263127,-0.0085,-0.0190699902173658));
#19782=CARTESIAN_POINT('',(-0.0124954841263127,0.0165,-0.0190699902173658));
#19783=CARTESIAN_POINT('',(-0.0124954841263127,0.0085,-0.0190699902173658));
#19784=CARTESIAN_POINT('',(-0.0133854028201251,0.0085,-0.0184234264398441));
#19785=CARTESIAN_POINT('',(-0.0122897592880103,0.0165,-0.0187868342693346));
#19786=CARTESIAN_POINT('',(0.0155110768445877,0.0085,0.0194777339575551));
#19787=CARTESIAN_POINT('',(-0.0122897592880103,-0.0085,-0.0187868342693346));
#19788=CARTESIAN_POINT('',(0.,-0.0085,0.));
#19789=CARTESIAN_POINT('',(0.,-0.0085,0.));
#19790=CARTESIAN_POINT('',(-0.00929064402671427,-0.0085,-0.0206568737607819));
#19791=CARTESIAN_POINT('',(-0.00803713812148338,-0.0085,-0.0211760929072433));
#19792=CARTESIAN_POINT('',(-0.00786697298264918,0.0085,-0.0206523784608521));
#19793=CARTESIAN_POINT('',(-0.00792369640412748,0.00283333351243021,-0.0208269552013081));
#19794=CARTESIAN_POINT('',(-0.00798041807548544,-0.00283333315859578,-0.0210015265554476));
#19795=CARTESIAN_POINT('',(-0.00803713812148338,-0.00849999999999999,-0.0211760929072433));
#19796=CARTESIAN_POINT('',(-0.00786697298264918,0.0085,-0.0206523784608521));
#19797=CARTESIAN_POINT('',(0.,0.0085,0.));
#19798=CARTESIAN_POINT('',(-0.00904064691385694,0.0085,-0.0201662268007421));
#19799=CARTESIAN_POINT('',(-0.00904064691385692,0.0085,-0.0201662268007421));
#19800=CARTESIAN_POINT('',(-0.0091239817948914,0.00283333351243021,-0.0203297807137354));
#19801=CARTESIAN_POINT('',(-0.00920731410474688,-0.0028333331585958,-0.0204933295805058));
#19802=CARTESIAN_POINT('',(-0.00929064402671426,-0.00850000000000002,-0.0206568737607819));
#19803=CARTESIAN_POINT('',(-0.0111597579419802,0.0165,-0.0194792999847811));
#19804=CARTESIAN_POINT('',(-0.0111597579419802,-0.0085,-0.0194792999847811));
#19805=CARTESIAN_POINT('',(-0.011318654616889,-0.0085,-0.019791152268247));
#19806=CARTESIAN_POINT('',(-0.011318654616889,0.0165,-0.019791152268247));
#19807=CARTESIAN_POINT('',(-0.011318654616889,0.0085,-0.019791152268247));
#19808=CARTESIAN_POINT('',(0.010312906504414,0.0085,0.0226631768388992));
#19809=CARTESIAN_POINT('',(-0.0103385474402818,0.0165,-0.0202905418179604));
#19810=CARTESIAN_POINT('',(-0.0103385474402818,-0.0085,-0.0202905418179604));
#19811=CARTESIAN_POINT('',(-0.00935844026367461,-0.0085,-0.0207899313676739));
#19812=CARTESIAN_POINT('',(-0.00935844026367461,0.0165,-0.0207899313676739));
#19813=CARTESIAN_POINT('',(-0.00935844026367461,0.0085,-0.0207899313676739));
#19814=CARTESIAN_POINT('',(-0.0103385474402818,0.0085,-0.0202905418179604));
#19815=CARTESIAN_POINT('',(-0.00919954358876577,0.0165,-0.020478079084208));
#19816=CARTESIAN_POINT('',(0.0122731208576284,0.0085,0.0216643977394722));
#19817=CARTESIAN_POINT('',(-0.00919954358876577,-0.0085,-0.020478079084208));
#19818=CARTESIAN_POINT('',(0.,-0.0085,0.));
#19819=CARTESIAN_POINT('',(0.,-0.0085,0.));
#19820=CARTESIAN_POINT('',(-0.00594481378563405,-0.0085,-0.0218559302948681));
#19821=CARTESIAN_POINT('',(-0.00462551684875501,-0.0085,-0.0221726654663322));
#19822=CARTESIAN_POINT('',(-0.00453937371440776,0.0085,-0.0216287791213685));
#19823=CARTESIAN_POINT('',(-0.00456808895743883,0.00283333351243021,-0.0218100800305502));
#19824=CARTESIAN_POINT('',(-0.00459680331450201,-0.00283333315859578,-0.0219913753459507));
#19825=CARTESIAN_POINT('',(-0.00462551684875501,-0.00849999999999999,-0.0221726654663323));
#19826=CARTESIAN_POINT('',(-0.00453937371440776,0.0085,-0.0216287791213684));
#19827=CARTESIAN_POINT('',(0.,0.0085,0.));
#19828=CARTESIAN_POINT('',(-0.00577464864679986,0.0085,-0.021332215848477));
#19829=CARTESIAN_POINT('',(-0.00577464864679985,0.0085,-0.021332215848477));
#19830=CARTESIAN_POINT('',(-0.00583137206827814,0.00283333351243021,-0.021506792588933));
#19831=CARTESIAN_POINT('',(-0.0058880937396361,-0.00283333315859577,-0.0216813639430725));
#19832=CARTESIAN_POINT('',(-0.00594481378563405,-0.00849999999999999,-0.0218559302948681));
#19833=CARTESIAN_POINT('',(-0.00797512893068041,0.0165,-0.0209852482415554));
#19834=CARTESIAN_POINT('',(-0.00797512893068041,-0.0085,-0.0209852482415554));
#19835=CARTESIAN_POINT('',(-0.00808328487871164,-0.0085,-0.0213181180222587));
#19836=CARTESIAN_POINT('',(-0.00808328487871164,0.0165,-0.0213181180222587));
#19837=CARTESIAN_POINT('',(-0.00808328487871164,0.0085,-0.0213181180222587));
#19838=CARTESIAN_POINT('',(0.00664063556715215,0.0085,0.0239974495366544));
#19839=CARTESIAN_POINT('',(-0.00703712271078697,0.0165,-0.0216580367160712));
#19840=CARTESIAN_POINT('',(-0.00703712271078697,-0.0085,-0.0216580367160712));
#19841=CARTESIAN_POINT('',(-0.00599096054286231,-0.0085,-0.0219979554098836));
#19842=CARTESIAN_POINT('',(-0.00599096054286231,0.0165,-0.0219979554098836));
#19843=CARTESIAN_POINT('',(-0.00599096054286231,0.0085,-0.0219979554098836));
#19844=CARTESIAN_POINT('',(-0.00703712271078697,0.0085,-0.0216580367160712));
#19845=CARTESIAN_POINT('',(-0.00588280459483108,0.0165,-0.0216650856291803));
#19846=CARTESIAN_POINT('',(0.00873295990300149,0.0085,0.0233176121490295));
#19847=CARTESIAN_POINT('',(-0.00588280459483108,-0.0085,-0.0216650856291803));
#19848=CARTESIAN_POINT('',(0.,-0.0085,0.));
#19849=CARTESIAN_POINT('',(0.,-0.0085,0.));
#19850=CARTESIAN_POINT('',(-0.00245260249944572,-0.0085,-0.0225168212894208));
#19851=CARTESIAN_POINT('',(-0.0011,-0.0085,-0.0226232734147824));
#19852=CARTESIAN_POINT('',(-0.0011,0.0085,-0.0220726074581142));
#19853=CARTESIAN_POINT('',(-0.0011,0.00283333351243021,-0.0222561683059344));
#19854=CARTESIAN_POINT('',(-0.0011,-0.00283333315859578,-0.0224397234902461));
#19855=CARTESIAN_POINT('',(-0.0011,-0.00849999999999999,-0.0226232734147824));
#19856=CARTESIAN_POINT('',(-0.0011,0.0085,-0.0220726074581142));
#19857=CARTESIAN_POINT('',(0.,0.0085,0.));
#19858=CARTESIAN_POINT('',(-0.00236645936509847,0.0085,-0.0219729349444569));
#19859=CARTESIAN_POINT('',(-0.00236645936509847,0.0085,-0.021972934944457));
#19860=CARTESIAN_POINT('',(-0.00239517460812954,0.00283333351243021,-0.0221542358536387));
#19861=CARTESIAN_POINT('',(-0.00242388896519271,-0.00283333315859578,-0.0223355311690392));
#19862=CARTESIAN_POINT('',(-0.00245260249944572,-0.00849999999999999,-0.0225168212894208));
#19863=CARTESIAN_POINT('',(-0.00459412577717184,0.0165,-0.0219744700405767));
#19864=CARTESIAN_POINT('',(-0.00459412577717184,-0.0085,-0.0219744700405767));
#19865=CARTESIAN_POINT('',(-0.00464887783993592,-0.0085,-0.022320160959785));
#19866=CARTESIAN_POINT('',(-0.00464887783993592,0.0165,-0.022320160959785));
#19867=CARTESIAN_POINT('',(-0.00464887783993592,0.0085,-0.022320160959785));
#19868=CARTESIAN_POINT('',(0.00280485014322109,0.0085,0.0247408253838483));
#19869=CARTESIAN_POINT('',(-0.00356242066528128,0.0165,-0.0224922388713293));
#19870=CARTESIAN_POINT('',(-0.00356242066528128,-0.0085,-0.0224922388713293));
#19871=CARTESIAN_POINT('',(-0.00247596349062663,-0.0085,-0.0226643167828735));
#19872=CARTESIAN_POINT('',(-0.00247596349062663,0.0165,-0.0226643167828735));
#19873=CARTESIAN_POINT('',(-0.00247596349062663,0.0085,-0.0226643167828735));
#19874=CARTESIAN_POINT('',(-0.00356242066528128,0.0085,-0.0224922388713293));
#19875=CARTESIAN_POINT('',(-0.00242121142786254,0.0165,-0.0223186258636652));
#19876=CARTESIAN_POINT('',(0.00497776449253039,0.0085,0.0243966695607598));
#19877=CARTESIAN_POINT('',(-0.00242121142786254,-0.0085,-0.0223186258636652));
#19878=CARTESIAN_POINT('',(0.,-0.0085,0.));
#19879=CARTESIAN_POINT('',(0.,-0.0085,0.));
#19880=CARTESIAN_POINT('',(0.0011,-0.0085,-0.0226232734147824));
#19881=CARTESIAN_POINT('',(0.,0.0085,0.));
#19882=CARTESIAN_POINT('',(0.00109999999999999,0.0085,-0.0220726074581142));
#19883=CARTESIAN_POINT('',(0.0011,0.0085,-0.0220726074581142));
#19884=CARTESIAN_POINT('',(0.0011,0.00283333351243021,-0.0222561683059344));
#19885=CARTESIAN_POINT('',(0.0011,-0.00283333315859578,-0.0224397234902461));
#19886=CARTESIAN_POINT('',(0.0011,-0.00849999999999999,-0.0226232734147824));
#19887=CARTESIAN_POINT('',(0.,0.0085,0.024875));
#19888=CARTESIAN_POINT('',(-0.0011,0.0085,0.024875));
#19889=CARTESIAN_POINT('',(-0.0011,0.0085,-0.0227726074581142));
#19890=CARTESIAN_POINT('',(0.,0.0085,-0.0227726074581142));
#19891=CARTESIAN_POINT('',(0.0011,0.0085,-0.0227726074581142));
#19892=CARTESIAN_POINT('',(0.0011,0.0085,0.024875));
#19893=CARTESIAN_POINT('',(0.,-0.0085,0.02515));
#19894=CARTESIAN_POINT('',(0.0011,-0.0085,-0.0224226074581142));
#19895=CARTESIAN_POINT('',(0.0011,-0.0085,-0.0227726074581142));
#19896=CARTESIAN_POINT('',(0.,-0.0085,-0.0227726074581142));
#19897=CARTESIAN_POINT('',(-0.0011,-0.0085,-0.0227726074581142));
#19898=CARTESIAN_POINT('',(-0.0011,-0.0085,-0.0224226074581142));
#19899=CARTESIAN_POINT('',(-0.0011,0.0165,-0.0224226074581142));
#19900=CARTESIAN_POINT('',(-0.0011,0.0165,-0.0227726074581142));
#19901=CARTESIAN_POINT('',(0.,0.0165,-0.0227726074581142));
#19902=CARTESIAN_POINT('',(0.0011,0.0165,-0.0227726074581142));
#19903=CARTESIAN_POINT('',(0.0011,0.0165,-0.0224226074581142));
#19904=CARTESIAN_POINT('',(0.000769621275124992,0.0035,-0.02894645515985));
#19905=CARTESIAN_POINT('',(0.000769621275124992,-0.0035,-0.02894645515985));
#19906=CARTESIAN_POINT('',(0.0007,-0.0035,-0.0263279086309097));
#19907=CARTESIAN_POINT('',(0.0007,0.0035,-0.0263279086309097));
#19908=CARTESIAN_POINT('',(0.0007,0.0035,-0.0263279086309097));
#19909=CARTESIAN_POINT('',(0.000769621275124992,0.0035,-0.02894645515985));
#19910=CARTESIAN_POINT('',(0.,0.0035,-0.00297744043483023));
#19911=CARTESIAN_POINT('',(0.,0.0035,-0.0263279086309097));
#19912=CARTESIAN_POINT('',(-0.0007,0.0035,-0.0263279086309097));
#19913=CARTESIAN_POINT('',(-0.000717821967151638,0.0035,-0.0265279086309098));
#19914=CARTESIAN_POINT('',(-0.000735643934303276,0.0035,-0.0267279086309097));
#19915=CARTESIAN_POINT('',(2.28192031243024E-15,0.0035,6.00006155870858E-14));
#19916=CARTESIAN_POINT('',(-0.00124439253394995,0.0035,-0.0267090576209979));
#19917=CARTESIAN_POINT('',(-0.00124736447791974,0.0035,-0.0265082871299834));
#19918=CARTESIAN_POINT('',(0.,-0.0035,-0.00297744043483023));
#19919=CARTESIAN_POINT('',(-0.00124736447791974,-0.0035,-0.0265082871299834));
#19920=CARTESIAN_POINT('',(-0.00124439253394995,-0.0035,-0.0267090576209979));
#19921=CARTESIAN_POINT('',(2.28192031243024E-15,-0.0035,6.00006155870858E-14));
#19922=CARTESIAN_POINT('',(-0.000735643934303276,-0.0035,-0.0267279086309097));
#19923=CARTESIAN_POINT('',(-0.000717821967151638,-0.0035,-0.0265279086309098));
#19924=CARTESIAN_POINT('',(-0.0007,-0.0035,-0.0263279086309097));
#19925=CARTESIAN_POINT('',(0.,-0.0035,-0.0263279086309097));
#19926=CARTESIAN_POINT('',(0.,0.0035,-0.0263279086309097));
#19927=CARTESIAN_POINT('',(-0.0007,0.0035,-0.0263279086309097));
#19928=CARTESIAN_POINT('',(-0.000717821967151638,0.0035,-0.0265279086309098));
#19929=CARTESIAN_POINT('',(-0.000735643934303276,0.0035,-0.0267279086309097));
#19930=CARTESIAN_POINT('',(2.28192031243024E-15,0.0035,6.00006155870858E-14));
#19931=CARTESIAN_POINT('',(-0.00124439253394995,0.0035,-0.0267090576209979));
#19932=CARTESIAN_POINT('',(-0.00124736447791974,0.0035,-0.0265082871299834));
#19933=MECHANICAL_DESIGN_GEOMETRIC_PRESENTATION_REPRESENTATION('',(#11854),
#19934);
#19934=(
GEOMETRIC_REPRESENTATION_CONTEXT(3)
GLOBAL_UNCERTAINTY_ASSIGNED_CONTEXT((#19935))
GLOBAL_UNIT_ASSIGNED_CONTEXT((#19938,#19937,#19936))
REPRESENTATION_CONTEXT('Belt Focus Drive','TOP_LEVEL_ASSEMBLY_PART')
);
#19935=UNCERTAINTY_MEASURE_WITH_UNIT(LENGTH_MEASURE(2.E-5),#19938,
'DISTANCE_ACCURACY_VALUE','Maximum Tolerance applied to model');
#19936=(
NAMED_UNIT(*)
SI_UNIT($,.STERADIAN.)
SOLID_ANGLE_UNIT()
);
#19937=(
NAMED_UNIT(*)
PLANE_ANGLE_UNIT()
SI_UNIT($,.RADIAN.)
);
#19938=(
LENGTH_UNIT()
NAMED_UNIT(*)
SI_UNIT($,.METRE.)
);
#19939=PRODUCT_DEFINITION_SHAPE('','',#19940);
#19940=PRODUCT_DEFINITION('','',#19942,#19941);
#19941=PRODUCT_DEFINITION_CONTEXT('',#19948,'design');
#19942=PRODUCT_DEFINITION_FORMATION_WITH_SPECIFIED_SOURCE('','',#19944,
 .NOT_KNOWN.);
#19943=PRODUCT_RELATED_PRODUCT_CATEGORY('','',(#19944));
#19944=PRODUCT('Belt Focus Drive','Belt Focus Drive','Belt Focus Drive',
(#19946));
#19945=PRODUCT_CATEGORY('','');
#19946=PRODUCT_CONTEXT('',#19948,'mechanical');
#19947=APPLICATION_PROTOCOL_DEFINITION('international standard',
'ap242_managed_model_based_3d_engineering',2011,#19948);
#19948=APPLICATION_CONTEXT('managed model based 3d engineering');
ENDSEC;
END-ISO-10303-21;
